"Resultat","Assemblage","Order.q","Method","Size","Diversity","CI_lower","CI_upper","Shadow_Size"
"res_epi","old_leaf","Richness (q=0)","Rarefaction",10,9.63180263491776,9.63032756336496,9.63327770647057,0.00295014310560404
"res_epi","old_leaf","Richness (q=0)","Rarefaction",133546.820512821,1661.92389530133,1657.22439426669,1666.62339633597,9.39900206928814
"res_epi","old_leaf","Richness (q=0)","Rarefaction",267083.641025641,1778.83476293968,1774.04624616572,1783.62327971363,9.57703354791602
"res_epi","old_leaf","Richness (q=0)","Rarefaction",400620.461538462,1830.15904423801,1825.70692667886,1834.61116179717,8.90423511831841
"res_epi","old_leaf","Richness (q=0)","Rarefaction",534157.282051282,1858.41479195307,1854.30059850601,1862.52898540012,8.22838689410355
"res_epi","old_leaf","Richness (q=0)","Rarefaction",667694.102564103,1875.56726479,1871.67908637371,1879.4554432063,7.77635683259314
"res_epi","old_leaf","Richness (q=0)","Rarefaction",801230.923076923,1886.45695884315,1882.66403698084,1890.24988070546,7.58584372461883
"res_epi","old_leaf","Richness (q=0)","Rarefaction",934767.743589744,1893.46767757501,1889.65646520336,1897.27888994665,7.62242474328605
"res_epi","old_leaf","Richness (q=0)","Rarefaction",1068304.56410256,1897.93377338365,1894.01933412384,1901.84821264345,7.82887851960822
"res_epi","old_leaf","Richness (q=0)","Rarefaction",1201841.38461538,1900.67314803037,1896.59646513346,1904.74983092727,8.1533657938121
"res_epi","old_leaf","Richness (q=0)","Rarefaction",1335378.20512821,1902.21909118121,1897.93679151836,1906.50139084405,8.56459932568987
"res_epi","old_leaf","Richness (q=0)","Rarefaction",1468915.02564103,1902.93165076565,1898.40361788817,1907.45968364313,9.05606575495676
"res_epi","old_leaf","Richness (q=0)","Observed",1496933,1903,1898.41474762777,1907.58525237223,9.17050474445432
"res_epi","old_leaf","Richness (q=0)","Extrapolation",1602451.84615385,1903.10557151436,1898.2843929701,1907.92675005861,9.64235708851311
"res_epi","old_leaf","Richness (q=0)","Extrapolation",1735988.66666667,1903.12880731077,1897.96460725006,1908.29300737149,10.3284001214315
"res_epi","old_leaf","Richness (q=0)","Extrapolation",1869525.48717949,1903.13188346367,1897.59004119851,1908.67372572883,11.0836845303188
"res_epi","old_leaf","Richness (q=0)","Extrapolation",2003062.30769231,1903.13229071103,1897.19987250185,1909.06470892021,11.8648364183687
"res_epi","old_leaf","Richness (q=0)","Extrapolation",2136599.12820513,1903.13234462591,1896.81544341665,1909.44924583517,12.6338024185156
"res_epi","old_leaf","Richness (q=0)","Extrapolation",2270135.94871795,1903.13235176362,1896.45043720905,1909.81426631819,13.3638291091402
"res_epi","old_leaf","Richness (q=0)","Extrapolation",2403672.76923077,1903.13235270857,1896.11284002572,1910.15186539142,14.0390253657083
"res_epi","old_leaf","Richness (q=0)","Extrapolation",2537209.58974359,1903.13235283367,1895.80643379148,1910.45827187586,14.65183808438
"res_epi","old_leaf","Richness (q=0)","Extrapolation",2670746.41025641,1903.13235285023,1895.53214168663,1910.73256401383,15.2004223271983
"res_epi","old_leaf","Richness (q=0)","Extrapolation",2804283.23076923,1903.13235285243,1895.28908525318,1910.97562045167,15.6865351984961
"res_epi","old_leaf","Richness (q=0)","Extrapolation",2937820.05128205,1903.13235285272,1895.07534086413,1911.1893648413,16.1140239771698
"res_epi","old_leaf","Richness (q=0)","Extrapolation",3071356.87179487,1903.13235285275,1894.88845049969,1911.37625520582,16.4878047061316
"res_epi","old_leaf","Richness (q=0)","Extrapolation",3204893.69230769,1903.13235285276,1894.7257521317,1911.53895357382,16.8132014421267
"res_epi","old_leaf","Richness (q=0)","Extrapolation",3338430.51282051,1903.13235285276,1894.58458474813,1911.68012095739,17.095536209255
"res_epi","old_leaf","Richness (q=0)","Extrapolation",3471967.33333333,1903.13235285276,1894.46240907711,1911.80229662841,17.3398875512994
"res_epi","old_leaf","Richness (q=0)","Extrapolation",3605504.15384615,1903.13235285276,1894.35687296525,1911.90783274027,17.5509597750211
"res_epi","old_leaf","Richness (q=0)","Extrapolation",3739040.97435897,1903.13235285276,1894.26584122656,1911.99886447896,17.7330232524032
"res_epi","old_leaf","Richness (q=0)","Extrapolation",3872577.79487179,1903.13235285276,1894.18740327951,1912.07730242601,17.8898991464957
"res_epi","old_leaf","Richness (q=0)","Extrapolation",4006114.61538462,1903.13235285276,1894.11986740477,1912.14483830075,18.0249708959877
"res_epi","old_leaf","Richness (q=0)","Extrapolation",4139651.43589744,1903.13235285276,1894.06174740967,1912.20295829585,18.1412108861873
"res_epi","old_leaf","Richness (q=0)","Extrapolation",4273188.25641026,1903.13235285276,1894.01174543652,1912.252960269,18.2412148324879
"res_epi","old_leaf","Richness (q=0)","Extrapolation",4406725.07692308,1903.13235285276,1893.96873328254,1912.29597242298,18.3272391404439
"res_epi","old_leaf","Richness (q=0)","Extrapolation",4540261.8974359,1903.13235285276,1893.93173369061,1912.33297201491,18.4012383242984
"res_epi","old_leaf","Richness (q=0)","Extrapolation",4673798.71794872,1903.13235285276,1893.89990247102,1912.3648032345,18.4649007634753
"res_epi","old_leaf","Richness (q=0)","Extrapolation",4807335.53846154,1903.13235285276,1893.87251192388,1912.39219378164,18.5196818577688
"res_epi","old_leaf","Richness (q=0)","Extrapolation",4940872.35897436,1903.13235285276,1893.84893578069,1912.41576992483,18.5668341441456
"res_epi","old_leaf","Richness (q=0)","Extrapolation",5074409.17948718,1903.13235285276,1893.82863572579,1912.43606997973,18.6074342539337
"res_epi","old_leaf","Richness (q=0)","Extrapolation",5207946,1903.13235285276,1893.81114946212,1912.4535562434,18.6424067812804
"res_epi","old_leaf","Shannon (q=1)","Rarefaction",10,9.48941418104778,9.48734583834541,9.49148252375014,0.00413668540473466
"res_epi","old_leaf","Shannon (q=1)","Rarefaction",133546.820512821,332.803273635229,331.959222010013,333.647325260444,1.6881032504308
"res_epi","old_leaf","Shannon (q=1)","Rarefaction",267083.641025641,334.024711399675,333.177537751566,334.871885047783,1.69434729621639
"res_epi","old_leaf","Shannon (q=1)","Rarefaction",400620.461538462,334.440624610977,333.592506939363,335.288742282591,1.69623534322761
"res_epi","old_leaf","Shannon (q=1)","Rarefaction",534157.282051282,334.649441455592,333.800890670741,335.497992240443,1.69710156970189
"res_epi","old_leaf","Shannon (q=1)","Rarefaction",667694.102564103,334.774612102389,333.92581954151,335.623404663267,1.69758512175747
"res_epi","old_leaf","Shannon (q=1)","Rarefaction",801230.923076923,334.857803813482,334.008858957406,335.706748669558,1.69788971215189
"res_epi","old_leaf","Shannon (q=1)","Rarefaction",934767.743589744,334.91698658092,334.067936964261,335.766036197579,1.69809923331763
"res_epi","old_leaf","Shannon (q=1)","Rarefaction",1068304.56410256,334.96117558526,334.112048853541,335.81030231698,1.69825346343839
"res_epi","old_leaf","Shannon (q=1)","Rarefaction",1201841.38461538,334.995388159781,334.146201748227,335.844574571334,1.69837282310687
"res_epi","old_leaf","Shannon (q=1)","Rarefaction",1335378.20512821,335.022635960315,334.173401817686,335.871870102945,1.69846828525931
"res_epi","old_leaf","Shannon (q=1)","Rarefaction",1468915.02564103,335.04483460985,334.195561676866,335.894107542833,1.69854586596739
"res_epi","old_leaf","Shannon (q=1)","Observed",1496933,335.048979086843,334.199698975461,335.898259198225,1.69856022276383
"res_epi","old_leaf","Shannon (q=1)","Extrapolation",1602451.84615385,335.063756091174,334.214450530235,335.913061652113,1.69861112187778
"res_epi","old_leaf","Shannon (q=1)","Extrapolation",1735988.66666667,335.081008050638,334.231672986669,335.930343114606,1.69867012793713
"res_epi","old_leaf","Shannon (q=1)","Extrapolation",1869525.48717949,335.096771575289,334.24740976823,335.946133382348,1.69872361411774
"res_epi","old_leaf","Shannon (q=1)","Extrapolation",2003062.30769231,335.111175081739,334.261789035331,335.960561128148,1.69877209281651
"res_epi","old_leaf","Shannon (q=1)","Extrapolation",2136599.12820513,335.124335907294,334.274927892649,335.97374392194,1.69881602929115
"res_epi","old_leaf","Shannon (q=1)","Extrapolation",2270135.94871795,335.136361265834,334.286933342867,335.985789188802,1.69885584593453
"res_epi","old_leaf","Shannon (q=1)","Extrapolation",2403672.76923077,335.147349121224,334.297903158137,335.996795084311,1.69889192617404
"res_epi","old_leaf","Shannon (q=1)","Extrapolation",2537209.58974359,335.157388985371,334.307926676359,336.006851294383,1.69892461802465
"res_epi","old_leaf","Shannon (q=1)","Extrapolation",2670746.41025641,335.16656264743,334.317085528767,336.016039766093,1.69895423732555
"res_epi","old_leaf","Shannon (q=1)","Extrapolation",2804283.23076923,335.174944840091,334.325454304748,336.024435375435,1.69898107068661
"res_epi","old_leaf","Shannon (q=1)","Extrapolation",2937820.05128205,335.182603848386,334.333101159301,336.032106537471,1.69900537817
"res_epi","old_leaf","Shannon (q=1)","Extrapolation",3071356.87179487,335.189602065969,334.340088368105,336.039115763834,1.69902739572865
"res_epi","old_leaf","Shannon (q=1)","Extrapolation",3204893.69230769,335.195996503402,334.346472834689,336.045520172115,1.69904733742521
"res_epi","old_leaf","Shannon (q=1)","Extrapolation",3338430.51282051,335.201839252587,334.352306553863,336.051371951311,1.69906539744716
"res_epi","old_leaf","Shannon (q=1)","Extrapolation",3471967.33333333,335.207177911132,334.357637035162,336.056718787102,1.69908175194007
"res_epi","old_leaf","Shannon (q=1)","Extrapolation",3605504.15384615,335.212055970099,334.362507689763,336.061604250436,1.69909656067273
"res_epi","old_leaf","Shannon (q=1)","Extrapolation",3739040.97435897,335.216513168306,334.366958184031,336.066068152581,1.69910996854958
"res_epi","old_leaf","Shannon (q=1)","Extrapolation",3872577.79487179,335.220585816051,334.371024762559,336.070146869544,1.69912210698521
"res_epi","old_leaf","Shannon (q=1)","Extrapolation",4006114.61538462,335.224307090916,334.37474054334,336.073873638492,1.69913309515209
"res_epi","old_leaf","Shannon (q=1)","Extrapolation",4139651.43589744,335.227707308044,334.378135787487,336.077278828601,1.69914304111433
"res_epi","old_leaf","Shannon (q=1)","Extrapolation",4273188.25641026,335.230814167102,334.381238145673,336.08039018853,1.69915204285644
"res_epi","old_leaf","Shannon (q=1)","Extrapolation",4406725.07692308,335.23365297793,334.384072883321,336.083233072539,1.69916018921765
"res_epi","old_leaf","Shannon (q=1)","Extrapolation",4540261.8974359,335.236246866732,334.386663086362,336.085830647103,1.69916756074042
"res_epi","old_leaf","Shannon (q=1)","Extrapolation",4673798.71794872,335.238616964469,334.389029849249,336.088204079689,1.69917423044069
"res_epi","old_leaf","Shannon (q=1)","Extrapolation",4807335.53846154,335.240782579,334.391192446747,336.090372711253,1.69918026450591
"res_epi","old_leaf","Shannon (q=1)","Extrapolation",4940872.35897436,335.242761352374,334.393168490909,336.092354213839,1.69918572293057
"res_epi","old_leaf","Shannon (q=1)","Extrapolation",5074409.17948718,335.244569404551,334.394974074505,336.094164734596,1.69919066009129
"res_epi","old_leaf","Shannon (q=1)","Extrapolation",5207946,335.246221464719,334.396623902084,336.095819027354,1.69919512526963
"res_epi","old_leaf","Simpson (q=2)","Rarefaction",10,9.26803612556698,9.2650421664078,9.27103008472617,0.0059879183183682
"res_epi","old_leaf","Simpson (q=2)","Rarefaction",133546.820512821,113.860581998745,113.357652644446,114.363511353044,1.00585870859817
"res_epi","old_leaf","Simpson (q=2)","Rarefaction",267083.641025641,113.908712749111,113.405355829797,114.412069668425,1.00671383862792
"res_epi","old_leaf","Simpson (q=2)","Rarefaction",400620.461538462,113.92476618001,113.421266611313,114.428265748707,1.00699913739331
"res_epi","old_leaf","Simpson (q=2)","Rarefaction",534157.282051282,113.932794752392,113.429223834896,114.436365669888,1.00714183499156
"res_epi","old_leaf","Simpson (q=2)","Rarefaction",667694.102564103,113.937612474286,113.433998740042,114.44122620853,1.0072274684882
"res_epi","old_leaf","Simpson (q=2)","Rarefaction",801230.923076923,113.94082453284,113.437182250825,114.444466814854,1.00728456402945
"res_epi","old_leaf","Simpson (q=2)","Rarefaction",934767.743589744,113.94311898651,113.439456311568,114.446781661453,1.00732534988478
"res_epi","old_leaf","Simpson (q=2)","Rarefaction",1068304.56410256,113.944839902743,113.441161932322,114.448517873164,1.00735594084287
"res_epi","old_leaf","Simpson (q=2)","Rarefaction",1201841.38461538,113.946178422562,113.44248855513,114.449868289994,1.00737973486409
"res_epi","old_leaf","Simpson (q=2)","Rarefaction",1335378.20512821,113.947249261687,113.443549877002,114.450948646371,1.00739876936828
"res_epi","old_leaf","Simpson (q=2)","Rarefaction",1468915.02564103,113.948125422433,113.444418250347,114.451832594519,1.00741434417259
"res_epi","old_leaf","Simpson (q=2)","Observed",1496933,113.948289413886,113.444580784159,114.451998043612,1.00741725945301
"res_epi","old_leaf","Simpson (q=2)","Extrapolation",1602451.84615385,113.948855565303,113.445141903389,114.452569227217,1.00742732382804
"res_epi","old_leaf","Simpson (q=2)","Extrapolation",1735988.66666667,113.949473387613,113.44575423421,114.453192541015,1.007438306805
"res_epi","old_leaf","Simpson (q=2)","Extrapolation",1869525.48717949,113.950002955397,113.446279094928,114.453726815865,1.00744772093614
"res_epi","old_leaf","Simpson (q=2)","Extrapolation",2003062.30769231,113.950461918477,113.446733978495,114.454189858458,1.00745587996252
"res_epi","old_leaf","Simpson (q=2)","Extrapolation",2136599.12820513,113.950863514473,113.447132004875,114.454595024071,1.00746301919642
"res_epi","old_leaf","Simpson (q=2)","Extrapolation",2270135.94871795,113.951217866441,113.447483207147,114.454952525734,1.007469318587
"res_epi","old_leaf","Simpson (q=2)","Extrapolation",2403672.76923077,113.951532847981,113.447795388933,114.45527030703,1.00747491809764
"res_epi","old_leaf","Simpson (q=2)","Extrapolation",2537209.58974359,113.951814675177,113.448074711063,114.455554639291,1.00747992822792
"res_epi","old_leaf","Simpson (q=2)","Extrapolation",2670746.41025641,113.952068320951,113.448326102261,114.45581053964,1.00748443737888
"res_epi","old_leaf","Simpson (q=2)","Extrapolation",2804283.23076923,113.952297811043,113.448553552486,114.4560420696,1.00748851711444
"res_epi","old_leaf","Simpson (q=2)","Extrapolation",2937820.05128205,113.952506439273,113.448760326279,114.456252552267,1.00749222598765
"res_epi","old_leaf","Simpson (q=2)","Extrapolation",3071356.87179487,113.952696926644,113.448949120459,114.456444732828,1.00749561236901
"res_epi","old_leaf","Simpson (q=2)","Extrapolation",3204893.69230769,113.952871540676,113.449122182392,114.45662089896,1.0074987165678
"res_epi","old_leaf","Simpson (q=2)","Extrapolation",3338430.51282051,113.9530321861,113.449281399878,114.456782972322,1.00750157244403
"res_epi","old_leaf","Simpson (q=2)","Extrapolation",3471967.33333333,113.953180474622,113.449428370297,114.456932578946,1.00750420864887
"res_epi","old_leaf","Simpson (q=2)","Extrapolation",3605504.15384615,113.953317779183,113.449564454388,114.457071103977,1.007506649589
"res_epi","old_leaf","Simpson (q=2)","Extrapolation",3739040.97435897,113.953445276598,113.449690818506,114.45719973469,1.00750891618466
"res_epi","old_leaf","Simpson (q=2)","Extrapolation",3872577.79487179,113.953563981367,113.449808468132,114.457319494602,1.00751102647064
"res_epi","old_leaf","Simpson (q=2)","Extrapolation",4006114.61538462,113.953674772727,113.449918274689,114.457431270766,1.00751299607722
"res_epi","old_leaf","Simpson (q=2)","Extrapolation",4139651.43589744,113.953778416471,113.450020997162,114.45753583578,1.00751483861791
"res_epi","old_leaf","Simpson (q=2)","Extrapolation",4273188.25641026,113.953875582666,113.450117299664,114.457633865669,1.00751656600465
"res_epi","old_leaf","Simpson (q=2)","Extrapolation",4406725.07692308,113.953966860166,113.450207765813,114.457725954519,1.00751818870555
"res_epi","old_leaf","Simpson (q=2)","Extrapolation",4540261.8974359,113.954052768546,113.450292910568,114.457812626525,1.00751971595724
"res_epi","old_leaf","Simpson (q=2)","Extrapolation",4673798.71794872,113.954133768005,113.450373190035,114.457894345976,1.00752115594076
"res_epi","old_leaf","Simpson (q=2)","Extrapolation",4807335.53846154,113.95421026761,113.450449009646,114.457971525574,1.00752251592823
"res_epi","old_leaf","Simpson (q=2)","Extrapolation",4940872.35897436,113.954282632203,113.450520731,114.458044533406,1.0075238024055
"res_epi","old_leaf","Simpson (q=2)","Extrapolation",5074409.17948718,113.954351188226,113.450588677638,114.458113698814,1.00752502117584
"res_epi","old_leaf","Simpson (q=2)","Extrapolation",5207946,113.954416228638,113.450653139915,114.458179317362,1.00752617744732
"res_epi","root","Richness (q=0)","Rarefaction",10,9.82805046763524,9.82762301484314,9.82847792042734,0.000854905584201759
"res_epi","root","Richness (q=0)","Rarefaction",133546.820512821,2275.75563721934,2272.33758314884,2279.17369128985,6.83610814100757
"res_epi","root","Richness (q=0)","Rarefaction",267083.641025641,2410.77403760549,2406.93659452082,2414.61148069015,7.67488616933224
"res_epi","root","Richness (q=0)","Rarefaction",400620.461538462,2470.45306035825,2466.25252996773,2474.65359074877,8.40106078103508
"res_epi","root","Richness (q=0)","Rarefaction",534157.282051282,2504.76476674877,2500.23876216019,2509.29077133735,9.0520091771632
"res_epi","root","Richness (q=0)","Rarefaction",667694.102564103,2527.12884277496,2522.32463827732,2531.93304727261,9.60840899529285
"res_epi","root","Richness (q=0)","Rarefaction",801230.923076923,2542.85569161168,2537.82764388512,2547.88373933824,10.0560954531229
"res_epi","root","Richness (q=0)","Rarefaction",934767.743589744,2554.49508092432,2549.29883937697,2559.69132247166,10.3924830946935
"res_epi","root","Richness (q=0)","Rarefaction",1068304.56410256,2563.4301875156,2558.1180927933,2568.7422822379,10.6241894446021
"res_epi","root","Richness (q=0)","Rarefaction",1201841.38461538,2570.47877353599,2565.09732634133,2575.86022073065,10.7628943893142
"res_epi","root","Richness (q=0)","Rarefaction",1335378.20512821,2576.1561726667,2570.74506876664,2581.56727656676,10.8222078001145
"res_epi","root","Richness (q=0)","Rarefaction",1468915.02564103,2580.80343404783,2575.39550267721,2586.21136541845,10.8158627412377
"res_epi","root","Richness (q=0)","Rarefaction",1602451.84615385,2584.65520063297,2579.27676826263,2590.0336330033,10.756864740667
"res_epi","root","Richness (q=0)","Rarefaction",1735988.66666667,2587.87808115441,2582.54948838708,2593.20667392174,10.6571855346674
"res_epi","root","Richness (q=0)","Rarefaction",1869525.48717949,2590.5935333428,2585.32967312696,2595.85739355864,10.5277204316844
"res_epi","root","Richness (q=0)","Rarefaction",2003062.30769231,2592.89209815291,2587.70292251553,2598.0812737903,10.3783512747696
"res_epi","root","Richness (q=0)","Rarefaction",2136599.12820513,2594.84258660685,2589.73356829942,2599.95160491428,10.2180366148677
"res_epi","root","Richness (q=0)","Rarefaction",2270135.94871795,2596.49820427023,2591.47075734251,2601.52565119794,10.0548938554275
"res_epi","root","Richness (q=0)","Rarefaction",2403672.76923077,2597.90074482074,2592.95261478762,2602.84887485386,9.89626006623985
"res_epi","root","Richness (q=0)","Rarefaction",2537209.58974359,2599.08354511637,2594.20918058652,2603.95790964622,9.74872905970369
"res_epi","root","Richness (q=0)","Rarefaction",2670746.41025641,2600.07359521276,2595.26451133343,2604.88267909209,9.61816775866555
"res_epi","root","Richness (q=0)","Rarefaction",2804283.23076923,2600.89310334559,2596.13824396004,2605.64796273114,9.50971877110169
"res_epi","root","Richness (q=0)","Rarefaction",2937820.05128205,2601.5606511019,2596.84675192081,2606.274550283,9.42779836219142
"res_epi","root","Richness (q=0)","Rarefaction",3071356.87179487,2602.09207882899,2597.40402829162,2606.78012936637,9.37610107475484
"res_epi","root","Richness (q=0)","Rarefaction",3204893.69230769,2602.50115716456,2597.82234605918,2607.17996826993,9.35762221074401
"res_epi","root","Richness (q=0)","Rarefaction",3338430.51282051,2602.80010630997,2598.11275241437,2607.48746020556,9.3747077911903
"res_epi","root","Richness (q=0)","Observed",3471964,2603,2598.2854320326,2607.7145679674,9.42913593480353
"res_epi","root","Richness (q=0)","Extrapolation",3471967.33333333,2603.0000038402,2598.2854349545,2607.7145727259,9.42913777139438
"res_epi","root","Richness (q=0)","Extrapolation",3605504.15384615,2603.11690098748,2598.35573423712,2607.87806773784,9.52233350071947
"res_epi","root","Richness (q=0)","Extrapolation",3739040.97435897,2603.18255384563,2598.35498069922,2608.01012699205,9.65514629282916
"res_epi","root","Richness (q=0)","Extrapolation",3872577.79487179,2603.21942641168,2598.30607713475,2608.13277568861,9.82669855385484
"res_epi","root","Richness (q=0)","Extrapolation",4006114.61538462,2603.24013512361,2598.22288977508,2608.25738047215,10.0344906970795
"res_epi","root","Richness (q=0)","Extrapolation",4139651.43589744,2603.25176574214,2598.1143418683,2608.38918961599,10.2748477476835
"res_epi","root","Richness (q=0)","Extrapolation",4273188.25641026,2603.25829783781,2597.98661165674,2608.52998401888,10.5433723621409
"res_epi","root","Richness (q=0)","Extrapolation",4406725.07692308,2603.26196645385,2597.84429411127,2608.67963879643,10.8353446851643
"res_epi","root","Richness (q=0)","Extrapolation",4540261.8974359,2603.26402685596,2597.69100757741,2608.83704613451,11.1460385571008
"res_epi","root","Richness (q=0)","Extrapolation",4673798.71794872,2603.26518403807,2597.52971045406,2609.00065762208,11.4709471680198
"res_epi","root","Richness (q=0)","Extrapolation",4807335.53846154,2603.2658339454,2597.36287068098,2609.16879720982,11.8059265288393
"res_epi","root","Richness (q=0)","Extrapolation",4940872.35897436,2603.26619895237,2597.19256270068,2609.33983520405,12.1472725033691
"res_epi","root","Richness (q=0)","Extrapolation",5074409.17948718,2603.26640395096,2597.02052956675,2609.51227833518,12.4917487684306
"res_epi","root","Richness (q=0)","Extrapolation",5207946,2603.26651908417,2596.84822839424,2609.6848097741,12.8365813798591
"res_epi","root","Shannon (q=1)","Rarefaction",10,9.76228844110758,9.76169556715934,9.76288131505582,0.00118574789647852
"res_epi","root","Shannon (q=1)","Rarefaction",133546.820512821,578.328529569883,577.405252848825,579.251806290941,1.84655344211615
"res_epi","root","Shannon (q=1)","Rarefaction",267083.641025641,581.181301090657,580.253418339786,582.109183841529,1.85576550174233
"res_epi","root","Shannon (q=1)","Rarefaction",400620.461538462,582.148805432603,581.219340379482,583.078270485725,1.85893010624295
"res_epi","root","Shannon (q=1)","Rarefaction",534157.282051282,582.635070260125,581.704851177641,583.565289342609,1.8604381649684
"res_epi","root","Shannon (q=1)","Rarefaction",667694.102564103,582.927339207247,581.996704958766,583.857973455727,1.86126849696166
"res_epi","root","Shannon (q=1)","Rarefaction",801230.923076923,583.122267514785,582.191380960834,584.053154068735,1.86177310790185
"res_epi","root","Shannon (q=1)","Rarefaction",934767.743589744,583.261477761347,582.33042471537,584.192530807325,1.86210609195564
"res_epi","root","Shannon (q=1)","Rarefaction",1068304.56410256,583.365836263423,582.434665193842,584.297007333005,1.8623421391635
"res_epi","root","Shannon (q=1)","Rarefaction",1201841.38461538,583.446954736108,582.515694790806,584.378214681409,1.8625198906027
"res_epi","root","Shannon (q=1)","Rarefaction",1335378.20512821,583.511806090464,582.580475869635,584.443136311293,1.86266044165814
"res_epi","root","Shannon (q=1)","Rarefaction",1468915.02564103,583.564825141755,582.633437227634,584.496213055876,1.86277582824164
"res_epi","root","Shannon (q=1)","Rarefaction",1602451.84615385,583.608975409836,582.677538787616,584.540412032055,1.86287324443833
"res_epi","root","Shannon (q=1)","Rarefaction",1735988.66666667,583.64630377915,582.714825189884,584.577782368415,1.86295717853022
"res_epi","root","Shannon (q=1)","Rarefaction",1869525.48717949,583.678274395873,582.746759101403,584.609789690343,1.86303058894032
"res_epi","root","Shannon (q=1)","Rarefaction",2003062.30769231,583.705961483915,582.774413729962,584.637509237868,1.86309550790634
"res_epi","root","Shannon (q=1)","Rarefaction",2136599.12820513,583.730168327125,582.79859162563,584.661745028619,1.86315340298893
"res_epi","root","Shannon (q=1)","Rarefaction",2270135.94871795,583.75150984815,582.819907145618,584.683112550682,1.86320540506426
"res_epi","root","Shannon (q=1)","Rarefaction",2403672.76923077,583.770462177056,582.838835988129,584.702088365982,1.86325237785331
"res_epi","root","Shannon (q=1)","Rarefaction",2537209.58974359,583.78740746663,582.855759942586,584.719054990673,1.86329504808668
"res_epi","root","Shannon (q=1)","Rarefaction",2670746.41025641,583.802644383452,582.870977372655,584.734311394249,1.86333402159403
"res_epi","root","Shannon (q=1)","Rarefaction",2804283.23076923,583.81641907494,582.884734183552,584.748103966328,1.86336978277541
"res_epi","root","Shannon (q=1)","Rarefaction",2937820.05128205,583.82892935684,582.897227983076,584.760630730604,1.86340274752774
"res_epi","root","Shannon (q=1)","Rarefaction",3071356.87179487,583.84034162816,582.90862498291,584.772058273409,1.86343329049873
"res_epi","root","Shannon (q=1)","Rarefaction",3204893.69230769,583.850794312621,582.919063453475,584.782525171768,1.86346171829246
"res_epi","root","Shannon (q=1)","Rarefaction",3338430.51282051,583.860401064447,582.928656921904,584.79214520699,1.86348828508653
"res_epi","root","Shannon (q=1)","Observed",3471964,583.869260172762,582.937503557516,584.801016788009,1.86351323049303
"res_epi","root","Shannon (q=1)","Extrapolation",3471967.33333333,583.869260385287,582.937503769743,584.80101700083,1.86351323108761
"res_epi","root","Shannon (q=1)","Extrapolation",3605504.15384615,583.877611612283,582.945843247158,584.809379977408,1.86353673024996
"res_epi","root","Shannon (q=1)","Extrapolation",3739040.97435897,583.88564568769,582.953865892225,584.817425483155,1.86355959093021
"res_epi","root","Shannon (q=1)","Extrapolation",3872577.79487179,583.893374655859,582.96158374197,584.825165569749,1.86358182777894
"res_epi","root","Shannon (q=1)","Extrapolation",4006114.61538462,583.900810103742,582.969008376115,584.832611831369,1.86360345525486
"res_epi","root","Shannon (q=1)","Extrapolation",4139651.43589744,583.907963178253,582.976150934445,584.839775422062,1.86362448761724
"res_epi","root","Shannon (q=1)","Extrapolation",4273188.25641026,583.914844602987,582.983022133527,584.846667072448,1.86364493892097
"res_epi","root","Shannon (q=1)","Extrapolation",4406725.07692308,583.92146469429,582.989632282786,584.853297105795,1.86366482300969
"res_epi","root","Shannon (q=1)","Extrapolation",4540261.8974359,583.927833376731,582.995991299974,584.859675453487,1.8636841535133
"res_epi","root","Shannon (q=1)","Extrapolation",4673798.71794872,583.933960197973,583.002108726052,584.865811669895,1.86370294384346
"res_epi","root","Shannon (q=1)","Extrapolation",4807335.53846154,583.939854343095,583.0079937395,584.87171494669,1.86372120718988
"res_epi","root","Shannon (q=1)","Extrapolation",4940872.35897436,583.945524648355,583.013655170096,584.877394126614,1.86373895651809
"res_epi","root","Shannon (q=1)","Extrapolation",5074409.17948718,583.95097961444,583.019101512156,584.882857716724,1.86375620456852
"res_epi","root","Shannon (q=1)","Extrapolation",5207946,583.95622741921,583.024340937283,584.888113901136,1.86377296385285
"res_epi","root","Simpson (q=2)","Rarefaction",10,9.65958234485558,9.65873124921428,9.66043344049688,0.00170219128259674
"res_epi","root","Simpson (q=2)","Rarefaction",133546.820512821,254.895589962031,254.236949551406,255.554230372656,1.31728082124999
"res_epi","root","Simpson (q=2)","Rarefaction",267083.641025641,255.138113523302,254.47821653761,255.798010508994,1.31979397138417
"res_epi","root","Simpson (q=2)","Rarefaction",400620.461538462,255.21906134256,254.558744679055,255.879378006065,1.3206333270104
"res_epi","root","Simpson (q=2)","Rarefaction",534157.282051282,255.259555292746,254.599028636412,255.92008194908,1.32105331266757
"res_epi","root","Simpson (q=2)","Rarefaction",667694.102564103,255.28385808696,254.623205386065,255.944510787855,1.32130540178963
"res_epi","root","Simpson (q=2)","Rarefaction",801230.923076923,255.30006258672,254.639325835445,255.960799337995,1.32147350255036
"res_epi","root","Simpson (q=2)","Rarefaction",934767.743589744,255.311638539615,254.650841742026,255.972435337203,1.32159359517618
"res_epi","root","Simpson (q=2)","Rarefaction",1068304.56410256,255.320321258822,254.659479422325,255.981163095319,1.32168367299465
"res_epi","root","Simpson (q=2)","Rarefaction",1201841.38461538,255.327074880132,254.66619800916,255.987951751104,1.32175374194418
"res_epi","root","Simpson (q=2)","Rarefaction",1335378.20512821,255.332477944589,254.671573044353,255.993382844825,1.3218098004719
"res_epi","root","Simpson (q=2)","Rarefaction",1468915.02564103,255.336898962956,254.675971127867,255.997826798045,1.32185567017837
"res_epi","root","Simpson (q=2)","Rarefaction",1602451.84615385,255.340583187402,254.679636239147,256.001530135657,1.32189389651012
"res_epi","root","Simpson (q=2)","Rarefaction",1735988.66666667,255.343700746337,254.682737624677,256.004663867997,1.32192624331992
"res_epi","root","Simpson (q=2)","Rarefaction",1869525.48717949,255.346373013953,254.685396028859,256.007349999048,1.3219539701889
"res_epi","root","Simpson (q=2)","Rarefaction",2003062.30769231,255.348688949436,254.687699949267,256.009677949605,1.32197800033822
"res_epi","root","Simpson (q=2)","Rarefaction",2136599.12820513,255.350715427915,254.689715914185,256.011714941645,1.32199902746018
"res_epi","root","Simpson (q=2)","Rarefaction",2270135.94871795,255.35250353218,254.691494741508,256.013512322852,1.32201758134457
"res_epi","root","Simpson (q=2)","Rarefaction",2403672.76923077,255.354093135708,254.693076098441,256.015110172975,1.32203407453403
"res_epi","root","Simpson (q=2)","Rarefaction",2537209.58974359,255.355515289779,254.694490872883,256.016539706675,1.32204883379163
"res_epi","root","Simpson (q=2)","Rarefaction",2670746.41025641,255.356795288242,254.69576423083,256.017826345654,1.32206211482386
"res_epi","root","Simpson (q=2)","Rarefaction",2804283.23076923,255.357953328687,254.696916263041,256.018990394332,1.32207413129166
"res_epi","root","Simpson (q=2)","Rarefaction",2937820.05128205,255.359006171397,254.69796364313,256.020048699664,1.32208505653452
"res_epi","root","Simpson (q=2)","Rarefaction",3071356.87179487,255.359967458232,254.698919942803,256.021014973662,1.32209503085932
"res_epi","root","Simpson (q=2)","Rarefaction",3204893.69230769,255.360848565509,254.699796478917,256.0219006521,1.32210417318308
"res_epi","root","Simpson (q=2)","Rarefaction",3338430.51282051,255.36165924606,254.700602953538,256.022715538583,1.32211258504492
"res_epi","root","Simpson (q=2)","Observed",3471964,255.362407562375,254.701347387548,256.023467737201,1.32212034965266
"res_epi","root","Simpson (q=2)","Extrapolation",3471967.33333333,255.362407580336,254.701347405416,256.023467755255,1.32212034983908
"res_epi","root","Simpson (q=2)","Extrapolation",3605504.15384615,255.363100480391,254.702036710502,256.024164250279,1.3221275397766
"res_epi","root","Simpson (q=2)","Extrapolation",3739040.97435897,255.363743891084,254.702676782983,256.024810999184,1.32213421620105
"res_epi","root","Simpson (q=2)","Extrapolation",3872577.79487179,255.364342931655,254.70327271554,256.025413147769,1.32214043222896
"res_epi","root","Simpson (q=2)","Extrapolation",4006114.61538462,255.364902038823,254.703828921875,256.025975155771,1.32214623389555
"res_epi","root","Simpson (q=2)","Extrapolation",4139651.43589744,255.365425076865,254.704349246216,256.026500907513,1.32215166129657
"res_epi","root","Simpson (q=2)","Extrapolation",4273188.25641026,255.365915427051,254.704837052293,256.026993801809,1.32215674951607
"res_epi","root","Simpson (q=2)","Extrapolation",4406725.07692308,255.366376060827,254.705295296134,256.02745682552,1.32216152938602
"res_epi","root","Simpson (q=2)","Extrapolation",4540261.8974359,255.366809600077,254.705726586021,256.027892614132,1.32216602811147
"res_epi","root","Simpson (q=2)","Extrapolation",4673798.71794872,255.367218367056,254.706133232162,256.02830350195,1.3221702697885
"res_epi","root","Simpson (q=2)","Extrapolation",4807335.53846154,255.367604426008,254.70651728809,256.028691563926,1.32217427583592
"res_epi","root","Simpson (q=2)","Extrapolation",4940872.35897436,255.367969618024,254.706880585345,256.029058650703,1.32217806535746
"res_epi","root","Simpson (q=2)","Extrapolation",5074409.17948718,255.36831559041,254.707224762687,256.029406418133,1.32218165544583
"res_epi","root","Simpson (q=2)","Extrapolation",5207946,255.368643821522,254.707551290802,256.029736352243,1.32218506144099
"res_epi","young_leaf","Richness (q=0)","Rarefaction",10,9.68191146733536,9.68106553926346,9.68275739540726,0.00169185614380041
"res_epi","young_leaf","Richness (q=0)","Rarefaction",133546.820512821,1745.4971505846,1741.09172677592,1749.90257439328,8.81084761736383
"res_epi","young_leaf","Richness (q=0)","Rarefaction",267083.641025641,1871.77907117095,1866.05570450463,1877.50243783728,11.4467333326547
"res_epi","young_leaf","Richness (q=0)","Rarefaction",400620.461538462,1927.89578584332,1921.66295027802,1934.12862140863,12.4656711306029
"res_epi","young_leaf","Richness (q=0)","Rarefaction",534157.282051282,1959.48862199902,1953.10423712939,1965.87300686864,12.7687697392503
"res_epi","young_leaf","Richness (q=0)","Rarefaction",667694.102564103,1979.22012314662,1972.8586273773,1985.58161891594,12.7229915386397
"res_epi","young_leaf","Richness (q=0)","Rarefaction",801230.923076923,1992.25685220685,1986.00760497091,1998.50609944278,12.4984944718658
"res_epi","young_leaf","Richness (q=0)","Rarefaction",934767.743589744,2001.14354749562,1995.0507259842,2007.23636900704,12.1856430228422
"res_epi","young_leaf","Richness (q=0)","Rarefaction",1068304.56410256,2007.28772056803,2001.36897351285,2013.20646762321,11.8374941103593
"res_epi","young_leaf","Richness (q=0)","Rarefaction",1201841.38461538,2011.53449844401,2005.79049975807,2017.27849712996,11.4879973718848
"res_epi","young_leaf","Richness (q=0)","Rarefaction",1335378.20512821,2014.42392302533,2008.84304026214,2020.00480578852,11.1617655263744
"res_epi","young_leaf","Richness (q=0)","Rarefaction",1468915.02564103,2016.31760786995,2010.87697218642,2021.75824355348,10.8812713670613
"res_epi","young_leaf","Richness (q=0)","Rarefaction",1602451.84615385,2017.46535962611,2012.1290483606,2022.80167089162,10.6726225310244
"res_epi","young_leaf","Richness (q=0)","Observed",1720442,2018,2012.71276588205,2023.28723411795,10.5744682359013
"res_epi","young_leaf","Richness (q=0)","Extrapolation",1735988.66666667,2018.04221630602,2012.75767776753,2023.32675484451,10.5690770769811
"res_epi","young_leaf","Richness (q=0)","Extrapolation",1869525.48717949,2018.24082180232,2012.93510564248,2023.54653796215,10.6114323196671
"res_epi","young_leaf","Richness (q=0)","Extrapolation",2003062.30769231,2018.30186226073,2012.88879924681,2023.71492527465,10.8261260278396
"res_epi","young_leaf","Richness (q=0)","Extrapolation",2136599.12820513,2018.32062275645,2012.71993670516,2023.92130880774,11.2013721025755
"res_epi","young_leaf","Richness (q=0)","Extrapolation",2270135.94871795,2018.32638870593,2012.4762579859,2024.17651942596,11.7002614400626
"res_epi","young_leaf","Richness (q=0)","Extrapolation",2403672.76923077,2018.32816084319,2012.18905630161,2024.46726538478,12.278209083167
"res_epi","young_leaf","Richness (q=0)","Extrapolation",2537209.58974359,2018.32870550118,2011.88146985984,2024.77594114253,12.8944712826933
"res_epi","young_leaf","Richness (q=0)","Extrapolation",2670746.41025641,2018.32887289924,2011.57035742055,2025.08738837793,13.51703095738
"res_epi","young_leaf","Richness (q=0)","Extrapolation",2804283.23076923,2018.32892434823,2011.26733077357,2025.3905179229,14.1231871493387
"res_epi","young_leaf","Richness (q=0)","Extrapolation",2937820.05128205,2018.32894016084,2010.9798339551,2025.67804636658,14.6982124114779
"res_epi","young_leaf","Richness (q=0)","Extrapolation",3071356.87179487,2018.32894502077,2010.71219255779,2025.94569748375,15.2335049259523
"res_epi","young_leaf","Richness (q=0)","Extrapolation",3204893.69230769,2018.32894651445,2010.466509895,2026.19138313389,15.7248732388966
"res_epi","young_leaf","Richness (q=0)","Extrapolation",3338430.51282051,2018.32894697352,2010.24336960874,2026.4145243383,16.1711547295617
"res_epi","young_leaf","Richness (q=0)","Extrapolation",3471967.33333333,2018.32894711462,2010.04235804575,2026.61553618348,16.5731781377326
"res_epi","young_leaf","Richness (q=0)","Extrapolation",3605504.15384615,2018.32894715798,2009.86243942677,2026.79545488919,16.9330154624286
"res_epi","young_leaf","Richness (q=0)","Extrapolation",3739040.97435897,2018.32894717131,2009.702218583,2026.95567575961,17.2534571766109
"res_epi","young_leaf","Richness (q=0)","Extrapolation",3872577.79487179,2018.3289471754,2009.56012099035,2027.09777336046,17.5376523701134
"res_epi","young_leaf","Richness (q=0)","Extrapolation",4006114.61538462,2018.32894717666,2009.43451334506,2027.22338100827,17.7888676632097
"res_epi","young_leaf","Richness (q=0)","Extrapolation",4139651.43589744,2018.32894717705,2009.32378204755,2027.33411230655,18.010330258996
"res_epi","young_leaf","Richness (q=0)","Extrapolation",4273188.25641026,2018.32894717717,2009.22638225068,2027.43151210366,18.2051298529846
"res_epi","young_leaf","Richness (q=0)","Extrapolation",4406725.07692308,2018.32894717721,2009.14086656299,2027.51702779143,18.3761612284402
"res_epi","young_leaf","Richness (q=0)","Extrapolation",4540261.8974359,2018.32894717722,2009.06589987637,2027.59199447806,18.5260946016965
"res_epi","young_leaf","Richness (q=0)","Extrapolation",4673798.71794872,2018.32894717722,2009.00026489104,2027.6576294634,18.6573645723538
"res_epi","young_leaf","Richness (q=0)","Extrapolation",4807335.53846154,2018.32894717722,2008.94286155106,2027.71503280338,18.7721712523276
"res_epi","young_leaf","Richness (q=0)","Extrapolation",4940872.35897436,2018.32894717722,2008.89270263331,2027.76519172113,18.8724890878166
"res_epi","young_leaf","Richness (q=0)","Extrapolation",5074409.17948718,2018.32894717722,2008.84890704331,2027.80898731114,18.9600802678297
"res_epi","young_leaf","Richness (q=0)","Extrapolation",5207946,2018.32894717722,2008.8106918816,2027.84720247284,19.036510591246
"res_epi","young_leaf","Shannon (q=1)","Rarefaction",10,9.56182137699583,9.56064859804858,9.56299415594307,0.00234555789448621
"res_epi","young_leaf","Shannon (q=1)","Rarefaction",133546.820512821,321.715714616704,321.062537738063,322.368891495345,1.30635375728218
"res_epi","young_leaf","Shannon (q=1)","Rarefaction",267083.641025641,322.962680226297,322.307793550718,323.617566901876,1.3097733511579
"res_epi","young_leaf","Shannon (q=1)","Rarefaction",400620.461538462,323.38754803011,322.731859491563,324.043236568657,1.31137707709365
"res_epi","young_leaf","Shannon (q=1)","Rarefaction",534157.282051282,323.601145385291,322.944973348642,324.257317421941,1.31234407329964
"res_epi","young_leaf","Shannon (q=1)","Rarefaction",667694.102564103,323.729345703377,323.072863218958,324.385828187797,1.31296496883863
"res_epi","young_leaf","Shannon (q=1)","Rarefaction",801230.923076923,323.814659290001,323.157966836793,324.47135174321,1.31338490641747
"res_epi","young_leaf","Shannon (q=1)","Rarefaction",934767.743589744,323.875428859305,323.21858649478,324.532271223829,1.31368472904944
"res_epi","young_leaf","Shannon (q=1)","Rarefaction",1068304.56410256,323.92085880995,323.263903613501,324.577814006398,1.3139103928969
"res_epi","young_leaf","Shannon (q=1)","Rarefaction",1201841.38461538,323.956071887793,323.299027675284,324.613116100302,1.31408842501753
"res_epi","young_leaf","Shannon (q=1)","Rarefaction",1335378.20512821,323.984144425972,323.327027185331,324.641261666613,1.31423448128169
"res_epi","young_leaf","Shannon (q=1)","Rarefaction",1468915.02564103,324.007032730571,323.349853694448,324.664211766694,1.31435807224636
"res_epi","young_leaf","Shannon (q=1)","Rarefaction",1602451.84615385,324.026041346542,323.368808767506,324.683273925578,1.31446515807113
"res_epi","young_leaf","Shannon (q=1)","Observed",1720442,324.040336095268,323.383061541667,324.697610648869,1.31454910720197
"res_epi","young_leaf","Shannon (q=1)","Extrapolation",1735988.66666667,324.042079838732,323.384800063149,324.699359614316,1.31455955116735
"res_epi","young_leaf","Shannon (q=1)","Extrapolation",1869525.48717949,324.056418904445,323.399096024165,324.713741784724,1.31464576055919
"res_epi","young_leaf","Shannon (q=1)","Extrapolation",2003062.30769231,324.069675130562,323.412312126753,324.727038134371,1.31472600761776
"res_epi","young_leaf","Shannon (q=1)","Extrapolation",2136599.12820513,324.081930289608,323.424529939057,324.739330640158,1.31480070110126
"res_epi","young_leaf","Shannon (q=1)","Extrapolation",2270135.94871795,324.093259978911,323.435824867868,324.750695089953,1.31487022208501
"res_epi","young_leaf","Shannon (q=1)","Extrapolation",2403672.76923077,324.103734086934,323.446266624036,324.761201549833,1.31493492579659
"res_epi","young_leaf","Shannon (q=1)","Extrapolation",2537209.58974359,324.113417224395,323.455919652727,324.770914796062,1.31499514333507
"res_epi","young_leaf","Shannon (q=1)","Extrapolation",2670746.41025641,324.122369122815,323.464843531174,324.779894714455,1.31505118328084
"res_epi","young_leaf","Shannon (q=1)","Extrapolation",2804283.23076923,324.130645002988,323.473093336387,324.788196669589,1.31510333320216
"res_epi","young_leaf","Shannon (q=1)","Extrapolation",2937820.05128205,324.138295915613,323.480719985081,324.795871846146,1.31515186106435
"res_epi","young_leaf","Shannon (q=1)","Extrapolation",3071356.87179487,324.145369056207,323.487770547934,324.802967564481,1.31519701654747
"res_epi","young_leaf","Shannon (q=1)","Extrapolation",3204893.69230769,324.151908056234,323.494288540095,324.809527572372,1.31523903227742
"res_epi","young_leaf","Shannon (q=1)","Extrapolation",3338430.51282051,324.15795325225,323.500314189762,324.815592314739,1.31527812497643
"res_epi","young_leaf","Shannon (q=1)","Extrapolation",3471967.33333333,324.16354193473,323.505884686461,324.821199182999,1.31531449653755
"res_epi","young_leaf","Shannon (q=1)","Extrapolation",3605504.15384615,324.16870857809,323.511034410576,324.826382745604,1.31534833502781
"res_epi","young_leaf","Shannon (q=1)","Extrapolation",3739040.97435897,324.173485053351,323.515795145538,324.831174961163,1.31537981562496
"res_epi","young_leaf","Shannon (q=1)","Extrapolation",3872577.79487179,324.177900824739,323.520196273993,324.835605375485,1.31540910149158
"res_epi","young_leaf","Shannon (q=1)","Extrapolation",4006114.61538462,324.181983131437,323.524264959142,324.839701303733,1.31543634459103
"res_epi","young_leaf","Shannon (q=1)","Extrapolation",4139651.43589744,324.185757155614,323.52802631239,324.843487998838,1.3154616864482
"res_epi","young_leaf","Shannon (q=1)","Extrapolation",4273188.25641026,324.189246177762,323.531503548332,324.846988807193,1.31548525886035
"res_epi","young_leaf","Shannon (q=1)","Extrapolation",4406725.07692308,324.192471720309,323.534718128029,324.850225312588,1.31550718455912
"res_epi","young_leaf","Shannon (q=1)","Extrapolation",4540261.8974359,324.195453680375,323.537689891461,324.853217469289,1.31552757782822
"res_epi","young_leaf","Shannon (q=1)","Extrapolation",4673798.71794872,324.198210452518,323.540437179978,324.855983725058,1.31554654508034
"res_epi","young_leaf","Shannon (q=1)","Extrapolation",4807335.53846154,324.200759042197,323.5429769495,324.858541134894,1.31556418539378
"res_epi","young_leaf","Shannon (q=1)","Extrapolation",4940872.35897436,324.203115170674,323.545324875167,324.860905466181,1.31558059101394
"res_epi","young_leaf","Shannon (q=1)","Extrapolation",5074409.17948718,324.205293371994,323.547495448084,324.863091295904,1.31559584782076
"res_epi","young_leaf","Shannon (q=1)","Extrapolation",5207946,324.207307082636,323.549502064754,324.865112100518,1.31561003576348
"res_epi","young_leaf","Simpson (q=2)","Rarefaction",10,9.37760610346633,9.37593143210338,9.37928077482928,0.00334934272590104
"res_epi","young_leaf","Simpson (q=2)","Rarefaction",133546.820512821,135.466422706187,135.078597320095,135.854248092279,0.775650772183724
"res_epi","young_leaf","Simpson (q=2)","Rarefaction",267083.641025641,135.534654618729,135.146437252684,135.922871984774,0.776434732090308
"res_epi","young_leaf","Simpson (q=2)","Rarefaction",400620.461538462,135.557415021678,135.169066857435,135.945763185922,0.776696328487105
"res_epi","young_leaf","Simpson (q=2)","Rarefaction",534157.282051282,135.568798291952,135.180384702604,135.957211881301,0.776827178696863
"res_epi","young_leaf","Simpson (q=2)","Rarefaction",667694.102564103,135.575629240981,135.187176388774,135.964082093187,0.776905704412741
"res_epi","young_leaf","Simpson (q=2)","Rarefaction",801230.923076923,135.580183614293,135.191704583066,135.96866264552,0.776958062453616
"res_epi","young_leaf","Simpson (q=2)","Rarefaction",934767.743589744,135.583436944233,135.19493921212,135.971934676346,0.776995464225649
"res_epi","young_leaf","Simpson (q=2)","Rarefaction",1068304.56410256,135.585877060295,135.197365301424,135.974388819165,0.777023517741441
"res_epi","young_leaf","Simpson (q=2)","Rarefaction",1201841.38461538,135.587775001615,135.199252332008,135.976297671221,0.777045339213601
"res_epi","young_leaf","Simpson (q=2)","Rarefaction",1335378.20512821,135.589293358167,135.200761960129,135.977824756205,0.777062796075484
"res_epi","young_leaf","Simpson (q=2)","Rarefaction",1468915.02564103,135.590535701118,135.201997161338,135.979074240898,0.777077079560456
"res_epi","young_leaf","Simpson (q=2)","Rarefaction",1602451.84615385,135.591570997693,135.203026506675,135.980115488712,0.77708898203764
"res_epi","young_leaf","Simpson (q=2)","Observed",1720442,135.592352045208,135.203803064252,135.980901026165,0.777097961912034
"res_epi","young_leaf","Simpson (q=2)","Extrapolation",1735988.66666667,135.592447041467,135.203897514404,135.980996568529,0.777099054124847
"res_epi","young_leaf","Simpson (q=2)","Extrapolation",1869525.48717949,135.593197940592,135.204644096811,135.981751784373,0.77710768756225
"res_epi","young_leaf","Simpson (q=2)","Extrapolation",2003062.30769231,135.593848727062,135.205291142064,135.98240631206,0.777115169996534
"res_epi","young_leaf","Simpson (q=2)","Extrapolation",2136599.12820513,135.594418170728,135.205857312118,135.982979029338,0.777121717219302
"res_epi","young_leaf","Simpson (q=2)","Extrapolation",2270135.94871795,135.594920625289,135.206356878162,135.983484372415,0.777127494252511
"res_epi","young_leaf","Simpson (q=2)","Extrapolation",2403672.76923077,135.595367254923,135.206800940198,135.983933569648,0.777132629449795
"res_epi","young_leaf","Simpson (q=2)","Extrapolation",2537209.58974359,135.595766873591,135.207198261519,135.984335485664,0.777137224145122
"res_epi","young_leaf","Simpson (q=2)","Extrapolation",2670746.41025641,135.596126532556,135.207555852852,135.98469721226,0.777141359407437
"res_epi","young_leaf","Simpson (q=2)","Extrapolation",2804283.23076923,135.596451940052,135.20787938962,135.985024490485,0.777145100864971
"res_epi","young_leaf","Simpson (q=2)","Extrapolation",2937820.05128205,135.596747766505,135.208173515398,135.985322017612,0.777148502214573
"res_epi","young_leaf","Simpson (q=2)","Extrapolation",3071356.87179487,135.597017870129,135.208442066222,135.985593674037,0.777151607815028
"res_epi","young_leaf","Simpson (q=2)","Extrapolation",3204893.69230769,135.597265466134,135.208688238818,135.98584269345,0.777154454632637
"res_epi","young_leaf","Simpson (q=2)","Extrapolation",3338430.51282051,135.597493255316,135.208914718456,135.986071792176,0.777157073719252
"res_epi","young_leaf","Simpson (q=2)","Extrapolation",3471967.33333333,135.597703522983,135.209123777308,135.986283268658,0.777159491349948
"res_epi","young_leaf","Simpson (q=2)","Extrapolation",3605504.15384615,135.597898215892,135.209317350938,135.986479080846,0.777161729907448
"res_epi","young_leaf","Simpson (q=2)","Extrapolation",3739040.97435897,135.598079002702,135.209497098414,135.986660906991,0.777163808577029
"res_epi","young_leaf","Simpson (q=2)","Extrapolation",3872577.79487179,135.598247321923,135.209664449974,135.986830193871,0.777165743897967
"res_epi","young_leaf","Simpson (q=2)","Extrapolation",4006114.61538462,135.598404420266,135.209820645164,135.986988195368,0.777167550204354
"res_epi","young_leaf","Simpson (q=2)","Extrapolation",4139651.43589744,135.598551383587,135.209966763597,135.987136003577,0.777169239980765
"res_epi","young_leaf","Simpson (q=2)","Extrapolation",4273188.25641026,135.598689162011,135.210103749935,135.987274574087,0.777170824151369
"res_epi","young_leaf","Simpson (q=2)","Extrapolation",4406725.07692308,135.598818590502,135.210232434343,135.98740474666,0.777172312316338
"res_epi","young_leaf","Simpson (q=2)","Extrapolation",4540261.8974359,135.598940405794,135.210353549321,135.987527262267,0.777173712946194
"res_epi","young_leaf","Simpson (q=2)","Extrapolation",4673798.71794872,135.599055260428,135.210467743656,135.9876427772,0.777175033543756
"res_epi","young_leaf","Simpson (q=2)","Extrapolation",4807335.53846154,135.599163734441,135.210575594052,135.98775187483,0.777176280778008
"res_epi","young_leaf","Simpson (q=2)","Extrapolation",4940872.35897436,135.599266345165,135.210677614866,135.987855075463,0.777177460597045
"res_epi","young_leaf","Simpson (q=2)","Extrapolation",5074409.17948718,135.599363555479,135.210774266317,135.98795284464,0.777178578323003
"res_epi","young_leaf","Simpson (q=2)","Extrapolation",5207946,135.599455780786,135.21086596142,135.988045600152,0.77717963873198
"res_endo","old_leaf","Richness (q=0)","Rarefaction",10,9.21956050954995,9.21794761461425,9.22117340448565,0.00322578987139721
"res_endo","old_leaf","Richness (q=0)","Rarefaction",206736.512820513,1963.11163017333,1958.75110922935,1967.47215111731,8.7210418879622
"res_endo","old_leaf","Richness (q=0)","Rarefaction",413463.025641026,2135.10185478899,2129.24193100897,2140.96177856902,11.7198475600462
"res_endo","old_leaf","Richness (q=0)","Rarefaction",620189.538461538,2217.72628694255,2210.93173862494,2224.52083526017,13.5890966352272
"res_endo","old_leaf","Richness (q=0)","Rarefaction",826916.051282051,2267.65099387504,2260.30555491397,2274.99643283611,14.6908779221367
"res_endo","old_leaf","Richness (q=0)","Rarefaction",1033642.56410256,2301.43291033114,2293.80541385535,2309.06040680692,15.2549929515644
"res_endo","old_leaf","Richness (q=0)","Rarefaction",1240369.07692308,2325.87523022783,2318.14245771606,2333.60800273959,15.4655450235332
"res_endo","old_leaf","Richness (q=0)","Rarefaction",1447095.58974359,2344.33435082571,2336.60606685024,2352.06263480118,15.4565679509406
"res_endo","old_leaf","Richness (q=0)","Rarefaction",1653822.1025641,2358.67987834013,2351.02103755705,2366.33871912321,15.3176815661664
"res_endo","old_leaf","Richness (q=0)","Rarefaction",1860548.61538462,2370.04873479812,2362.49526683007,2377.60220276616,15.1069359360918
"res_endo","old_leaf","Richness (q=0)","Rarefaction",2067275.12820513,2379.17973452283,2371.74868724369,2386.61078180197,14.8620945582807
"res_endo","old_leaf","Richness (q=0)","Rarefaction",2274001.64102564,2386.57853846319,2379.27441503315,2393.88266189322,14.6082468600725
"res_endo","old_leaf","Richness (q=0)","Rarefaction",2480728.15384615,2392.60586724316,2385.42460978655,2399.78712469977,14.3625149132185
"res_endo","old_leaf","Richness (q=0)","Rarefaction",2687454.66666667,2397.52781832885,2390.45934541339,2404.59629124431,14.13694583092
"res_endo","old_leaf","Richness (q=0)","Rarefaction",2894181.17948718,2401.54613253656,2394.57596291917,2408.51630215396,13.9403392347913
"res_endo","old_leaf","Richness (q=0)","Rarefaction",3100907.69230769,2404.81723263301,2397.92751567143,2411.70694959459,13.7794339231596
"res_endo","old_leaf","Richness (q=0)","Rarefaction",3307634.20512821,2407.46468810704,2400.63484462269,2414.29453159139,13.659686968701
"res_endo","old_leaf","Richness (q=0)","Rarefaction",3514360.71794872,2409.58768612575,2402.79479414756,2416.38057810394,13.5857839563832
"res_endo","old_leaf","Richness (q=0)","Rarefaction",3721087.23076923,2411.26695097802,2404.48596512927,2418.04793682676,13.5619716974925
"res_endo","old_leaf","Richness (q=0)","Rarefaction",3927813.74358974,2412.56902399949,2405.77288522329,2419.36516277568,13.5922775523904
"res_endo","old_leaf","Richness (q=0)","Rarefaction",4134540.25641026,2413.5493984183,2406.70906855899,2420.38972827761,13.680659718616
"res_endo","old_leaf","Richness (q=0)","Observed",4257668,2414,2407.11873123988,2420.88126876012,13.7625375202342
"res_endo","old_leaf","Richness (q=0)","Extrapolation",4341266.76923077,2414.25543100843,2407.3399204163,2421.17094160055,13.8310211842518
"res_endo","old_leaf","Richness (q=0)","Extrapolation",4547993.28205128,2414.7456642049,2407.72395992565,2421.76736848416,14.0434085585166
"res_endo","old_leaf","Richness (q=0)","Extrapolation",4754719.79487179,2415.0850911812,2407.92923736824,2422.24094499415,14.3117076259123
"res_endo","old_leaf","Richness (q=0)","Extrapolation",4961446.30769231,2415.32010315726,2408.00617785768,2422.63402845684,14.6278505991595
"res_endo","old_leaf","Richness (q=0)","Extrapolation",5168172.82051282,2415.48282042121,2407.99140862883,2422.97423221359,14.9828235847681
"res_endo","old_leaf","Richness (q=0)","Extrapolation",5374899.33333333,2415.5954823733,2407.91178773977,2423.27917700683,15.3673892670568
"res_endo","old_leaf","Richness (q=0)","Extrapolation",5581625.84615385,2415.67348709843,2407.78715034827,2423.55982384858,15.772673500308
"res_endo","old_leaf","Richness (q=0)","Extrapolation",5788352.35897436,2415.72749590113,2407.63221200701,2423.82277979525,16.1905677882396
"res_endo","old_leaf","Richness (q=0)","Extrapolation",5995078.87179487,2415.76489044056,2407.45791196355,2424.07186891757,16.6139569540255
"res_endo","old_leaf","Richness (q=0)","Extrapolation",6201805.38461538,2415.79078161957,2407.27237784902,2424.30918539013,17.0368075411043
"res_endo","old_leaf","Richness (q=0)","Extrapolation",6408531.8974359,2415.80870811796,2407.08162894032,2424.53578729559,17.4541583552682
"res_endo","old_leaf","Richness (q=0)","Extrapolation",6615258.41025641,2415.82112004189,2406.89009510322,2424.75214498055,17.8620498773334
"res_endo","old_leaf","Richness (q=0)","Extrapolation",6821984.92307692,2415.82971379245,2406.70100339318,2424.95842419173,18.2574207985481
"res_endo","old_leaf","Richness (q=0)","Extrapolation",7028711.43589744,2415.83566392147,2406.5166682358,2425.15465960715,18.6379913713427
"res_endo","old_leaf","Richness (q=0)","Extrapolation",7235437.94871795,2415.8397836635,2406.3387105667,2425.3408567603,19.002146193603
"res_endo","old_leaf","Richness (q=0)","Extrapolation",7442164.46153846,2415.84263608473,2406.16822417902,2425.51704799045,19.3488238114305
"res_endo","old_leaf","Richness (q=0)","Extrapolation",7648890.97435897,2415.84461104017,2406.00590257093,2425.6833195094,19.6774169384707
"res_endo","old_leaf","Richness (q=0)","Extrapolation",7855617.48717949,2415.84597845705,2405.85213606687,2425.83982084723,19.9876847803607
"res_endo","old_leaf","Richness (q=0)","Extrapolation",8062344,2415.84692522725,2405.70708644976,2425.98676400473,20.279677554975
"res_endo","old_leaf","Shannon (q=1)","Rarefaction",10,8.91623827302134,8.91395421692829,8.91852232911438,0.00456811218609587
"res_endo","old_leaf","Shannon (q=1)","Rarefaction",206736.512820513,197.863792528916,197.535722994185,198.191862063647,0.656139069461858
"res_endo","old_leaf","Shannon (q=1)","Rarefaction",413463.025641026,198.434260434817,198.104665598767,198.763855270866,0.659189672098535
"res_endo","old_leaf","Shannon (q=1)","Rarefaction",620189.538461538,198.631327450943,198.301204170797,198.961450731088,0.660246560291398
"res_endo","old_leaf","Shannon (q=1)","Rarefaction",826916.051282051,198.731205437867,198.400813647048,199.061597228686,0.6607835816381
"res_endo","old_leaf","Shannon (q=1)","Rarefaction",1033642.56410256,198.791528051537,198.460974160122,199.122081942952,0.66110778282939
"res_endo","old_leaf","Shannon (q=1)","Rarefaction",1240369.07692308,198.83188193426,198.501220896121,199.1625429724,0.661322076279077
"res_endo","old_leaf","Shannon (q=1)","Rarefaction",1447095.58974359,198.860755812288,198.530020166084,199.191491458491,0.661471292406588
"res_endo","old_leaf","Shannon (q=1)","Rarefaction",1653822.1025641,198.882424961079,198.551635630272,199.213214291885,0.661578661612623
"res_endo","old_leaf","Shannon (q=1)","Rarefaction",1860548.61538462,198.899277202715,198.56844835157,199.23010605386,0.661657702289688
"res_endo","old_leaf","Shannon (q=1)","Rarefaction",2067275.12820513,198.912750498962,198.581892049113,199.243608948811,0.661716899698717
"res_endo","old_leaf","Shannon (q=1)","Rarefaction",2274001.64102564,198.923763177485,198.59288224448,199.254644110491,0.661761866010181
"res_endo","old_leaf","Shannon (q=1)","Rarefaction",2480728.15384615,198.932928788397,198.602030572281,199.263827004512,0.661796432231711
"res_endo","old_leaf","Shannon (q=1)","Rarefaction",2687454.66666667,198.94067215911,198.609760518763,199.271583799457,0.661823280693852
"res_endo","old_leaf","Shannon (q=1)","Rarefaction",2894181.17948718,198.947298115293,198.616375949614,199.278220280973,0.661844331359248
"res_endo","old_leaf","Shannon (q=1)","Rarefaction",3100907.69230769,198.953030665315,198.622100174089,199.283961156541,0.661860982452083
"res_endo","old_leaf","Shannon (q=1)","Rarefaction",3307634.20512821,198.958036723867,198.627099592665,199.28897385507,0.661874262405661
"res_endo","old_leaf","Shannon (q=1)","Rarefaction",3514360.71794872,198.9624458106,198.631503333151,199.293388288048,0.661884954896891
"res_endo","old_leaf","Shannon (q=1)","Rarefaction",3721087.23076923,198.966356837795,198.635410020174,199.297303655416,0.661893635242734
"res_endo","old_leaf","Shannon (q=1)","Rarefaction",3927813.74358974,198.969849716805,198.638899331723,199.300800101886,0.661900770163243
"res_endo","old_leaf","Shannon (q=1)","Rarefaction",4134540.25641026,198.972986673232,198.642033319436,199.303940027027,0.661906707591527
"res_endo","old_leaf","Shannon (q=1)","Observed",4257668,198.97470750629,198.643752610764,199.305662401816,0.661909791051357
"res_endo","old_leaf","Shannon (q=1)","Extrapolation",4341266.76923077,198.975830273203,198.644874376765,199.30678616964,0.661911792875401
"res_endo","old_leaf","Shannon (q=1)","Extrapolation",4547993.28205128,198.978512594342,198.647554302537,199.309470886146,0.661916583609013
"res_endo","old_leaf","Shannon (q=1)","Extrapolation",4754719.79487179,198.981066074098,198.650105496327,199.31202665187,0.661921155543439
"res_endo","old_leaf","Shannon (q=1)","Extrapolation",4961446.30769231,198.983496901181,198.652534141869,199.314459660493,0.661925518623605
"res_endo","old_leaf","Shannon (q=1)","Extrapolation",5168172.82051282,198.985810967032,198.654846125859,199.316775808205,0.66192968234617
"res_endo","old_leaf","Shannon (q=1)","Extrapolation",5374899.33333333,198.988013880106,198.657047052216,199.318980707995,0.661933655779364
"res_endo","old_leaf","Shannon (q=1)","Extrapolation",5581625.84615385,198.990110979464,198.659142255673,199.321079703255,0.66193744758209
"res_endo","old_leaf","Shannon (q=1)","Extrapolation",5788352.35897436,198.992107347715,198.661136814705,199.323077880726,0.661941066021882
"res_endo","old_leaf","Shannon (q=1)","Extrapolation",5995078.87179487,198.994007823331,198.663035563834,199.324980082827,0.66194451899247
"res_endo","old_leaf","Shannon (q=1)","Extrapolation",6201805.38461538,198.995817012373,198.664843105357,199.326790919388,0.661947814030384
"res_endo","old_leaf","Shannon (q=1)","Extrapolation",6408531.8974359,198.997539299659,198.666563820493,199.328514778824,0.661950958331033
"res_endo","old_leaf","Shannon (q=1)","Extrapolation",6615258.41025641,198.999178859388,198.668201880006,199.33015583877,0.661953958763718
"res_endo","old_leaf","Shannon (q=1)","Extrapolation",6821984.92307692,199.000739665258,198.669761254315,199.331718076202,0.661956821886577
"res_endo","old_leaf","Shannon (q=1)","Extrapolation",7028711.43589744,199.002225500096,198.671245723116,199.333205277076,0.661959553960173
"res_endo","old_leaf","Shannon (q=1)","Extrapolation",7235437.94871795,199.003639965025,198.672658884545,199.334621045506,0.661962160961195
"res_endo","old_leaf","Shannon (q=1)","Extrapolation",7442164.46153846,199.004986488195,198.674004163898,199.335968812493,0.66196464859496
"res_endo","old_leaf","Shannon (q=1)","Extrapolation",7648890.97435897,199.00626833309,198.675284821936,199.337251844244,0.661967022307806
"res_endo","old_leaf","Shannon (q=1)","Extrapolation",7855617.48717949,199.007488606435,198.676503962786,199.338473250085,0.661969287298632
"res_endo","old_leaf","Shannon (q=1)","Extrapolation",8062344,199.008650265731,198.677664541466,199.339635989996,0.661971448530153
"res_endo","old_leaf","Simpson (q=2)","Rarefaction",10,8.45838398132074,8.45509857670621,8.46166938593528,0.00657080922906772
"res_endo","old_leaf","Simpson (q=2)","Rarefaction",206736.512820513,49.3687430953656,49.2443958227283,49.493090368003,0.248694545274688
"res_endo","old_leaf","Simpson (q=2)","Rarefaction",413463.025641026,49.3745189007295,49.2501422314659,49.498895569993,0.248753338527067
"res_endo","old_leaf","Simpson (q=2)","Rarefaction",620189.538461538,49.3764445395921,49.2520580687814,49.5008310104028,0.248772941621425
"res_endo","old_leaf","Simpson (q=2)","Rarefaction",826916.051282051,49.3774074202304,49.2530160483202,49.5017987921407,0.248782743820527
"res_endo","old_leaf","Simpson (q=2)","Rarefaction",1033642.56410256,49.3779851628055,49.2535908486215,49.5023794769896,0.248788628368175
"res_endo","old_leaf","Simpson (q=2)","Rarefaction",1240369.07692308,49.378370339236,49.2539740645051,49.5027666139668,0.248792549461683
"res_endo","old_leaf","Simpson (q=2)","Rarefaction",1447095.58974359,49.3786454680691,49.2542477927646,49.5030431433735,0.248795350608901
"res_endo","old_leaf","Simpson (q=2)","Rarefaction",1653822.1025641,49.3788518218248,49.2544530962169,49.5032505474327,0.248797451215836
"res_endo","old_leaf","Simpson (q=2)","Rarefaction",1860548.61538462,49.3790123167553,49.2546127741317,49.5034118593789,0.248799085247185
"res_endo","old_leaf","Simpson (q=2)","Rarefaction",2067275.12820513,49.3791407194706,49.2547405231867,49.5035409157544,0.248800392567716
"res_endo","old_leaf","Simpson (q=2)","Rarefaction",2274001.64102564,49.3792457683751,49.2548450373001,49.5036464994501,0.248801462149999
"res_endo","old_leaf","Simpson (q=2)","Rarefaction",2480728.15384615,49.379333296848,49.2549321202492,49.5037344734469,0.248802353197718
"res_endo","old_leaf","Simpson (q=2)","Rarefaction",2687454.66666667,49.3794073789521,49.2550058253774,49.5038089325269,0.248803107149541
"res_endo","old_leaf","Simpson (q=2)","Rarefaction",2894181.17948718,49.3794708831001,49.2550690061155,49.5038727600846,0.248803753969057
"res_endo","old_leaf","Simpson (q=2)","Rarefaction",3100907.69230769,49.3795259036007,49.2551237465886,49.5039280606128,0.24880431402417
"res_endo","old_leaf","Simpson (q=2)","Rarefaction",3307634.20512821,49.3795740704741,49.2551716688047,49.5039764721435,0.248804803338786
"res_endo","old_leaf","Simpson (q=2)","Rarefaction",3514360.71794872,49.3796165478967,49.2552139306787,49.5040191651147,0.248805234435991
"res_endo","old_leaf","Simpson (q=2)","Rarefaction",3721087.23076923,49.3796543232235,49.2552515137695,49.5040571326774,0.248805618907866
"res_endo","old_leaf","Simpson (q=2)","Rarefaction",3927813.74358974,49.3796880979112,49.2552851165296,49.5040910792929,0.248805962763313
"res_endo","old_leaf","Simpson (q=2)","Rarefaction",4134540.25641026,49.3797185104155,49.2553153744642,49.5041216463668,0.248806271902552
"res_endo","old_leaf","Simpson (q=2)","Observed",4257668,49.379735224835,49.2553320035953,49.5041384460748,0.248806442479562
"res_endo","old_leaf","Simpson (q=2)","Extrapolation",4341266.76923077,49.3797460298173,49.2553427535752,49.5041493060594,0.248806552484183
"res_endo","old_leaf","Simpson (q=2)","Extrapolation",4547993.28205128,49.3797710432126,49.2553676396408,49.5041744467844,0.248806807143566
"res_endo","old_leaf","Simpson (q=2)","Extrapolation",4754719.79487179,49.3797938815567,49.2553903617272,49.5041974013863,0.248807039659042
"res_endo","old_leaf","Simpson (q=2)","Extrapolation",4961446.30769231,49.3798148167279,49.2554111903287,49.5042184431272,0.248807252798557
"res_endo","old_leaf","Simpson (q=2)","Extrapolation",5168172.82051282,49.3798340771044,49.2554303526608,49.5042378015479,0.248807448887163
"res_endo","old_leaf","Simpson (q=2)","Extrapolation",5374899.33333333,49.3798518559295,49.2554480409833,49.5042556708756,0.248807629892283
"res_endo","old_leaf","Simpson (q=2)","Extrapolation",5581625.84615385,49.3798683178183,49.2554644190734,49.5042722165632,0.248807797489803
"res_endo","old_leaf","Simpson (q=2)","Extrapolation",5788352.35897436,49.3798836038698,49.2554796273117,49.504287580428,0.248807953116241
"res_endo","old_leaf","Simpson (q=2)","Extrapolation",5995078.87179487,49.3798978357212,49.2554937867162,49.5043018847262,0.248808098009988
"res_endo","old_leaf","Simpson (q=2)","Extrapolation",6201805.38461538,49.3799111187914,49.2555070021692,49.5043152354135,0.248808233244262
"res_endo","old_leaf","Simpson (q=2)","Extrapolation",6408531.8974359,49.3799235448971,49.2555193650201,49.504327724774,0.248808359753866
"res_endo","old_leaf","Simpson (q=2)","Extrapolation",6615258.41025641,49.379935194378,49.2555309551997,49.5043394335564,0.248808478356722
"res_endo","old_leaf","Simpson (q=2)","Extrapolation",6821984.92307692,49.3799461378359,49.2555418429501,49.5043504327217,0.248808589771599
"res_endo","old_leaf","Simpson (q=2)","Extrapolation",7028711.43589744,49.3799564375663,49.2555520902499,49.5043607848826,0.248808694632743
"res_endo","old_leaf","Simpson (q=2)","Extrapolation",7235437.94871795,49.3799661487454,49.2555617519944,49.5043705454963,0.248808793501894
"res_endo","old_leaf","Simpson (q=2)","Extrapolation",7442164.46153846,49.3799753204188,49.2555708769796,49.504379763858,0.248808886878379
"res_endo","old_leaf","Simpson (q=2)","Extrapolation",7648890.97435897,49.3799839963298,49.2555795087261,49.5043884839336,0.248808975207538
"res_endo","old_leaf","Simpson (q=2)","Extrapolation",7855617.48717949,49.3799922156174,49.2555876861735,49.5043967450613,0.248809058887844
"res_endo","old_leaf","Simpson (q=2)","Extrapolation",8062344,49.3800000134061,49.2555954442676,49.5044045825445,0.248809138276883
"res_endo","root","Richness (q=0)","Rarefaction",10,9.75451534410386,9.75410654038534,9.75492414782237,0.0008176074370283
"res_endo","root","Richness (q=0)","Rarefaction",206736.512820513,1981.43807171285,1977.87825759815,1984.99788582755,7.11962822939631
"res_endo","root","Richness (q=0)","Rarefaction",413463.025641026,2119.92616483636,2115.43842900525,2124.41390066747,8.97547166222375
"res_endo","root","Richness (q=0)","Rarefaction",620189.538461538,2191.33986427978,2186.05536654153,2196.62436201802,10.5689954764848
"res_endo","root","Richness (q=0)","Rarefaction",826916.051282051,2237.44932959814,2231.54851747302,2243.35014172326,11.8016242502381
"res_endo","root","Richness (q=0)","Rarefaction",1033642.56410256,2270.35604506527,2264.01660397425,2276.69548615629,12.6788821820373
"res_endo","root","Richness (q=0)","Rarefaction",1240369.07692308,2295.24013355793,2288.59477007202,2301.88549704384,13.2907269718189
"res_endo","root","Richness (q=0)","Rarefaction",1447095.58974359,2314.7870102001,2307.92107863308,2321.65294176712,13.7318631340413
"res_endo","root","Richness (q=0)","Rarefaction",1653822.1025641,2330.55852375499,2323.52088714246,2337.59616036751,14.0752732250539
"res_endo","root","Richness (q=0)","Rarefaction",1860548.61538462,2343.53716459144,2336.35223865166,2350.72209053122,14.3698518795618
"res_endo","root","Richness (q=0)","Rarefaction",2067275.12820513,2354.37811032544,2347.05546814816,2361.70075250272,14.6452843545603
"res_endo","root","Richness (q=0)","Rarefaction",2274001.64102564,2363.53880357563,2356.07987396887,2370.99773318239,14.9178592135177
"res_endo","root","Richness (q=0)","Rarefaction",2480728.15384615,2371.35070915502,2363.75307159913,2378.94834671091,15.1952751117806
"res_endo","root","Richness (q=0)","Rarefaction",2687454.66666667,2378.06140410902,2370.32134540109,2385.80146281696,15.480117415872
"res_endo","root","Richness (q=0)","Rarefaction",2894181.17948718,2383.86043819992,2375.97433798166,2391.74653841817,15.772200436515
"res_endo","root","Richness (q=0)","Rarefaction",3100907.69230769,2388.89586841632,2380.86083144433,2396.9309053883,16.0700739439717
"res_endo","root","Richness (q=0)","Rarefaction",3307634.20512821,2393.28524170309,2385.09926430191,2401.47121910427,16.3719548023646
"res_endo","root","Richness (q=0)","Rarefaction",3514360.71794872,2397.1230952003,2388.78495713809,2405.4612332625,16.6762761244072
"res_endo","root","Richness (q=0)","Rarefaction",3721087.23076923,2400.4862612034,2391.99526782995,2408.97725457686,16.9819867469123
"res_endo","root","Richness (q=0)","Rarefaction",3927813.74358974,2403.43771205763,2394.79336710504,2412.08205701022,17.2886899051755
"res_endo","root","Richness (q=0)","Rarefaction",4134540.25641026,2406.02939940494,2397.23105916093,2414.82773964895,17.59668048802
"res_endo","root","Richness (q=0)","Rarefaction",4341266.76923077,2408.30441836646,2399.35095759477,2417.25787913815,17.9069215433738
"res_endo","root","Richness (q=0)","Rarefaction",4547993.28205128,2410.29866578032,2401.1881722611,2419.40915929955,18.2209870384504
"res_endo","root","Richness (q=0)","Rarefaction",4754719.79487179,2412.04214820685,2402.77165345468,2421.31264295902,18.5409895043331
"res_endo","root","Richness (q=0)","Rarefaction",4961446.30769231,2413.56001424786,2404.12526222687,2422.99476626885,18.8695040419752
"res_endo","root","Richness (q=0)","Rarefaction",5168172.82051282,2414.87338380065,2405.26863587705,2424.47813172424,19.2094958471862
"res_endo","root","Richness (q=0)","Observed",5374896,2416,2406.21787572905,2425.78212427095,19.5642485418994
"res_endo","root","Richness (q=0)","Extrapolation",5374899.33333333,2416.00001674449,2406.21788954449,2425.78214394449,19.5642544000002
"res_endo","root","Richness (q=0)","Extrapolation",5581625.84615385,2416.95721291999,2406.98874028381,2426.92568555618,19.9369452723713
"res_endo","root","Richness (q=0)","Extrapolation",5788352.35897436,2417.76861712418,2407.60411830923,2427.93311593913,20.3289976298965
"res_endo","root","Richness (q=0)","Extrapolation",5995078.87179487,2418.45643514876,2408.08614034257,2428.82672995496,20.7405896123837
"res_endo","root","Richness (q=0)","Extrapolation",6201805.38461538,2419.03949058834,2408.45397299343,2429.62500818324,21.1710351898182
"res_endo","root","Richness (q=0)","Extrapolation",6408531.8974359,2419.53373998783,2408.72427275637,2430.34320721929,21.6189344629202
"res_endo","root","Richness (q=0)","Extrapolation",6615258.41025641,2419.95270952713,2408.91153738541,2430.99388166885,22.0823442834389
"res_endo","root","Richness (q=0)","Extrapolation",6821984.92307692,2420.30786519356,2409.02839186786,2431.58733851926,22.5589466513966
"res_endo","root","Richness (q=0)","Extrapolation",7028711.43589744,2420.60892657289,2409.08582596983,2432.13202717594,23.0462012061016
"res_endo","root","Richness (q=0)","Extrapolation",7235437.94871795,2420.86413284633,2409.09339548598,2432.63487020668,23.5414747207005
"res_endo","root","Richness (q=0)","Extrapolation",7442164.46153846,2421.08046827318,2409.05939568838,2433.10154085797,24.042145169592
"res_endo","root","Richness (q=0)","Extrapolation",7648890.97435897,2421.26385332982,2408.99101283251,2433.53669382712,24.5456809946136
"res_endo","root","Richness (q=0)","Extrapolation",7855617.48717949,2421.41930673608,2408.8944577399,2433.94415573226,25.0496979923582
"res_endo","root","Richness (q=0)","Extrapolation",8062344,2421.55108280312,2408.77508424592,2434.32708136033,25.5519971144086
"res_endo","root","Shannon (q=1)","Rarefaction",10,9.66087254786208,9.66030626859398,9.66143882713018,0.00113255853619165
"res_endo","root","Shannon (q=1)","Rarefaction",206736.512820513,411.38483736409,410.863947157644,411.905727570535,1.04178041289151
"res_endo","root","Shannon (q=1)","Rarefaction",413463.025641026,412.539917124006,412.017400371551,413.062433876461,1.04503350491029
"res_endo","root","Shannon (q=1)","Rarefaction",620189.538461538,412.938552392577,412.415517725484,413.46158705967,1.04606933418529
"res_endo","root","Shannon (q=1)","Rarefaction",826916.051282051,413.141329981383,412.618044324767,413.664615637998,1.04657131323108
"res_endo","root","Shannon (q=1)","Rarefaction",1033642.56410256,413.264260044114,412.740821250197,413.78769883803,1.04687758783314
"res_endo","root","Shannon (q=1)","Rarefaction",1240369.07692308,413.346766671692,412.823219611874,413.870313731509,1.04709411963427
"res_endo","root","Shannon (q=1)","Rarefaction",1447095.58974359,413.405970581833,412.882339852934,413.929601310733,1.04726145779898
"res_endo","root","Shannon (q=1)","Rarefaction",1653822.1025641,413.450513024118,412.926814229992,413.974211818245,1.04739758825269
"res_endo","root","Shannon (q=1)","Rarefaction",1860548.61538462,413.48523332789,412.961477496424,414.008989159357,1.04751166293249
"res_endo","root","Shannon (q=1)","Rarefaction",2067275.12820513,413.513048131853,412.989243631856,414.036852631849,1.04760899999269
"res_endo","root","Shannon (q=1)","Rarefaction",2274001.64102564,413.535827387192,413.011980854091,414.059673920293,1.04769306620176
"res_endo","root","Shannon (q=1)","Rarefaction",2480728.15384615,413.554819596162,413.030936433494,414.07870275883,1.0477663253364
"res_endo","root","Shannon (q=1)","Rarefaction",2687454.66666667,413.570892519925,413.046977195325,414.094807844524,1.04783064919832
"res_endo","root","Shannon (q=1)","Rarefaction",2894181.17948718,413.584669832942,413.060726075141,414.108613590743,1.04788751560193
"res_endo","root","Shannon (q=1)","Rarefaction",3100907.69230769,413.596604853142,413.072635792051,414.120573914233,1.04793812218179
"res_endo","root","Shannon (q=1)","Rarefaction",3307634.20512821,413.607045448651,413.083053712134,414.131037185168,1.04798347303347
"res_endo","root","Shannon (q=1)","Rarefaction",3514360.71794872,413.616253404291,413.092241205237,414.140265603345,1.04802439810737
"res_endo","root","Shannon (q=1)","Rarefaction",3721087.23076923,413.624431492715,413.100400691379,414.148462294051,1.04806160267219
"res_endo","root","Shannon (q=1)","Rarefaction",3927813.74358974,413.631744187218,413.107696344067,414.155792030369,1.04809568630264
"res_endo","root","Shannon (q=1)","Rarefaction",4134540.25641026,413.638319844105,413.114256260393,414.162383427818,1.04812716742481
"res_endo","root","Shannon (q=1)","Rarefaction",4341266.76923077,413.644265062098,413.120186824137,414.16834330006,1.0481564759225
"res_endo","root","Shannon (q=1)","Rarefaction",4547993.28205128,413.649664689809,413.125572697993,414.173756681626,1.04818398363238
"res_endo","root","Shannon (q=1)","Rarefaction",4754719.79487179,413.654590057431,413.130485044699,414.178695070164,1.04821002546464
"res_endo","root","Shannon (q=1)","Rarefaction",4961446.30769231,413.659100406989,413.134982988746,414.183217825232,1.04823483648579
"res_endo","root","Shannon (q=1)","Rarefaction",5168172.82051282,413.66324548632,413.139116159022,414.187374813617,1.04825865459566
"res_endo","root","Shannon (q=1)","Observed",5374896,413.667067208271,413.142926362739,414.191208053804,1.04828169106497
"res_endo","root","Shannon (q=1)","Extrapolation",5374899.33333333,413.667067267499,413.142926421783,414.191208113215,1.04828169143252
"res_endo","root","Shannon (q=1)","Extrapolation",5581625.84615385,413.67066972282,413.146517609422,414.194821836218,1.04830422679561
"res_endo","root","Shannon (q=1)","Extrapolation",5788352.35897436,413.674134338971,413.14997122122,414.198297456721,1.04832623550067
"res_endo","root","Shannon (q=1)","Extrapolation",5995078.87179487,413.67746639003,413.153292527566,414.201640252495,1.04834772492859
"res_endo","root","Shannon (q=1)","Extrapolation",6201805.38461538,413.680670948279,413.156486596945,414.204855299612,1.04836870266718
"res_endo","root","Shannon (q=1)","Extrapolation",6408531.8974359,413.683752891918,413.159558303676,414.20794748016,1.04838917648408
"res_endo","root","Shannon (q=1)","Extrapolation",6615258.41025641,413.686716912497,413.162512335346,414.210921489648,1.04840915430157
"res_endo","root","Shannon (q=1)","Extrapolation",6821984.92307692,413.689567522054,413.165353199967,414.213781844141,1.04842864417344
"res_endo","root","Shannon (q=1)","Extrapolation",7028711.43589744,413.692309059986,413.168085232855,414.216532887117,1.04844765426219
"res_endo","root","Shannon (q=1)","Extrapolation",7235437.94871795,413.694945699652,413.170712603242,414.219178796061,1.04846619281943
"res_endo","root","Shannon (q=1)","Extrapolation",7442164.46153846,413.697481454728,413.173239320645,414.221723588812,1.04848426816659
"res_endo","root","Shannon (q=1)","Extrapolation",7648890.97435897,413.699920185319,413.17566924098,414.224171129658,1.04850188867749
"res_endo","root","Shannon (q=1)","Extrapolation",7855617.48717949,413.702265603828,413.178006072447,414.226525135209,1.04851906276167
"res_endo","root","Shannon (q=1)","Extrapolation",8062344,413.704521280616,413.180253381191,414.228789180041,1.04853579884968
"res_endo","root","Simpson (q=2)","Rarefaction",10,9.5155215159823,9.51471215869655,9.51633087326805,0.00161871457149942
"res_endo","root","Simpson (q=2)","Rarefaction",206736.512820513,176.616604661882,176.306897608091,176.926311715672,0.619414107580383
"res_endo","root","Simpson (q=2)","Rarefaction",413463.025641026,176.691650371005,176.38167936436,177.00162137765,0.619942013289347
"res_endo","root","Simpson (q=2)","Rarefaction",620189.538461538,176.716680643721,176.406621574392,177.02673971305,0.620118138658029
"res_endo","root","Simpson (q=2)","Rarefaction",826916.051282051,176.729198542186,176.419095426686,177.039301657687,0.620206231000566
"res_endo","root","Simpson (q=2)","Rarefaction",1033642.56410256,176.736710251481,176.426580703504,177.046839799459,0.620259095954395
"res_endo","root","Simpson (q=2)","Rarefaction",1240369.07692308,176.741718449638,176.431571278485,177.051865620792,0.620294342306408
"res_endo","root","Simpson (q=2)","Rarefaction",1447095.58974359,176.745295840543,176.435136080434,177.055455600652,0.620319520217436
"res_endo","root","Simpson (q=2)","Rarefaction",1653822.1025641,176.747979016471,176.437809814055,177.058148218887,0.6203384048315
"res_endo","root","Simpson (q=2)","Rarefaction",1860548.61538462,176.750065908999,176.439889362231,177.060242455768,0.620353093536664
"res_endo","root","Simpson (q=2)","Rarefaction",2067275.12820513,176.751735584239,176.441553161711,177.061918006766,0.620364845054098
"res_endo","root","Simpson (q=2)","Rarefaction",2274001.64102564,176.75310164552,176.442914415515,177.063288875524,0.620374460008236
"res_endo","root","Simpson (q=2)","Rarefaction",2480728.15384615,176.754240056728,176.444048820235,177.064431293222,0.620382472987217
"res_endo","root","Simpson (q=2)","Rarefaction",2687454.66666667,176.755203370846,176.445008744392,177.0653979973,0.620389252907614
"res_endo","root","Simpson (q=2)","Rarefaction",2894181.17948718,176.756028983246,176.445831450976,177.066226515517,0.620395064541015
"res_endo","root","Simpson (q=2)","Rarefaction",3100907.69230769,176.756744680573,176.44654462993,177.066944731217,0.620400101286407
"res_endo","root","Simpson (q=2)","Rarefaction",3307634.20512821,176.757370797972,176.447168543764,177.06757305218,0.620404508415277
"res_endo","root","Simpson (q=2)","Rarefaction",3514360.71794872,176.757923214446,176.44771901597,177.068127412922,0.620408396952485
"res_endo","root","Simpson (q=2)","Rarefaction",3721087.23076923,176.758414364523,176.448208437767,177.068620291279,0.62041185351228
"res_endo","root","Simpson (q=2)","Rarefaction",3927813.74358974,176.758853765708,176.448646292527,177.069061238889,0.620414946361961
"res_endo","root","Simpson (q=2)","Rarefaction",4134540.25641026,176.759249270294,176.449040405205,177.069458135383,0.620417730178929
"res_endo","root","Simpson (q=2)","Rarefaction",4341266.76923077,176.759607045544,176.449396920959,177.069817170129,0.620420249169626
"res_endo","root","Simpson (q=2)","Rarefaction",4547993.28205128,176.759932315784,176.449721046681,177.070143584888,0.62042253820681
"res_endo","root","Simpson (q=2)","Rarefaction",4754719.79487179,176.760229305903,176.450016991994,177.070441619813,0.620424627818636
"res_endo","root","Simpson (q=2)","Rarefaction",4961446.30769231,176.760501550789,176.450288278986,177.070714822593,0.620426543606357
"res_endo","root","Simpson (q=2)","Rarefaction",5168172.82051282,176.760752021356,176.450537866828,177.070966175884,0.620428309055455
"res_endo","root","Simpson (q=2)","Observed",5374896,176.760983243521,176.45076827574,177.071198211302,0.620429935562129
"res_endo","root","Simpson (q=2)","Extrapolation",5374899.33333333,176.760983247106,176.450768279312,177.071198214899,0.62042993558731
"res_endo","root","Simpson (q=2)","Extrapolation",5581625.84615385,176.761197326374,176.450981605154,177.071413047593,0.620431442438985
"res_endo","root","Simpson (q=2)","Extrapolation",5788352.35897436,176.761396114757,176.451179693925,177.071612535588,0.620432841663444
"res_endo","root","Simpson (q=2)","Extrapolation",5995078.87179487,176.761581194021,176.451364121824,177.071798266218,0.620434144394039
"res_endo","root","Simpson (q=2)","Extrapolation",6201805.38461538,176.761753935037,176.451536254897,177.071971615177,0.620435360279828
"res_endo","root","Simpson (q=2)","Extrapolation",6408531.8974359,176.761915531794,176.451697282932,177.072133780656,0.620436497724711
"res_endo","root","Simpson (q=2)","Extrapolation",6615258.41025641,176.762067029038,176.451848246997,177.072285811079,0.620437564082181
"res_endo","root","Simpson (q=2)","Extrapolation",6821984.92307692,176.76220934488,176.451990061973,177.072428627787,0.620438565814538
"res_endo","root","Simpson (q=2)","Extrapolation",7028711.43589744,176.762343289424,176.452123535112,177.072563043736,0.620439508623804
"res_endo","root","Simpson (q=2)","Extrapolation",7235437.94871795,176.76246958019,176.45224938141,177.07268977897,0.62044039756023
"res_endo","root","Simpson (q=2)","Extrapolation",7442164.46153846,176.762588854978,176.452368236421,177.072809473534,0.620441237113141
"res_endo","root","Simpson (q=2)","Extrapolation",7648890.97435897,176.762701682636,176.452480666993,177.072922698279,0.620442031286473
"res_endo","root","Simpson (q=2)","Extrapolation",7855617.48717949,176.762808572137,176.452587180306,177.073029963968,0.620442783662611
"res_endo","root","Simpson (q=2)","Extrapolation",8062344,176.762909980251,176.452688231523,177.07313172898,0.620443497456733
"res_endo","young_leaf","Richness (q=0)","Rarefaction",10,9.14913871468231,9.14670993878508,9.15156749057954,0.00485755179445846
"res_endo","young_leaf","Richness (q=0)","Rarefaction",206736.512820513,2128.27192547167,2122.50603935377,2134.03781158957,11.5317722358004
"res_endo","young_leaf","Richness (q=0)","Rarefaction",413463.025641026,2285.70453216333,2279.41109676052,2291.99796756615,12.5868708056232
"res_endo","young_leaf","Richness (q=0)","Rarefaction",620189.538461538,2353.69004993199,2347.42078372835,2359.95931613563,12.5385324072786
"res_endo","young_leaf","Richness (q=0)","Rarefaction",826916.051282051,2391.17819624585,2385.08162088252,2397.27477160919,12.1931507266718
"res_endo","young_leaf","Richness (q=0)","Rarefaction",1033642.56410256,2414.39543801729,2408.51321693266,2420.27765910192,11.7644421692557
"res_endo","young_leaf","Richness (q=0)","Rarefaction",1240369.07692308,2429.79862801181,2424.11764164182,2435.4796143818,11.3619727399855
"res_endo","young_leaf","Richness (q=0)","Rarefaction",1447095.58974359,2440.47611942499,2434.95535173912,2445.99688711085,11.0415353717326
"res_endo","young_leaf","Richness (q=0)","Rarefaction",1653822.1025641,2448.09155516836,2442.67563646094,2453.50747387578,10.8318374148412
"res_endo","young_leaf","Richness (q=0)","Rarefaction",1860548.61538462,2453.61984557353,2448.24707614137,2458.99261500569,10.7455388643193
"res_endo","young_leaf","Richness (q=0)","Rarefaction",2067275.12820513,2457.66794545335,2452.27573121566,2463.06015969105,10.7844284753846
"res_endo","young_leaf","Richness (q=0)","Rarefaction",2274001.64102564,2460.63012075817,2455.15821433377,2466.10202718258,10.9438128488173
"res_endo","young_leaf","Richness (q=0)","Rarefaction",2480728.15384615,2462.76974678609,2457.16130447159,2468.3781891006,11.2168846290051
"res_endo","young_leaf","Richness (q=0)","Rarefaction",2687454.66666667,2464.26559156669,2458.46630263063,2470.06488050275,11.5985778721169
"res_endo","young_leaf","Richness (q=0)","Observed",2832955,2465,2459.03407241659,2470.96592758341,11.9318551668239
"res_endo","young_leaf","Richness (q=0)","Extrapolation",2894181.17948718,2465.24025818695,2459.19609639647,2471.28441997743,12.0883235809606
"res_endo","young_leaf","Richness (q=0)","Extrapolation",3100907.69230769,2465.82430469593,2459.48239844698,2472.16621094489,12.6838124979113
"res_endo","young_leaf","Richness (q=0)","Extrapolation",3307634.20512821,2466.17050440547,2459.48613174074,2472.85487707021,13.3687453294751
"res_endo","young_leaf","Richness (q=0)","Extrapolation",3514360.71794872,2466.37571792365,2459.316008417,2473.4354274303,14.1194190132983
"res_endo","young_leaf","Richness (q=0)","Extrapolation",3721087.23076923,2466.4973603944,2459.04249024308,2473.95223054572,14.9097403026381
"res_endo","young_leaf","Richness (q=0)","Extrapolation",3927813.74358974,2466.56946524803,2458.71184681701,2474.42708367906,15.7152368620491
"res_endo","young_leaf","Richness (q=0)","Extrapolation",4134540.25641026,2466.61220615821,2458.35452398378,2474.86988833265,16.5153643488693
"res_endo","young_leaf","Richness (q=0)","Extrapolation",4341266.76923077,2466.63754128215,2457.99041094406,2475.28467162024,17.2942606761799
"res_endo","young_leaf","Richness (q=0)","Extrapolation",4547993.28205128,2466.65255894327,2457.63228554471,2475.67283234183,18.0405467971141
"res_endo","young_leaf","Richness (q=0)","Extrapolation",4754719.79487179,2466.66146081981,2457.28811731173,2476.03480432789,18.7466870161525
"res_endo","young_leaf","Richness (q=0)","Extrapolation",4961446.30769231,2466.66673750074,2456.96262422983,2476.37085077164,19.4082265418083
"res_endo","young_leaf","Richness (q=0)","Extrapolation",5168172.82051282,2466.66986530884,2456.65833162494,2476.68139899274,20.0230673677961
"res_endo","young_leaf","Richness (q=0)","Extrapolation",5374899.33333333,2466.67171934998,2456.37629551381,2476.96714318615,20.5908476723416
"res_endo","young_leaf","Richness (q=0)","Extrapolation",5581625.84615385,2466.67281835236,2456.11659854435,2477.22903816038,21.1124396160349
"res_endo","young_leaf","Richness (q=0)","Extrapolation",5788352.35897436,2466.67346979758,2455.87869105546,2477.4682485397,21.589557484238
"res_endo","young_leaf","Richness (q=0)","Extrapolation",5995078.87179487,2466.67385594858,2455.66162608858,2477.68608580859,22.0244597200135
"res_endo","young_leaf","Richness (q=0)","Extrapolation",6201805.38461538,2466.67408484365,2455.46422135153,2477.88394833577,22.4197269842416
"res_endo","young_leaf","Richness (q=0)","Extrapolation",6408531.8974359,2466.67422052361,2455.28517055015,2478.06327049707,22.7780999469287
"res_endo","young_leaf","Richness (q=0)","Extrapolation",6615258.41025641,2466.67430094933,2455.12311941261,2478.22548248605,23.1023630734353
"res_endo","young_leaf","Richness (q=0)","Extrapolation",6821984.92307692,2466.67434862253,2454.97671696532,2478.37198027973,23.3952633144054
"res_endo","young_leaf","Richness (q=0)","Extrapolation",7028711.43589744,2466.67437688131,2454.8446493953,2478.50410436732,23.6594549720248
"res_endo","young_leaf","Richness (q=0)","Extrapolation",7235437.94871795,2466.674393632,2454.72566163779,2478.62312562621,23.8974639884218
"res_endo","young_leaf","Richness (q=0)","Extrapolation",7442164.46153846,2466.67440356115,2454.61857031699,2478.73023680532,24.111666488333
"res_endo","young_leaf","Richness (q=0)","Extrapolation",7648890.97435897,2466.67440944676,2454.5222706192,2478.82654827432,24.304277655122
"res_endo","young_leaf","Richness (q=0)","Extrapolation",7855617.48717949,2466.67441293552,2454.4357389427,2478.91308692833,24.4773479856303
"res_endo","young_leaf","Richness (q=0)","Extrapolation",8062344,2466.67441500351,2454.3580326479,2478.99079735912,24.6327647112175
"res_endo","young_leaf","Shannon (q=1)","Rarefaction",10,8.82024916759599,8.8168061654995,8.82369216969249,0.00688600419298524
"res_endo","young_leaf","Shannon (q=1)","Rarefaction",206736.512820513,176.723000288805,176.235100001487,177.210900576122,0.975800574634377
"res_endo","young_leaf","Shannon (q=1)","Rarefaction",413463.025641026,177.265126976489,176.775629425218,177.75462452776,0.978995102541489
"res_endo","young_leaf","Shannon (q=1)","Rarefaction",620189.538461538,177.449271877397,176.959318965139,177.939224789654,0.979905824514617
"res_endo","young_leaf","Shannon (q=1)","Rarefaction",826916.051282051,177.541659139121,177.051497149804,178.031821128438,0.980323978633919
"res_endo","young_leaf","Shannon (q=1)","Rarefaction",1033642.56410256,177.597051456641,177.106762936963,178.087339976318,0.980577039355637
"res_endo","young_leaf","Shannon (q=1)","Rarefaction",1240369.07692308,177.633901506713,177.143523072016,178.124279941409,0.980756869392451
"res_endo","young_leaf","Shannon (q=1)","Rarefaction",1447095.58974359,177.660154293464,177.169706313727,178.150602273201,0.980895959473969
"res_endo","young_leaf","Shannon (q=1)","Rarefaction",1653822.1025641,177.679789995919,177.189285825015,178.170294166823,0.981008341808092
"res_endo","young_leaf","Shannon (q=1)","Rarefaction",1860548.61538462,177.695020449558,177.204469767655,178.185571131462,0.981101363806374
"res_endo","young_leaf","Shannon (q=1)","Rarefaction",2067275.12820513,177.707172008808,177.216582216108,178.197761801508,0.981179585400128
"res_endo","young_leaf","Shannon (q=1)","Rarefaction",2274001.64102564,177.717088534467,177.226465418271,178.207711650662,0.981246232390845
"res_endo","young_leaf","Shannon (q=1)","Rarefaction",2480728.15384615,177.72533148917,177.234679603387,178.215983374953,0.981303771565365
"res_endo","young_leaf","Shannon (q=1)","Rarefaction",2687454.66666667,177.732289078301,177.241611992565,178.222966164037,0.98135417147148
"res_endo","young_leaf","Shannon (q=1)","Observed",2832955,177.736568383743,177.245875260634,178.227261506851,0.981386246216857
"res_endo","young_leaf","Shannon (q=1)","Extrapolation",2894181.17948718,177.738256548841,177.247557001503,178.228956096179,0.981399094676362
"res_endo","young_leaf","Shannon (q=1)","Extrapolation",3100907.69230769,177.743691278962,177.252970943257,178.234411614666,0.981440671408905
"res_endo","young_leaf","Shannon (q=1)","Extrapolation",3307634.20512821,177.748739112826,177.257999314314,178.239478911338,0.981479597024872
"res_endo","young_leaf","Shannon (q=1)","Extrapolation",3514360.71794872,177.753427593424,177.262669574271,178.244185612576,0.981516038305017
"res_endo","young_leaf","Shannon (q=1)","Extrapolation",3721087.23076923,177.75778230297,177.267007227106,178.248557378834,0.981550151727845
"res_endo","young_leaf","Shannon (q=1)","Extrapolation",3927813.74358974,177.761827002491,177.271035960447,178.252618044535,0.981582084088188
"res_endo","young_leaf","Shannon (q=1)","Extrapolation",4134540.25641026,177.765583761477,177.274777774936,178.256389748017,0.981611973080589
"res_endo","young_leaf","Shannon (q=1)","Extrapolation",4341266.76923077,177.769073078298,177.278253104374,178.259893052223,0.981639947849317
"res_endo","young_leaf","Shannon (q=1)","Extrapolation",4547993.28205128,177.772313992056,177.281480927302,178.263147056809,0.981666129506607
"res_endo","young_leaf","Shannon (q=1)","Extrapolation",4754719.79487179,177.775324186464,177.284478870653,178.266169502274,0.98169063162095
"res_endo","young_leaf","Shannon (q=1)","Extrapolation",4961446.30769231,177.77812008634,177.287263306002,178.268976866678,0.981713560676781
"res_endo","young_leaf","Shannon (q=1)","Extrapolation",5168172.82051282,177.780716947226,177.289849438973,178.27158445548,0.981735016506946
"res_endo","young_leaf","Shannon (q=1)","Extrapolation",5374899.33333333,177.783128938629,177.292251392278,178.274006484979,0.981755092700155
"res_endo","young_leaf","Shannon (q=1)","Extrapolation",5581625.84615385,177.785369221331,177.294482282839,178.276256159823,0.981773876983652
"res_endo","young_leaf","Shannon (q=1)","Extrapolation",5788352.35897436,177.787450019207,177.296554293415,178.278345744999,0.981791451583717
"res_endo","young_leaf","Shannon (q=1)","Extrapolation",5995078.87179487,177.789382685917,177.298478739135,178.280286632699,0.981807893564167
"res_endo","young_leaf","Shannon (q=1)","Extrapolation",6201805.38461538,177.79117776686,177.300266129288,178.282089404433,0.981823275144791
"res_endo","young_leaf","Shannon (q=1)","Extrapolation",6408531.8974359,177.792845056712,177.301926224711,178.283763888712,0.981837664000523
"res_endo","young_leaf","Shannon (q=1)","Extrapolation",6615258.41025641,177.794393652868,177.303468091096,178.285319214639,0.981851123542924
"res_endo","young_leaf","Shannon (q=1)","Extrapolation",6821984.92307692,177.795832005085,177.304900148493,178.286763861677,0.981863713184055
"res_endo","young_leaf","Shannon (q=1)","Extrapolation",7028711.43589744,177.797167961585,177.306230217292,178.288105705877,0.981875488584933
"res_endo","young_leaf","Shannon (q=1)","Extrapolation",7235437.94871795,177.798408811878,177.307465560934,178.289352062822,0.981886501888482
"res_endo","young_leaf","Shannon (q=1)","Extrapolation",7442164.46153846,177.799561326537,177.308612925568,178.290509727506,0.981896801938603
"res_endo","young_leaf","Shannon (q=1)","Extrapolation",7648890.97435897,177.80063179414,177.309678576897,178.291585011383,0.981906434485893
"res_endo","young_leaf","Shannon (q=1)","Extrapolation",7855617.48717949,177.801626055584,177.310668334394,178.292583776774,0.981915442380227
"res_endo","young_leaf","Shannon (q=1)","Extrapolation",8062344,177.802549535954,177.311587603078,178.293511468831,0.981923865752549
"res_endo","young_leaf","Simpson (q=2)","Rarefaction",10,8.32794540358724,8.32300688941898,8.3328839177555,0.00987702833652548
"res_endo","young_leaf","Simpson (q=2)","Rarefaction",206736.512820513,44.8164929642563,44.6576536624837,44.975332266029,0.317678603545332
"res_endo","young_leaf","Simpson (q=2)","Rarefaction",413463.025641026,44.8212426712312,44.6623693245475,44.9801160179148,0.317746693367354
"res_endo","young_leaf","Simpson (q=2)","Rarefaction",620189.538461538,44.8228261762232,44.663941478444,44.9817108740023,0.317769395558372
"res_endo","young_leaf","Simpson (q=2)","Rarefaction",826916.051282051,44.8236179739922,44.6647276001708,44.9825083478135,0.317780747642715
"res_endo","young_leaf","Simpson (q=2)","Rarefaction",1033642.56410256,44.8240930738337,44.665199294171,44.9829868534963,0.317787559325325
"res_endo","young_leaf","Simpson (q=2)","Rarefaction",1240369.07692308,44.8244098171155,44.6655137668513,44.9833058673796,0.317792100528365
"res_endo","young_leaf","Simpson (q=2)","Rarefaction",1447095.58974359,44.8246360699252,44.6657383977567,44.9835337420937,0.317795344337014
"res_endo","young_leaf","Simpson (q=2)","Rarefaction",1653822.1025641,44.8248057507977,44.6659068622253,44.9837046393701,0.317797777144776
"res_endo","young_leaf","Simpson (q=2)","Rarefaction",1860548.61538462,44.824937720982,44.6660378863098,44.9838375556542,0.317799669344339
"res_endo","young_leaf","Simpson (q=2)","Rarefaction",2067275.12820513,44.8250433085686,44.6661427169208,44.9839439002163,0.317801183295501
"res_endo","young_leaf","Simpson (q=2)","Rarefaction",2274001.64102564,44.8251296957297,44.6662284848173,44.9840309066422,0.317802421824894
"res_endo","young_leaf","Simpson (q=2)","Rarefaction",2480728.15384615,44.8252016869217,44.6662999600694,44.9841034137741,0.317803453704727
"res_endo","young_leaf","Simpson (q=2)","Rarefaction",2687454.66666667,44.8252626086132,44.6663604451689,44.9841647720576,0.317804326888705
"res_endo","young_leaf","Simpson (q=2)","Observed",2832955,44.8253001465489,44.6663977139462,44.9842025791516,0.317804865205446
"res_endo","young_leaf","Simpson (q=2)","Extrapolation",2894181.17948718,44.825314816213,44.6664122784459,44.9842173539801,0.317805075534167
"res_endo","young_leaf","Simpson (q=2)","Extrapolation",3100907.69230769,44.8253600674658,44.6664572052998,44.9842629296317,0.317805724331876
"res_endo","young_leaf","Simpson (q=2)","Extrapolation",3307634.20512821,44.8253996624039,44.6664965163881,44.9843028084198,0.317806292031747
"res_endo","young_leaf","Simpson (q=2)","Extrapolation",3514360.71794872,44.8254345991854,44.666531202713,44.9843379956579,0.317806792944836
"res_endo","young_leaf","Simpson (q=2)","Extrapolation",3721087.23076923,44.8254656541585,44.6665620350575,44.9843692732595,0.31780723820205
"res_endo","young_leaf","Simpson (q=2)","Extrapolation",3927813.74358974,44.8254934402318,44.6665896219363,44.9843972585273,0.317807636590999
"res_endo","young_leaf","Simpson (q=2)","Extrapolation",4134540.25641026,44.825518447734,44.6666144501631,44.9844224453049,0.317807995141777
"res_endo","young_leaf","Simpson (q=2)","Extrapolation",4341266.76923077,44.8255410735988,44.6666369138261,44.9844452333715,0.317808319545463
"res_endo","young_leaf","Simpson (q=2)","Extrapolation",4547993.28205128,44.8255616425912,44.666657335362,44.9844659498204,0.3178086144584
"res_endo","young_leaf","Simpson (q=2)","Extrapolation",4754719.79487179,44.8255804229957,44.6666759811322,44.9844848648593,0.317808883727139
"res_endo","young_leaf","Simpson (q=2)","Extrapolation",4961446.30769231,44.8255976383836,44.666693073105,44.9845022036622,0.317809130557166
"res_endo","young_leaf","Simpson (q=2)","Extrapolation",5168172.82051282,44.8256134765547,44.6667087977342,44.9845181553753,0.317809357641067
"res_endo","young_leaf","Simpson (q=2)","Extrapolation",5374899.33333333,44.8256280964172,44.6667233127886,44.9845328800458,0.317809567257228
"res_endo","young_leaf","Simpson (q=2)","Extrapolation",5581625.84615385,44.8256416333374,44.6667367526641,44.9845465140106,0.317809761346496
"res_endo","young_leaf","Simpson (q=2)","Extrapolation",5788352.35897436,44.8256542033437,44.6667492325575,44.9845591741299,0.317809941572406
"res_endo","young_leaf","Simpson (q=2)","Extrapolation",5995078.87179487,44.8256659064608,44.6667608517762,44.9845709611453,0.317810109369105
"res_endo","young_leaf","Simpson (q=2)","Extrapolation",6201805.38461538,44.8256768293768,44.6667716963871,44.9845819623666,0.317810265979503
"res_endo","young_leaf","Simpson (q=2)","Extrapolation",6408531.8974359,44.8256870475945,44.6667818413515,44.9845922538376,0.317810412486111
"res_endo","young_leaf","Simpson (q=2)","Extrapolation",6615258.41025641,44.8256966271788,44.6667913522607,44.9846019020969,0.317810549836167
"res_endo","young_leaf","Simpson (q=2)","Extrapolation",6821984.92307692,44.8257056261868,44.6668002867558,44.9846109656178,0.31781067886206
"res_endo","young_leaf","Simpson (q=2)","Extrapolation",7028711.43589744,44.8257140958455,44.6668086956963,44.9846194959946,0.31781080029829
"res_endo","young_leaf","Simpson (q=2)","Extrapolation",7235437.94871795,44.8257220815272,44.6668166241295,44.9846275389249,0.317810914795373
"res_endo","young_leaf","Simpson (q=2)","Extrapolation",7442164.46153846,44.8257296235632,44.6668241120974,44.984635135029,0.317811022931579
"res_endo","young_leaf","Simpson (q=2)","Extrapolation",7648890.97435897,44.8257367579244,44.6668311953131,44.9846423205358,0.317811125222633
"res_endo","young_leaf","Simpson (q=2)","Extrapolation",7855617.48717949,44.8257435167955,44.6668379057305,44.9846491278605,0.317811222130004
"res_endo","young_leaf","Simpson (q=2)","Extrapolation",8062344,44.8257499290602,44.6668442720263,44.9846555860941,0.317811314067825
"res_proj","LOT1","Richness (q=0)","Rarefaction",10,9.60903625110866,9.6080786124574,9.60999388975993,0.00191527730252261
"res_proj","LOT1","Richness (q=0)","Rarefaction",285352.320512821,1558.02149089237,1555.98040917278,1560.06257261195,4.08216343917184
"res_proj","LOT1","Richness (q=0)","Rarefaction",570694.641025641,1594.27431307447,1591.77024302833,1596.77838312061,5.00814009228361
"res_proj","LOT1","Richness (q=0)","Rarefaction",856036.961538462,1613.62552517473,1610.81938733084,1616.43166301863,5.61227568778622
"res_proj","LOT1","Richness (q=0)","Rarefaction",1141379.28205128,1626.43823022479,1623.39831293038,1629.4781475192,6.07983458881972
"res_proj","LOT1","Richness (q=0)","Rarefaction",1426721.6025641,1635.78289662044,1632.54822195362,1639.01757128726,6.46934933364173
"res_proj","LOT1","Richness (q=0)","Rarefaction",1712063.92307692,1642.98690009166,1639.59139697493,1646.38240320839,6.79100623346721
"res_proj","LOT1","Richness (q=0)","Rarefaction",1997406.24358974,1648.75062019174,1645.22798800993,1652.27325237356,7.04526436362994
"res_proj","LOT1","Richness (q=0)","Rarefaction",2282748.56410256,1653.48746646321,1649.87003643199,1657.10489649443,7.23486006243911
"res_proj","LOT1","Richness (q=0)","Rarefaction",2568090.88461538,1657.45874189281,1653.77581710714,1661.14166667847,7.36584957132754
"res_proj","LOT1","Richness (q=0)","Rarefaction",2853433.20512821,1660.83769994969,1657.11458504629,1664.5608148531,7.44622980681515
"res_proj","LOT1","Richness (q=0)","Rarefaction",3138775.52564103,1663.74363123644,1660.00128020475,1667.48598226813,7.48470206338652
"res_proj","LOT1","Richness (q=0)","Rarefaction",3424117.84615385,1666.26140306051,1662.51642664637,1670.00637947466,7.48995282829219
"res_proj","LOT1","Richness (q=0)","Rarefaction",3709460.16666667,1668.45323030118,1664.71807955314,1672.18838104923,7.47030149608736
"res_proj","LOT1","Richness (q=0)","Rarefaction",3994802.48717949,1670.36602863581,1666.64925776958,1674.08279950204,7.43354173246189
"res_proj","LOT1","Richness (q=0)","Rarefaction",4280144.80769231,1672.03613116968,1668.34269582489,1675.72956651447,7.38687068957825
"res_proj","LOT1","Richness (q=0)","Rarefaction",4565487.12820513,1673.49237887373,1669.82395138453,1677.16080636292,7.3368549783977
"res_proj","LOT1","Richness (q=0)","Rarefaction",4850829.44871795,1674.75818336313,1671.11347735019,1678.40288937608,7.28941202588658
"res_proj","LOT1","Richness (q=0)","Rarefaction",5136171.76923077,1675.85291471258,1672.22801531274,1679.47781411241,7.24979879967032
"res_proj","LOT1","Richness (q=0)","Rarefaction",5421514.08974359,1676.79286883453,1673.18156580018,1680.40417186888,7.22260606870441
"res_proj","LOT1","Richness (q=0)","Rarefaction",5706856.41025641,1677.59193193325,1673.98605274906,1681.19781111744,7.21175836837847
"res_proj","LOT1","Richness (q=0)","Rarefaction",5992198.73076923,1678.26205987246,1674.65179885436,1681.87232089056,7.22052203620387
"res_proj","LOT1","Richness (q=0)","Rarefaction",6277541.05128205,1678.81363434845,1675.18787195688,1682.43939674002,7.25152478313566
"res_proj","LOT1","Richness (q=0)","Rarefaction",6562883.37179487,1679.25572406263,1675.6023286299,1682.90911949536,7.30679086546115
"res_proj","LOT1","Richness (q=0)","Rarefaction",6848225.69230769,1679.59628463188,1675.90238663041,1683.29018263336,7.38779600294492
"res_proj","LOT1","Richness (q=0)","Rarefaction",7133568.01282051,1679.84231774029,1676.09454538109,1683.59009009948,7.49554471839792
"res_proj","LOT1","Richness (q=0)","Observed",7418907,1680,1676.18466554325,1683.81533445675,7.63066891350081
"res_proj","LOT1","Richness (q=0)","Extrapolation",7418910.33333333,1680.0000013479,1676.1846660211,1683.81533667469,7.63067065359246
"res_proj","LOT1","Richness (q=0)","Extrapolation",7704252.65384615,1680.08232602142,1676.18560580816,1683.97904623469,7.79344042653292
"res_proj","LOT1","Richness (q=0)","Extrapolation",7989594.97435897,1680.12248014616,1676.1309146695,1684.11404562282,7.98313095331696
"res_proj","LOT1","Richness (q=0)","Extrapolation",8274937.29487179,1680.14206544987,1676.04312684706,1684.24100405268,8.19787720561317
"res_proj","LOT1","Richness (q=0)","Extrapolation",8560279.61538462,1680.15161824485,1675.93411794537,1684.36911854434,8.43500059897588
"res_proj","LOT1","Richness (q=0)","Extrapolation",8845621.93589744,1680.15627765138,1675.81060924108,1684.50194606169,8.69133682061147
"res_proj","LOT1","Richness (q=0)","Extrapolation",9130964.25641026,1680.15855029193,1675.67678958436,1684.6403109995,8.96352141514126
"res_proj","LOT1","Richness (q=0)","Extrapolation",9416306.57692308,1680.15965877968,1675.5355536456,1684.78376391375,9.24821026815198
"res_proj","LOT1","Richness (q=0)","Extrapolation",9701648.8974359,1680.16019944815,1675.38908318949,1684.93131570681,9.54223251732083
"res_proj","LOT1","Richness (q=0)","Extrapolation",9986991.21794872,1680.16046316094,1675.23912092444,1685.08180539743,9.84268447298109
"res_proj","LOT1","Richness (q=0)","Extrapolation",10272333.5384615,1680.1605917877,1675.08710307692,1685.23408049847,10.1469774215466
"res_proj","LOT1","Richness (q=0)","Extrapolation",10557675.8589744,1680.16065452582,1674.93422834959,1685.38708070204,10.4528523524477
"res_proj","LOT1","Richness (q=0)","Extrapolation",10843018.1794872,1680.16068512653,1674.78149873251,1685.53987152056,10.7583727880419
"res_proj","LOT1","Richness (q=0)","Extrapolation",11128360.5,1680.16070005213,1674.6297478627,1685.69165224157,11.0619043788752
"res_proj","LOT1","Shannon (q=1)","Rarefaction",10,9.44982111398242,9.44841819343225,9.45122403453258,0.00280584110033288
"res_proj","LOT1","Shannon (q=1)","Rarefaction",285352.320512821,380.706093350466,380.237821403684,381.174365297249,0.936543893565045
"res_proj","LOT1","Shannon (q=1)","Rarefaction",570694.641025641,381.256797772119,380.78805188297,381.725543661269,0.937491778299091
"res_proj","LOT1","Shannon (q=1)","Rarefaction",856036.961538462,381.44278772006,380.973910588095,381.911664852025,0.937754263930515
"res_proj","LOT1","Shannon (q=1)","Rarefaction",1141379.28205128,381.536451884038,381.067510846093,382.005392921983,0.93788207589057
"res_proj","LOT1","Shannon (q=1)","Rarefaction",1426721.6025641,381.592913066972,381.123932416283,382.061893717662,0.937961301379232
"res_proj","LOT1","Shannon (q=1)","Rarefaction",1712063.92307692,381.630675616311,381.161667668268,382.099683564355,0.938015896086995
"res_proj","LOT1","Shannon (q=1)","Rarefaction",1997406.24358974,381.657709775135,381.188682038217,382.126737512054,0.938055473837608
"res_proj","LOT1","Shannon (q=1)","Rarefaction",2282748.56410256,381.67802456397,381.208982048623,382.147067079317,0.938085030694083
"res_proj","LOT1","Shannon (q=1)","Rarefaction",2568090.88461538,381.693844219263,381.224790420377,382.16289801815,0.938107597773637
"res_proj","LOT1","Shannon (q=1)","Rarefaction",2853433.20512821,381.706513577062,381.237450954258,382.175576199866,0.938125245608376
"res_proj","LOT1","Shannon (q=1)","Rarefaction",3138775.52564103,381.716888247039,381.247818552057,382.18595794202,0.938139389962771
"res_proj","LOT1","Shannon (q=1)","Rarefaction",3424117.84615385,381.725539179285,381.256463660347,382.194614698224,0.938151037876764
"res_proj","LOT1","Shannon (q=1)","Rarefaction",3709460.16666667,381.732861753044,381.263781299872,382.201942206217,0.938160906345161
"res_proj","LOT1","Shannon (q=1)","Rarefaction",3994802.48717949,381.739139641911,381.270054895215,382.208224388606,0.938169493390774
"res_proj","LOT1","Shannon (q=1)","Rarefaction",4280144.80769231,381.74458081069,381.275492226632,382.213669394747,0.938177168115089
"res_proj","LOT1","Shannon (q=1)","Rarefaction",4565487.12820513,381.749340510455,381.280248422016,382.218432598893,0.938184176876575
"res_proj","LOT1","Shannon (q=1)","Rarefaction",4850829.44871795,381.753540635708,381.284445286556,382.22263598486,0.938190698303856
"res_proj","LOT1","Shannon (q=1)","Rarefaction",5136171.76923077,381.757271193955,381.288172769358,382.226369618552,0.938196849194128
"res_proj","LOT1","Shannon (q=1)","Rarefaction",5421514.08974359,381.760609045385,381.291507693874,382.229710396896,0.938202703022398
"res_proj","LOT1","Shannon (q=1)","Rarefaction",5706856.41025641,381.763613329813,381.294509167203,382.232717492423,0.93820832522033
"res_proj","LOT1","Shannon (q=1)","Rarefaction",5992198.73076923,381.766328365255,381.297221486599,382.23543524391,0.938213757310677
"res_proj","LOT1","Shannon (q=1)","Rarefaction",6277541.05128205,381.768793695678,381.299684194655,382.237903196702,0.938219002046822
"res_proj","LOT1","Shannon (q=1)","Rarefaction",6562883.37179487,381.771043288839,381.301931249128,382.24015532855,0.938224079422298
"res_proj","LOT1","Shannon (q=1)","Rarefaction",6848225.69230769,381.773104088067,381.303989582487,382.242218593647,0.938229011160388
"res_proj","LOT1","Shannon (q=1)","Rarefaction",7133568.01282051,381.774997530879,381.305880656654,382.244114405104,0.938233748450216
"res_proj","LOT1","Shannon (q=1)","Observed",7418907,381.776743573454,381.30762442354,382.245862723369,0.938238299828981
"res_proj","LOT1","Shannon (q=1)","Extrapolation",7418910.33333333,381.776743593058,381.307624443116,382.245862743,0.938238299883551
"res_proj","LOT1","Shannon (q=1)","Extrapolation",7704252.65384615,381.778389675744,381.309268221346,382.247511130142,0.938242908796269
"res_proj","LOT1","Shannon (q=1)","Extrapolation",7989594.97435897,381.779973280167,381.31084958273,382.249096977604,0.938247394873201
"res_proj","LOT1","Shannon (q=1)","Extrapolation",8274937.29487179,381.781496777736,381.312370897329,382.250622658143,0.9382517608135
"res_proj","LOT1","Shannon (q=1)","Extrapolation",8560279.61538462,381.78296244985,381.313834445206,382.252090454494,0.938256009287898
"res_proj","LOT1","Shannon (q=1)","Extrapolation",8845621.93589744,381.784372491316,381.315242419847,382.253502562785,0.938260142937452
"res_proj","LOT1","Shannon (q=1)","Extrapolation",9130964.25641026,381.785729013636,381.31659693145,382.254861095821,0.93826416437139
"res_proj","LOT1","Shannon (q=1)","Extrapolation",9416306.57692308,381.787034048167,381.317900010084,382.25616808625,0.938268076166196
"res_proj","LOT1","Shannon (q=1)","Extrapolation",9701648.8974359,381.788289549166,381.319153608734,382.257425489598,0.938271880863681
"res_proj","LOT1","Shannon (q=1)","Extrapolation",9986991.21794872,381.789497396714,381.320359606229,382.2586351872,0.938275580970412
"res_proj","LOT1","Shannon (q=1)","Extrapolation",10272333.5384615,381.790659399533,381.321519810055,382.259798989012,0.938279178956805
"res_proj","LOT1","Shannon (q=1)","Extrapolation",10557675.8589744,381.791777297692,381.322635959064,382.26091863632,0.938282677255756
"res_proj","LOT1","Shannon (q=1)","Extrapolation",10843018.1794872,381.792852765216,381.323709726085,382.261995804347,0.938286078262308
"res_proj","LOT1","Shannon (q=1)","Extrapolation",11128360.5,381.79388741259,381.324742720423,382.263032104756,0.938289384332734
"res_proj","LOT1","Simpson (q=2)","Rarefaction",10,9.19363127452016,9.19146984729924,9.19579270174107,0.00432285444183833
"res_proj","LOT1","Simpson (q=2)","Rarefaction",285352.320512821,102.574945419492,102.275895558375,102.873995280608,0.598099722233428
"res_proj","LOT1","Simpson (q=2)","Rarefaction",570694.641025641,102.593204872213,102.294047990267,102.892361754159,0.59831376389198
"res_proj","LOT1","Simpson (q=2)","Rarefaction",856036.961538462,102.599292948439,102.300100379424,102.898485517455,0.598385138031546
"res_proj","LOT1","Simpson (q=2)","Rarefaction",1141379.28205128,102.602337291803,102.303126876481,102.901547707125,0.598420830644613
"res_proj","LOT1","Simpson (q=2)","Rarefaction",1426721.6025641,102.604163954278,102.304942830474,102.903385078082,0.598442247608489
"res_proj","LOT1","Simpson (q=2)","Rarefaction",1712063.92307692,102.605381777925,102.306153515103,102.904610040746,0.598456525643655
"res_proj","LOT1","Simpson (q=2)","Rarefaction",1997406.24358974,102.606251788209,102.307018426003,102.905485150414,0.598466724410571
"res_proj","LOT1","Simpson (q=2)","Rarefaction",2282748.56410256,102.606904163937,102.307666980627,102.906141347248,0.598474366620223
"res_proj","LOT1","Simpson (q=2)","Rarefaction",2568090.88461538,102.607411674354,102.30817151582,102.906651832887,0.598480317066873
"res_proj","LOT1","Simpson (q=2)","Rarefaction",2853433.20512821,102.607817664753,102.308575126502,102.907060203004,0.598485076501476
"res_proj","LOT1","Simpson (q=2)","Rarefaction",3138775.52564103,102.608149813289,102.308905327602,102.907394298976,0.598488971374394
"res_proj","LOT1","Simpson (q=2)","Rarefaction",3424117.84615385,102.608426588413,102.309180480427,102.9076726964,0.598492215973494
"res_proj","LOT1","Simpson (q=2)","Rarefaction",3709460.16666667,102.608660796281,102.309413315857,102.907908276705,0.598494960848797
"res_proj","LOT1","Simpson (q=2)","Rarefaction",3994802.48717949,102.608861547235,102.309612889258,102.908110205212,0.59849731595412
"res_proj","LOT1","Simpson (q=2)","Rarefaction",4280144.80769231,102.609035532509,102.309785854117,102.9082852109,0.598499356782867
"res_proj","LOT1","Simpson (q=2)","Rarefaction",4565487.12820513,102.609187814984,102.309937244165,102.908438385803,0.598501141638025
"res_proj","LOT1","Simpson (q=2)","Rarefaction",4850829.44871795,102.609322125982,102.310070767382,102.908573484582,0.598502717199722
"res_proj","LOT1","Simpson (q=2)","Rarefaction",5136171.76923077,102.609441587005,102.310189528183,102.908693645827,0.598504117644183
"res_proj","LOT1","Simpson (q=2)","Rarefaction",5421514.08974359,102.609548411208,102.310295722481,102.908801099936,0.59850537745487
"res_proj","LOT1","Simpson (q=2)","Rarefaction",5706856.41025641,102.609644472969,102.310391220206,102.908897725732,0.598506505525847
"res_proj","LOT1","Simpson (q=2)","Rarefaction",5992198.73076923,102.609731446266,102.310477683217,102.908985209314,0.598507526097023
"res_proj","LOT1","Simpson (q=2)","Rarefaction",6277541.05128205,102.609810564808,102.310556338138,102.909064791478,0.598508453339775
"res_proj","LOT1","Simpson (q=2)","Rarefaction",6562883.37179487,102.609882782376,102.310628132486,102.909137432265,0.598509299779039
"res_proj","LOT1","Simpson (q=2)","Rarefaction",6848225.69230769,102.609948956843,102.310693918775,102.909203994912,0.59851007613679
"res_proj","LOT1","Simpson (q=2)","Rarefaction",7133568.01282051,102.610009869423,102.310754474227,102.909265264618,0.598510790390606
"res_proj","LOT1","Simpson (q=2)","Observed",7418907,102.610066095395,102.310810370034,102.909321820755,0.598511450720963
"res_proj","LOT1","Simpson (q=2)","Extrapolation",7418910.33333333,102.610066096026,102.310810370662,102.90932182139,0.598511450728381
"res_proj","LOT1","Simpson (q=2)","Extrapolation",7704252.65384615,102.610118146241,102.310862115727,102.909374176756,0.598512061029652
"res_proj","LOT1","Simpson (q=2)","Extrapolation",7989594.97435897,102.610166478636,102.310910164767,102.909422792506,0.59851262773887
"res_proj","LOT1","Simpson (q=2)","Extrapolation",8274937.29487179,102.610211477807,102.310954900124,102.90946805549,0.598513155365453
"res_proj","LOT1","Simpson (q=2)","Extrapolation",8560279.61538462,102.610253477073,102.310996653164,102.909510300981,0.598513647817612
"res_proj","LOT1","Simpson (q=2)","Extrapolation",8845621.93589744,102.610292766742,102.311035712493,102.909549820992,0.598514108499245
"res_proj","LOT1","Simpson (q=2)","Extrapolation",9130964.25641026,102.610329600837,102.311072330643,102.909586871032,0.598514540388777
"res_proj","LOT1","Simpson (q=2)","Extrapolation",9416306.57692308,102.61036420259,102.311106729538,102.909621675642,0.598514946103649
"res_proj","LOT1","Simpson (q=2)","Extrapolation",9701648.8974359,102.610396768968,102.311139104992,102.909654432945,0.598515327953351
"res_proj","LOT1","Simpson (q=2)","Extrapolation",9986991.21794872,102.610427474432,102.31116963044,102.909685318423,0.598515687983422
"res_proj","LOT1","Simpson (q=2)","Extrapolation",10272333.5384615,102.610456474055,102.311198460048,102.909714488061,0.598516028012114
"res_proj","LOT1","Simpson (q=2)","Extrapolation",10557675.8589744,102.610483906147,102.311225731316,102.909742080977,0.598516349661168
"res_proj","LOT1","Simpson (q=2)","Extrapolation",10843018.1794872,102.61050989446,102.311251567269,102.90976822165,0.598516654381598
"res_proj","LOT1","Simpson (q=2)","Extrapolation",11128360.5,102.610534550052,102.311276078314,102.90979302179,0.598516943475573
"res_proj","LOT2","Richness (q=0)","Rarefaction",10,9.61922552570383,9.61856618492645,9.61988486648121,0.00131868155475701
"res_proj","LOT2","Richness (q=0)","Rarefaction",285352.320512821,1456.33733799647,1452.95897559669,1459.71570039625,6.75672479955847
"res_proj","LOT2","Richness (q=0)","Rarefaction",570694.641025641,1562.43272163723,1558.08191733663,1566.78352593784,8.7016086012095
"res_proj","LOT2","Richness (q=0)","Rarefaction",856036.961538462,1617.03451158529,1612.33459308302,1621.73443008756,9.3998370045465
"res_proj","LOT2","Richness (q=0)","Rarefaction",1141379.28205128,1651.12248831305,1646.29551997375,1655.94945665236,9.65393667861099
"res_proj","LOT2","Richness (q=0)","Rarefaction",1426721.6025641,1674.53767650797,1669.67522303269,1679.40012998325,9.72490695055876
"res_proj","LOT2","Richness (q=0)","Rarefaction",1712063.92307692,1691.55351959726,1686.69370585174,1696.41333334278,9.71962749104296
"res_proj","LOT2","Richness (q=0)","Rarefaction",1997406.24358974,1704.38305228796,1699.53633929259,1709.22976528334,9.69342599075526
"res_proj","LOT2","Richness (q=0)","Rarefaction",2282748.56410256,1714.30892649414,1709.47042824341,1719.14742474487,9.67699650146415
"res_proj","LOT2","Richness (q=0)","Rarefaction",2568090.88461538,1722.13464480722,1717.29173193477,1726.97755767966,9.68582574488892
"res_proj","LOT2","Richness (q=0)","Rarefaction",2853433.20512821,1728.39275749943,1723.53012291523,1733.25539208363,9.72526916840161
"res_proj","LOT2","Richness (q=0)","Rarefaction",3138775.52564103,1733.45132918161,1728.55423274968,1738.34842561354,9.79419286385928
"res_proj","LOT2","Richness (q=0)","Rarefaction",3424117.84615385,1737.5728556991,1732.62893619455,1742.51677520366,9.8878390091113
"res_proj","LOT2","Richness (q=0)","Rarefaction",3709460.16666667,1740.94906701449,1735.9490547139,1745.94907931509,10.0000246011864
"res_proj","LOT2","Richness (q=0)","Rarefaction",3994802.48717949,1743.72263477992,1738.66028680413,1748.7849827557,10.1246959515634
"res_proj","LOT2","Richness (q=0)","Rarefaction",4280144.80769231,1746.00134710046,1740.87288873039,1751.12980547053,10.2569167401425
"res_proj","LOT2","Richness (q=0)","Rarefaction",4565487.12820513,1747.86771769726,1742.67100569734,1753.06442969718,10.3934239998425
"res_proj","LOT2","Richness (q=0)","Rarefaction",4850829.44871795,1749.38570435358,1744.11925541913,1754.65215328804,10.5328978689126
"res_proj","LOT2","Richness (q=0)","Rarefaction",5136171.76923077,1750.60550229868,1745.2674704115,1755.94353418585,10.6760637743478
"res_proj","LOT2","Richness (q=0)","Rarefaction",5421514.08974359,1751.56700946145,1746.15415770859,1756.97986121431,10.825703505719
"res_proj","LOT2","Richness (q=0)","Rarefaction",5706856.41025641,1752.30236803627,1746.80906250277,1757.79567356977,10.9866110669923
"res_proj","LOT2","Richness (q=0)","Rarefaction",5992198.73076923,1752.83781585481,1747.25506637628,1758.42056533334,11.1654989570584
"res_proj","LOT2","Richness (q=0)","Observed",6105566,1753,1747.37830572456,1758.62169427544,11.2433885508763
"res_proj","LOT2","Richness (q=0)","Extrapolation",6277541.05128205,1753.19704145241,1747.5116296312,1758.88245327361,11.3708236424172
"res_proj","LOT2","Richness (q=0)","Extrapolation",6562883.37179487,1753.42521471727,1747.61955437363,1759.23087506091,11.611320687286
"res_proj","LOT2","Richness (q=0)","Extrapolation",6848225.69230769,1753.56988286436,1747.62364533855,1759.51612039018,11.892475051628
"res_proj","LOT2","Richness (q=0)","Extrapolation",7133568.01282051,1753.6616064622,1747.55372037939,1759.769492545,12.2157721656099
"res_proj","LOT2","Richness (q=0)","Extrapolation",7418910.33333333,1753.71976175463,1747.43005580617,1760.0094677031,12.5794118969288
"res_proj","LOT2","Richness (q=0)","Extrapolation",7704252.65384615,1753.75663381501,1747.26700768783,1760.24625994219,12.9792522543598
"res_proj","LOT2","Richness (q=0)","Extrapolation",7989594.97435897,1753.7800117189,1747.07514212908,1760.48488130872,13.4097391796408
"res_proj","LOT2","Richness (q=0)","Extrapolation",8274937.29487179,1753.79483395515,1746.86248913248,1760.72717877782,13.8646896453392
"res_proj","LOT2","Richness (q=0)","Extrapolation",8560279.61538462,1753.804231662,1746.63529325748,1760.97317006652,14.3378768090415
"res_proj","LOT2","Richness (q=0)","Extrapolation",8845621.93589744,1753.8101900675,1746.39847978532,1761.22190034969,14.8234205643716
"res_proj","LOT2","Richness (q=0)","Extrapolation",9130964.25641026,1753.81396786103,1746.15596016803,1761.47197555403,15.3160153859994
"res_proj","LOT2","Richness (q=0)","Extrapolation",9416306.57692308,1753.81636308639,1745.91084485023,1761.72188132255,15.8110364723252
"res_proj","LOT2","Richness (q=0)","Extrapolation",9701648.8974359,1753.81788172537,1745.66560030381,1761.97016314694,16.304562843131
"res_proj","LOT2","Richness (q=0)","Extrapolation",9986991.21794872,1753.8188445844,1745.42217023398,1762.21551893481,16.7933487008277
"res_proj","LOT2","Richness (q=0)","Extrapolation",10272333.5384615,1753.81945506359,1745.1820720455,1762.45683808168,17.2747660361792
"res_proj","LOT2","Richness (q=0)","Extrapolation",10557675.8589744,1753.81984212425,1744.94647506358,1762.69320918492,17.7467341213451
"res_proj","LOT2","Richness (q=0)","Extrapolation",10843018.1794872,1753.82008753139,1744.71626461202,1762.92391045076,18.207645838746
"res_proj","LOT2","Richness (q=0)","Extrapolation",11128360.5,1753.82024312629,1744.4920947662,1763.14839148638,18.6562967201835
"res_proj","LOT2","Shannon (q=1)","Rarefaction",10,9.47236354544907,9.47143395471127,9.47329313618686,0.00185918147558795
"res_proj","LOT2","Shannon (q=1)","Rarefaction",285352.320512821,289.607956518751,289.298291479818,289.917621557683,0.619330077865698
"res_proj","LOT2","Shannon (q=1)","Rarefaction",570694.641025641,290.039923621671,289.72979257758,290.350054665762,0.620262088182358
"res_proj","LOT2","Shannon (q=1)","Rarefaction",856036.961538462,290.189731656734,289.879482333543,290.499980979926,0.620498646382885
"res_proj","LOT2","Shannon (q=1)","Rarefaction",1141379.28205128,290.265874065537,289.955565813354,290.576182317719,0.620616504365103
"res_proj","LOT2","Shannon (q=1)","Rarefaction",1426721.6025641,290.311937853478,290.001589980801,290.622285726155,0.620695745354396
"res_proj","LOT2","Shannon (q=1)","Rarefaction",1712063.92307692,290.342780950154,290.032403330937,290.653158569371,0.620755238433844
"res_proj","LOT2","Shannon (q=1)","Rarefaction",1997406.24358974,290.364858875816,290.054457965292,290.675259786339,0.620801821047053
"res_proj","LOT2","Shannon (q=1)","Rarefaction",2282748.56410256,290.381431374889,290.071011889933,290.691850859846,0.620838969912143
"res_proj","LOT2","Shannon (q=1)","Rarefaction",2568090.88461538,290.394321429621,290.083886996677,290.704755862566,0.62086886588952
"res_proj","LOT2","Shannon (q=1)","Rarefaction",2853433.20512821,290.404626701682,290.094180184126,290.715073219237,0.620893035111635
"res_proj","LOT2","Shannon (q=1)","Rarefaction",3138775.52564103,290.413051033162,290.102594685772,290.723507380552,0.620912694780145
"res_proj","LOT2","Shannon (q=1)","Rarefaction",3424117.84615385,290.42006284332,290.109598460535,290.730527226105,0.620928765570056
"res_proj","LOT2","Shannon (q=1)","Rarefaction",3709460.16666667,290.425987438991,290.115516466196,290.736458411786,0.620941945590744
"res_proj","LOT2","Shannon (q=1)","Rarefaction",3994802.48717949,290.431058423028,290.120581998816,290.74153484724,0.620952848424395
"res_proj","LOT2","Shannon (q=1)","Rarefaction",4280144.80769231,290.435447681171,290.124966704659,290.745928657684,0.620961953024448
"res_proj","LOT2","Shannon (q=1)","Rarefaction",4565487.12820513,290.439281632103,290.128796807128,290.749766457078,0.620969649949984
"res_proj","LOT2","Shannon (q=1)","Rarefaction",4850829.44871795,290.442658030811,290.132169903159,290.753146158463,0.620976255303958
"res_proj","LOT2","Shannon (q=1)","Rarefaction",5136171.76923077,290.4456551787,290.13516416378,290.75614619362,0.62098202984032
"res_proj","LOT2","Shannon (q=1)","Rarefaction",5421514.08974359,290.448331605858,290.137838018006,290.758825193711,0.620987175704386
"res_proj","LOT2","Shannon (q=1)","Rarefaction",5706856.41025641,290.450736460126,290.140240531388,290.761232388864,0.620991857475815
"res_proj","LOT2","Shannon (q=1)","Rarefaction",5992198.73076923,290.452908032324,290.142409927903,290.763406136746,0.620996208843849
"res_proj","LOT2","Shannon (q=1)","Observed",6105566,290.453713548303,290.143214611328,290.764212485277,0.620997873948909
"res_proj","LOT2","Shannon (q=1)","Extrapolation",6277541.05128205,290.454895146693,290.144394880031,290.765395413356,0.621000533325059
"res_proj","LOT2","Shannon (q=1)","Extrapolation",6562883.37179487,290.456782841939,290.146280434,290.767285249878,0.621004815878109
"res_proj","LOT2","Shannon (q=1)","Extrapolation",6848225.69230769,290.458583311761,290.148078841193,290.769087782329,0.621008941135187
"res_proj","LOT2","Shannon (q=1)","Extrapolation",7133568.01282051,290.460300586616,290.149794129369,290.770807043863,0.621012914494827
"res_proj","LOT2","Shannon (q=1)","Extrapolation",7418910.33333333,290.461938510724,290.151430140127,290.772446881321,0.621016741194694
"res_proj","LOT2","Shannon (q=1)","Extrapolation",7704252.65384615,290.463500750674,290.152990537517,290.774010963831,0.621020426314089
"res_proj","LOT2","Shannon (q=1)","Extrapolation",7989594.97435897,290.464990803632,290.154478816244,290.775502791021,0.621023974777586
"res_proj","LOT2","Shannon (q=1)","Extrapolation",8274937.29487179,290.466412005169,290.15589830949,290.776925700848,0.621027391357416
"res_proj","LOT2","Shannon (q=1)","Extrapolation",8560279.61538462,290.467767536727,290.157252196388,290.778282877065,0.621030680677109
"res_proj","LOT2","Shannon (q=1)","Extrapolation",8845621.93589744,290.469060432742,290.158543509135,290.77957735635,0.621033847214562
"res_proj","LOT2","Shannon (q=1)","Extrapolation",9130964.25641026,290.470293587439,290.159775139786,290.780812035092,0.62103689530602
"res_proj","LOT2","Shannon (q=1)","Extrapolation",9416306.57692308,290.471469761307,290.160949846732,290.781989675881,0.621039829148458
"res_proj","LOT2","Shannon (q=1)","Extrapolation",9701648.8974359,290.472591587278,290.162070260876,290.78311291368,0.621042652804135
"res_proj","LOT2","Shannon (q=1)","Extrapolation",9986991.21794872,290.473661576627,290.163138891526,290.784184261729,0.621045370203092
"res_proj","LOT2","Shannon (q=1)","Extrapolation",10272333.5384615,290.474682124588,290.164158132014,290.785206117161,0.621047985147015
"res_proj","LOT2","Shannon (q=1)","Extrapolation",10557675.8589744,290.475655515715,290.165130265059,290.786180766372,0.62105050131288
"res_proj","LOT2","Shannon (q=1)","Extrapolation",10843018.1794872,290.476583929003,290.166057467875,290.787110390131,0.621052922256013
"res_proj","LOT2","Shannon (q=1)","Extrapolation",11128360.5,290.477469442759,290.166941817053,290.787997068466,0.621055251413168
"res_proj","LOT2","Simpson (q=2)","Rarefaction",10,9.24450530942694,9.24314713065948,9.2458634881944,0.00271635753491495
"res_proj","LOT2","Simpson (q=2)","Rarefaction",285352.320512821,110.085143710352,109.871167016792,110.299120403912,0.427953387120709
"res_proj","LOT2","Simpson (q=2)","Rarefaction",570694.641025641,110.106189240817,109.892130353974,110.32024812766,0.428117773685358
"res_proj","LOT2","Simpson (q=2)","Rarefaction",856036.961538462,110.11320639733,109.899120102056,110.327292692604,0.428172590548428
"res_proj","LOT2","Simpson (q=2)","Rarefaction",1141379.28205128,110.116715282196,109.902615280417,110.330815283976,0.428200003558402
"res_proj","LOT2","Simpson (q=2)","Rarefaction",1426721.6025641,110.11882078364,109.904712557141,110.332929010139,0.428216452997503
"res_proj","LOT2","Simpson (q=2)","Rarefaction",1712063.92307692,110.1202244871,109.906110777168,110.334338197032,0.428227419864214
"res_proj","LOT2","Simpson (q=2)","Rarefaction",1997406.24358974,110.121227175977,109.907109549265,110.335344802689,0.428235253423594
"res_proj","LOT2","Simpson (q=2)","Rarefaction",2282748.56410256,110.121979176482,109.907858612075,110.336099740888,0.428241128812488
"res_proj","LOT2","Simpson (q=2)","Rarefaction",2568090.88461538,110.122564034023,109.908441184888,110.336686883158,0.428245698269819
"res_proj","LOT2","Simpson (q=2)","Rarefaction",2853433.20512821,110.123031985842,109.908907308207,110.337156663477,0.428249355269742
"res_proj","LOT2","Simpson (q=2)","Rarefaction",3138775.52564103,110.123414819248,109.909288645932,110.337540992563,0.428252346631069
"res_proj","LOT2","Simpson (q=2)","Rarefaction",3424117.84615385,110.123733866959,109.909606447778,110.33786128614,0.428254838361056
"res_proj","LOT2","Simpson (q=2)","Rarefaction",3709460.16666667,110.124003870035,109.909875396083,110.338132343988,0.428256947904941
"res_proj","LOT2","Simpson (q=2)","Rarefaction",3994802.48717949,110.124235295385,109.91010591752,110.338364673251,0.428258755730724
"res_proj","LOT2","Simpson (q=2)","Rarefaction",4280144.80769231,110.12443578866,109.91030562755,110.33856594977,0.428260322220211
"res_proj","LOT2","Simpson (q=2)","Rarefaction",4565487.12820513,110.124611256055,109.910480409399,110.338742102711,0.428261693311669
"res_proj","LOT2","Simpson (q=2)","Rarefaction",4850829.44871795,110.12476614172,109.910634689915,110.338897593524,0.428262903609635
"res_proj","LOT2","Simpson (q=2)","Rarefaction",5136171.76923077,110.124903751184,109.910771761882,110.339035740487,0.428263978605628
"res_proj","LOT2","Simpson (q=2)","Rarefaction",5421514.08974359,110.125026904063,109.910894433783,110.339159374344,0.428264940560922
"res_proj","LOT2","Simpson (q=2)","Rarefaction",5706856.41025641,110.125137720923,109.911004817424,110.339270624422,0.428265806998155
"res_proj","LOT2","Simpson (q=2)","Rarefaction",5992198.73076923,110.125238001399,109.911104705815,110.339371296984,0.428266591168324
"res_proj","LOT2","Simpson (q=2)","Observed",6105566,110.125275230423,109.911141789602,110.339408671243,0.428266881641264
"res_proj","LOT2","Simpson (q=2)","Extrapolation",6277541.05128205,110.125329152001,109.911195500533,110.33946280347,0.428267302936291
"res_proj","LOT2","Simpson (q=2)","Extrapolation",6562883.37179487,110.12541238492,109.911278408298,110.339546361542,0.42826795324433
"res_proj","LOT2","Simpson (q=2)","Extrapolation",6848225.69230769,110.125488681883,109.911354407202,110.339622956564,0.428268549361405
"res_proj","LOT2","Simpson (q=2)","Extrapolation",7133568.01282051,110.125558875191,109.911424326296,110.339693424086,0.428269097790263
"res_proj","LOT2","Simpson (q=2)","Extrapolation",7418910.33333333,110.1256236691,109.911488867083,110.339758471117,0.428269604033289
"res_proj","LOT2","Simpson (q=2)","Extrapolation",7704252.65384615,110.125683663535,109.911548627146,110.339818699923,0.428270072777678
"res_proj","LOT2","Simpson (q=2)","Extrapolation",7989594.97435897,110.125739372716,109.911604118696,110.339874626737,0.428270508041038
"res_proj","LOT2","Simpson (q=2)","Extrapolation",8274937.29487179,110.125791239941,109.911655783297,110.339926696584,0.428270913286866
"res_proj","LOT2","Simpson (q=2)","Extrapolation",8560279.61538462,110.125839649399,109.91170400364,110.339975295157,0.428271291516893
"res_proj","LOT2","Simpson (q=2)","Extrapolation",8845621.93589744,110.125884935707,109.911749113035,110.34002075838,0.428271645345433
"res_proj","LOT2","Simpson (q=2)","Extrapolation",9130964.25641026,110.125927391659,109.911791403129,110.340063380189,0.42827197706012
"res_proj","LOT2","Simpson (q=2)","Extrapolation",9416306.57692308,110.125967274555,109.911831130219,110.340103418891,0.428272288671252
"res_proj","LOT2","Simpson (q=2)","Extrapolation",9701648.8974359,110.126004811427,109.911868520451,110.340141102404,0.428272581952655
"res_proj","LOT2","Simpson (q=2)","Extrapolation",9986991.21794872,110.126040203361,109.911903774123,110.340176632599,0.428272858475395
"res_proj","LOT2","Simpson (q=2)","Extrapolation",10272333.5384615,110.126073629099,109.911937069281,110.340210188917,0.428273119636032
"res_proj","LOT2","Simpson (q=2)","Extrapolation",10557675.8589744,110.126105248061,109.911968564721,110.340241931401,0.428273366680116
"res_proj","LOT2","Simpson (q=2)","Extrapolation",10843018.1794872,110.126135202885,109.911998402524,110.340272003246,0.428273600722065
"res_proj","LOT2","Simpson (q=2)","Extrapolation",11128360.5,110.12616362158,109.912026710199,110.340300532961,0.428273822762065
"res_proj","LOT3","Richness (q=0)","Rarefaction",10,9.5867791142137,9.58618866550033,9.58736956292707,0.00118089742673888
"res_proj","LOT3","Richness (q=0)","Rarefaction",285352.320512821,1672.47331380307,1668.22212039431,1676.72450721183,8.50238681752171
"res_proj","LOT3","Richness (q=0)","Rarefaction",570694.641025641,1798.16724803455,1793.07454550489,1803.25995056421,10.1854050593129
"res_proj","LOT3","Richness (q=0)","Rarefaction",856036.961538462,1865.26283362777,1859.83552345538,1870.69014380016,10.8546203447859
"res_proj","LOT3","Richness (q=0)","Rarefaction",1141379.28205128,1908.37258152149,1902.76667524757,1913.9784877954,11.2118125478273
"res_proj","LOT3","Richness (q=0)","Rarefaction",1426721.6025641,1938.57074660837,1932.86747053734,1944.27402267939,11.4065521420503
"res_proj","LOT3","Richness (q=0)","Rarefaction",1712063.92307692,1960.78000864124,1955.02764143413,1966.53237584836,11.5047344142249
"res_proj","LOT3","Richness (q=0)","Rarefaction",1997406.24358974,1977.5974492273,1971.82547264407,1983.36942581053,11.5439531664624
"res_proj","LOT3","Richness (q=0)","Rarefaction",2282748.56410256,1990.55584694564,1984.78364249662,1996.32805139467,11.5444088980498
"res_proj","LOT3","Richness (q=0)","Rarefaction",2568090.88461538,2000.63608812181,1994.87733918794,2006.39483705567,11.5174978677342
"res_proj","LOT3","Richness (q=0)","Rarefaction",2853433.20512821,2008.50533572202,2002.76958563233,2014.24108581171,11.4715001793752
"res_proj","LOT3","Richness (q=0)","Rarefaction",3138775.52564103,2014.6393840997,2008.93235601294,2020.34641218646,11.4140561735221
"res_proj","LOT3","Richness (q=0)","Rarefaction",3424117.84615385,2019.39072175186,2013.71440208131,2025.06704142241,11.3526393410998
"res_proj","LOT3","Richness (q=0)","Rarefaction",3709460.16666667,2023.02887019186,2017.38173789594,2028.67600248778,11.2942645918415
"res_proj","LOT3","Richness (q=0)","Rarefaction",3994802.48717949,2025.76553125098,2020.14293805871,2031.38812444325,11.2451863845349
"res_proj","LOT3","Richness (q=0)","Rarefaction",4280144.80769231,2027.77086920981,2022.16542352585,2033.37631489377,11.2108913679167
"res_proj","LOT3","Richness (q=0)","Rarefaction",4565487.12820513,2029.18436775766,2023.58616362533,2034.78257188998,11.1964082646496
"res_proj","LOT3","Richness (q=0)","Rarefaction",4850829.44871795,2030.12224339431,2024.51883386697,2035.72565292165,11.2068190546797
"res_proj","LOT3","Richness (q=0)","Rarefaction",5136171.76923077,2030.68261233357,2025.05870628591,2036.30651838124,11.2478120953292
"res_proj","LOT3","Richness (q=0)","Rarefaction",5421514.08974359,2030.94917565927,2025.28611080616,2036.61224051238,11.3261297062186
"res_proj","LOT3","Richness (q=0)","Observed",5630385,2031,2025.29414725996,2036.70585274004,11.4117054800722
"res_proj","LOT3","Richness (q=0)","Extrapolation",5706856.41025641,2031,2025.27509142242,2036.72490857758,11.4498171551627
"res_proj","LOT3","Richness (q=0)","Extrapolation",5992198.73076923,2031,2025.18576634368,2036.81423365632,11.6284673126493
"res_proj","LOT3","Richness (q=0)","Extrapolation",6277541.05128205,2031,2025.06578077072,2036.93421922928,11.8684384585672
"res_proj","LOT3","Richness (q=0)","Extrapolation",6562883.37179487,2031,2024.91573519408,2037.08426480592,12.1685296118303
"res_proj","LOT3","Richness (q=0)","Extrapolation",6848225.69230769,2031,2024.73903063622,2037.26096936378,12.521938727552
"res_proj","LOT3","Richness (q=0)","Extrapolation",7133568.01282051,2031,2024.54066360759,2037.45933639241,12.918672784825
"res_proj","LOT3","Richness (q=0)","Extrapolation",7418910.33333333,2031,2024.32622907896,2037.67377092104,13.3475418420808
"res_proj","LOT3","Richness (q=0)","Extrapolation",7704252.65384615,2031,2024.10121745306,2037.89878254694,13.7975650938802
"res_proj","LOT3","Richness (q=0)","Extrapolation",7989594.97435897,2031,2023.87059295187,2038.12940704813,14.2588140962539
"res_proj","LOT3","Richness (q=0)","Extrapolation",8274937.29487179,2031,2023.6385920852,2038.3614079148,14.7228158295948
"res_proj","LOT3","Richness (q=0)","Extrapolation",8560279.61538462,2031,2023.4086709894,2038.5913290106,15.1826580212082
"res_proj","LOT3","Richness (q=0)","Extrapolation",8845621.93589744,2031,2023.18354110537,2038.81645889463,15.6329177892599
"res_proj","LOT3","Richness (q=0)","Extrapolation",9130964.25641026,2031,2022.96524960656,2039.03475039344,16.0695007868812
"res_proj","LOT3","Richness (q=0)","Extrapolation",9416306.57692308,2031,2022.75527662871,2039.24472337129,16.4894467425706
"res_proj","LOT3","Richness (q=0)","Extrapolation",9701648.8974359,2031,2022.55463311255,2039.44536688745,16.890733774906
"res_proj","LOT3","Richness (q=0)","Extrapolation",9986991.21794872,2031,2022.36395091653,2039.63604908347,17.272098166944
"res_proj","LOT3","Richness (q=0)","Extrapolation",10272333.5384615,2031,2022.18356166087,2039.81643833913,17.6328766782635
"res_proj","LOT3","Richness (q=0)","Extrapolation",10557675.8589744,2031,2022.01356348739,2039.98643651261,17.9728730252241
"res_proj","LOT3","Richness (q=0)","Extrapolation",10843018.1794872,2031,2021.85387633338,2040.14612366662,18.2922473332414
"res_proj","LOT3","Richness (q=0)","Extrapolation",11128360.5,2031,2021.70428695521,2040.29571304479,18.591426089572
"res_proj","LOT3","Shannon (q=1)","Rarefaction",10,9.42799834247443,9.42717061232323,9.42882607262564,0.00165546030240904
"res_proj","LOT3","Shannon (q=1)","Rarefaction",285352.320512821,305.248120757629,304.900987752824,305.595253762434,0.694266009610487
"res_proj","LOT3","Shannon (q=1)","Rarefaction",570694.641025641,305.773469365086,305.42500680932,306.121931920853,0.696925111532209
"res_proj","LOT3","Shannon (q=1)","Rarefaction",856036.961538462,305.956412128666,305.607451945039,306.305372312292,0.697920367252891
"res_proj","LOT3","Shannon (q=1)","Rarefaction",1141379.28205128,306.049728033647,305.700515003522,306.398941063771,0.698426060248494
"res_proj","LOT3","Shannon (q=1)","Rarefaction",1426721.6025641,306.106322480487,305.756961436636,306.455683524339,0.698722087702322
"res_proj","LOT3","Shannon (q=1)","Rarefaction",1712063.92307692,306.144278257789,305.794823111143,306.493733404434,0.698910293290965
"res_proj","LOT3","Shannon (q=1)","Rarefaction",1997406.24358974,306.171473786166,305.821955459779,306.520992112552,0.699036652772179
"res_proj","LOT3","Shannon (q=1)","Rarefaction",2282748.56410256,306.191893090593,305.842330648051,306.541455533135,0.699124885084075
"res_proj","LOT3","Shannon (q=1)","Rarefaction",2568090.88461538,306.207771661062,305.858177469011,306.557365853114,0.699188384103309
"res_proj","LOT3","Shannon (q=1)","Rarefaction",2853433.20512821,306.220460392759,305.870842800311,306.570077985206,0.699235184894519
"res_proj","LOT3","Shannon (q=1)","Rarefaction",3138775.52564103,306.230822038007,305.881186873005,306.580457203008,0.699270330003515
"res_proj","LOT3","Shannon (q=1)","Rarefaction",3424117.84615385,306.239436973693,305.889788423145,306.589085524242,0.699297101096477
"res_proj","LOT3","Shannon (q=1)","Rarefaction",3709460.16666667,306.246706730934,305.89704788564,306.596365576227,0.699317690586781
"res_proj","LOT3","Shannon (q=1)","Rarefaction",3994802.48717949,306.252919497017,305.903252694606,306.602586299427,0.699333604821391
"res_proj","LOT3","Shannon (q=1)","Rarefaction",4280144.80769231,306.258287537973,305.908614582627,306.607960493319,0.699345910692045
"res_proj","LOT3","Shannon (q=1)","Rarefaction",4565487.12820513,306.262969793732,305.913292104337,306.612647483127,0.699355378790415
"res_proj","LOT3","Shannon (q=1)","Rarefaction",4850829.44871795,306.267088484969,305.917407195729,306.616769774208,0.699362578479281
"res_proj","LOT3","Shannon (q=1)","Rarefaction",5136171.76923077,306.270738775826,305.921054809061,306.620422742591,0.699367933530084
"res_proj","LOT3","Shannon (q=1)","Rarefaction",5421514.08974359,306.273995865542,305.924309969911,306.623681761173,0.699371791261342
"res_proj","LOT3","Shannon (q=1)","Observed",5630385,306.276165382687,305.926478486061,306.625852279314,0.699373793253358
"res_proj","LOT3","Shannon (q=1)","Extrapolation",5706856.41025641,306.276924251289,305.92723706416,306.626611438419,0.699374374258809
"res_proj","LOT3","Shannon (q=1)","Extrapolation",5992198.73076923,306.279665670584,305.929977468506,306.629353872663,0.699376404157078
"res_proj","LOT3","Shannon (q=1)","Extrapolation",6277541.05128205,306.282270217124,305.932581102796,306.631959331453,0.699378228657451
"res_proj","LOT3","Shannon (q=1)","Extrapolation",6562883.37179487,306.284744724651,305.935054793056,306.634434656246,0.699379863190416
"res_proj","LOT3","Shannon (q=1)","Extrapolation",6848225.69230769,306.287095685713,305.937405024632,306.636786346794,0.699381322161457
"res_proj","LOT3","Shannon (q=1)","Extrapolation",7133568.01282051,306.289329268701,305.939637959194,306.639020578207,0.699382619013591
"res_proj","LOT3","Shannon (q=1)","Extrapolation",7418910.33333333,306.291451334031,305.941759450887,306.641143217175,0.699383766287951
"res_proj","LOT3","Shannon (q=1)","Extrapolation",7704252.65384615,306.293467449525,305.943775061685,306.643159837364,0.699384775679391
"res_proj","LOT3","Shannon (q=1)","Extrapolation",7989594.97435897,306.295382905012,305.945690075968,306.645075734057,0.699385658089341
"res_proj","LOT3","Shannon (q=1)","Extrapolation",8274937.29487179,306.297202726217,305.947509514379,306.646895938055,0.699386423675946
"res_proj","LOT3","Shannon (q=1)","Extrapolation",8560279.61538462,306.298931687937,305.949238146987,306.648625228888,0.699387081900568
"res_proj","LOT3","Shannon (q=1)","Extrapolation",8845621.93589744,306.300574326579,305.950880505793,306.650268147365,0.699387641571889
"res_proj","LOT3","Shannon (q=1)","Extrapolation",9130964.25641026,306.302134952055,305.952440896611,306.651829007499,0.699388110887639
"res_proj","LOT3","Shannon (q=1)","Extrapolation",9416306.57692308,306.303617659093,305.953923410356,306.653311907829,0.69938849747291
"res_proj","LOT3","Shannon (q=1)","Extrapolation",9701648.8974359,306.305026337981,305.955331933773,306.65472074219,0.699388808417325
"res_proj","LOT3","Shannon (q=1)","Extrapolation",9986991.21794872,306.306364684776,305.956670159621,306.65605920993,0.699389050309037
"res_proj","LOT3","Shannon (q=1)","Extrapolation",10272333.5384615,306.307636210995,305.957941596362,306.657330825629,0.699389229267354
"res_proj","LOT3","Shannon (q=1)","Extrapolation",10557675.8589744,306.308844252838,305.959149577351,306.658538928324,0.699389350972751
"res_proj","LOT3","Shannon (q=1)","Extrapolation",10843018.1794872,306.309991979932,305.960297269584,306.65968669028,0.699389420695638
"res_proj","LOT3","Shannon (q=1)","Extrapolation",11128360.5,306.311082403654,305.961387681992,306.660777125315,0.699389443322843
"res_proj","LOT3","Simpson (q=2)","Rarefaction",10,9.18296728894088,9.18176950409253,9.18416507378923,0.00239556969670218
"res_proj","LOT3","Simpson (q=2)","Rarefaction",285352.320512821,101.119216920225,100.95784366138,101.28059017907,0.322746517689922
"res_proj","LOT3","Simpson (q=2)","Rarefaction",570694.641025641,101.136959199495,100.97552902429,101.298389374701,0.322860350410764
"res_proj","LOT3","Simpson (q=2)","Rarefaction",856036.961538462,101.142874819129,100.981425667144,101.304323971114,0.322898303969197
"res_proj","LOT3","Simpson (q=2)","Rarefaction",1141379.28205128,101.145832897198,100.984374254527,101.307291539869,0.322917285341532
"res_proj","LOT3","Simpson (q=2)","Rarefaction",1426721.6025641,101.147607882062,100.986143544189,101.309072219935,0.322928675745544
"res_proj","LOT3","Simpson (q=2)","Rarefaction",1712063.92307692,101.148791232823,100.987323098112,101.310259367534,0.322936269422485
"res_proj","LOT3","Simpson (q=2)","Rarefaction",1997406.24358974,101.149636449264,100.988165602759,101.31110729577,0.322941693010591
"res_proj","LOT3","Simpson (q=2)","Rarefaction",2282748.56410256,101.150270414955,100.988797534166,101.311743295744,0.32294576157787
"res_proj","LOT3","Simpson (q=2)","Rarefaction",2568090.88461538,101.150763506121,100.989289043116,101.312237969127,0.322948926011037
"res_proj","LOT3","Simpson (q=2)","Rarefaction",2853433.20512821,101.151157950677,100.989682221981,101.312633679373,0.322951457391525
"res_proj","LOT3","Simpson (q=2)","Rarefaction",3138775.52564103,101.151480727779,100.990003963427,101.31295749213,0.32295352870301
"res_proj","LOT3","Simpson (q=2)","Rarefaction",3424117.84615385,101.151749677723,100.990272050419,101.313227305027,0.322955254608559
"res_proj","LOT3","Simpson (q=2)","Rarefaction",3709460.16666667,101.151977257088,100.990498899453,101.313455614722,0.3229567152691
"res_proj","LOT3","Simpson (q=2)","Rarefaction",3994802.48717949,101.15217233477,100.9906933511,101.31365131844,0.322957967340017
"res_proj","LOT3","Simpson (q=2)","Rarefaction",4280144.80769231,101.152341395773,100.990861869775,101.31382092177,0.322959051995014
"res_proj","LOT3","Simpson (q=2)","Rarefaction",4565487.12820513,101.152489334861,100.991009334244,101.313969335478,0.322960001233838
"res_proj","LOT3","Simpson (q=2)","Rarefaction",4850829.44871795,101.152619868587,100.9911394488,101.314100288374,0.322960839574449
"res_proj","LOT3","Simpson (q=2)","Rarefaction",5136171.76923077,101.152735896755,100.991255102213,101.314216691297,0.322961589084002
"res_proj","LOT3","Simpson (q=2)","Rarefaction",5421514.08974359,101.152839690299,100.99135856359,101.314320817007,0.322962253417273
"res_proj","LOT3","Simpson (q=2)","Observed",5630385,101.152909017603,100.991427668551,101.314390366655,0.322962698103851
"res_proj","LOT3","Simpson (q=2)","Extrapolation",5706856.41025641,101.152933128102,100.991451701685,101.314414554518,0.322962852832603
"res_proj","LOT3","Simpson (q=2)","Extrapolation",5992198.73076923,101.153017660974,100.991535963314,101.314499358635,0.322963395321267
"res_proj","LOT3","Simpson (q=2)","Extrapolation",6277541.05128205,101.153094509175,100.991612564928,101.314576453422,0.322963888494002
"res_proj","LOT3","Simpson (q=2)","Extrapolation",6562883.37179487,101.153164675036,100.991682505644,101.314646844427,0.322964338783237
"res_proj","LOT3","Simpson (q=2)","Extrapolation",6848225.69230769,101.153228993836,100.991746618061,101.31471136961,0.32296475154925
"res_proj","LOT3","Simpson (q=2)","Extrapolation",7133568.01282051,101.153288167211,100.991805601563,101.314770732858,0.322965131294694
"res_proj","LOT3","Simpson (q=2)","Extrapolation",7418910.33333333,101.153342788856,100.991860047941,101.31482552977,0.322965481829613
"res_proj","LOT3","Simpson (q=2)","Extrapolation",7704252.65384615,101.15339336451,100.991910461311,101.31487626771,0.322965806399509
"res_proj","LOT3","Simpson (q=2)","Extrapolation",7989594.97435897,101.153440327668,100.991957273775,101.314923381561,0.3229661077863
"res_proj","LOT3","Simpson (q=2)","Extrapolation",8274937.29487179,101.153484052031,100.992000857837,101.314967246225,0.32296638838821
"res_proj","LOT3","Simpson (q=2)","Extrapolation",8560279.61538462,101.153524861473,100.992041536331,101.315008186615,0.322966650283689
"res_proj","LOT3","Simpson (q=2)","Extrapolation",8845621.93589744,101.153563038081,100.99207959044,101.315046485723,0.322966895282974
"res_proj","LOT3","Simpson (q=2)","Extrapolation",9130964.25641026,101.15359882868,100.992115266195,101.315082391165,0.322967124970063
"res_proj","LOT3","Simpson (q=2)","Extrapolation",9416306.57692308,101.153632450177,100.992148779808,101.315116120545,0.322967340736994
"res_proj","LOT3","Simpson (q=2)","Extrapolation",9701648.8974359,101.153664093961,100.992180322055,101.315147865867,0.322967543811927
"res_proj","LOT3","Simpson (q=2)","Extrapolation",9986991.21794872,101.153693929549,100.992210061908,101.315177797191,0.322967735282788
"res_proj","LOT3","Simpson (q=2)","Extrapolation",10272333.5384615,101.153722107622,100.992238149564,101.315206065681,0.322967916116511
"res_proj","LOT3","Simpson (q=2)","Extrapolation",10557675.8589744,101.153748762572,100.992264718984,101.31523280616,0.32296808717561
"res_proj","LOT3","Simpson (q=2)","Extrapolation",10843018.1794872,101.153774014644,100.992289890028,101.31525813926,0.322968249231735
"res_proj","LOT3","Simpson (q=2)","Extrapolation",11128360.5,101.153797971751,100.992313770262,101.31528217324,0.322968402977409
