LOT-SampleCode;Genus;Species;Family;TreeZone
LOT02-18689/O;Acronia;Acronia bivalvis;Orchidaceae;6
LOT02-18423/O;Acronia;Acronia bivalvis;Orchidaceae;4
LOT02-18596/O;Acronia;Acronia bivalvis;Orchidaceae;5
LOT02-456146/H;Acronia;Acronia bivalvis;Orchidaceae;6
LOT02-45542/P;Acronia;Acronia bivalvis;Orchidaceae;5
LOT02-45641/H;Acronia;Acronia bivalvis;Orchidaceae;6
LOT02-21510/O;Acronia;Acronia bivalvis;Orchidaceae;5
LOT02-18411/O;Acronia;Acronia cordifolia;Orchidaceae;4
LOT02-18521/O;Acronia;Acronia cordifolia;Orchidaceae;5
LOT02-18657/O;Acronia;Acronia cordifolia;Orchidaceae;6
LOT02-18654/O;Acronia;Acronia cordifolia;Orchidaceae;6
LOT02-18247/O;Acronia;Acronia cordifolia;Orchidaceae;2
LOT02-213117/O;Acronia;Acronia cordifolia;Orchidaceae;3
LOT02-18596/O;Acronia;Acronia cordifolia;Orchidaceae;5
LOT02-45539/P;Acronia;Acronia cordifolia;Orchidaceae;5
LOT02-45539/H;Acronia;Acronia cordifolia;Orchidaceae;5
LOT02-455148/P;Acronia;Acronia matudana;Orchidaceae;5
LOT02-455148/H;Acronia;Acronia matudana;Orchidaceae;5
LOT02-18513/O;Acronia;Acronia matudana;Orchidaceae;5
LOT02-455113/H;Acronia;Acronia matudana;Orchidaceae;5
LOT02-45538/P;Acronia;Acronia matudana;Orchidaceae;5
LOT02-45537/H;Acronia;Acronia matudana;Orchidaceae;5
LOT02-18689/O;Acronia;Acronia oxapampae;Orchidaceae;6
LOT02-455110/H;Acronia;Acronia oxapampae;Orchidaceae;5
LOT01-3473/H1;Acronia;Acronia phyllocardioides;Orchidaceae;0
LOT01-3473/A;Acronia;Acronia phyllocardioides;Orchidaceae;0
LOT01-3469/H1;Aechmea;Aechmea contracta;Bromeliaceae;0
LOT01-3433/H1;Aechmea;Aechmea mertensii;Bromeliaceae;0
LOT01-3433/H2;Aechmea;Aechmea mertensii;Bromeliaceae;0
LOT01-3476/H1;Aechmea;Aechmea pyramidalis;Bromeliaceae;0
LOT01-3440/H2;Aechmea;Aechmea retusa;Bromeliaceae;0
LOT01-3440/H1;Aechmea;Aechmea retusa;Bromeliaceae;0
LOT03-455113/H;Aechmea;Aechmea tessmannii;Bromeliaceae;5
LOT03-45598/P;Aechmea;Aechmea tessmannii;Bromeliaceae;5
LOT03-45598/H;Aechmea;Aechmea tessmannii;Bromeliaceae;5
LOT03-45598/C;Aechmea;Aechmea tessmannii;Bromeliaceae;5
LOT03-455112/C;Aechmea;Aechmea tessmannii;Bromeliaceae;5
LOT03-455112/H;Aechmea;Aechmea tessmannii;Bromeliaceae;5
LOT03-455113/C;Aechmea;Aechmea tessmannii;Bromeliaceae;5
LOT03-455113/P;Aechmea;Aechmea tessmannii;Bromeliaceae;5
LOT03-455112/P;Aechmea;Aechmea tessmannii;Bromeliaceae;5
LOT01-3432/H2;Alchornea;Alchornea glandulosa;Euphorbiaceae;0
LOT01-3432/H1;Alchornea;Alchornea glandulosa;Euphorbiaceae;0
LOT01-3401/H2;Allomarkgrafia;Allomarkgrafia tubiflora;Apocynaceae;0
LOT01-3401/H1;Allomarkgrafia;Allomarkgrafia tubiflora;Apocynaceae;0
LOT03-21649/H;Anathallis;Anathallis cf. dimidia;Orchidaceae;6
LOT03-21649/C;Anathallis;Anathallis cf. dimidia;Orchidaceae;6
LOT03-210146/C;Anathallis;Anathallis sclerophylla;Orchidaceae;0
LOT03-210146/H;Anathallis;Anathallis sclerophylla;Orchidaceae;0
LOT03-210146/P;Anathallis;Anathallis sclerophylla;Orchidaceae;0
LOT03-45574/H;Anathallis;Anathallis sclerophylla;Orchidaceae;5
LOT03-456361/O;Anathallis;Anathallis sclerophylla;Orchidaceae;6
LOT03-455345/O;Anathallis;Anathallis sclerophylla;Orchidaceae;5
LOT03-456398/O;Anathallis;Anathallis sclerophylla;Orchidaceae;6
LOT03-456367/O;Anathallis;Anathallis sclerophylla;Orchidaceae;6
LOT02-18577/O;Ancipitia;Ancipitia furcifera;Orchidaceae;5
LOT02-18478/O;Ancipitia;Ancipitia furcifera;Orchidaceae;4
LOT02-18462/O;Ancipitia;Ancipitia furcifera;Orchidaceae;4
LOT02-213118/O;Ancipitia;Ancipitia furcifera;Orchidaceae;3
LOT02-213101/O;Ancipitia;Ancipitia furcifera;Orchidaceae;3
LOT02-213103/O;Ancipitia;Ancipitia furcifera;Orchidaceae;3
LOT02-213116/O;Ancipitia;Ancipitia furcifera;Orchidaceae;3
LOT02-21368/O;Ancipitia;Ancipitia furcifera;Orchidaceae;3
LOT02-45440/P;Ancipitia;Ancipitia furcifera;Orchidaceae;4
LOT02-214136/O;Ancipitia;Ancipitia furcifera;Orchidaceae;4
LOT02-21514/O;Ancipitia;Ancipitia furcifera;Orchidaceae;5
LOT02-45456/H;Ancipitia;Ancipitia furcifera;Orchidaceae;4
LOT02-45440/H;Ancipitia;Ancipitia furcifera;Orchidaceae;4
LOT02-455109/H;Ancipitia;Ancipitia furcifera;Orchidaceae;5
LOT02-453188/P;Ancipitia;Ancipitia solium;Orchidaceae;3
LOT02-453188/H;Ancipitia;Ancipitia solium;Orchidaceae;3
LOT01-3455/H1;Andinia;Andinia sp. LV1;Orchidaceae;0
LOT03-45559/H;Anthopterus;Anthopterus schultzeae;Ericaceae;5
LOT03-45557/H;Anthopterus;Anthopterus schultzeae;Ericaceae;5
LOT03-45414/H;Anthopterus;Anthopterus schultzeae;Ericaceae;4
LOT03-45430/H;Anthopterus;Anthopterus schultzeae;Ericaceae;4
LOT03-45464/C;Anthopterus;Anthopterus schultzeae;Ericaceae;4
LOT03-45464/H;Anthopterus;Anthopterus schultzeae;Ericaceae;4
LOT03-45436/H;Anthopterus;Anthopterus schultzeae;Ericaceae;4
LOT03-45559/C;Anthopterus;Anthopterus schultzeae;Ericaceae;5
LOT03-455331/O;Anthopterus;Anthopterus schultzeae;Ericaceae;5
LOT03-45406/P;Anthopterus;Anthopterus schultzeae;Ericaceae;4
LOT03-455379/O;Anthopterus;Anthopterus schultzeae;Ericaceae;5
LOT03-45406/H;Anthopterus;Anthopterus schultzeae;Ericaceae;4
LOT03-455353/O;Anthopterus;Anthopterus schultzeae;Ericaceae;5
LOT03-45570/H;Anthopterus;Anthopterus schultzeae;Ericaceae;5
LOT03-455133/C;Anthopterus;Anthopterus schultzeae;Ericaceae;5
LOT03-455133/H;Anthopterus;Anthopterus schultzeae;Ericaceae;5
LOT03-455133/P;Anthopterus;Anthopterus schultzeae;Ericaceae;5
LOT03-455323/O;Anthopterus;Anthopterus schultzeae;Ericaceae;5
LOT03-455325/O;Anthopterus;Anthopterus schultzeae;Ericaceae;5
LOT03-45438/H;Anthopterus;Anthopterus schultzeae;Ericaceae;4
LOT03-45406/C;Anthopterus;Anthopterus schultzeae;Ericaceae;4
LOT03-21452/O;Anthopterus;Anthopterus schultzeae;Ericaceae;4
LOT01-3439/H1;Anthurium;Anthurium aureum;Araceae;0
LOT01-3439/H2;Anthurium;Anthurium aureum;Araceae;0
LOT03-212251/C;Anthurium;Anthurium cf. apaporanum;Araceae;2
LOT03-212251/H;Anthurium;Anthurium cf. apaporanum;Araceae;2
LOT03-21235/H;Anthurium;Anthurium cf. breviscapum;Araceae;2
LOT03-21233/C;Anthurium;Anthurium cf. breviscapum;Araceae;2
LOT03-21233/H;Anthurium;Anthurium cf. breviscapum;Araceae;2
LOT03-21235/C;Anthurium;Anthurium cf. breviscapum;Araceae;2
LOT03-45594/C;Anthurium;Anthurium cf. ernestii;Araceae;5
LOT03-45594/H;Anthurium;Anthurium cf. ernestii;Araceae;5
LOT03-21440/H;Anthurium;Anthurium cf. ernestii;Araceae;4
LOT03-21440/C;Anthurium;Anthurium cf. ernestii;Araceae;4
LOT01-3475/H2;Anthurium;Anthurium decurrens;Araceae;0
LOT01-3475/H1;Anthurium;Anthurium decurrens;Araceae;0
LOT01-3446/H1;Anthurium;Anthurium dombeyanum;Araceae;0
LOT01-3446/H2;Anthurium;Anthurium dombeyanum;Araceae;0
LOT01-3445/H1;Anthurium;Anthurium ernestii;Araceae;0
LOT01-3420/H2;Anthurium;Anthurium ernestii;Araceae;0
LOT01-3420/H1;Anthurium;Anthurium ernestii;Araceae;0
LOT01-3445/H2;Anthurium;Anthurium ernestii;Araceae;0
LOT01-3445/A;Anthurium;Anthurium ernestii;Araceae;0
LOT01-3477/H1;Anthurium;Anthurium gracile;Araceae;0
LOT01-3447/H1;Anthurium;Anthurium gracile;Araceae;0
LOT01-3477/H2;Anthurium;Anthurium gracile;Araceae;0
LOT01-3423/H2;Anthurium;Anthurium gracile;Araceae;0
LOT01-3423/H1;Anthurium;Anthurium gracile;Araceae;0
LOT02-213131/O;Anthurium;Anthurium incurvatum;Araceae;3
LOT02-213130/O;Anthurium;Anthurium incurvatum;Araceae;3
LOT02-452142/P;Anthurium;Anthurium incurvatum;Araceae;2
LOT02-452142/L;Anthurium;Anthurium incurvatum;Araceae;2
LOT02-452142/L;Anthurium;Anthurium incurvatum;Araceae;2
LOT02-452142/H;Anthurium;Anthurium incurvatum;Araceae;2
LOT01-3443/H2;Anthurium;Anthurium interruptum;Araceae;0
LOT01-3443/H1;Anthurium;Anthurium interruptum;Araceae;0
LOT03-455108/H;Anthurium;Anthurium obtusum;Araceae;5
LOT03-455108/P;Anthurium;Anthurium obtusum;Araceae;5
LOT03-215144/H;Anthurium;Anthurium obtusum;Araceae;5
LOT03-214223/O;Anthurium;Anthurium obtusum;Araceae;4
LOT03-45493/H;Anthurium;Anthurium obtusum;Araceae;4
LOT03-216205/O;Anthurium;Anthurium obtusum;Araceae;6
LOT03-45493/C;Anthurium;Anthurium obtusum;Araceae;4
LOT03-216201/O;Anthurium;Anthurium obtusum;Araceae;6
LOT03-455108/C;Anthurium;Anthurium obtusum;Araceae;5
LOT03-456366/O;Anthurium;Anthurium obtusum;Araceae;6
LOT03-214255/C;Anthurium;Anthurium ovatifolium;Araceae;4
LOT03-215238/O;Anthurium;Anthurium ovatifolium;Araceae;5
LOT03-214140/C;Anthurium;Anthurium ovatifolium;Araceae;4
LOT03-214140/H;Anthurium;Anthurium ovatifolium;Araceae;4
LOT03-21476/O;Anthurium;Anthurium ovatifolium;Araceae;4
LOT03-214140/P;Anthurium;Anthurium ovatifolium;Araceae;4
LOT03-214255/H;Anthurium;Anthurium ovatifolium;Araceae;4
LOT03-215235/O;Anthurium;Anthurium ovatifolium;Araceae;5
LOT03-215202/H;Anthurium;Anthurium ovatifolium;Araceae;5
LOT03-21457/O;Anthurium;Anthurium ovatifolium;Araceae;4
LOT03-215145/H;Anthurium;Anthurium scandens;Araceae;5
LOT03-456122/H;Anthurium;Anthurium scandens;Araceae;6
LOT03-456122/C;Anthurium;Anthurium scandens;Araceae;6
LOT03-21636/H;Anthurium;Anthurium scandens;Araceae;6
LOT03-456122/P;Anthurium;Anthurium scandens;Araceae;6
LOT03-456408/O;Anthurium;Anthurium scandens;Araceae;6
LOT03-456381/O;Anthurium;Anthurium scandens;Araceae;6
LOT03-454106/C;Anthurium;Anthurium sp. CC1;Araceae;4
LOT03-454106/H;Anthurium;Anthurium sp. CC1;Araceae;4
LOT03-455338/O;Anthurium;Anthurium sp. CC1;Araceae;5
LOT01-3453/H1;Anthurium;Anthurium sp. LV1;Araceae;0
LOT01-3450/H1;Anthurium;Anthurium trinervium;Araceae;0
LOT02-452182/H;Anthurium;Anthurium valenzuelae;Araceae;2
LOT02-21367/O;Anthurium;Anthurium valenzuelae;Araceae;3
LOT02-455105/H;Anthurium;Anthurium valenzuelae;Araceae;5
LOT01-3456/H1;Asplundia;Asplundia nonoensis;Cyclanthaceae;0
LOT01-3456/H2;Asplundia;Asplundia nonoensis;Cyclanthaceae;0
LOT02-18556/O;Barbosella;Barbosella cucullata;Orchidaceae;5
LOT02-18685/O;Barbosella;Barbosella cucullata;Orchidaceae;6
LOT02-18633/O;Barbosella;Barbosella cucullata;Orchidaceae;6
LOT02-18631/O;Barbosella;Barbosella cucullata;Orchidaceae;6
LOT02-18637/O;Barbosella;Barbosella cucullata;Orchidaceae;6
LOT02-18599/O;Barbosella;Barbosella cucullata;Orchidaceae;5
LOT02-18587/O;Barbosella;Barbosella cucullata;Orchidaceae;5
LOT02-18651/O;Barbosella;Barbosella cucullata;Orchidaceae;6
LOT02-18661/O;Barbosella;Barbosella cucullata;Orchidaceae;6
LOT02-18566/O;Barbosella;Barbosella cucullata;Orchidaceae;5
LOT02-18672/O;Barbosella;Barbosella cucullata;Orchidaceae;6
LOT02-18598/O;Barbosella;Barbosella cucullata;Orchidaceae;5
LOT02-18407/O;Barbosella;Barbosella cucullata;Orchidaceae;4
LOT02-213104/O;Barbosella;Barbosella cucullata;Orchidaceae;3
LOT02-18520/O;Barbosella;Barbosella cucullata;Orchidaceae;5
LOT02-18462/O;Barbosella;Barbosella cucullata;Orchidaceae;4
LOT02-18697/O;Barbosella;Barbosella cucullata;Orchidaceae;6
LOT02-18510/O;Barbosella;Barbosella cucullata;Orchidaceae;5
LOT02-18694/O;Barbosella;Barbosella cucullata;Orchidaceae;6
LOT02-21560/O;Barbosella;Barbosella cucullata;Orchidaceae;5
LOT02-45612/P;Barbosella;Barbosella cucullata;Orchidaceae;6
LOT02-45511/H;Barbosella;Barbosella cucullata;Orchidaceae;5
LOT03-456139/H;Barbosella;Barbosella orbicularis;Orchidaceae;6
LOT03-456139/C;Barbosella;Barbosella orbicularis;Orchidaceae;6
LOT02-18685/O;Barbosella;Barbosella vasquezii;Orchidaceae;6
LOT02-18689/O;Barbosella;Barbosella vasquezii;Orchidaceae;6
LOT02-18586/O;Barbosella;Barbosella vasquezii;Orchidaceae;5
LOT02-455154/H;Barbosella;Barbosella vasquezii;Orchidaceae;5
LOT02-451139/H;Begonia;Begonia hirta var. cordifolia;Begoniaceae;1
LOT02-453181/H;Begonia;Begonia subspinulosa;Begoniaceae;3
LOT02-455128/P;Beilschmiedia;Beilschmiedia latifolia;Lauracea;5
LOT02-455128/H;Beilschmiedia;Beilschmiedia latifolia;Lauracea;5
LOT01-3480/H1;Billbergia;Billbergia tessmannii;Bromeliaceae;0
LOT01-3480/H2;Billbergia;Billbergia tessmannii;Bromeliaceae;0
LOT01-3461/H2;Billbergia;Billbergia tessmannii;Bromeliaceae;0
LOT01-3461/H1;Billbergia;Billbergia tessmannii;Bromeliaceae;0
LOT01-3413/H2;Blakea;Blakea brasiliensis;Melastomataceae;0
LOT01-3413/H1;Blakea;Blakea brasiliensis;Melastomataceae;0
LOT01-3428/H1;Blakea;Blakea brasiliensis;Melastomataceae;0
LOT01-3428/A;Blakea;Blakea brasiliensis;Melastomataceae;0
LOT03-21468/O;Blakea;Blakea cf. latifolia;Melastomataceae;4
LOT03-21467/H;Blakea;Blakea cf. latifolia;Melastomataceae;4
LOT03-21467/C;Blakea;Blakea cf. latifolia;Melastomataceae;4
LOT03-455126/H;Blakea;Blakea cf. latifolia;Melastomataceae;5
LOT01-3403/H1;Blakea;Blakea hirsuta;Melastomataceae;0
LOT02-453186/H;Blakea;Blakea multiflora;Melastomataceae;3
LOT02-453186/P;Blakea;Blakea multiflora;Melastomataceae;3
LOT03-21466/C;Blakea;Blakea setosa;Melastomataceae;4
LOT03-21466/P;Blakea;Blakea setosa;Melastomataceae;4
LOT03-21466/H;Blakea;Blakea setosa;Melastomataceae;4
LOT03-216204/H;Blakea;Blakea sp. CC1;Melastomataceae;6
LOT03-215206/C;Blakea;Blakea sp. CC2;Melastomataceae;5
LOT03-215206/H;Blakea;Blakea sp. CC2;Melastomataceae;5
LOT01-3408/H1;Blakea;Blakea sp. LV1;Melastomataceae;0
LOT03-45501/P;Brosimum;Brosimum utile subsp. ovatifolium;Moraceae;5
LOT03-45501/C;Brosimum;Brosimum utile subsp. ovatifolium;Moraceae;5
LOT03-45501/H;Brosimum;Brosimum utile subsp. ovatifolium;Moraceae;5
LOT03-21587/O;Camaridium;Camaridium ferrugineum;Orchidaceae;5
LOT03-21563/O;Camaridium;Camaridium ferrugineum;Orchidaceae;5
LOT03-21643/H;Camaridium;Camaridium ferrugineum;Orchidaceae;6
LOT03-456140/C;Camaridium;Camaridium ferrugineum;Orchidaceae;6
LOT03-456131/H;Camaridium;Camaridium ferrugineum;Orchidaceae;6
LOT03-456100/P;Camaridium;Camaridium ferrugineum;Orchidaceae;6
LOT03-456131/C;Camaridium;Camaridium ferrugineum;Orchidaceae;6
LOT03-456131/P;Camaridium;Camaridium ferrugineum;Orchidaceae;6
LOT03-456100/C;Camaridium;Camaridium ferrugineum;Orchidaceae;6
LOT03-456140/H;Camaridium;Camaridium ferrugineum;Orchidaceae;6
LOT03-456100/H;Camaridium;Camaridium ferrugineum;Orchidaceae;6
LOT03-21643/C;Camaridium;Camaridium ferrugineum;Orchidaceae;6
LOT03-456131/C;Camaridium;Camaridium ferrugineum;Orchidaceae;6
LOT03-21554/O;Camaridium;Camaridium ferrugineum;Orchidaceae;5
LOT03-456402/O;Camaridium;Camaridium ferrugineum;Orchidaceae;6
LOT03-456433/O;Camaridium;Camaridium ferrugineum;Orchidaceae;6
LOT03-456405/O;Camaridium;Camaridium ferrugineum;Orchidaceae;6
LOT03-45685/H;Camaridium;Camaridium ferrugineum;Orchidaceae;6
LOT03-21647/C;Catopsis;Catopsis sessiliflora;Bromeliaceae;6
LOT03-21647/H;Catopsis;Catopsis sessiliflora;Bromeliaceae;6
LOT03-456147/H;Catopsis;Catopsis sessiliflora;Bromeliaceae;6
LOT03-456147/C;Catopsis;Catopsis sessiliflora;Bromeliaceae;6
LOT03-06599;Ceradenia;Ceradenia cf. clavipila;Polypodiaceae;5
LOT03-06697;Ceradenia;Ceradenia cf. clavipila;Polypodiaceae;6
LOT03-065125/H;Ceradenia;Ceradenia cf. clavipila;Polypodiaceae;5
LOT03-065125/P;Ceradenia;Ceradenia cf. clavipila;Polypodiaceae;5
LOT03-064123/T;Ceradenia;Ceradenia cf. clavipila;Polypodiaceae;4
LOT03-064138/D;Ceradenia;Ceradenia cf. clavipila;Polypodiaceae;4
LOT03-065125/R;Ceradenia;Ceradenia cf. clavipila;Polypodiaceae;5
LOT03-064138/T;Ceradenia;Ceradenia cf. clavipila;Polypodiaceae;4
LOT03-065125/D;Ceradenia;Ceradenia cf. clavipila;Polypodiaceae;5
LOT03-065125/T;Ceradenia;Ceradenia cf. clavipila;Polypodiaceae;5
LOT03-064138/D;Ceradenia;Ceradenia cf. clavipila;Polypodiaceae;4
LOT03-064123/H;Ceradenia;Ceradenia cf. clavipila;Polypodiaceae;4
LOT03-064123/P;Ceradenia;Ceradenia cf. clavipila;Polypodiaceae;4
LOT03-064123/R;Ceradenia;Ceradenia cf. clavipila;Polypodiaceae;4
LOT03-064123/D;Ceradenia;Ceradenia cf. clavipila;Polypodiaceae;4
LOT03-064138/R;Ceradenia;Ceradenia cf. clavipila;Polypodiaceae;4
LOT03-064138/H;Ceradenia;Ceradenia cf. clavipila;Polypodiaceae;4
LOT03-065152/P;Ceradenia;Ceradenia jungermannioides;Polypodiaceae;5
LOT03-065152/H;Ceradenia;Ceradenia jungermannioides;Polypodiaceae;5
LOT03-065152/D;Ceradenia;Ceradenia jungermannioides;Polypodiaceae;5
LOT03-06556/H;Ceradenia;Ceradenia jungermannioides;Polypodiaceae;5
LOT03-065152/T;Ceradenia;Ceradenia jungermannioides;Polypodiaceae;5
LOT03-065136/H;Ceradenia;Ceradenia sp. GC1;Polypodiaceae;5
LOT03-065136/D;Ceradenia;Ceradenia sp. GC1;Polypodiaceae;5
LOT03-06174;cf. Oleandra;cf. Oleandra sp. GC1;Oleandraceae;1
LOT03-06174/H;cf. Oleandra;cf. Oleandra sp. GC1;Oleandraceae;1
LOT03-06174/T;cf. Oleandra;cf. Oleandra sp. GC1;Oleandraceae;1
LOT03-06548/T;cf. Polypodium;cf. Polypodium sp. GC1;Polypodiaceae;5
LOT03-06548/H;cf. Polypodium;cf. Polypodium sp. GC1;Polypodiaceae;5
LOT03-21472/H;Clusia;Clusia cf. flavida;Clusiaceae;4
LOT03-454116/H;Clusia;Clusia cf. flavida;Clusiaceae;4
LOT03-21472/C;Clusia;Clusia cf. flavida;Clusiaceae;4
LOT03-21472/P;Clusia;Clusia cf. flavida;Clusiaceae;4
LOT03-455309/O;Clusia;Clusia cf. magnifolia;Clusiaceae;5
LOT03-21573/O;Clusia;Clusia cf. magnifolia;Clusiaceae;5
LOT03-455377/O;Clusia;Clusia cf. magnifolia;Clusiaceae;5
LOT03-455109/P;Clusia;Clusia cf. magnifolia;Clusiaceae;5
LOT03-455109/H;Clusia;Clusia cf. magnifolia;Clusiaceae;5
LOT03-455109/C;Clusia;Clusia cf. magnifolia;Clusiaceae;5
LOT03-455304/O;Clusia;Clusia cf. magnifolia;Clusiaceae;5
LOT03-45437/H;Clusia;Clusia cf. magnifolia;Clusiaceae;4
LOT03-45463/H;Clusia;Clusia cf. magnifolia;Clusiaceae;4
LOT03-45463/C;Clusia;Clusia cf. magnifolia;Clusiaceae;4
LOT03-455387/O;Clusia;Clusia cf. magnifolia;Clusiaceae;5
LOT03-215228/O;Clusia;Clusia cf. magnifolia;Clusiaceae;5
LOT03-214252/C;Clusia;Clusia cf. octandra;Clusiaceae;4
LOT03-214219/O;Clusia;Clusia cf. octandra;Clusiaceae;4
LOT03-214252/H;Clusia;Clusia cf. octandra;Clusiaceae;4
LOT03-21497/O;Clusia;Clusia cf. octandra;Clusiaceae;4
LOT03-45575/H;Clusia;Clusia cf. octandra;Clusiaceae;5
LOT03-455125/C;Clusia;Clusia cf. octandra;Clusiaceae;5
LOT03-455125/H;Clusia;Clusia cf. octandra;Clusiaceae;5
LOT03-454335/O;Clusia;Clusia cf. octandra;Clusiaceae;4
LOT03-215200/O;Clusia;Clusia cf. octandra;Clusiaceae;5
LOT03-455344/O;Clusia;Clusia cf. octandra;Clusiaceae;5
LOT02-451180/H;Clusia;Clusia elliptica;Clusiaceae;1
LOT02-451180/P;Clusia;Clusia elliptica;Clusiaceae;1
LOT02-451180/L;Clusia;Clusia elliptica;Clusiaceae;1
LOT02-451180/L;Clusia;Clusia elliptica;Clusiaceae;1
LOT01-3412/H1;Clusia;Clusia hammeliana;Clusiaceae;0
LOT01-3412/H2;Clusia;Clusia hammeliana;Clusiaceae;0
LOT01-3434/H1;Clusia;Clusia loretensis;Clusiaceae;0
LOT01-3434/H2;Clusia;Clusia loretensis;Clusiaceae;0
LOT01-3416/H2;Clusia;Clusia loretensis;Clusiaceae;0
LOT01-3416/H1;Clusia;Clusia loretensis;Clusiaceae;0
LOT01-3434/A;Clusia;Clusia loretensis;Clusiaceae;0
LOT03-21689/H;Clusia;Clusia sp. CC1;Clusiaceae;6
LOT03-06685;Cochlidium;Cochlidium serrulatum;Aspleniaceae;6
LOT03-06637;Cochlidium;Cochlidium serrulatum;Aspleniaceae;6
LOT03-06698;Cochlidium;Cochlidium serrulatum;Aspleniaceae;6
LOT03-06696;Cochlidium;Cochlidium serrulatum;Aspleniaceae;6
LOT03-064109;Cochlidium;Cochlidium serrulatum;Aspleniaceae;4
LOT03-065140/R;Cochlidium;Cochlidium serrulatum;Aspleniaceae;5
LOT03-065140/T;Cochlidium;Cochlidium serrulatum;Aspleniaceae;5
LOT03-06488/O;Cochlidium;Cochlidium serrulatum;Aspleniaceae;4
LOT03-065140/P;Cochlidium;Cochlidium serrulatum;Aspleniaceae;5
LOT03-06522/T;Cochlidium;Cochlidium serrulatum;Aspleniaceae;5
LOT03-065140/D;Cochlidium;Cochlidium serrulatum;Aspleniaceae;5
LOT03-06470;Cochlidium;Cochlidium serrulatum;Aspleniaceae;4
LOT03-065140/H;Cochlidium;Cochlidium serrulatum;Aspleniaceae;5
LOT03-06522/D;Cochlidium;Cochlidium serrulatum;Aspleniaceae;5
LOT03-06522/H;Cochlidium;Cochlidium serrulatum;Aspleniaceae;5
LOT03-06522/P;Cochlidium;Cochlidium serrulatum;Aspleniaceae;5
LOT03-06522/R;Cochlidium;Cochlidium serrulatum;Aspleniaceae;5
LOT03-06522/D;Cochlidium;Cochlidium serrulatum;Aspleniaceae;5
LOT01-3406/H1;Codonanthopsis;Codonanthopsis crassifolia;Gesneriaceae;0
LOT01-3406/H2;Codonanthopsis;Codonanthopsis crassifolia;Gesneriaceae;0
LOT01-3426/H2;Coussapoa;Coussapoa tessmannii;Urticaceae;0
LOT01-3426/H1;Coussapoa;Coussapoa tessmannii;Urticaceae;0
LOT03-45452/O;Crocodeilanthe;Crocodeilanthe galeata;Orchidaceae;4
LOT03-45452/H;Crocodeilanthe;Crocodeilanthe galeata;Orchidaceae;4
LOT03-45420/P;Crocodeilanthe;Crocodeilanthe galeata;Orchidaceae;4
LOT03-45415/H;Crocodeilanthe;Crocodeilanthe galeata;Orchidaceae;4
LOT03-455104/P;Crocodeilanthe;Crocodeilanthe galeata;Orchidaceae;5
LOT03-455104/H;Crocodeilanthe;Crocodeilanthe galeata;Orchidaceae;5
LOT03-455104/F;Crocodeilanthe;Crocodeilanthe galeata;Orchidaceae;5
LOT03-21494/O;Crocodeilanthe;Crocodeilanthe galeata;Orchidaceae;4
LOT03-45435/H;Crocodeilanthe;Crocodeilanthe galeata;Orchidaceae;4
LOT03-45420/H;Crocodeilanthe;Crocodeilanthe galeata;Orchidaceae;4
LOT03-45420/C;Crocodeilanthe;Crocodeilanthe galeata;Orchidaceae;4
LOT03-45403/P;Crocodeilanthe;Crocodeilanthe galeata;Orchidaceae;4
LOT03-45448/H;Crocodeilanthe;Crocodeilanthe galeata;Orchidaceae;4
LOT03-45403/H;Crocodeilanthe;Crocodeilanthe galeata;Orchidaceae;4
LOT03-455104/C;Crocodeilanthe;Crocodeilanthe galeata;Orchidaceae;5
LOT03-21580/O;Crocodeilanthe;Crocodeilanthe galeata;Orchidaceae;5
LOT03-45403/C;Crocodeilanthe;Crocodeilanthe galeata;Orchidaceae;4
LOT03-454443/O;Crocodeilanthe;Crocodeilanthe galeata;Orchidaceae;4
LOT03-456365/O;Crocodeilanthe;Crocodeilanthe galeata;Orchidaceae;6
LOT02-455161/H;Cryptocentrum;Cryptocentrum inaequisepalum;Orchidaceae;5
LOT03-064130/H;Cyathea;Cyathea gracilis;Cyatheaceae;4
LOT03-064130/R;Cyathea;Cyathea gracilis;Cyatheaceae;4
LOT03-064130/D;Cyathea;Cyathea gracilis;Cyatheaceae;4
LOT03-064139;Cyathea;Cyathea gracilis;Cyatheaceae;4
LOT03-064130/T;Cyathea;Cyathea gracilis;Cyatheaceae;4
LOT03-061142/H;Cyathea;Cyathea tortuosa;Cyatheaceae;1
LOT03-061142/R;Cyathea;Cyathea tortuosa;Cyatheaceae;1
LOT03-061142/T;Cyathea;Cyathea tortuosa;Cyatheaceae;1
LOT03-061142/P;Cyathea;Cyathea tortuosa;Cyatheaceae;1
LOT03-061142/D;Cyathea;Cyathea tortuosa;Cyatheaceae;1
LOT03-214203/O;Cybianthus;Cybianthus magnus;Primulaceae;4
LOT03-215241/H;Cybianthus;Cybianthus magnus;Primulaceae;5
LOT03-45577/H;Cybianthus;Cybianthus magnus;Primulaceae;5
LOT03-21530/P;Cybianthus;Cybianthus magnus;Primulaceae;5
LOT03-214120/P;Cybianthus;Cybianthus magnus;Primulaceae;4
LOT03-215241/C;Cybianthus;Cybianthus magnus;Primulaceae;5
LOT03-45417/C;Cybianthus;Cybianthus magnus;Primulaceae;4
LOT03-454303/O;Cybianthus;Cybianthus magnus;Primulaceae;4
LOT03-45417/H;Cybianthus;Cybianthus magnus;Primulaceae;4
LOT03-214120/H;Cybianthus;Cybianthus magnus;Primulaceae;4
LOT03-21530/H;Cybianthus;Cybianthus magnus;Primulaceae;5
LOT03-214120/C;Cybianthus;Cybianthus magnus;Primulaceae;4
LOT03-21530/C;Cybianthus;Cybianthus magnus;Primulaceae;5
LOT03-45417/P;Cybianthus;Cybianthus magnus;Primulaceae;4
LOT03-45423/H;Cybianthus;Cybianthus magnus;Primulaceae;4
LOT02-450116/H;Cyrtochilum;Cyrtochilum caespitosum;Orchidaceae;0
LOT02-454166/H;Cyrtochilum;Cyrtochilum caespitosum;Orchidaceae;4
LOT02-454165/H;Cyrtochilum;Cyrtochilum cimiciferum;Orchidaceae;4
LOT02-451178/H;Cyrtochilum;Cyrtochilum myanthum;Orchidaceae;1
LOT02-451176/H;Cyrtochilum;Cyrtochilum pastorellii;Orchidaceae;1
LOT02-455127/P;Demosthenesia;Demosthenesia sp. LV1;Ericaceae;5
LOT02-455127/H;Demosthenesia;Demosthenesia sp. LV1;Ericaceae;5
LOT02-213124/O;Demosthenesia;Demosthenesia sp. LV1;Ericaceae;3
LOT02-213114/O;Demosthenesia;Demosthenesia sp. LV1;Ericaceae;3
LOT02-18495/O;Demosthenesia;Demosthenesia sp. LV1;Ericaceae;4
LOT02-18440/O;Demosthenesia;Demosthenesia sp. LV1;Ericaceae;4
LOT02-10536/O;Demosthenesia;Demosthenesia sp. LV1;Ericaceae;5
LOT02-18599/O;Demosthenesia;Demosthenesia sp. LV1;Ericaceae;5
LOT02-21542/O;Demosthenesia;Demosthenesia sp. LV1;Ericaceae;5
LOT02-45695/H;Demosthenesia;Demosthenesia sp. LV1;Ericaceae;6
LOT02-45499/H;Demosthenesia;Demosthenesia spectabilis;Ericaceae;4
LOT03-21579/H;Dichaea;Dichaea sp. CC1;Orchidaceae;5
LOT01-3484/H1;Dichorisandra;Dichorisandra hexandra;Commelinaceae;0
LOT01-3485/H1;Dichorisandra;Dichorisandra ulei;Commelinaceae;0
LOT02-455101/H;Disterigma;Disterigma alaternoides;Ericaceae;5
LOT02-21510/O;Disterigma;Disterigma alaternoides;Ericaceae;5
LOT02-456150/P;Disterigma;Disterigma ulei;Ericaceae;6
LOT02-18627/O;Disterigma;Disterigma ulei;Ericaceae;6
LOT02-18625/O;Disterigma;Disterigma ulei;Ericaceae;6
LOT02-18577/O;Disterigma;Disterigma ulei;Ericaceae;5
LOT02-16506/O;Disterigma;Disterigma ulei;Ericaceae;5
LOT02-455150/H;Disterigma;Disterigma ulei;Ericaceae;5
LOT02-45698/P;Disterigma;Disterigma ulei;Ericaceae;6
LOT02-45697/H;Disterigma;Disterigma ulei;Ericaceae;6
LOT02-451136/H;Draconanthes;Draconanthes caudatisepala;Orchidaceae;1
LOT01-3452/H1;Drymonia;Drymonia coccinea;Gesneriaceae;0
LOT03-214254/H;Echinosepala;Echinosepala cf. lappiformis;Orchidaceae;4
LOT03-214254/C;Echinosepala;Echinosepala cf. lappiformis;Orchidaceae;4
LOT03-214254/O;Echinosepala;Echinosepala cf. lappiformis;Orchidaceae;4
LOT03-064119/C;Elaphoglossum;Elaphoglossum aff. velongum;Dryopteridaceae;4
LOT03-064119/D;Elaphoglossum;Elaphoglossum aff. velongum;Dryopteridaceae;4
LOT03-06401/H;Elaphoglossum;Elaphoglossum aff. velongum;Dryopteridaceae;4
LOT03-064119/H;Elaphoglossum;Elaphoglossum aff. velongum;Dryopteridaceae;4
LOT03-06411;Elaphoglossum;Elaphoglossum aff. velongum;Dryopteridaceae;4
LOT03-064110;Elaphoglossum;Elaphoglossum aff. velongum;Dryopteridaceae;4
LOT03-064119/P;Elaphoglossum;Elaphoglossum aff. velongum;Dryopteridaceae;4
LOT03-064119/R;Elaphoglossum;Elaphoglossum aff. velongum;Dryopteridaceae;4
LOT03-06479;Elaphoglossum;Elaphoglossum aff. velongum;Dryopteridaceae;4
LOT03-064119/T;Elaphoglossum;Elaphoglossum aff. velongum;Dryopteridaceae;4
LOT03-06467;Elaphoglossum;Elaphoglossum aff. velongum;Dryopteridaceae;4
LOT03-06403/H;Elaphoglossum;Elaphoglossum aff. velongum;Dryopteridaceae;4
LOT03-06463;Elaphoglossum;Elaphoglossum aff. velongum;Dryopteridaceae;4
LOT03-06459/T;Elaphoglossum;Elaphoglossum aff. velongum;Dryopteridaceae;4
LOT03-06459/H;Elaphoglossum;Elaphoglossum aff. velongum;Dryopteridaceae;4
LOT03-06426;Elaphoglossum;Elaphoglossum aff. velongum;Dryopteridaceae;4
LOT03-06542/T;Elaphoglossum;Elaphoglossum aff. velongum;Dryopteridaceae;5
LOT03-06542/H;Elaphoglossum;Elaphoglossum aff. velongum;Dryopteridaceae;5
LOT03-06403/C;Elaphoglossum;Elaphoglossum aff. velongum;Dryopteridaceae;4
LOT03-06542/D;Elaphoglossum;Elaphoglossum aff. velongum;Dryopteridaceae;5
LOT03-066106/R;Elaphoglossum;Elaphoglossum andicola;Dryopteridaceae;6
LOT03-066107/T;Elaphoglossum;Elaphoglossum andicola;Dryopteridaceae;6
LOT03-066106/T;Elaphoglossum;Elaphoglossum andicola;Dryopteridaceae;6
LOT03-066107/H;Elaphoglossum;Elaphoglossum andicola;Dryopteridaceae;6
LOT03-066106/P;Elaphoglossum;Elaphoglossum andicola;Dryopteridaceae;6
LOT03-066106/H;Elaphoglossum;Elaphoglossum andicola;Dryopteridaceae;6
LOT03-066107/P;Elaphoglossum;Elaphoglossum andicola;Dryopteridaceae;6
LOT03-06555;Elaphoglossum;Elaphoglossum andicola;Dryopteridaceae;5
LOT03-064111;Elaphoglossum;Elaphoglossum andicola;Dryopteridaceae;4
LOT03-065114/P;Elaphoglossum;Elaphoglossum andicola;Dryopteridaceae;5
LOT03-06462;Elaphoglossum;Elaphoglossum andicola;Dryopteridaceae;4
LOT03-065114/C;Elaphoglossum;Elaphoglossum andicola;Dryopteridaceae;5
LOT03-065114/D;Elaphoglossum;Elaphoglossum andicola;Dryopteridaceae;5
LOT03-065124/T;Elaphoglossum;Elaphoglossum andicola;Dryopteridaceae;5
LOT03-065124/R;Elaphoglossum;Elaphoglossum andicola;Dryopteridaceae;5
LOT03-06519;Elaphoglossum;Elaphoglossum andicola;Dryopteridaceae;5
LOT03-065124/H;Elaphoglossum;Elaphoglossum andicola;Dryopteridaceae;5
LOT03-06521;Elaphoglossum;Elaphoglossum andicola;Dryopteridaceae;5
LOT03-065108/H;Elaphoglossum;Elaphoglossum andicola;Dryopteridaceae;5
LOT03-065124/D;Elaphoglossum;Elaphoglossum andicola;Dryopteridaceae;5
LOT03-06468;Elaphoglossum;Elaphoglossum andicola;Dryopteridaceae;4
LOT03-065108/P;Elaphoglossum;Elaphoglossum andicola;Dryopteridaceae;5
LOT03-065114/T;Elaphoglossum;Elaphoglossum andicola;Dryopteridaceae;5
LOT03-065108/T;Elaphoglossum;Elaphoglossum andicola;Dryopteridaceae;5
LOT03-06431;Elaphoglossum;Elaphoglossum andicola;Dryopteridaceae;4
LOT03-065114/H;Elaphoglossum;Elaphoglossum andicola;Dryopteridaceae;5
LOT03-064120/P;Elaphoglossum;Elaphoglossum andicola;Dryopteridaceae;4
LOT03-06557;Elaphoglossum;Elaphoglossum andicola;Dryopteridaceae;5
LOT03-06553/T;Elaphoglossum;Elaphoglossum andicola;Dryopteridaceae;5
LOT03-06553/H;Elaphoglossum;Elaphoglossum andicola;Dryopteridaceae;5
LOT03-06551;Elaphoglossum;Elaphoglossum andicola;Dryopteridaceae;5
LOT03-06550/T;Elaphoglossum;Elaphoglossum andicola;Dryopteridaceae;5
LOT03-06550/H;Elaphoglossum;Elaphoglossum andicola;Dryopteridaceae;5
LOT03-065124/P;Elaphoglossum;Elaphoglossum andicola;Dryopteridaceae;5
LOT03-064120/H;Elaphoglossum;Elaphoglossum andicola;Dryopteridaceae;4
LOT03-064120/R;Elaphoglossum;Elaphoglossum andicola;Dryopteridaceae;4
LOT03-064120/T;Elaphoglossum;Elaphoglossum andicola;Dryopteridaceae;4
LOT03-06488;Elaphoglossum;Elaphoglossum andicola;Dryopteridaceae;4
LOT03-06524;Elaphoglossum;Elaphoglossum andicola;Dryopteridaceae;5
LOT03-064120/D;Elaphoglossum;Elaphoglossum andicola;Dryopteridaceae;4
LOT03-06546/T;Elaphoglossum;Elaphoglossum cf. lingua;Dryopteridaceae;5
LOT03-06546/H;Elaphoglossum;Elaphoglossum cf. lingua;Dryopteridaceae;5
LOT03-06415/H;Elaphoglossum;Elaphoglossum cf. lingua;Dryopteridaceae;4
LOT03-06415/P;Elaphoglossum;Elaphoglossum cf. lingua;Dryopteridaceae;4
LOT03-06415/T;Elaphoglossum;Elaphoglossum cf. lingua;Dryopteridaceae;4
LOT03-06546/D;Elaphoglossum;Elaphoglossum cf. lingua;Dryopteridaceae;5
LOT03-06178/H;Elaphoglossum;Elaphoglossum erinaceum;Dryopteridaceae;1
LOT03-06178/T;Elaphoglossum;Elaphoglossum erinaceum;Dryopteridaceae;1
LOT03-06517/T;Elaphoglossum;Elaphoglossum lingua;Dryopteridaceae;5
LOT03-064141/T;Elaphoglossum;Elaphoglossum lingua;Dryopteridaceae;4
LOT03-06517/D;Elaphoglossum;Elaphoglossum lingua;Dryopteridaceae;5
LOT03-065112/T;Elaphoglossum;Elaphoglossum lingua;Dryopteridaceae;5
LOT03-06517/P;Elaphoglossum;Elaphoglossum lingua;Dryopteridaceae;5
LOT03-06517/H;Elaphoglossum;Elaphoglossum lingua;Dryopteridaceae;5
LOT03-065112/C;Elaphoglossum;Elaphoglossum lingua;Dryopteridaceae;5
LOT03-065112/P;Elaphoglossum;Elaphoglossum lingua;Dryopteridaceae;5
LOT03-065112/D;Elaphoglossum;Elaphoglossum lingua;Dryopteridaceae;5
LOT03-064141/H;Elaphoglossum;Elaphoglossum lingua;Dryopteridaceae;4
LOT03-065112/H;Elaphoglossum;Elaphoglossum lingua;Dryopteridaceae;5
LOT03-06404/H;Elaphoglossum;Elaphoglossum sp. GC1;Dryopteridaceae;4
LOT02-18682/O;Elleanthus;Elleanthus amethystinus;Orchidaceae;6
LOT02-21183/O;Elleanthus;Elleanthus amethystinus;Orchidaceae;1
LOT02-213125/O;Elleanthus;Elleanthus amethystinus;Orchidaceae;3
LOT02-45536/H;Elleanthus;Elleanthus amethystinus;Orchidaceae;5
LOT03-455328/O;Elleanthus;Elleanthus furfuraceus;Orchidaceae;5
LOT03-45416/H;Elleanthus;Elleanthus furfuraceus;Orchidaceae;4
LOT03-45424/C;Elleanthus;Elleanthus furfuraceus;Orchidaceae;4
LOT03-45432/C;Elleanthus;Elleanthus furfuraceus;Orchidaceae;4
LOT03-21495/O;Elleanthus;Elleanthus furfuraceus;Orchidaceae;4
LOT03-45424/H;Elleanthus;Elleanthus furfuraceus;Orchidaceae;4
LOT03-45432/H;Elleanthus;Elleanthus furfuraceus;Orchidaceae;4
LOT03-45443/H;Elleanthus;Elleanthus furfuraceus;Orchidaceae;4
LOT03-455340/O;Elleanthus;Elleanthus furfuraceus;Orchidaceae;5
LOT03-21629/P;Elleanthus;Elleanthus graminifolius;Orchidaceae;6
LOT03-21629/C;Elleanthus;Elleanthus graminifolius;Orchidaceae;6
LOT03-21629/H;Elleanthus;Elleanthus graminifolius;Orchidaceae;6
LOT02-18520/O;Elleanthus;Elleanthus longibracteatus;Orchidaceae;5
LOT02-18504/O;Elleanthus;Elleanthus longibracteatus;Orchidaceae;5
LOT02-18409/O;Elleanthus;Elleanthus longibracteatus;Orchidaceae;4
LOT02-18521/O;Elleanthus;Elleanthus longibracteatus;Orchidaceae;5
LOT02-18495/O;Elleanthus;Elleanthus longibracteatus;Orchidaceae;4
LOT02-18591/O;Elleanthus;Elleanthus longibracteatus;Orchidaceae;5
LOT02-18631/O;Elleanthus;Elleanthus longibracteatus;Orchidaceae;6
LOT02-18599/O;Elleanthus;Elleanthus longibracteatus;Orchidaceae;5
LOT02-45435/P;Elleanthus;Elleanthus longibracteatus;Orchidaceae;4
LOT02-45534/H;Elleanthus;Elleanthus longibracteatus;Orchidaceae;5
LOT02-21447/O;Elleanthus;Elleanthus longibracteatus;Orchidaceae;4
LOT02-455107/H;Elleanthus;Elleanthus longibracteatus;Orchidaceae;5
LOT02-18685/O;Elleanthus;Elleanthus magnicallosus;Orchidaceae;6
LOT02-213115/O;Elleanthus;Elleanthus magnicallosus;Orchidaceae;3
LOT02-18599/O;Elleanthus;Elleanthus magnicallosus;Orchidaceae;5
LOT02-21446/O;Elleanthus;Elleanthus magnicallosus;Orchidaceae;4
LOT02-45433/H;Elleanthus;Elleanthus magnicallosus;Orchidaceae;4
LOT02-45433/P;Elleanthus;Elleanthus magnicallosus;Orchidaceae;4
LOT01-3419/H1;Elleanthus;Elleanthus oliganthus;Orchidaceae;0
LOT02-45628/H;Epidendrum;Epidendrum coilotrienum;Orchidaceae;6
LOT02-45628/P;Epidendrum;Epidendrum coilotrienum;Orchidaceae;6
LOT02-455167/P;Epidendrum;Epidendrum geminiochraceum;Orchidaceae;5
LOT02-455167/H;Epidendrum;Epidendrum geminiochraceum;Orchidaceae;5
LOT02-18598/O;Epidendrum;Epidendrum geminiochraceum;Orchidaceae;5
LOT02-18599/O;Epidendrum;Epidendrum geminiochraceum;Orchidaceae;5
LOT02-18596/O;Epidendrum;Epidendrum geminiochraceum;Orchidaceae;5
LOT02-21184/O;Epidendrum;Epidendrum geminiochraceum;Orchidaceae;1
LOT02-21617/O;Epidendrum;Epidendrum geminiochraceum;Orchidaceae;6
LOT02-455162/H;Epidendrum;Epidendrum miradoranum;Orchidaceae;5
LOT02-18586/O;Epidendrum;Epidendrum vidal-senegei;Orchidaceae;5
LOT02-18592/O;Epidendrum;Epidendrum vidal-senegei;Orchidaceae;5
LOT02-18693/O;Epidendrum;Epidendrum vidal-senegei;Orchidaceae;6
LOT02-18689/O;Epidendrum;Epidendrum vidal-senegei;Orchidaceae;6
LOT02-18652/O;Epidendrum;Epidendrum vidal-senegei;Orchidaceae;6
LOT02-21024/O;Epidendrum;Epidendrum vidal-senegei;Orchidaceae;0
LOT02-45632/L;Epidendrum;Epidendrum vidal-senegei;Orchidaceae;6
LOT02-21561/O;Epidendrum;Epidendrum vidal-senegei;Orchidaceae;5
LOT02-45632/H;Epidendrum;Epidendrum vidal-senegei;Orchidaceae;6
LOT02-21604/O;Epidendrum;Epidendrum vidal-senegei;Orchidaceae;6
LOT02-45632/L;Epidendrum;Epidendrum vidal-senegei;Orchidaceae;6
LOT03-21639/C;Epidendrum;Epidendrum villotae;Orchidaceae;6
LOT03-21639/H;Epidendrum;Epidendrum villotae;Orchidaceae;6
LOT03-456143/H;Epilyna;Epilyna hirtzii;Orchidaceae;6
LOT03-456143/C;Epilyna;Epilyna hirtzii;Orchidaceae;6
LOT02-45583/H;Eusrystyles;Eusrystyles christensonii;Orchidaceae;5
LOT02-455147/H;Fernandezia;Fernandezia subbiflora;Orchidaceae;5
LOT01-3418/H1;Ficus;Ficus americana;Moraceae;0
LOT01-3418/H2;Ficus;Ficus americana;Moraceae;0
LOT02-455124/H;Ficus;Ficus americana subsp. andicola;Moraceae;5
LOT02-455124/P;Ficus;Ficus americana subsp. andicola;Moraceae;5
LOT01-3417/H1;Ficus;Ficus obtusifolia;Moraceae;0
LOT01-3417/H2;Ficus;Ficus obtusifolia;Moraceae;0
LOT01-3407/H2;Ficus;Ficus trigonata;Moraceae;0
LOT01-3407/H1;Ficus;Ficus trigonata;Moraceae;0
LOT02-455160/H;Gomphichis;Gomphichis koehleri;Orchidaceae;5
LOT02-16505/O;Gomphichis;Gomphichis sp. LV1;Orchidaceae;5
LOT02-45552/H;Gomphichis;Gomphichis sp. LV1;Orchidaceae;5
LOT02-45553/P;Gomphichis;Gomphichis sp. LV1;Orchidaceae;5
LOT03-45410/H;Guzmania;Guzmania asplundii;Bromeliaceae;4
LOT03-45445/H;Guzmania;Guzmania asplundii;Bromeliaceae;4
LOT03-455359/O;Guzmania;Guzmania asplundii;Bromeliaceae;5
LOT03-455330/O;Guzmania;Guzmania asplundii;Bromeliaceae;5
LOT03-45579/H;Guzmania;Guzmania asplundii;Bromeliaceae;5
LOT03-45445/C;Guzmania;Guzmania asplundii;Bromeliaceae;4
LOT03-45410/H;Guzmania;Guzmania asplundii;Bromeliaceae;4
LOT03-45440/H;Guzmania;Guzmania asplundii;Bromeliaceae;4
LOT03-454114/H;Guzmania;Guzmania asplundii;Bromeliaceae;4
LOT03-454114/C;Guzmania;Guzmania asplundii;Bromeliaceae;4
LOT03-455337/O;Guzmania;Guzmania asplundii;Bromeliaceae;5
LOT02-451125/H;Guzmania;Guzmania besseae;Bromeliaceae;1
LOT02-212132/O;Guzmania;Guzmania besseae;Bromeliaceae;2
LOT01-3464/H2;Guzmania;Guzmania calothyrsus;Bromeliaceae;0
LOT01-3464/H1;Guzmania;Guzmania calothyrsus;Bromeliaceae;0
LOT03-455310/O;Guzmania;Guzmania cf. brasiliensis;Bromeliaceae;5
LOT03-45467/C;Guzmania;Guzmania cf. brasiliensis;Bromeliaceae;4
LOT03-455115/C;Guzmania;Guzmania cf. brasiliensis;Bromeliaceae;5
LOT03-45568/H;Guzmania;Guzmania cf. brasiliensis;Bromeliaceae;5
LOT03-45467/H;Guzmania;Guzmania cf. brasiliensis;Bromeliaceae;4
LOT03-45502/H;Guzmania;Guzmania cf. brasiliensis;Bromeliaceae;5
LOT03-45502/C;Guzmania;Guzmania cf. brasiliensis;Bromeliaceae;5
LOT03-455115/P;Guzmania;Guzmania cf. brasiliensis;Bromeliaceae;5
LOT03-455115/H;Guzmania;Guzmania cf. brasiliensis;Bromeliaceae;5
LOT03-45418/H;Guzmania;Guzmania cf. coriostachya;Bromeliaceae;4
LOT03-45418/C;Guzmania;Guzmania cf. coriostachya;Bromeliaceae;4
LOT01-3482/H1;Guzmania;Guzmania confusa;Bromeliaceae;0
LOT01-3470/H1;Guzmania;Guzmania confusa;Bromeliaceae;0
LOT01-3470/H2;Guzmania;Guzmania confusa;Bromeliaceae;0
LOT02-18580/O;Guzmania;Guzmania danielii;Bromeliaceae;5
LOT02-18513/O;Guzmania;Guzmania danielii;Bromeliaceae;5
LOT02-18630/O;Guzmania;Guzmania danielii;Bromeliaceae;6
LOT02-18685/O;Guzmania;Guzmania danielii;Bromeliaceae;6
LOT02-18648/O;Guzmania;Guzmania danielii;Bromeliaceae;6
LOT02-18636/O;Guzmania;Guzmania danielii;Bromeliaceae;6
LOT02-45662/P;Guzmania;Guzmania danielii;Bromeliaceae;6
LOT02-45461/H;Guzmania;Guzmania danielii;Bromeliaceae;4
LOT02-18652/O;Guzmania;Guzmania killipiana;Bromeliaceae;6
LOT02-18661/O;Guzmania;Guzmania killipiana;Bromeliaceae;6
LOT02-18649/O;Guzmania;Guzmania killipiana;Bromeliaceae;6
LOT02-18411/O;Guzmania;Guzmania killipiana;Bromeliaceae;4
LOT02-18682/O;Guzmania;Guzmania killipiana;Bromeliaceae;6
LOT02-18649/O;Guzmania;Guzmania killipiana;Bromeliaceae;6
LOT02-18501/O;Guzmania;Guzmania killipiana;Bromeliaceae;5
LOT02-18630/O;Guzmania;Guzmania killipiana;Bromeliaceae;6
LOT02-18693/O;Guzmania;Guzmania killipiana;Bromeliaceae;6
LOT02-18469/O;Guzmania;Guzmania killipiana;Bromeliaceae;4
LOT02-45664/P;Guzmania;Guzmania killipiana;Bromeliaceae;6
LOT02-45563/H;Guzmania;Guzmania killipiana;Bromeliaceae;5
LOT02-45465/P;Guzmania;Guzmania killipiana;Bromeliaceae;4
LOT02-45465/H;Guzmania;Guzmania killipiana;Bromeliaceae;4
LOT02-45589/H;Guzmania;Guzmania paniculata;Bromeliaceae;5
LOT02-18632/O;Guzmania;Guzmania squarrosa;Bromeliaceae;6
LOT02-18636/O;Guzmania;Guzmania squarrosa;Bromeliaceae;6
LOT02-18672/O;Guzmania;Guzmania squarrosa;Bromeliaceae;6
LOT02-18693/O;Guzmania;Guzmania squarrosa;Bromeliaceae;6
LOT02-18469/O;Guzmania;Guzmania squarrosa;Bromeliaceae;4
LOT02-18648/O;Guzmania;Guzmania squarrosa;Bromeliaceae;6
LOT02-45669/P;Guzmania;Guzmania squarrosa;Bromeliaceae;6
LOT02-45468/H;Guzmania;Guzmania squarrosa;Bromeliaceae;4
LOT01-3402/H2;Hillia;Hillia macrophylla;Rubiaceae;0
LOT01-3402/H1;Hillia;Hillia macrophylla;Rubiaceae;0
LOT03-065134/P;Hymenophyllum;Hymenophyllum apiculatum;Hymenophyllaceae;5
LOT03-065113;Hymenophyllum;Hymenophyllum apiculatum;Hymenophyllaceae;5
LOT03-065134/C;Hymenophyllum;Hymenophyllum apiculatum;Hymenophyllaceae;5
LOT03-065101/H;Hymenophyllum;Hymenophyllum apiculatum;Hymenophyllaceae;5
LOT03-065101/T;Hymenophyllum;Hymenophyllum apiculatum;Hymenophyllaceae;5
LOT03-065134/D;Hymenophyllum;Hymenophyllum apiculatum;Hymenophyllaceae;5
LOT03-06486/D;Hymenophyllum;Hymenophyllum apiculatum;Hymenophyllaceae;4
LOT03-065134/H;Hymenophyllum;Hymenophyllum apiculatum;Hymenophyllaceae;5
LOT03-06486/P;Hymenophyllum;Hymenophyllum apiculatum;Hymenophyllaceae;4
LOT03-065134/R;Hymenophyllum;Hymenophyllum apiculatum;Hymenophyllaceae;5
LOT03-065134/T;Hymenophyllum;Hymenophyllum apiculatum;Hymenophyllaceae;5
LOT03-06427/T;Hymenophyllum;Hymenophyllum apiculatum;Hymenophyllaceae;4
LOT03-06486/C;Hymenophyllum;Hymenophyllum apiculatum;Hymenophyllaceae;4
LOT03-06486/T;Hymenophyllum;Hymenophyllum apiculatum;Hymenophyllaceae;4
LOT03-06486/R;Hymenophyllum;Hymenophyllum apiculatum;Hymenophyllaceae;4
LOT03-06486/H;Hymenophyllum;Hymenophyllum apiculatum;Hymenophyllaceae;4
LOT03-06427/H;Hymenophyllum;Hymenophyllum apiculatum;Hymenophyllaceae;4
LOT03-064131/T;Hymenophyllum;Hymenophyllum cf. abruptum;Hymenophyllaceae;4
LOT03-064131/C;Hymenophyllum;Hymenophyllum cf. abruptum;Hymenophyllaceae;4
LOT03-064131/D;Hymenophyllum;Hymenophyllum cf. abruptum;Hymenophyllaceae;4
LOT03-064131/H;Hymenophyllum;Hymenophyllum cf. abruptum;Hymenophyllaceae;4
LOT03-064131/R;Hymenophyllum;Hymenophyllum cf. abruptum;Hymenophyllaceae;4
LOT03-064131/P;Hymenophyllum;Hymenophyllum cf. abruptum;Hymenophyllaceae;4
LOT03-06547/H;Hymenophyllum;Hymenophyllum crispum;Hymenophyllaceae;5
LOT03-06469;Hymenophyllum;Hymenophyllum crispum;Hymenophyllaceae;4
LOT03-065117/T;Hymenophyllum;Hymenophyllum crispum;Hymenophyllaceae;5
LOT03-064144/D;Hymenophyllum;Hymenophyllum crispum;Hymenophyllaceae;4
LOT03-064144/D;Hymenophyllum;Hymenophyllum crispum;Hymenophyllaceae;4
LOT03-065100/T;Hymenophyllum;Hymenophyllum crispum;Hymenophyllaceae;5
LOT03-065100/P;Hymenophyllum;Hymenophyllum crispum;Hymenophyllaceae;5
LOT03-06543/T;Hymenophyllum;Hymenophyllum crispum;Hymenophyllaceae;5
LOT03-065117/H;Hymenophyllum;Hymenophyllum crispum;Hymenophyllaceae;5
LOT03-064144/H;Hymenophyllum;Hymenophyllum crispum;Hymenophyllaceae;4
LOT03-06547/R;Hymenophyllum;Hymenophyllum crispum;Hymenophyllaceae;5
LOT03-065117/D;Hymenophyllum;Hymenophyllum crispum;Hymenophyllaceae;5
LOT03-065100/H;Hymenophyllum;Hymenophyllum crispum;Hymenophyllaceae;5
LOT03-06547/T;Hymenophyllum;Hymenophyllum crispum;Hymenophyllaceae;5
LOT03-064118/T;Hymenophyllum;Hymenophyllum crispum;Hymenophyllaceae;4
LOT03-064118/H;Hymenophyllum;Hymenophyllum crispum;Hymenophyllaceae;4
LOT03-06495;Hymenophyllum;Hymenophyllum crispum;Hymenophyllaceae;4
LOT03-06547/D;Hymenophyllum;Hymenophyllum crispum;Hymenophyllaceae;5
LOT03-065126/R;Hymenophyllum;Hymenophyllum crispum;Hymenophyllaceae;5
LOT03-065126/T;Hymenophyllum;Hymenophyllum crispum;Hymenophyllaceae;5
LOT03-06543/H;Hymenophyllum;Hymenophyllum crispum;Hymenophyllaceae;5
LOT03-065126/P;Hymenophyllum;Hymenophyllum crispum;Hymenophyllaceae;5
LOT03-065126/H;Hymenophyllum;Hymenophyllum crispum;Hymenophyllaceae;5
LOT03-065126/D;Hymenophyllum;Hymenophyllum crispum;Hymenophyllaceae;5
LOT03-065126/C;Hymenophyllum;Hymenophyllum crispum;Hymenophyllaceae;5
LOT03-065104/H;Hymenophyllum;Hymenophyllum crispum;Hymenophyllaceae;5
LOT03-065104/T;Hymenophyllum;Hymenophyllum crispum;Hymenophyllaceae;5
LOT03-06543/D;Hymenophyllum;Hymenophyllum crispum;Hymenophyllaceae;5
LOT03-06172;Hymenophyllum;Hymenophyllum polyanthos;Hymenophyllaceae;1
LOT03-06172/H;Hymenophyllum;Hymenophyllum polyanthos;Hymenophyllaceae;1
LOT03-06172/T;Hymenophyllum;Hymenophyllum polyanthos;Hymenophyllaceae;1
LOT02-455171/P;Hymenophyllum;Hymenophyllum tegularis;Hymenophyllaceae;5
LOT02-455171/H;Hymenophyllum;Hymenophyllum tegularis;Hymenophyllaceae;5
LOT03-06410/C;Hymenophyllum;Hymenophyllum tomentosum;Hymenophyllaceae;4
LOT03-06461;Hymenophyllum;Hymenophyllum tomentosum;Hymenophyllaceae;4
LOT03-06490/P;Hymenophyllum;Hymenophyllum tomentosum;Hymenophyllaceae;4
LOT03-06490/R;Hymenophyllum;Hymenophyllum tomentosum;Hymenophyllaceae;4
LOT03-06490/T;Hymenophyllum;Hymenophyllum tomentosum;Hymenophyllaceae;4
LOT03-06433;Hymenophyllum;Hymenophyllum tomentosum;Hymenophyllaceae;4
LOT03-064132/H;Hymenophyllum;Hymenophyllum tomentosum;Hymenophyllaceae;4
LOT03-06490/D;Hymenophyllum;Hymenophyllum tomentosum;Hymenophyllaceae;4
LOT03-06410/H;Hymenophyllum;Hymenophyllum tomentosum;Hymenophyllaceae;4
LOT03-064132/D;Hymenophyllum;Hymenophyllum tomentosum;Hymenophyllaceae;4
LOT03-06410/P;Hymenophyllum;Hymenophyllum tomentosum;Hymenophyllaceae;4
LOT03-06493/H;Hymenophyllum;Hymenophyllum tomentosum;Hymenophyllaceae;4
LOT03-06493/P;Hymenophyllum;Hymenophyllum tomentosum;Hymenophyllaceae;4
LOT03-064132/P;Hymenophyllum;Hymenophyllum tomentosum;Hymenophyllaceae;4
LOT03-064132/R;Hymenophyllum;Hymenophyllum tomentosum;Hymenophyllaceae;4
LOT03-06490/H;Hymenophyllum;Hymenophyllum tomentosum;Hymenophyllaceae;4
LOT03-06525;Hymenophyllum;Hymenophyllum tomentosum;Hymenophyllaceae;5
LOT03-064132/T;Hymenophyllum;Hymenophyllum tomentosum;Hymenophyllaceae;4
LOT03-06466;Hymenophyllum;Hymenophyllum tomentosum;Hymenophyllaceae;4
LOT03-065103/H;Hymenophyllum;Hymenophyllum tomentosum;Hymenophyllaceae;5
LOT03-06405/H;Hymenophyllum;Hymenophyllum tomentosum;Hymenophyllaceae;4
LOT03-06405/C;Hymenophyllum;Hymenophyllum tomentosum;Hymenophyllaceae;4
LOT03-06481;Hymenophyllum;Hymenophyllum tomentosum;Hymenophyllaceae;4
LOT03-064132/C;Hymenophyllum;Hymenophyllum tomentosum;Hymenophyllaceae;4
LOT03-06493/T;Hymenophyllum;Hymenophyllum tomentosum;Hymenophyllaceae;4
LOT03-06409/H;Hymenophyllum;Hymenophyllum tomentosum;Hymenophyllaceae;4
LOT03-21474/H;Ilex;Ilex laureola;Aquifoliaceae;4
LOT03-21474/P;Ilex;Ilex laureola;Aquifoliaceae;4
LOT03-21474/C;Ilex;Ilex laureola;Aquifoliaceae;4
LOT03-21475/O;Ilex;Ilex laureola;Aquifoliaceae;4
LOT03-455347/O;Jacquiniella;Jacquiniella globosa;Orchidaceae;5
LOT03-456417/O;Jacquiniella;Jacquiniella globosa;Orchidaceae;6
LOT03-456421/O;Jacquiniella;Jacquiniella globosa;Orchidaceae;6
LOT03-456444/O;Jacquiniella;Jacquiniella globosa;Orchidaceae;6
LOT03-456415/O;Jacquiniella;Jacquiniella globosa;Orchidaceae;6
LOT03-456406/O;Jacquiniella;Jacquiniella globosa;Orchidaceae;6
LOT03-456427/O;Jacquiniella;Jacquiniella globosa;Orchidaceae;6
LOT03-45687/C;Jacquiniella;Jacquiniella globosa;Orchidaceae;6
LOT03-45687/H;Jacquiniella;Jacquiniella globosa;Orchidaceae;6
LOT03-45687/C;Jacquiniella;Jacquiniella globosa;Orchidaceae;6
LOT03-45687/H;Jacquiniella;Jacquiniella globosa;Orchidaceae;6
LOT03-456369/O;Jacquiniella;Jacquiniella globosa;Orchidaceae;6
LOT03-456390/O;Jacquiniella;Jacquiniella globosa;Orchidaceae;6
LOT03-456431/O;Jacquiniella;Jacquiniella globosa;Orchidaceae;6
LOT03-456394/O;Jacquiniella;Jacquiniella globosa;Orchidaceae;6
LOT03-215118/C;Jacquiniella;Jacquiniella teretifolia;Orchidaceae;5
LOT03-215118/F;Jacquiniella;Jacquiniella teretifolia;Orchidaceae;5
LOT03-215118/H;Jacquiniella;Jacquiniella teretifolia;Orchidaceae;5
LOT03-456370/O;Jacquiniella;Jacquiniella teretifolia;Orchidaceae;6
LOT01-3435/H2;Juanulloa;Juanulloa parasitica;Solanaceae;0
LOT01-3435/H1;Juanulloa;Juanulloa parasitica;Solanaceae;0
LOT02-451173/H;Lepanthes;Lepanthes acarina;Orchidaceae;1
LOT02-451173/P;Lepanthes;Lepanthes acarina;Orchidaceae;1
LOT02-451175/H;Lepanthes;Lepanthes acarina;Orchidaceae;1
LOT02-21186/O;Lepanthes;Lepanthes acarina;Orchidaceae;1
LOT02-450118/H;Lepanthes;Lepanthes acarina;Orchidaceae;0
LOT02-21293/O;Lepanthes;Lepanthes pteropogon;Orchidaceae;2
LOT02-450117/H;Lepanthes;Lepanthes pteropogon;Orchidaceae;0
LOT02-452183/H;Lepanthes;Lepanthes scapha;Orchidaceae;2
LOT01-3459/A;Lepanthopsis;Lepanthopsis farrago;Orchidaceae;0
LOT01-3459/H1;Lepanthopsis;Lepanthopsis farrago;Orchidaceae;0
LOT01-3478/H1;Mansoa;Mansoa parvifolia;Bignoniaceae;0
LOT01-3478/H2;Mansoa;Mansoa parvifolia;Bignoniaceae;0
LOT03-21496/P;Mapinguari;Mapinguari longipetiolatus;Orchidaceae;4
LOT03-45560/H;Mapinguari;Mapinguari longipetiolatus;Orchidaceae;5
LOT03-21496/H;Mapinguari;Mapinguari longipetiolatus;Orchidaceae;4
LOT03-21496/C;Mapinguari;Mapinguari longipetiolatus;Orchidaceae;4
LOT03-45560/P;Mapinguari;Mapinguari longipetiolatus;Orchidaceae;5
LOT03-454336/O;Mapinguari;Mapinguari longipetiolatus;Orchidaceae;4
LOT03-216213/C;Mapinguari;Mapinguari longipetiolatus;Orchidaceae;6
LOT03-45560/C;Mapinguari;Mapinguari longipetiolatus;Orchidaceae;5
LOT03-455376/O;Mapinguari;Mapinguari longipetiolatus;Orchidaceae;5
LOT03-216213/H;Mapinguari;Mapinguari longipetiolatus;Orchidaceae;6
LOT02-211128/O;Marcgravia;Marcgravia brownei;Marcgraviaceae;1
LOT02-451138/H;Marcgravia;Marcgravia brownei;Marcgraviaceae;1
LOT01-3492/H1;Marcgravia;Marcgravia sp. LV1;Marcgraviaceae;0
LOT01-3493/H1;Marcgravia;Marcgravia sp. LV2;Marcgraviaceae;0
LOT02-18504/O;Masdevallia;Masdevallia tubulosa;Orchidaceae;5
LOT02-18579/O;Masdevallia;Masdevallia tubulosa;Orchidaceae;5
LOT02-18516/O;Masdevallia;Masdevallia tubulosa;Orchidaceae;5
LOT02-18550/O;Masdevallia;Masdevallia tubulosa;Orchidaceae;5
LOT02-213119/O;Masdevallia;Masdevallia tubulosa;Orchidaceae;3
LOT02-21398/O;Masdevallia;Masdevallia tubulosa;Orchidaceae;3
LOT02-45455/L;Masdevallia;Masdevallia tubulosa;Orchidaceae;4
LOT02-45455/L;Masdevallia;Masdevallia tubulosa;Orchidaceae;4
LOT02-21572/O;Masdevallia;Masdevallia tubulosa;Orchidaceae;5
LOT02-45455/H;Masdevallia;Masdevallia tubulosa;Orchidaceae;4
LOT02-18631/O;Maxillaria;Maxillaria aggregata;Orchidaceae;6
LOT02-45647/H;Maxillaria;Maxillaria aggregata;Orchidaceae;6
LOT02-45647/P;Maxillaria;Maxillaria aggregata;Orchidaceae;6
LOT02-453187/P;Maxillaria;Maxillaria arbuscula;Orchidaceae;3
LOT02-453187/H;Maxillaria;Maxillaria arbuscula;Orchidaceae;3
LOT03-216208/H;Maxillaria;Maxillaria brachybulbon;Orchidaceae;6
LOT03-216208/C;Maxillaria;Maxillaria brachybulbon;Orchidaceae;6
LOT02-452189/H;Maxillaria;Maxillaria brevifolia;Orchidaceae;2
LOT02-18495/O;Maxillaria;Maxillaria brunnea;Orchidaceae;4
LOT02-456153/H;Maxillaria;Maxillaria brunnea;Orchidaceae;6
LOT01-3479/A;Maxillaria;Maxillaria desvauxiana;Orchidaceae;0
LOT01-3479/H1;Maxillaria;Maxillaria desvauxiana;Orchidaceae;0
LOT02-45603/P;Maxillaria;Maxillaria divaricata;Orchidaceae;6
LOT02-18668/O;Maxillaria;Maxillaria divaricata;Orchidaceae;6
LOT02-18694/O;Maxillaria;Maxillaria divaricata;Orchidaceae;6
LOT02-18563/O;Maxillaria;Maxillaria divaricata;Orchidaceae;5
LOT02-18673/O;Maxillaria;Maxillaria divaricata;Orchidaceae;6
LOT02-18495/O;Maxillaria;Maxillaria divaricata;Orchidaceae;4
LOT02-18697/O;Maxillaria;Maxillaria divaricata;Orchidaceae;6
LOT02-18558/O;Maxillaria;Maxillaria divaricata;Orchidaceae;5
LOT02-18556/O;Maxillaria;Maxillaria divaricata;Orchidaceae;5
LOT02-18504/O;Maxillaria;Maxillaria divaricata;Orchidaceae;5
LOT02-18516/O;Maxillaria;Maxillaria divaricata;Orchidaceae;5
LOT02-18522/O;Maxillaria;Maxillaria divaricata;Orchidaceae;5
LOT02-18547/O;Maxillaria;Maxillaria divaricata;Orchidaceae;5
LOT02-18545/O;Maxillaria;Maxillaria divaricata;Orchidaceae;5
LOT02-18518/O;Maxillaria;Maxillaria divaricata;Orchidaceae;5
LOT02-18689/O;Maxillaria;Maxillaria divaricata;Orchidaceae;6
LOT02-18682/O;Maxillaria;Maxillaria divaricata;Orchidaceae;6
LOT02-18591/O;Maxillaria;Maxillaria divaricata;Orchidaceae;5
LOT02-18633/O;Maxillaria;Maxillaria divaricata;Orchidaceae;6
LOT02-18423/O;Maxillaria;Maxillaria divaricata;Orchidaceae;4
LOT02-18626/O;Maxillaria;Maxillaria divaricata;Orchidaceae;6
LOT02-18651/O;Maxillaria;Maxillaria divaricata;Orchidaceae;6
LOT02-18587/O;Maxillaria;Maxillaria divaricata;Orchidaceae;5
LOT02-18657/O;Maxillaria;Maxillaria divaricata;Orchidaceae;6
LOT02-18649/O;Maxillaria;Maxillaria divaricata;Orchidaceae;6
LOT02-18598/O;Maxillaria;Maxillaria divaricata;Orchidaceae;5
LOT02-18584/O;Maxillaria;Maxillaria divaricata;Orchidaceae;5
LOT02-18581/O;Maxillaria;Maxillaria divaricata;Orchidaceae;5
LOT02-18685/O;Maxillaria;Maxillaria divaricata;Orchidaceae;6
LOT02-18580/O;Maxillaria;Maxillaria divaricata;Orchidaceae;5
LOT02-18648/O;Maxillaria;Maxillaria divaricata;Orchidaceae;6
LOT02-18590/O;Maxillaria;Maxillaria divaricata;Orchidaceae;5
LOT02-18625/O;Maxillaria;Maxillaria divaricata;Orchidaceae;6
LOT02-18502/O;Maxillaria;Maxillaria divaricata;Orchidaceae;5
LOT02-18629/O;Maxillaria;Maxillaria divaricata;Orchidaceae;6
LOT02-18565/O;Maxillaria;Maxillaria divaricata;Orchidaceae;5
LOT02-18632/O;Maxillaria;Maxillaria divaricata;Orchidaceae;6
LOT02-18566/O;Maxillaria;Maxillaria divaricata;Orchidaceae;5
LOT02-18630/O;Maxillaria;Maxillaria divaricata;Orchidaceae;6
LOT02-18639/O;Maxillaria;Maxillaria divaricata;Orchidaceae;6
LOT02-18628/O;Maxillaria;Maxillaria divaricata;Orchidaceae;6
LOT02-18577/O;Maxillaria;Maxillaria divaricata;Orchidaceae;5
LOT02-18627/O;Maxillaria;Maxillaria divaricata;Orchidaceae;6
LOT02-18579/O;Maxillaria;Maxillaria divaricata;Orchidaceae;5
LOT02-18631/O;Maxillaria;Maxillaria divaricata;Orchidaceae;6
LOT02-455111/H;Maxillaria;Maxillaria divaricata;Orchidaceae;5
LOT02-455112/L;Maxillaria;Maxillaria divaricata;Orchidaceae;5
LOT02-21650/O;Maxillaria;Maxillaria divaricata;Orchidaceae;6
LOT02-45601/L;Maxillaria;Maxillaria divaricata;Orchidaceae;6
LOT02-45443/H;Maxillaria;Maxillaria divaricata;Orchidaceae;4
LOT02-45601/L;Maxillaria;Maxillaria divaricata;Orchidaceae;6
LOT02-21557/O;Maxillaria;Maxillaria divaricata;Orchidaceae;5
LOT02-45602/H;Maxillaria;Maxillaria divaricata;Orchidaceae;6
LOT02-21636/O;Maxillaria;Maxillaria divaricata;Orchidaceae;6
LOT02-21510/O;Maxillaria;Maxillaria divaricata;Orchidaceae;5
LOT02-455112/L;Maxillaria;Maxillaria divaricata;Orchidaceae;5
LOT02-211129/O;Maxillaria;Maxillaria graminifolia;Orchidaceae;1
LOT02-213122/O;Maxillaria;Maxillaria graminifolia;Orchidaceae;3
LOT02-18471/O;Maxillaria;Maxillaria graminifolia;Orchidaceae;4
LOT02-213135/O;Maxillaria;Maxillaria graminifolia;Orchidaceae;3
LOT02-213108/O;Maxillaria;Maxillaria graminifolia;Orchidaceae;3
LOT02-18440/O;Maxillaria;Maxillaria graminifolia;Orchidaceae;4
LOT02-212110/O;Maxillaria;Maxillaria graminifolia;Orchidaceae;2
LOT02-21445/O;Maxillaria;Maxillaria graminifolia;Orchidaceae;4
LOT02-45446/H;Maxillaria;Maxillaria graminifolia;Orchidaceae;4
LOT02-21370/O;Maxillaria;Maxillaria graminifolia;Orchidaceae;3
LOT02-45446/P;Maxillaria;Maxillaria graminifolia;Orchidaceae;4
LOT02-456149/H;Maxillaria;Maxillaria lilliputana;Orchidaceae;6
LOT02-456149/P;Maxillaria;Maxillaria lilliputana;Orchidaceae;6
LOT02-456158/L;Maxillaria;Maxillaria lilliputana;Orchidaceae;6
LOT02-456158/L;Maxillaria;Maxillaria lilliputana;Orchidaceae;6
LOT02-18670/O;Maxillaria;Maxillaria lilliputana;Orchidaceae;6
LOT02-10538/O;Maxillaria;Maxillaria lilliputana;Orchidaceae;5
LOT02-18558/O;Maxillaria;Maxillaria lilliputana;Orchidaceae;5
LOT02-18630/O;Maxillaria;Maxillaria lilliputana;Orchidaceae;6
LOT02-18676/O;Maxillaria;Maxillaria lilliputana;Orchidaceae;6
LOT02-18516/O;Maxillaria;Maxillaria lilliputana;Orchidaceae;5
LOT02-18411/O;Maxillaria;Maxillaria lilliputana;Orchidaceae;4
LOT02-18580/O;Maxillaria;Maxillaria lilliputana;Orchidaceae;5
LOT02-18672/O;Maxillaria;Maxillaria lilliputana;Orchidaceae;6
LOT02-18563/O;Maxillaria;Maxillaria lilliputana;Orchidaceae;5
LOT02-21540/O;Maxillaria;Maxillaria lilliputana;Orchidaceae;5
LOT02-45604/H;Maxillaria;Maxillaria lilliputana;Orchidaceae;6
LOT02-45605/P;Maxillaria;Maxillaria lilliputana;Orchidaceae;6
LOT02-21510/O;Maxillaria;Maxillaria lilliputana;Orchidaceae;5
LOT02-21516/O;Maxillaria;Maxillaria lilliputana;Orchidaceae;5
LOT02-21502/O;Maxillaria;Maxillaria lilliputana;Orchidaceae;5
LOT01-3491/H1;Maxillaria;Maxillaria longibracteata;Orchidaceae;0
LOT02-18495/O;Maxillaria;Maxillaria machinazensis;Orchidaceae;4
LOT02-45559/H;Maxillaria;Maxillaria machinazensis;Orchidaceae;5
LOT02-45654/H;Maxillaria;Maxillaria machinazensis;Orchidaceae;6
LOT02-451177/H;Maxillaria;Maxillaria meridensis;Orchidaceae;1
LOT02-18639/O;Maxillaria;Maxillaria notylioglossa;Orchidaceae;6
LOT02-18577/O;Maxillaria;Maxillaria notylioglossa;Orchidaceae;5
LOT02-18579/O;Maxillaria;Maxillaria notylioglossa;Orchidaceae;5
LOT02-18591/O;Maxillaria;Maxillaria notylioglossa;Orchidaceae;5
LOT02-18597/O;Maxillaria;Maxillaria notylioglossa;Orchidaceae;5
LOT02-18592/O;Maxillaria;Maxillaria notylioglossa;Orchidaceae;5
LOT02-18651/O;Maxillaria;Maxillaria notylioglossa;Orchidaceae;6
LOT02-18587/O;Maxillaria;Maxillaria notylioglossa;Orchidaceae;5
LOT02-18689/O;Maxillaria;Maxillaria notylioglossa;Orchidaceae;6
LOT02-18598/O;Maxillaria;Maxillaria notylioglossa;Orchidaceae;5
LOT02-21292/O;Maxillaria;Maxillaria notylioglossa;Orchidaceae;2
LOT02-21556/O;Maxillaria;Maxillaria notylioglossa;Orchidaceae;5
LOT02-45608/H;Maxillaria;Maxillaria notylioglossa;Orchidaceae;6
LOT02-45609/P;Maxillaria;Maxillaria notylioglossa;Orchidaceae;6
LOT02-18579/O;Maxillaria;Maxillaria peruviana;Orchidaceae;5
LOT02-21185/O;Maxillaria;Maxillaria peruviana;Orchidaceae;1
LOT02-45544/H;Maxillaria;Maxillaria peruviana;Orchidaceae;5
LOT03-21561/C;Maxillaria;Maxillaria sp. CC1;Orchidaceae;5
LOT03-21561/H;Maxillaria;Maxillaria sp. CC1;Orchidaceae;5
LOT03-216230/C;Maxillaria;Maxillaria sp. CC2;Orchidaceae;6
LOT03-216230/H;Maxillaria;Maxillaria sp. CC2;Orchidaceae;6
LOT03-214233/O;Maxillaria;Maxillaria sp. CC2;Orchidaceae;4
LOT03-45578/H;Maxillaria;Maxillaria splendens;Orchidaceae;5
LOT03-455111/H;Maxillaria;Maxillaria splendens;Orchidaceae;5
LOT03-455111/C;Maxillaria;Maxillaria splendens;Orchidaceae;5
LOT03-45578/C;Maxillaria;Maxillaria splendens;Orchidaceae;5
LOT03-45595/H;Maxillaria;Maxillaria splendens;Orchidaceae;5
LOT03-214226/H;Maxillaria;Maxillaria splendens;Orchidaceae;4
LOT03-45429/H;Maxillaria;Maxillaria splendens;Orchidaceae;4
LOT03-455351/O;Maxillaria;Maxillaria splendens;Orchidaceae;5
LOT03-455333/O;Maxillaria;Maxillaria splendens;Orchidaceae;5
LOT03-456425/O;Maxillaria;Maxillaria splendens;Orchidaceae;6
LOT02-45410/H;Maxillaria;Maxillaria trilobulata;Orchidaceae;4
LOT03-066153/H;Melpomene;Melpomene xiphopteroides;Polypodiaceae;6
LOT03-066153/T;Melpomene;Melpomene xiphopteroides;Polypodiaceae;6
LOT03-06638/H;Melpomene;Melpomene xiphopteroides;Polypodiaceae;6
LOT03-06638/D;Melpomene;Melpomene xiphopteroides;Polypodiaceae;6
LOT03-06684/H;Melpomene;Melpomene xiphopteroides;Polypodiaceae;6
LOT03-06684/P;Melpomene;Melpomene xiphopteroides;Polypodiaceae;6
LOT03-06684/T;Melpomene;Melpomene xiphopteroides;Polypodiaceae;6
LOT03-06638/T;Melpomene;Melpomene xiphopteroides;Polypodiaceae;6
LOT03-06684/C;Melpomene;Melpomene xiphopteroides;Polypodiaceae;6
LOT02-10448/O;Mezobromelia;Mezobromelia capituligera;Bromeliaceae;4
LOT02-45490/H;Mezobromelia;Mezobromelia capituligera;Bromeliaceae;4
LOT02-451131/H;Mezobromelia;Mezobromelia capituligera;Bromeliaceae;1
LOT01-3449/H1;Mezobromelia;Mezobromelia pleiosticha;Bromeliaceae;0
LOT01-3449/H2;Mezobromelia;Mezobromelia pleiosticha;Bromeliaceae;0
LOT02-455135/H;Mezobromelia;Mezobromelia pleiosticha;Bromeliaceae;5
LOT02-45591/H;Mezobromelia;Mezobromelia pleiosticha;Bromeliaceae;5
LOT03-45465/H;Miconia;Miconia sp. CC1;Melastomataceae;4
LOT03-21456/O;Miconia;Miconia sp. CC1;Melastomataceae;4
LOT03-45465/P;Miconia;Miconia sp. CC1;Melastomataceae;4
LOT03-21469/O;Miconia;Miconia sp. CC1;Melastomataceae;4
LOT03-21453/C;Miconia;Miconia sp. CC1;Melastomataceae;4
LOT03-21453/P;Miconia;Miconia sp. CC1;Melastomataceae;4
LOT03-21453/H;Miconia;Miconia sp. CC1;Melastomataceae;4
LOT03-45465/C;Miconia;Miconia sp. CC1;Melastomataceae;4
LOT03-06558/H;Microgramma;Microgramma bifrons;Polypodiaceae;5
LOT03-06558/P;Microgramma;Microgramma bifrons;Polypodiaceae;5
LOT03-06558/T;Microgramma;Microgramma bifrons;Polypodiaceae;5
LOT03-064150/H;Microgramma;Microgramma cf. persicariifolia;Polypodiaceae;4
LOT03-064150/T;Microgramma;Microgramma cf. persicariifolia;Polypodiaceae;4
LOT03-06696;Microgramma;Microgramma dictyophylla;Polypodiaceae;6
LOT03-06691;Microgramma;Microgramma dictyophylla;Polypodiaceae;6
LOT03-06432;Microgramma;Microgramma dictyophylla;Polypodiaceae;4
LOT03-06536;Microgramma;Microgramma dictyophylla;Polypodiaceae;5
LOT03-06530;Microgramma;Microgramma dictyophylla;Polypodiaceae;5
LOT03-06520;Microgramma;Microgramma dictyophylla;Polypodiaceae;5
LOT03-06541;Microgramma;Microgramma dictyophylla;Polypodiaceae;5
LOT03-066137/T;Microgramma;Microgramma lycopodioides;Polypodiaceae;6
LOT03-066137/P;Microgramma;Microgramma lycopodioides;Polypodiaceae;6
LOT03-066137/H;Microgramma;Microgramma lycopodioides;Polypodiaceae;6
LOT03-066137/D;Microgramma;Microgramma lycopodioides;Polypodiaceae;6
LOT03-066137/R;Microgramma;Microgramma lycopodioides;Polypodiaceae;6
LOT03-066137/C;Microgramma;Microgramma lycopodioides;Polypodiaceae;6
LOT03-065102/H;Microgramma;Microgramma lycopodioides;Polypodiaceae;5
LOT03-065102/P;Microgramma;Microgramma lycopodioides;Polypodiaceae;5
LOT02-455122/H;Mikania;Mikania decora;Asteraceae;5
LOT02-453130/H;Mollinedia;Mollinedia uleana;Monimiaceae;3
LOT02-453130/P;Mollinedia;Mollinedia uleana;Monimiaceae;3
LOT03-211244/H;Monolena;Monolena primuliflora;Melastomataceae;1
LOT01-3444/H2;Monstera;Monstera dubia;Araceae;0
LOT01-3444/H1;Monstera;Monstera dubia;Araceae;0
LOT03-211246/H;Monstera;Monstera sp. CC1;Araceae;1
LOT03-16513/H;Morfo;Morfo sp. CC1;Salicaceae;5
LOT03-16513/C;Morfo;Morfo sp. CC1;Salicaceae;5
LOT02-451179/H;Muscarella;Muscarella infinita;Orchidaceae;1
LOT02-16505/O;Muscarella;Muscarella infinita;Orchidaceae;5
LOT02-18438/O;Muscarella;Muscarella infinita;Orchidaceae;4
LOT02-18503/O;Muscarella;Muscarella infinita;Orchidaceae;5
LOT02-18513/O;Muscarella;Muscarella infinita;Orchidaceae;5
LOT02-18685/O;Muscarella;Muscarella infinita;Orchidaceae;6
LOT02-18591/O;Muscarella;Muscarella infinita;Orchidaceae;5
LOT02-18504/O;Muscarella;Muscarella infinita;Orchidaceae;5
LOT02-18579/O;Muscarella;Muscarella infinita;Orchidaceae;5
LOT02-18654/O;Muscarella;Muscarella infinita;Orchidaceae;6
LOT02-18692/O;Muscarella;Muscarella infinita;Orchidaceae;6
LOT02-21510/O;Muscarella;Muscarella infinita;Orchidaceae;5
LOT02-21506/O;Muscarella;Muscarella infinita;Orchidaceae;5
LOT02-45650/P;Muscarella;Muscarella infinita;Orchidaceae;6
LOT02-45549/H;Muscarella;Muscarella infinita;Orchidaceae;5
LOT02-21541/O;Muscarella;Muscarella infinita;Orchidaceae;5
LOT02-21399/O;Muscarella;Muscarella infinita;Orchidaceae;3
LOT02-16505/O;Muscarella;Muscarella zephyrina;Orchidaceae;5
LOT02-455121/H;Muscarella;Muscarella zephyrina;Orchidaceae;5
LOT02-18495/O;Myoxanthus;Myoxanthus affinis;Orchidaceae;4
LOT02-18596/O;Myoxanthus;Myoxanthus affinis;Orchidaceae;5
LOT02-18689/O;Myoxanthus;Myoxanthus affinis;Orchidaceae;6
LOT02-18584/O;Myoxanthus;Myoxanthus affinis;Orchidaceae;5
LOT02-18694/O;Myoxanthus;Myoxanthus affinis;Orchidaceae;6
LOT02-45524/H;Myoxanthus;Myoxanthus affinis;Orchidaceae;5
LOT02-455132/H;Myoxanthus;Myoxanthus affinis;Orchidaceae;5
LOT02-455132/P;Myoxanthus;Myoxanthus affinis;Orchidaceae;5
LOT03-21684/O;Myoxanthus;Myoxanthus antennifer;Orchidaceae;6
LOT03-216214/O;Myoxanthus;Myoxanthus antennifer;Orchidaceae;6
LOT03-45489/H;Myoxanthus;Myoxanthus antennifer;Orchidaceae;4
LOT03-21578/O;Myoxanthus;Myoxanthus antennifer;Orchidaceae;5
LOT03-456413/O;Myoxanthus;Myoxanthus antennifer;Orchidaceae;6
LOT03-45699/H;Myoxanthus;Myoxanthus antennifer;Orchidaceae;6
LOT03-45699/P;Myoxanthus;Myoxanthus antennifer;Orchidaceae;6
LOT03-45699/F;Myoxanthus;Myoxanthus antennifer;Orchidaceae;6
LOT03-45699/C;Myoxanthus;Myoxanthus antennifer;Orchidaceae;6
LOT03-216207/C;Myoxanthus;Myoxanthus cf. scandens;Orchidaceae;6
LOT03-216207/H;Myoxanthus;Myoxanthus cf. scandens;Orchidaceae;6
LOT03-21570/P;Myoxanthus;Myoxanthus grandiflora;Orchidaceae;5
LOT03-21570/C;Myoxanthus;Myoxanthus grandiflora;Orchidaceae;5
LOT03-21570/H;Myoxanthus;Myoxanthus grandiflora;Orchidaceae;5
LOT03-21691/C;Myoxanthus;Myoxanthus parvilabius;Orchidaceae;6
LOT03-21691/H;Myoxanthus;Myoxanthus parvilabius;Orchidaceae;6
LOT02-450115/H;Myoxanthus;Myoxanthus retusum;Orchidaceae;0
LOT02-455157/P;Myoxanthus;Myoxanthus speciosus;Orchidaceae;5
LOT02-21652/O;Myoxanthus;Myoxanthus speciosus;Orchidaceae;6
LOT02-455157/H;Myoxanthus;Myoxanthus speciosus;Orchidaceae;5
LOT02-455157/L;Myoxanthus;Myoxanthus speciosus;Orchidaceae;5
LOT02-455157/L;Myoxanthus;Myoxanthus speciosus;Orchidaceae;5
LOT03-454302/O;Notopleura;Notopleura epiphytica;Rubiaceae;4
LOT03-215229/O;Notopleura;Notopleura epiphytica;Rubiaceae;5
LOT03-215227/O;Notopleura;Notopleura epiphytica;Rubiaceae;5
LOT03-215225/O;Notopleura;Notopleura epiphytica;Rubiaceae;5
LOT03-455355/O;Notopleura;Notopleura epiphytica;Rubiaceae;5
LOT03-455322/O;Notopleura;Notopleura epiphytica;Rubiaceae;5
LOT03-455307/O;Notopleura;Notopleura epiphytica;Rubiaceae;5
LOT03-45449/C;Notopleura;Notopleura epiphytica;Rubiaceae;4
LOT03-45449/P;Notopleura;Notopleura epiphytica;Rubiaceae;4
LOT03-214218/O;Notopleura;Notopleura epiphytica;Rubiaceae;4
LOT03-214234/H;Notopleura;Notopleura epiphytica;Rubiaceae;4
LOT03-45408/C;Notopleura;Notopleura epiphytica;Rubiaceae;4
LOT03-214253/O;Notopleura;Notopleura epiphytica;Rubiaceae;4
LOT03-21498/H;Notopleura;Notopleura epiphytica;Rubiaceae;4
LOT03-21498/C;Notopleura;Notopleura epiphytica;Rubiaceae;4
LOT03-45449/H;Notopleura;Notopleura epiphytica;Rubiaceae;4
LOT03-45428/H;Notopleura;Notopleura epiphytica;Rubiaceae;4
LOT03-45428/C;Notopleura;Notopleura epiphytica;Rubiaceae;4
LOT03-45408/H;Notopleura;Notopleura epiphytica;Rubiaceae;4
LOT03-214215/O;Notopleura;Notopleura epiphytica;Rubiaceae;4
LOT01-3431/H1;Notopleura;Notopleura epiphytica;Rubiaceae;0
LOT01-3431/H2;Notopleura;Notopleura epiphytica;Rubiaceae;0
LOT03-216256/F;Octomeria;Octomeria auriculata;Orchidaceae;6
LOT03-216256/H;Octomeria;Octomeria auriculata;Orchidaceae;6
LOT03-21692/O;Octomeria;Octomeria auriculata;Orchidaceae;6
LOT03-45450/H;Octomeria;Octomeria auriculata;Orchidaceae;4
LOT03-45450/C;Octomeria;Octomeria auriculata;Orchidaceae;4
LOT03-216209/C;Octomeria;Octomeria cf. graminifolia;Orchidaceae;6
LOT03-216209/H;Octomeria;Octomeria cf. graminifolia;Orchidaceae;6
LOT03-21445/H;Octomeria;Octomeria cf. valerioi;Orchidaceae;4
LOT03-21558/O;Octomeria;Octomeria cf. valerioi;Orchidaceae;5
LOT03-21445/C;Octomeria;Octomeria cf. valerioi;Orchidaceae;4
LOT03-455383/O;Octomeria;Octomeria graminifolia;Orchidaceae;5
LOT03-456123/H;Octomeria;Octomeria graminifolia;Orchidaceae;6
LOT03-216212/H;Octomeria;Octomeria graminifolia;Orchidaceae;6
LOT03-456123/C;Octomeria;Octomeria graminifolia;Orchidaceae;6
LOT03-456123/P;Octomeria;Octomeria graminifolia;Orchidaceae;6
LOT03-456123/F;Octomeria;Octomeria graminifolia;Orchidaceae;6
LOT03-216212/C;Octomeria;Octomeria graminifolia;Orchidaceae;6
LOT03-456397/O;Octomeria;Octomeria graminifolia;Orchidaceae;6
LOT03-06402/C;Oleandra;Oleandra articulata;Oleandraceae;4
LOT03-06412/H;Oleandra;Oleandra articulata;Oleandraceae;4
LOT03-064121/C;Oleandra;Oleandra articulata;Oleandraceae;4
LOT03-064121/D;Oleandra;Oleandra articulata;Oleandraceae;4
LOT03-064121/H;Oleandra;Oleandra articulata;Oleandraceae;4
LOT03-064121/P;Oleandra;Oleandra articulata;Oleandraceae;4
LOT03-064121/R;Oleandra;Oleandra articulata;Oleandraceae;4
LOT03-06402/H;Oleandra;Oleandra articulata;Oleandraceae;4
LOT03-06418;Oleandra;Oleandra articulata;Oleandraceae;4
LOT03-064121/T;Oleandra;Oleandra articulata;Oleandraceae;4
LOT03-06175;Oleandra;Oleandra cf. articulata;Oleandraceae;1
LOT03-06175/H;Oleandra;Oleandra cf. articulata;Oleandraceae;1
LOT03-06175/T;Oleandra;Oleandra cf. articulata;Oleandraceae;1
LOT03-06487/H;Oleandra;Oleandra pilosa;Oleandraceae;4
LOT03-06487/T;Oleandra;Oleandra pilosa;Oleandraceae;4
LOT03-06545;Oleandra;Oleandra pilosa;Oleandraceae;5
LOT03-064116/R;Oleandra;Oleandra pilosa;Oleandraceae;4
LOT03-06487/D;Oleandra;Oleandra pilosa;Oleandraceae;4
LOT03-06516;Oleandra;Oleandra pilosa;Oleandraceae;5
LOT03-06487/D;Oleandra;Oleandra pilosa;Oleandraceae;4
LOT03-064128/D;Oleandra;Oleandra pilosa;Oleandraceae;4
LOT03-064116/H;Oleandra;Oleandra pilosa;Oleandraceae;4
LOT03-06549/H;Oleandra;Oleandra pilosa;Oleandraceae;5
LOT03-06487/P;Oleandra;Oleandra pilosa;Oleandraceae;4
LOT03-064128/H;Oleandra;Oleandra pilosa;Oleandraceae;4
LOT03-064128/P;Oleandra;Oleandra pilosa;Oleandraceae;4
LOT03-064128/R;Oleandra;Oleandra pilosa;Oleandraceae;4
LOT03-064128/T;Oleandra;Oleandra pilosa;Oleandraceae;4
LOT03-06549/T;Oleandra;Oleandra pilosa;Oleandraceae;5
LOT03-06487/R;Oleandra;Oleandra pilosa;Oleandraceae;4
LOT03-06406/H;Oleandra;Oleandra sp. GC1;Oleandraceae;4
LOT01-3442/H2;Oreopanax;Oreopanax capitatus;Araliaceae;0
LOT01-3442/H1;Oreopanax;Oreopanax capitatus;Araliaceae;0
LOT01-3421/H1;Oreopanax;Oreopanax capitatus;Araliaceae;0
LOT01-3466/H2;Oreopanax;Oreopanax capitatus;Araliaceae;0
LOT01-3466/H1;Oreopanax;Oreopanax capitatus;Araliaceae;0
LOT03-21564/P;Ornithidium;Ornithidium aureum;Orchidaceae;5
LOT03-21564/C;Ornithidium;Ornithidium aureum;Orchidaceae;5
LOT03-21564/H;Ornithidium;Ornithidium aureum;Orchidaceae;5
LOT03-21585/O;Ornithidium;Ornithidium aureum;Orchidaceae;5
LOT03-45558/H;Ornithidium;Ornithidium cf. quitense;Orchidaceae;5
LOT03-45571/H;Ornithidium;Ornithidium pendens;Orchidaceae;5
LOT03-455308/O;Ornithidium;Ornithidium pendens;Orchidaceae;5
LOT03-455324/O;Ornithidium;Ornithidium pendens;Orchidaceae;5
LOT03-455329/O;Ornithidium;Ornithidium pendens;Orchidaceae;5
LOT03-455352/O;Ornithidium;Ornithidium pendens;Orchidaceae;5
LOT03-455356/O;Ornithidium;Ornithidium pendens;Orchidaceae;5
LOT03-21550/O;Ornithidium;Ornithidium pendens;Orchidaceae;5
LOT03-455357/O;Ornithidium;Ornithidium pendens;Orchidaceae;5
LOT03-455384/O;Ornithidium;Ornithidium pendens;Orchidaceae;5
LOT03-455410/O;Ornithidium;Ornithidium pendens;Orchidaceae;5
LOT03-215231/C;Ornithidium;Ornithidium pendens;Orchidaceae;5
LOT03-45556/C;Ornithidium;Ornithidium pendens;Orchidaceae;5
LOT03-45556/H;Ornithidium;Ornithidium pendens;Orchidaceae;5
LOT03-215231/H;Ornithidium;Ornithidium pendens;Orchidaceae;5
LOT03-455348/O;Ornithidium;Ornithidium pendens;Orchidaceae;5
LOT03-45571/C;Ornithidium;Ornithidium pendens;Orchidaceae;5
LOT03-21651/O;Ornithidium;Ornithidium pendens;Orchidaceae;6
LOT03-456315/O;Ornithidium;Ornithidium pendens;Orchidaceae;6
LOT03-454300/O;Ornithidium;Ornithidium pendens;Orchidaceae;4
LOT03-456440/O;Ornithidium;Ornithidium pendens;Orchidaceae;6
LOT03-456401/O;Ornithidium;Ornithidium pendens;Orchidaceae;6
LOT03-45686/C;Ornithidium;Ornithidium pendens;Orchidaceae;6
LOT03-456392/O;Ornithidium;Ornithidium pendens;Orchidaceae;6
LOT03-45686/H;Ornithidium;Ornithidium pendens;Orchidaceae;6
LOT03-456382/O;Ornithidium;Ornithidium pendens;Orchidaceae;6
LOT03-456374/O;Ornithidium;Ornithidium pendens;Orchidaceae;6
LOT03-455319/O;Ornithidium;Ornithidium pendens;Orchidaceae;5
LOT03-45562/H;Ornithidium;Ornithidium pustulosum;Orchidaceae;5
LOT03-455332/O;Ornithidium;Ornithidium pustulosum;Orchidaceae;5
LOT03-455354/O;Ornithidium;Ornithidium pustulosum;Orchidaceae;5
LOT03-455326/O;Ornithidium;Ornithidium pustulosum;Orchidaceae;5
LOT03-45562/C;Ornithidium;Ornithidium pustulosum;Orchidaceae;5
LOT03-455321/O;Ornithidium;Ornithidium pustulosum;Orchidaceae;5
LOT03-455380/O;Ornithidium;Ornithidium pustulosum;Orchidaceae;5
LOT03-45555/C;Ornithidium;Ornithidium pustulosum;Orchidaceae;5
LOT03-455409/O;Ornithidium;Ornithidium pustulosum;Orchidaceae;5
LOT03-45555/H;Ornithidium;Ornithidium pustulosum;Orchidaceae;5
LOT03-456306/O;Ornithidium;Ornithidium pustulosum;Orchidaceae;6
LOT03-456313/O;Ornithidium;Ornithidium pustulosum;Orchidaceae;6
LOT03-456422/O;Ornithidium;Ornithidium pustulosum;Orchidaceae;6
LOT03-456432/O;Ornithidium;Ornithidium pustulosum;Orchidaceae;6
LOT03-45683/H;Ornithidium;Ornithidium pustulosum;Orchidaceae;6
LOT03-456373/O;Ornithidium;Ornithidium pustulosum;Orchidaceae;6
LOT03-456424/O;Ornithidium;Ornithidium pustulosum;Orchidaceae;6
LOT03-45683/C;Ornithidium;Ornithidium pustulosum;Orchidaceae;6
LOT03-455341/O;Ornithidium;Ornithidium pustulosum;Orchidaceae;5
LOT03-456396/O;Ornithidium;Ornithidium pustulosum;Orchidaceae;6
LOT03-456388/O;Ornithidium;Ornithidium pustulosum;Orchidaceae;6
LOT03-21586/O;Ornithidium;Ornithidium quitense;Orchidaceae;5
LOT03-455127/C;Ornithidium;Ornithidium quitense;Orchidaceae;5
LOT03-45580/H;Ornithidium;Ornithidium quitense;Orchidaceae;5
LOT03-45434/H;Ornithidium;Ornithidium quitense;Orchidaceae;4
LOT03-21655/O;Ornithidium;Ornithidium quitense;Orchidaceae;6
LOT03-455127/H;Ornithidium;Ornithidium quitense;Orchidaceae;5
LOT03-456314/O;Ornithidium;Ornithidium quitense;Orchidaceae;6
LOT03-456416/O;Ornithidium;Ornithidium quitense;Orchidaceae;6
LOT03-456400/O;Ornithidium;Ornithidium quitense;Orchidaceae;6
LOT03-456393/O;Ornithidium;Ornithidium quitense;Orchidaceae;6
LOT03-455342/O;Ornithidium;Ornithidium quitense;Orchidaceae;5
LOT02-211133/O;Oxalis;Oxalis spiralis;Oxalidaceae;1
LOT02-451137/H;Oxalis;Oxalis spiralis;Oxalidaceae;1
LOT01-3465/H2;Paradrymonia;Paradrymonia ciliosa;Gesneriaceae;0
LOT01-3465/H1;Paradrymonia;Paradrymonia ciliosa;Gesneriaceae;0
LOT02-453170/P;Paullinia;Paullinia obovata;Sapindaceae;3
LOT02-453170/H;Paullinia;Paullinia obovata;Sapindaceae;3
LOT02-453129/P;Paullinia;Paullinia obovata;Sapindaceae;3
LOT02-453129/H;Paullinia;Paullinia obovata;Sapindaceae;3
LOT03-21442/H;Peperomia;Peperomia cf. cachabiana;Piperaceae;4
LOT03-214142/H;Peperomia;Peperomia cf. cachabiana;Piperaceae;4
LOT03-214143/C;Peperomia;Peperomia cf. cachabiana;Piperaceae;4
LOT01-3405/H1;Peperomia;Peperomia ciliaris;Piperaceae;0
LOT01-3405/H2;Peperomia;Peperomia ciliaris;Piperaceae;0
LOT03-21444/H;Peperomia;Peperomia eburnea;Piperaceae;4
LOT03-21444/C;Peperomia;Peperomia eburnea;Piperaceae;4
LOT03-45407/H;Peperomia;Peperomia eburnea;Piperaceae;4
LOT03-45407/C;Peperomia;Peperomia eburnea;Piperaceae;4
LOT03-45422/C;Peperomia;Peperomia eburnea;Piperaceae;4
LOT03-21441/C;Peperomia;Peperomia eburnea;Piperaceae;4
LOT03-45413/H;Peperomia;Peperomia eburnea;Piperaceae;4
LOT03-45422/H;Peperomia;Peperomia eburnea;Piperaceae;4
LOT03-45433/H;Peperomia;Peperomia eburnea;Piperaceae;4
LOT03-454350/O;Peperomia;Peperomia eburnea;Piperaceae;4
LOT03-21441/H;Peperomia;Peperomia eburnea;Piperaceae;4
LOT01-3454/H2;Peperomia;Peperomia obtusifolia;Piperaceae;0
LOT01-3410/H1;Peperomia;Peperomia obtusifolia;Piperaceae;0
LOT01-3410/H2;Peperomia;Peperomia obtusifolia;Piperaceae;0
LOT01-3454/H1;Peperomia;Peperomia obtusifolia;Piperaceae;0
LOT01-3487/H1;Peperomia;Peperomia peltoidea;Piperaceae;0
LOT02-45586/H;Peperomia;Peperomia pillahuatana;Piperaceae;5
LOT01-3488/H1;Peperomia;Peperomia rotundifolia;Piperaceae;0
LOT02-18438/O;Peperomia;Peperomia subspathulata;Piperaceae;4
LOT02-18519/O;Peperomia;Peperomia subspathulata;Piperaceae;5
LOT02-211134/O;Peperomia;Peperomia subspathulata;Piperaceae;1
LOT02-213106/O;Peperomia;Peperomia subspathulata;Piperaceae;3
LOT02-18651/O;Peperomia;Peperomia subspathulata;Piperaceae;6
LOT02-18654/O;Peperomia;Peperomia subspathulata;Piperaceae;6
LOT02-45560/H;Peperomia;Peperomia subspathulata;Piperaceae;5
LOT02-45560/L;Peperomia;Peperomia subspathulata;Piperaceae;5
LOT02-45560/L;Peperomia;Peperomia subspathulata;Piperaceae;5
LOT02-45560/P;Peperomia;Peperomia subspathulata;Piperaceae;5
LOT02-18641/O;Peperomia;Peperomia subvillicaulis;Piperaceae;6
LOT02-18558/O;Peperomia;Peperomia subvillicaulis;Piperaceae;5
LOT02-18475/O;Peperomia;Peperomia subvillicaulis;Piperaceae;4
LOT02-45484/H;Peperomia;Peperomia subvillicaulis;Piperaceae;4
LOT02-45485/L;Peperomia;Peperomia subvillicaulis;Piperaceae;4
LOT02-45485/L;Peperomia;Peperomia subvillicaulis;Piperaceae;4
LOT01-3404/H1;Peperomia;Peperomia tricolor;Piperaceae;0
LOT01-3425/H1;Peperomia;Peperomia tricolor;Piperaceae;0
LOT01-3424/H2;Peperomia;Peperomia tricolor;Piperaceae;0
LOT01-3425/H2;Peperomia;Peperomia tricolor;Piperaceae;0
LOT01-3424/H1;Peperomia;Peperomia tricolor;Piperaceae;0
LOT03-45466/C;Persea;Persea sp. CC1;Lauraceae;4
LOT03-45466/P;Persea;Persea sp. CC1;Lauraceae;4
LOT03-45466/H;Persea;Persea sp. CC1;Lauraceae;4
LOT01-3441/H2;Philodendron;Philodendron applanatum;Araceae;0
LOT01-3441/H1;Philodendron;Philodendron applanatum;Araceae;0
LOT01-3463/H2;Philodendron;Philodendron asplundii;Araceae;0
LOT01-3463/H1;Philodendron;Philodendron asplundii;Araceae;0
LOT01-3489/H1;Philodendron;Philodendron exile;Araceae;0
LOT01-3490/H1;Philodendron;Philodendron fibrillosum;Araceae;0
LOT01-3411/H2;Philodendron;Philodendron fibrillosum;Araceae;0
LOT01-3411/H1;Philodendron;Philodendron fibrillosum;Araceae;0
LOT02-455104/H;Philodendron;Philodendron hederaceum;Araceae;5
LOT01-3451/H1;Philodendron;Philodendron juninense;Araceae;0
LOT02-18440/O;Philodendron;Philodendron schottianum;Araceae;4
LOT02-213113/O;Philodendron;Philodendron schottianum;Araceae;3
LOT02-454103/H;Philodendron;Philodendron schottianum;Araceae;4
LOT03-21471/H;Philodendron;Philodendron sp. CC1;Araceae;4
LOT03-21471/C;Philodendron;Philodendron sp. CC1;Araceae;4
LOT01-3474/H1;Philodendron;Philodendron sp. LV1;Araceae;0
LOT01-3494/H1;Philodendron;Philodendron sp. LV2;Araceae;0
LOT03-21427/H;Phlegmariurus;Phlegmariurus funiformis;Lycopodiaceae;4
LOT03-21427/C;Phlegmariurus;Phlegmariurus funiformis;Lycopodiaceae;4
LOT03-45681/C;Phloeophila;Phloeophila cf. peperomioides;Orchidaceae;6
LOT03-45681/H;Phloeophila;Phloeophila cf. peperomioides;Orchidaceae;6
LOT02-456159/H;Phloeophila;Phloeophila peperomioides;Orchidaceae;6
LOT03-214147/O;Phloeophila;Phloeophila sp. CC1;Orchidaceae;4
LOT03-21499/H;Phoradendron;Phoradendron chrysocladon;Loranthaceae;4
LOT03-21499/C;Phoradendron;Phoradendron chrysocladon;Loranthaceae;4
LOT02-451174/H;Phthirusa;Phthirusa robusta;Loranthaceae;1
LOT02-451174/P;Phthirusa;Phthirusa robusta;Loranthaceae;1
LOT02-212126/O;Phthirusa;Phthirusa robusta;Loranthaceae;2
LOT03-21234/H;Pitcairnia;Pitcairnia arcuata;Bromeliaceae;2
LOT03-214121/C;Pitcairnia;Pitcairnia cf. squarrosa;Bromeliaceae;4
LOT03-214121/H;Pitcairnia;Pitcairnia cf. squarrosa;Bromeliaceae;4
LOT03-214137/H;Pitcairnia;Pitcairnia cf. squarrosa;Bromeliaceae;4
LOT03-214137/C;Pitcairnia;Pitcairnia cf. squarrosa;Bromeliaceae;4
LOT03-214137/P;Pitcairnia;Pitcairnia cf. squarrosa;Bromeliaceae;4
LOT02-18545/O;Pityphyllum;Pityphyllum mercedesabarcae;Orchidaceae;5
LOT02-18581/O;Pityphyllum;Pityphyllum mercedesabarcae;Orchidaceae;5
LOT02-18519/O;Pityphyllum;Pityphyllum mercedesabarcae;Orchidaceae;5
LOT02-18501/O;Pityphyllum;Pityphyllum mercedesabarcae;Orchidaceae;5
LOT02-21562/O;Pityphyllum;Pityphyllum mercedesabarcae;Orchidaceae;5
LOT02-45507/P;Pityphyllum;Pityphyllum mercedesabarcae;Orchidaceae;5
LOT02-45606/H;Pityphyllum;Pityphyllum mercedesabarcae;Orchidaceae;6
LOT03-456146/C;Pleurothallis;Pleurothallis sp. CC1;Orchidaceae;6
LOT03-456146/H;Pleurothallis;Pleurothallis sp. CC1;Orchidaceae;6
LOT03-456135/H;Pleurothallis;Pleurothallis sp. CC2;Orchidaceae;6
LOT02-45448/H;Pleurothallis;Pleurothallis stricta;Orchidaceae;4
LOT02-45448/P;Pleurothallis;Pleurothallis stricta;Orchidaceae;4
LOT02-45657/P;Pleurothallis;Pleurothallis tenuifolia;Orchidaceae;6
LOT02-45657/H;Pleurothallis;Pleurothallis tenuifolia;Orchidaceae;6
LOT01-3438/H1;Prosthechea;Prosthechea fragrans;Orchidaceae;0
LOT01-3438/A;Prosthechea;Prosthechea fragrans;Orchidaceae;0
LOT01-3409/H1;Prosthechea;Prosthechea fragrans;Orchidaceae;0
LOT02-456190/H;Prosthechea;Prosthechea pulcherrima;Orchidaceae;6
LOT02-45630/P;Prosthechea;Prosthechea pulcherrima;Orchidaceae;6
LOT02-45529/H;Prosthechea;Prosthechea pulcherrima;Orchidaceae;5
LOT01-3472/H1;Prosthechea;Prosthechea pygmaea;Orchidaceae;0
LOT01-3472/A;Prosthechea;Prosthechea pygmaea;Orchidaceae;0
LOT02-456119/H;Prosthechea;Prosthechea vespa;Orchidaceae;6
LOT02-18599/O;Psammisia;Psammisia pennellii;Ericaceae;5
LOT02-453145/H;Psammisia;Psammisia pennellii;Ericaceae;3
LOT02-455102/H;Psammisia;Psammisia pennellii;Ericaceae;5
LOT02-212127/O;Psammisia;Psammisia ulbrichiana;Ericaceae;2
LOT02-18682/O;Psammisia;Psammisia ulbrichiana;Ericaceae;6
LOT02-10513/O;Psammisia;Psammisia ulbrichiana;Ericaceae;5
LOT02-45596/H;Psammisia;Psammisia ulbrichiana;Ericaceae;5
LOT02-21397/O;Psammisia;Psammisia ulbrichiana;Ericaceae;3
LOT01-3460/H1;Psittacanthus;Psittacanthus truncatus;Loranthaceae;0
LOT01-3460/H2;Psittacanthus;Psittacanthus truncatus;Loranthaceae;0
LOT02-45673/H;Racinaea;Racinaea multiflora;Bromeliaceae;6
LOT02-18633/O;Racinaea;Racinaea penduliflora;Bromeliaceae;6
LOT02-18692/O;Racinaea;Racinaea penduliflora;Bromeliaceae;6
LOT02-18694/O;Racinaea;Racinaea penduliflora;Bromeliaceae;6
LOT02-18659/O;Racinaea;Racinaea penduliflora;Bromeliaceae;6
LOT02-18682/O;Racinaea;Racinaea penduliflora;Bromeliaceae;6
LOT02-18649/O;Racinaea;Racinaea penduliflora;Bromeliaceae;6
LOT02-45567/P;Racinaea;Racinaea penduliflora;Bromeliaceae;5
LOT02-45466/H;Racinaea;Racinaea penduliflora;Bromeliaceae;4
LOT02-21563/O;Racinaea;Racinaea penduliflora;Bromeliaceae;5
LOT02-18588/O;Racinaea;Racinaea penlandii;Bromeliaceae;5
LOT02-18693/O;Racinaea;Racinaea penlandii;Bromeliaceae;6
LOT02-18586/O;Racinaea;Racinaea penlandii;Bromeliaceae;5
LOT02-45677/P;Racinaea;Racinaea penlandii;Bromeliaceae;6
LOT02-45676/H;Racinaea;Racinaea penlandii;Bromeliaceae;6
LOT02-456191/H;Racinaea;Racinaea schumanniana;Bromeliaceae;6
LOT02-18592/O;Racinaea;Racinaea schumanniana;Bromeliaceae;5
LOT02-45581/H;Racinaea;Racinaea schumanniana;Bromeliaceae;5
LOT02-45579/P;Racinaea;Racinaea schumanniana;Bromeliaceae;5
LOT02-45578/H;Racinaea;Racinaea schumanniana;Bromeliaceae;5
LOT03-21559/O;Racinaea;Racinaea spiculosa;Bromeliaceae;5
LOT03-21565/O;Racinaea;Racinaea spiculosa;Bromeliaceae;5
LOT03-215221/O;Racinaea;Racinaea spiculosa;Bromeliaceae;5
LOT03-21646/H;Racinaea;Racinaea spiculosa;Bromeliaceae;6
LOT03-456138/C;Racinaea;Racinaea spiculosa;Bromeliaceae;6
LOT03-456138/H;Racinaea;Racinaea spiculosa;Bromeliaceae;6
LOT03-455317/O;Racinaea;Racinaea spiculosa;Bromeliaceae;5
LOT03-456363/O;Racinaea;Racinaea spiculosa;Bromeliaceae;6
LOT01-3467/H1;Racinaea;Racinaea spiculosa;Bromeliaceae;0
LOT03-455343/O;Racinaea;Racinaea spiculosa;Bromeliaceae;5
LOT03-45688/H;Racinaea;Racinaea spiculosa;Bromeliaceae;6
LOT02-18626/O;Racinaea;Racinaea tetrantha;Bromeliaceae;6
LOT02-45574/P;Racinaea;Racinaea tetrantha;Bromeliaceae;5
LOT02-45574/H;Racinaea;Racinaea tetrantha;Bromeliaceae;5
LOT02-45572/P;Racinaea;Racinaea tetrantha;Bromeliaceae;5
LOT02-45572/H;Racinaea;Racinaea tetrantha;Bromeliaceae;5
LOT03-456101/H;Rhetinantha;Rhetinantha acuminata;Orchidaceae;6
LOT03-456101/C;Rhetinantha;Rhetinantha acuminata;Orchidaceae;6
LOT03-21560/O;Rhetinantha;Rhetinantha acuminata;Orchidaceae;5
LOT03-456101/F;Rhetinantha;Rhetinantha acuminata;Orchidaceae;6
LOT03-456101/P;Rhetinantha;Rhetinantha acuminata;Orchidaceae;6
LOT03-21588/O;Rhetinantha;Rhetinantha acuminata;Orchidaceae;5
LOT03-456107/H;Rhetinantha;Rhetinantha acuminata;Orchidaceae;6
LOT03-456107/P;Rhetinantha;Rhetinantha acuminata;Orchidaceae;6
LOT03-456407/O;Rhetinantha;Rhetinantha acuminata;Orchidaceae;6
LOT03-456107/C;Rhetinantha;Rhetinantha acuminata;Orchidaceae;6
LOT03-456414/O;Rhetinantha;Rhetinantha acuminata;Orchidaceae;6
LOT03-456372/O;Rhetinantha;Rhetinantha acuminata;Orchidaceae;6
LOT03-456132/C;Rhetinantha;Rhetinantha aff. friedrichsthalii;Orchidaceae;6
LOT03-456132/H;Rhetinantha;Rhetinantha aff. friedrichsthalii;Orchidaceae;6
LOT03-21682/O;Rhetinantha;Rhetinantha aff. friedrichsthalii;Orchidaceae;6
LOT03-21681/O;Rhetinantha;Rhetinantha aff. friedrichsthalii;Orchidaceae;6
LOT03-456430/O;Rhetinantha;Rhetinantha aff. friedrichsthalii;Orchidaceae;6
LOT03-45684/H;Rhetinantha;Rhetinantha aff. friedrichsthalii;Orchidaceae;6
LOT03-456418/O;Scaphyglottis;Scaphyglottis cf. violacea;Orchidaceae;6
LOT03-216247/H;Scaphyglottis;Scaphyglottis modesta;Orchidaceae;6
LOT03-216247/C;Scaphyglottis;Scaphyglottis modesta;Orchidaceae;6
LOT03-456141/H;Scaphyglottis;Scaphyglottis prolifera;Orchidaceae;6
LOT03-456141/C;Scaphyglottis;Scaphyglottis prolifera;Orchidaceae;6
LOT03-45554/C;Scaphyglottis;Scaphyglottis punctulata;Orchidaceae;5
LOT03-45554/C;Scaphyglottis;Scaphyglottis punctulata;Orchidaceae;5
LOT03-45554/H;Scaphyglottis;Scaphyglottis punctulata;Orchidaceae;5
LOT03-45554/H;Scaphyglottis;Scaphyglottis punctulata;Orchidaceae;5
LOT02-18584/O;Scaphyglottis;Scaphyglottis punctulata;Orchidaceae;5
LOT02-18592/O;Scaphyglottis;Scaphyglottis punctulata;Orchidaceae;5
LOT02-18599/O;Scaphyglottis;Scaphyglottis punctulata;Orchidaceae;5
LOT02-18587/O;Scaphyglottis;Scaphyglottis punctulata;Orchidaceae;5
LOT02-18520/O;Scaphyglottis;Scaphyglottis punctulata;Orchidaceae;5
LOT02-18689/O;Scaphyglottis;Scaphyglottis punctulata;Orchidaceae;6
LOT02-18521/O;Scaphyglottis;Scaphyglottis punctulata;Orchidaceae;5
LOT02-21617/O;Scaphyglottis;Scaphyglottis punctulata;Orchidaceae;6
LOT02-21502/O;Scaphyglottis;Scaphyglottis punctulata;Orchidaceae;5
LOT02-45445/H;Scaphyglottis;Scaphyglottis punctulata;Orchidaceae;4
LOT02-45445/P;Scaphyglottis;Scaphyglottis punctulata;Orchidaceae;4
LOT03-21537/C;Scaphyglottis;Scaphyglottis reflexa;Orchidaceae;5
LOT03-21537/H;Scaphyglottis;Scaphyglottis reflexa;Orchidaceae;5
LOT03-216240/H;Scaphyglottis;Scaphyglottis reflexa;Orchidaceae;6
LOT03-216240/C;Scaphyglottis;Scaphyglottis reflexa;Orchidaceae;6
LOT03-216210/O;Scaphyglottis;Scaphyglottis violacea;Orchidaceae;6
LOT03-456128/C;Scaphyglottis;Scaphyglottis violacea;Orchidaceae;6
LOT03-456128/P;Scaphyglottis;Scaphyglottis violacea;Orchidaceae;6
LOT03-456128/H;Scaphyglottis;Scaphyglottis violacea;Orchidaceae;6
LOT03-456312/O;Scaphyglottis;Scaphyglottis violacea;Orchidaceae;6
LOT03-456412/O;Scaphyglottis;Scaphyglottis violacea;Orchidaceae;6
LOT03-456435/O;Scaphyglottis;Scaphyglottis violacea;Orchidaceae;6
LOT03-456439/O;Scaphyglottis;Scaphyglottis violacea;Orchidaceae;6
LOT03-456441/O;Scaphyglottis;Scaphyglottis violacea;Orchidaceae;6
LOT03-456445/O;Scaphyglottis;Scaphyglottis violacea;Orchidaceae;6
LOT03-456404/O;Scaphyglottis;Scaphyglottis violacea;Orchidaceae;6
LOT03-456403/O;Scaphyglottis;Scaphyglottis violacea;Orchidaceae;6
LOT03-456434/O;Scaphyglottis;Scaphyglottis violacea;Orchidaceae;6
LOT03-456364/O;Scaphyglottis;Scaphyglottis violacea;Orchidaceae;6
LOT03-45682/C;Scaphyglottis;Scaphyglottis violacea;Orchidaceae;6
LOT03-45682/H;Scaphyglottis;Scaphyglottis violacea;Orchidaceae;6
LOT03-456389/O;Scaphyglottis;Scaphyglottis violacea;Orchidaceae;6
LOT03-456395/O;Scaphyglottis;Scaphyglottis violacea;Orchidaceae;6
LOT03-456428/O;Scaphyglottis;Scaphyglottis violacea;Orchidaceae;6
LOT03-456371/O;Scaphyglottis;Scaphyglottis violacea;Orchidaceae;6
LOT02-456106/H;Schultesianthus;Schultesianthus dudleyi;Solanaceae;6
LOT03-215119/C;Sciodaphyllum;Sciodaphyllum cf. chococolum;Araliaceae;5
LOT03-215119/H;Sciodaphyllum;Sciodaphyllum cf. chococolum;Araliaceae;5
LOT03-214211/H;Sciodaphyllum;Sciodaphyllum lancifoliolatum;Araliaceae;4
LOT03-214211/C;Sciodaphyllum;Sciodaphyllum lancifoliolatum;Araliaceae;4
LOT02-213123/O;Sciodaphyllum;Sciodaphyllum pentandrum;Araliaceae;3
LOT02-453144/H;Sciodaphyllum;Sciodaphyllum pentandrum;Araliaceae;3
LOT02-453144/P;Sciodaphyllum;Sciodaphyllum pentandrum;Araliaceae;3
LOT03-45490/C;Sciodaphyllum;Sciodaphyllum sp. CC1;Araliaceae;4
LOT03-45490/H;Sciodaphyllum;Sciodaphyllum sp. CC1;Araliaceae;4
LOT03-21538/H;Sciodaphyllum;Sciodaphyllum sp. CC2;Araliaceae;5
LOT03-21538/C;Sciodaphyllum;Sciodaphyllum sp. CC2;Araliaceae;5
LOT02-455172/H;Semiramisia;Semiramisia speciosa;Ericaceae;5
LOT01-3471/H1;Semiramisia;Semiramisia speciosa;Ericaceae;0
LOT03-06429/H;Serpocaulon;Serpocaulon triseriale;Polypodiaceae;4
LOT03-06429/R;Serpocaulon;Serpocaulon triseriale;Polypodiaceae;4
LOT03-06429/D;Serpocaulon;Serpocaulon triseriale;Polypodiaceae;4
LOT03-16513/H;Sobralia;Sobralia cf. crocea;Orchidaceae;5
LOT03-16513/C;Sobralia;Sobralia cf. crocea;Orchidaceae;5
LOT01-3422/H1;Sobralia;Sobralia fimbriata;Orchidaceae;0
LOT03-214216/H;Sobralia;Sobralia klotzscheana;Orchidaceae;4
LOT03-214216/C;Sobralia;Sobralia klotzscheana;Orchidaceae;4
LOT03-45576/H;Sobralia;Sobralia klotzscheana;Orchidaceae;5
LOT02-452141/P;Solanum;Solanum chimborazense;Solanaceae;2
LOT02-452141/H;Solanum;Solanum chimborazense;Solanaceae;2
LOT02-45658/H;Solenidiopsis;Solenidiopsis tigroides;Orchidaceae;6
LOT01-3429/H1;Souroubea;Souroubea peruviana;Marcgraviaceae;0
LOT01-3429/H2;Souroubea;Souroubea peruviana;Marcgraviaceae;0
LOT01-3415/H1;Souroubea;Souroubea peruviana;Marcgraviaceae;0
LOT01-3462/H1;Specklinia;Specklinia sp. LV1;Orchidaceae;0
LOT01-3457/H2;Sphaeradenia;Sphaeradenia angustifolia;Cyclanthaceae;0
LOT01-3457/H1;Sphaeradenia;Sphaeradenia angustifolia;Cyclanthaceae;0
LOT03-45446/C;Sphaeradenia;Sphaeradenia cf. amazonica;Cyclanthaceae;4
LOT03-45439/H;Sphaeradenia;Sphaeradenia cf. amazonica;Cyclanthaceae;4
LOT03-214141/H;Sphaeradenia;Sphaeradenia cf. amazonica;Cyclanthaceae;4
LOT03-45446/H;Sphaeradenia;Sphaeradenia cf. amazonica;Cyclanthaceae;4
LOT03-45439/C;Sphaeradenia;Sphaeradenia cf. amazonica;Cyclanthaceae;4
LOT03-214232/C;Sphaeradenia;Sphaeradenia cf. amazonica;Cyclanthaceae;4
LOT03-214232/H;Sphaeradenia;Sphaeradenia cf. amazonica;Cyclanthaceae;4
LOT03-45573/H;Sphyrospermum;Sphyrospermum buxifolium;Ericaceae;5
LOT03-215236/H;Sphyrospermum;Sphyrospermum buxifolium;Ericaceae;5
LOT03-215243/H;Sphyrospermum;Sphyrospermum buxifolium;Ericaceae;5
LOT03-455110/C;Sphyrospermum;Sphyrospermum buxifolium;Ericaceae;5
LOT03-455110/P;Sphyrospermum;Sphyrospermum buxifolium;Ericaceae;5
LOT03-454301/O;Sphyrospermum;Sphyrospermum buxifolium;Ericaceae;4
LOT03-45553/C;Sphyrospermum;Sphyrospermum buxifolium;Ericaceae;5
LOT03-455386/O;Sphyrospermum;Sphyrospermum buxifolium;Ericaceae;5
LOT03-455378/O;Sphyrospermum;Sphyrospermum buxifolium;Ericaceae;5
LOT03-215236/C;Sphyrospermum;Sphyrospermum buxifolium;Ericaceae;5
LOT03-45553/P;Sphyrospermum;Sphyrospermum buxifolium;Ericaceae;5
LOT03-455110/H;Sphyrospermum;Sphyrospermum buxifolium;Ericaceae;5
LOT03-45553/H;Sphyrospermum;Sphyrospermum buxifolium;Ericaceae;5
LOT03-215243/C;Sphyrospermum;Sphyrospermum buxifolium;Ericaceae;5
LOT03-455349/O;Sphyrospermum;Sphyrospermum buxifolium;Ericaceae;5
LOT03-45572/H;Sphyrospermum;Sphyrospermum buxifolium;Ericaceae;5
LOT03-455442/O;Sphyrospermum;Sphyrospermum buxifolium;Ericaceae;5
LOT03-456438/O;Sphyrospermum;Sphyrospermum buxifolium;Ericaceae;6
LOT02-18583/O;Sphyrospermum;Sphyrospermum buxifolium;Ericaceae;5
LOT02-18438/O;Sphyrospermum;Sphyrospermum buxifolium;Ericaceae;4
LOT02-18545/O;Sphyrospermum;Sphyrospermum buxifolium;Ericaceae;5
LOT02-18591/O;Sphyrospermum;Sphyrospermum buxifolium;Ericaceae;5
LOT02-18462/O;Sphyrospermum;Sphyrospermum buxifolium;Ericaceae;4
LOT02-18670/O;Sphyrospermum;Sphyrospermum buxifolium;Ericaceae;6
LOT02-18519/O;Sphyrospermum;Sphyrospermum buxifolium;Ericaceae;5
LOT03-456375/O;Sphyrospermum;Sphyrospermum buxifolium;Ericaceae;6
LOT02-18501/O;Sphyrospermum;Sphyrospermum buxifolium;Ericaceae;5
LOT02-18581/O;Sphyrospermum;Sphyrospermum buxifolium;Ericaceae;5
LOT02-18599/O;Sphyrospermum;Sphyrospermum buxifolium;Ericaceae;5
LOT03-456362/O;Sphyrospermum;Sphyrospermum buxifolium;Ericaceae;6
LOT02-18563/O;Sphyrospermum;Sphyrospermum buxifolium;Ericaceae;5
LOT02-18682/O;Sphyrospermum;Sphyrospermum buxifolium;Ericaceae;6
LOT02-18495/O;Sphyrospermum;Sphyrospermum buxifolium;Ericaceae;4
LOT02-45588/H;Sphyrospermum;Sphyrospermum buxifolium;Ericaceae;5
LOT02-45587/P;Sphyrospermum;Sphyrospermum buxifolium;Ericaceae;5
LOT02-21516/O;Sphyrospermum;Sphyrospermum buxifolium;Ericaceae;5
LOT03-456420/O;Sphyrospermum;Sphyrospermum cf. buxifolium;Ericaceae;6
LOT02-10502/O;Sphyrospermum;Sphyrospermum cordifolium;Ericaceae;5
LOT02-18592/O;Sphyrospermum;Sphyrospermum cordifolium;Ericaceae;5
LOT02-18652/O;Sphyrospermum;Sphyrospermum cordifolium;Ericaceae;6
LOT02-18659/O;Sphyrospermum;Sphyrospermum cordifolium;Ericaceae;6
LOT02-455100/H;Sphyrospermum;Sphyrospermum cordifolium;Ericaceae;5
LOT02-452143/H;Sphyrospermum;Sphyrospermum cordifolium;Ericaceae;2
LOT03-45447/H;Sphyrospermum;Sphyrospermum dissimile;Ericaceae;4
LOT03-455327/O;Sphyrospermum;Sphyrospermum dissimile;Ericaceae;5
LOT03-45492/H;Sphyrospermum;Sphyrospermum dissimile;Ericaceae;4
LOT03-45492/P;Sphyrospermum;Sphyrospermum dissimile;Ericaceae;4
LOT03-45561/H;Sphyrospermum;Sphyrospermum dissimile;Ericaceae;5
LOT03-455305/O;Sphyrospermum;Sphyrospermum dissimile;Ericaceae;5
LOT03-215242/O;Sphyrospermum;Sphyrospermum dissimile;Ericaceae;5
LOT03-454311/O;Sphyrospermum;Sphyrospermum dissimile;Ericaceae;4
LOT03-455358/O;Sphyrospermum;Sphyrospermum dissimile;Ericaceae;5
LOT03-214217/O;Sphyrospermum;Sphyrospermum dissimile;Ericaceae;4
LOT03-45569/H;Sphyrospermum;Sphyrospermum dissimile;Ericaceae;5
LOT03-455385/O;Sphyrospermum;Sphyrospermum dissimile;Ericaceae;5
LOT03-455411/O;Sphyrospermum;Sphyrospermum dissimile;Ericaceae;5
LOT03-45444/H;Sphyrospermum;Sphyrospermum dissimile;Ericaceae;4
LOT03-45405/C;Sphyrospermum;Sphyrospermum dissimile;Ericaceae;4
LOT03-45421/C;Sphyrospermum;Sphyrospermum dissimile;Ericaceae;4
LOT03-45419/H;Sphyrospermum;Sphyrospermum dissimile;Ericaceae;4
LOT03-45412/H;Sphyrospermum;Sphyrospermum dissimile;Ericaceae;4
LOT03-45431/H;Sphyrospermum;Sphyrospermum dissimile;Ericaceae;4
LOT03-45451/H;Sphyrospermum;Sphyrospermum dissimile;Ericaceae;4
LOT03-45421/H;Sphyrospermum;Sphyrospermum dissimile;Ericaceae;4
LOT03-45405/H;Sphyrospermum;Sphyrospermum dissimile;Ericaceae;4
LOT03-214249/O;Sphyrospermum;Sphyrospermum dissimile;Ericaceae;4
LOT03-45492/F;Sphyrospermum;Sphyrospermum dissimile;Ericaceae;4
LOT03-45492/C;Sphyrospermum;Sphyrospermum dissimile;Ericaceae;4
LOT03-456316/O;Sphyrospermum;Sphyrospermum dissimile;Ericaceae;6
LOT03-456446/O;Sphyrospermum;Sphyrospermum dissimile;Ericaceae;6
LOT03-455339/O;Sphyrospermum;Sphyrospermum dissimile;Ericaceae;5
LOT03-456368/O;Sphyrospermum;Sphyrospermum dissimile;Ericaceae;6
LOT03-455346/O;Sphyrospermum;Sphyrospermum dissimile;Ericaceae;5
LOT03-455334/O;Sphyrospermum;Sphyrospermum dissimile;Ericaceae;5
LOT03-455318/O;Sphyrospermum;Sphyrospermum dissimile;Ericaceae;5
LOT03-456426/O;Sphyrospermum;Sphyrospermum dissimile;Ericaceae;6
LOT02-18475/O;Stelis;Stelis andreettae;Orchidaceae;4
LOT02-18474/O;Stelis;Stelis andreettae;Orchidaceae;4
LOT02-18522/O;Stelis;Stelis andreettae;Orchidaceae;5
LOT02-18590/O;Stelis;Stelis andreettae;Orchidaceae;5
LOT02-18654/O;Stelis;Stelis andreettae;Orchidaceae;6
LOT02-16505/O;Stelis;Stelis andreettae;Orchidaceae;5
LOT02-21181/O;Stelis;Stelis andreettae;Orchidaceae;1
LOT02-18511/O;Stelis;Stelis andreettae;Orchidaceae;5
LOT02-455108/P;Stelis;Stelis andreettae;Orchidaceae;5
LOT02-45415/L;Stelis;Stelis andreettae;Orchidaceae;4
LOT02-36605/O;Stelis;Stelis andreettae;Orchidaceae;6
LOT02-45415/H;Stelis;Stelis andreettae;Orchidaceae;4
LOT02-454126/H;Stelis;Stelis andreettae;Orchidaceae;4
LOT02-455108/H;Stelis;Stelis andreettae;Orchidaceae;5
LOT02-455108/L;Stelis;Stelis andreettae;Orchidaceae;5
LOT02-454126/P;Stelis;Stelis andreettae;Orchidaceae;4
LOT02-21502/O;Stelis;Stelis andreettae;Orchidaceae;5
LOT02-45625/H;Stelis;Stelis andreettae;Orchidaceae;6
LOT02-45415/L;Stelis;Stelis andreettae;Orchidaceae;4
LOT02-455108/L;Stelis;Stelis andreettae;Orchidaceae;5
LOT03-215237/O;Stelis;Stelis argentata;Orchidaceae;5
LOT03-216250/O;Stelis;Stelis argentata;Orchidaceae;6
LOT03-456144/H;Stelis;Stelis argentata;Orchidaceae;6
LOT03-456144/C;Stelis;Stelis argentata;Orchidaceae;6
LOT03-456145/H;Stelis;Stelis cf. pusilla;Orchidaceae;6
LOT03-456145/C;Stelis;Stelis cf. pusilla;Orchidaceae;6
LOT02-18474/O;Stelis;Stelis cuatrecasasii;Orchidaceae;4
LOT02-10511/O;Stelis;Stelis cuatrecasasii;Orchidaceae;5
LOT02-18654/O;Stelis;Stelis cuatrecasasii;Orchidaceae;6
LOT02-18469/O;Stelis;Stelis cuatrecasasii;Orchidaceae;4
LOT02-212111/O;Stelis;Stelis cuatrecasasii;Orchidaceae;2
LOT02-18522/O;Stelis;Stelis cuatrecasasii;Orchidaceae;5
LOT02-213120/O;Stelis;Stelis cuatrecasasii;Orchidaceae;3
LOT02-18577/O;Stelis;Stelis cuatrecasasii;Orchidaceae;5
LOT02-18693/O;Stelis;Stelis cuatrecasasii;Orchidaceae;6
LOT02-21178/O;Stelis;Stelis cuatrecasasii;Orchidaceae;1
LOT02-18580/O;Stelis;Stelis cuatrecasasii;Orchidaceae;5
LOT02-21503/O;Stelis;Stelis cuatrecasasii;Orchidaceae;5
LOT02-45520/H;Stelis;Stelis cuatrecasasii;Orchidaceae;5
LOT02-45520/P;Stelis;Stelis cuatrecasasii;Orchidaceae;5
LOT02-21516/O;Stelis;Stelis cuatrecasasii;Orchidaceae;5
LOT02-21369/O;Stelis;Stelis cuatrecasasii;Orchidaceae;3
LOT02-18648/O;Stelis;Stelis cuencana;Orchidaceae;6
LOT02-18587/O;Stelis;Stelis cuencana;Orchidaceae;5
LOT02-18516/O;Stelis;Stelis cuencana;Orchidaceae;5
LOT02-18512/O;Stelis;Stelis cuencana;Orchidaceae;5
LOT02-10538/O;Stelis;Stelis cuencana;Orchidaceae;5
LOT02-18438/O;Stelis;Stelis cuencana;Orchidaceae;4
LOT02-18521/O;Stelis;Stelis cuencana;Orchidaceae;5
LOT02-18502/O;Stelis;Stelis cuencana;Orchidaceae;5
LOT02-10546/O;Stelis;Stelis cuencana;Orchidaceae;5
LOT02-18471/O;Stelis;Stelis cuencana;Orchidaceae;4
LOT02-18632/O;Stelis;Stelis cuencana;Orchidaceae;6
LOT02-18641/O;Stelis;Stelis cuencana;Orchidaceae;6
LOT02-18478/O;Stelis;Stelis cuencana;Orchidaceae;4
LOT02-18476/O;Stelis;Stelis cuencana;Orchidaceae;4
LOT02-18626/O;Stelis;Stelis cuencana;Orchidaceae;6
LOT02-18560/O;Stelis;Stelis cuencana;Orchidaceae;5
LOT02-18689/O;Stelis;Stelis cuencana;Orchidaceae;6
LOT02-18584/O;Stelis;Stelis cuencana;Orchidaceae;5
LOT02-18409/O;Stelis;Stelis cuencana;Orchidaceae;4
LOT02-18407/O;Stelis;Stelis cuencana;Orchidaceae;4
LOT02-18685/O;Stelis;Stelis cuencana;Orchidaceae;6
LOT02-18563/O;Stelis;Stelis cuencana;Orchidaceae;5
LOT02-18593/O;Stelis;Stelis cuencana;Orchidaceae;5
LOT02-18670/O;Stelis;Stelis cuencana;Orchidaceae;6
LOT02-18547/O;Stelis;Stelis cuencana;Orchidaceae;5
LOT02-18546/O;Stelis;Stelis cuencana;Orchidaceae;5
LOT02-18409/O;Stelis;Stelis cuencana;Orchidaceae;4
LOT02-18527/O;Stelis;Stelis cuencana;Orchidaceae;5
LOT02-10511/O;Stelis;Stelis cuencana;Orchidaceae;5
LOT02-45522/H;Stelis;Stelis cuencana;Orchidaceae;5
LOT02-21654/O;Stelis;Stelis cuencana;Orchidaceae;6
LOT02-21558/O;Stelis;Stelis cuencana;Orchidaceae;5
LOT02-21503/O;Stelis;Stelis cuencana;Orchidaceae;5
LOT02-45526/P;Stelis;Stelis cuencana;Orchidaceae;5
LOT02-45416/H;Stelis;Stelis cuencana;Orchidaceae;4
LOT02-45517/P;Stelis;Stelis cuencana;Orchidaceae;5
LOT02-45526/H;Stelis;Stelis cuencana;Orchidaceae;5
LOT02-45523/P;Stelis;Stelis cuencana;Orchidaceae;5
LOT02-21510/O;Stelis;Stelis cuencana;Orchidaceae;5
LOT01-3495/H1;Stelis;Stelis depauperata;Orchidaceae;0
LOT02-18648/O;Stelis;Stelis distans;Orchidaceae;6
LOT02-21188/O;Stelis;Stelis distans;Orchidaceae;1
LOT02-18694/O;Stelis;Stelis distans;Orchidaceae;6
LOT02-18692/O;Stelis;Stelis distans;Orchidaceae;6
LOT02-213100/O;Stelis;Stelis distans;Orchidaceae;3
LOT02-18591/O;Stelis;Stelis distans;Orchidaceae;5
LOT02-18598/O;Stelis;Stelis distans;Orchidaceae;5
LOT02-18639/O;Stelis;Stelis distans;Orchidaceae;6
LOT02-18408/O;Stelis;Stelis distans;Orchidaceae;4
LOT02-18405/O;Stelis;Stelis distans;Orchidaceae;4
LOT02-18518/O;Stelis;Stelis distans;Orchidaceae;5
LOT02-18565/O;Stelis;Stelis distans;Orchidaceae;5
LOT02-18513/O;Stelis;Stelis distans;Orchidaceae;5
LOT02-18593/O;Stelis;Stelis distans;Orchidaceae;5
LOT02-18512/O;Stelis;Stelis distans;Orchidaceae;5
LOT02-18625/O;Stelis;Stelis distans;Orchidaceae;6
LOT02-18596/O;Stelis;Stelis distans;Orchidaceae;5
LOT02-18626/O;Stelis;Stelis distans;Orchidaceae;6
LOT02-21559/O;Stelis;Stelis distans;Orchidaceae;5
LOT02-45518/H;Stelis;Stelis distans;Orchidaceae;5
LOT02-45519/P;Stelis;Stelis distans;Orchidaceae;5
LOT02-21177/O;Stelis;Stelis formosa;Orchidaceae;1
LOT02-21514/O;Stelis;Stelis formosa;Orchidaceae;5
LOT02-45427/P;Stelis;Stelis formosa;Orchidaceae;4
LOT02-45427/H;Stelis;Stelis formosa;Orchidaceae;4
LOT02-452140/H;Stelis;Stelis formosa;Orchidaceae;2
LOT02-18641/O;Stelis;Stelis ligulata;Orchidaceae;6
LOT02-18583/O;Stelis;Stelis ligulata;Orchidaceae;5
LOT02-18467/O;Stelis;Stelis ligulata;Orchidaceae;4
LOT02-18632/O;Stelis;Stelis ligulata;Orchidaceae;6
LOT02-18588/O;Stelis;Stelis ligulata;Orchidaceae;5
LOT02-18408/O;Stelis;Stelis ligulata;Orchidaceae;4
LOT02-18510/O;Stelis;Stelis ligulata;Orchidaceae;5
LOT02-18591/O;Stelis;Stelis ligulata;Orchidaceae;5
LOT02-18563/O;Stelis;Stelis ligulata;Orchidaceae;5
LOT02-18403/O;Stelis;Stelis ligulata;Orchidaceae;4
LOT02-18593/O;Stelis;Stelis ligulata;Orchidaceae;5
LOT02-18694/O;Stelis;Stelis ligulata;Orchidaceae;6
LOT02-21176/O;Stelis;Stelis ligulata;Orchidaceae;1
LOT02-21655/O;Stelis;Stelis ligulata;Orchidaceae;6
LOT02-45413/H;Stelis;Stelis ligulata;Orchidaceae;4
LOT02-45414/P;Stelis;Stelis ligulata;Orchidaceae;4
LOT02-455151/H;Stelis;Stelis pelycophora;Orchidaceae;5
LOT02-455114/H;Stelis;Stelis pelycophora;Orchidaceae;5
LOT02-451184/P;Stelis;Stelis purpurea;Orchidaceae;1
LOT02-452185/L;Stelis;Stelis purpurea;Orchidaceae;2
LOT02-452185/L;Stelis;Stelis purpurea;Orchidaceae;2
LOT02-451184/H;Stelis;Stelis purpurea;Orchidaceae;1
LOT02-212109/O;Stelis;Stelis purpurea;Orchidaceae;2
LOT02-455152/H;Stelis;Stelis purpurea;Orchidaceae;5
LOT02-18590/O;Stelis;Stelis rutrum;Orchidaceae;5
LOT02-18694/O;Stelis;Stelis rutrum;Orchidaceae;6
LOT02-45431/H;Stelis;Stelis rutrum;Orchidaceae;4
LOT03-456103/C;Stelis;Stelis sp. CC1;Orchidaceae;6
LOT03-21632/H;Stelis;Stelis sp. CC1;Orchidaceae;6
LOT03-456134/H;Stelis;Stelis sp. CC1;Orchidaceae;6
LOT03-456102/C;Stelis;Stelis sp. CC1;Orchidaceae;6
LOT03-21690/O;Stelis;Stelis sp. CC1;Orchidaceae;6
LOT03-455320/O;Stelis;Stelis sp. CC1;Orchidaceae;5
LOT03-456102/H;Stelis;Stelis sp. CC1;Orchidaceae;6
LOT03-456103/H;Stelis;Stelis sp. CC1;Orchidaceae;6
LOT03-456134/C;Stelis;Stelis sp. CC1;Orchidaceae;6
LOT03-21683/O;Stelis;Stelis sp. CC1;Orchidaceae;6
LOT03-216239/O;Stelis;Stelis sp. CC1;Orchidaceae;6
LOT03-456134/P;Stelis;Stelis sp. CC1;Orchidaceae;6
LOT03-21632/C;Stelis;Stelis sp. CC1;Orchidaceae;6
LOT03-215222/O;Stelis;Stelis sp. CC1;Orchidaceae;5
LOT03-21562/O;Stelis;Stelis sp. CC1;Orchidaceae;5
LOT03-456437/O;Stelis;Stelis sp. CC1;Orchidaceae;6
LOT03-456391/O;Stelis;Stelis sp. CC1;Orchidaceae;6
LOT03-456429/O;Stelis;Stelis sp. CC1;Orchidaceae;6
LOT03-456399/O;Stelis;Stelis sp. CC1;Orchidaceae;6
LOT03-21631/H;Stelis;Stelis sp. CC2;Orchidaceae;6
LOT03-21631/C;Stelis;Stelis sp. CC2;Orchidaceae;6
LOT02-456156/H;Stelis;Stelis tempestuosa;Orchidaceae;6
LOT02-456156/P;Stelis;Stelis tempestuosa;Orchidaceae;6
LOT02-18478/O;Stelis;Stelis tempestuosa;Orchidaceae;4
LOT02-18593/O;Stelis;Stelis tempestuosa;Orchidaceae;5
LOT02-21396/O;Stelis;Stelis tempestuosa;Orchidaceae;3
LOT02-45521/P;Stelis;Stelis tempestuosa;Orchidaceae;5
LOT02-45521/H;Stelis;Stelis tempestuosa;Orchidaceae;5
LOT02-21516/O;Stelis;Stelis tempestuosa;Orchidaceae;5
LOT01-3414/H1;Stenospermation;Stenospermation amomifolium;Araceae;0
LOT01-3414/H2;Stenospermation;Stenospermation amomifolium;Araceae;0
LOT03-454105/H;Stenospermation;Stenospermation cf. andreanum;Araceae;4
LOT03-454105/C;Stenospermation;Stenospermation cf. andreanum;Araceae;4
LOT03-45409/H;Stenospermation;Stenospermation cf. densiovulatum;Araceae;4
LOT03-45425/H;Stenospermation;Stenospermation cf. densiovulatum;Araceae;4
LOT03-45491/C;Stenospermation;Stenospermation cf. densiovulatum;Araceae;4
LOT03-45409/C;Stenospermation;Stenospermation cf. densiovulatum;Araceae;4
LOT03-214224/C;Stenospermation;Stenospermation cf. densiovulatum;Araceae;4
LOT03-21493/H;Stenospermation;Stenospermation cf. densiovulatum;Araceae;4
LOT03-214224/H;Stenospermation;Stenospermation cf. densiovulatum;Araceae;4
LOT03-45491/H;Stenospermation;Stenospermation cf. densiovulatum;Araceae;4
LOT01-3486/H1;Stenospermation;Stenospermation lugoanum;Araceae;0
LOT03-45411/H;Stenospermation;Stenospermation sp. CC1;Araceae;4
LOT03-45442/H;Stenospermation;Stenospermation sp. CC1;Araceae;4
LOT01-3427/H2;Struthanthus;Struthanthus cansjerifolius;Loranthaceae;0
LOT01-3427/H1;Struthanthus;Struthanthus cansjerifolius;Loranthaceae;0
LOT03-456129/H;Struthanthus;Struthanthus orbicularis;Loranthaceae;6
LOT03-456129/P;Struthanthus;Struthanthus orbicularis;Loranthaceae;6
LOT03-456129/C;Struthanthus;Struthanthus orbicularis;Loranthaceae;6
LOT03-456447/O;Struthanthus;Struthanthus orbicularis;Loranthaceae;6
LOT03-456436/O;Struthanthus;Struthanthus orbicularis;Loranthaceae;6
LOT03-456423/O;Struthanthus;Struthanthus orbicularis;Loranthaceae;6
LOT02-456133/H;Telipogon;Telipogon bowmanii;Orchidaceae;6
LOT02-455120/H;Telipogon;Telipogon bowmanii;Orchidaceae;5
LOT02-45580/H;Tillandsia;Tillandsia biflora;Bromeliaceae;5
LOT03-455124/C;Tillandsia;Tillandsia buseri;Bromeliaceae;5
LOT03-455124/P;Tillandsia;Tillandsia buseri;Bromeliaceae;5
LOT03-45404/H;Tillandsia;Tillandsia buseri;Bromeliaceae;4
LOT03-455124/H;Tillandsia;Tillandsia buseri;Bromeliaceae;5
LOT03-456148/H;Tillandsia;Tillandsia buseri;Bromeliaceae;6
LOT02-455169/P;Tillandsia;Tillandsia complanata;Bromeliaceae;5
LOT02-45592/H;Tillandsia;Tillandsia complanata;Bromeliaceae;5
LOT02-455168/H;Tillandsia;Tillandsia complanata;Bromeliaceae;5
LOT02-18577/O;Tillandsia;Tillandsia confinis;Bromeliaceae;5
LOT02-18633/O;Tillandsia;Tillandsia confinis;Bromeliaceae;6
LOT02-45671/P;Tillandsia;Tillandsia confinis;Bromeliaceae;6
LOT02-45570/H;Tillandsia;Tillandsia confinis;Bromeliaceae;5
LOT03-45596/H;Tillandsia;Tillandsia delicatula;Bromeliaceae;5
LOT03-45426/C;Tillandsia;Tillandsia delicatula;Bromeliaceae;4
LOT03-455360/O;Tillandsia;Tillandsia delicatula;Bromeliaceae;5
LOT03-45426/H;Tillandsia;Tillandsia delicatula;Bromeliaceae;4
LOT03-45597/P;Tillandsia;Tillandsia delicatula;Bromeliaceae;5
LOT03-45597/H;Tillandsia;Tillandsia delicatula;Bromeliaceae;5
LOT03-45597/C;Tillandsia;Tillandsia delicatula;Bromeliaceae;5
LOT03-45441/H;Tillandsia;Tillandsia delicatula;Bromeliaceae;4
LOT02-45594/H;Tillandsia;Tillandsia delicatula;Bromeliaceae;5
LOT02-213121/O;Tillandsia;Tillandsia denudata;Bromeliaceae;3
LOT02-18548/O;Tillandsia;Tillandsia denudata;Bromeliaceae;5
LOT02-18689/O;Tillandsia;Tillandsia denudata;Bromeliaceae;6
LOT02-45575/H;Tillandsia;Tillandsia denudata;Bromeliaceae;5
LOT02-45575/P;Tillandsia;Tillandsia denudata;Bromeliaceae;5
LOT02-10535/O;Tillandsia;Tillandsia fendleri;Bromeliaceae;5
LOT02-45693/H;Tillandsia;Tillandsia fendleri;Bromeliaceae;6
LOT02-455134/H;Tillandsia;Tillandsia fendleri;Bromeliaceae;5
LOT02-21444/O;Tillandsia;Tillandsia fendleri;Bromeliaceae;4
LOT01-3468/H1;Tillandsia;Tillandsia incurva;Bromeliaceae;0
LOT02-18592/O;Tillandsia;Tillandsia incurva;Bromeliaceae;5
LOT02-45582/H;Tillandsia;Tillandsia incurva;Bromeliaceae;5
LOT02-455155/H;Tillandsia;Tillandsia krukoffiana;Bromeliaceae;5
LOT02-18692/O;Tillandsia;Tillandsia krukoffiana;Bromeliaceae;6
LOT02-21564/O;Tillandsia;Tillandsia krukoffiana;Bromeliaceae;5
LOT03-455130/H;Tillandsia;Tillandsia sp. CC1;Bromeliaceae;5
LOT01-3430/H1;Tovomita;Tovomita weddelliana;Clusiaceae;0
LOT01-3430/H2;Tovomita;Tovomita weddelliana;Clusiaceae;0
LOT03-211245/H;Trichodrymonia;Trichodrymonia sp. CC1;Gesneriaceae;1
LOT03-06639;Trichomanes;Trichomanes cristatum;Hymenophyllaceae;6
LOT03-064109;Trichomanes;Trichomanes cristatum;Hymenophyllaceae;4
LOT03-06408/H;Trichomanes;Trichomanes cristatum;Hymenophyllaceae;4
LOT03-06434/H;Trichomanes;Trichomanes cristatum;Hymenophyllaceae;4
LOT03-06464/H;Trichomanes;Trichomanes cristatum;Hymenophyllaceae;4
LOT03-06464/D;Trichomanes;Trichomanes cristatum;Hymenophyllaceae;4
LOT03-06460/T;Trichomanes;Trichomanes cristatum;Hymenophyllaceae;4
LOT03-06460/H;Trichomanes;Trichomanes cristatum;Hymenophyllaceae;4
LOT03-06460/D;Trichomanes;Trichomanes cristatum;Hymenophyllaceae;4
LOT03-06460/D;Trichomanes;Trichomanes cristatum;Hymenophyllaceae;4
LOT03-06414/T;Trichomanes;Trichomanes cristatum;Hymenophyllaceae;4
LOT03-06435;Trichomanes;Trichomanes cristatum;Hymenophyllaceae;4
LOT03-06464/T;Trichomanes;Trichomanes cristatum;Hymenophyllaceae;4
LOT03-06423;Trichomanes;Trichomanes cristatum;Hymenophyllaceae;4
LOT03-064143/T;Trichomanes;Trichomanes cristatum;Hymenophyllaceae;4
LOT03-064143/R;Trichomanes;Trichomanes cristatum;Hymenophyllaceae;4
LOT03-064143/P;Trichomanes;Trichomanes cristatum;Hymenophyllaceae;4
LOT03-064143/H;Trichomanes;Trichomanes cristatum;Hymenophyllaceae;4
LOT03-064143/C;Trichomanes;Trichomanes cristatum;Hymenophyllaceae;4
LOT03-06407/C;Trichomanes;Trichomanes cristatum;Hymenophyllaceae;4
LOT03-06460;Trichomanes;Trichomanes cristatum;Hymenophyllaceae;4
LOT03-06489/P;Trichomanes;Trichomanes cristatum;Hymenophyllaceae;4
LOT03-065135/T;Trichomanes;Trichomanes cristatum;Hymenophyllaceae;5
LOT03-065135/R;Trichomanes;Trichomanes cristatum;Hymenophyllaceae;5
LOT03-065135/P;Trichomanes;Trichomanes cristatum;Hymenophyllaceae;5
LOT03-065135/H;Trichomanes;Trichomanes cristatum;Hymenophyllaceae;5
LOT03-065135/D;Trichomanes;Trichomanes cristatum;Hymenophyllaceae;5
LOT03-06494;Trichomanes;Trichomanes cristatum;Hymenophyllaceae;4
LOT03-06492/H;Trichomanes;Trichomanes cristatum;Hymenophyllaceae;4
LOT03-06464/P;Trichomanes;Trichomanes cristatum;Hymenophyllaceae;4
LOT03-06489/R;Trichomanes;Trichomanes cristatum;Hymenophyllaceae;4
LOT03-06464/R;Trichomanes;Trichomanes cristatum;Hymenophyllaceae;4
LOT03-06489/H;Trichomanes;Trichomanes cristatum;Hymenophyllaceae;4
LOT03-06489/D;Trichomanes;Trichomanes cristatum;Hymenophyllaceae;4
LOT03-06480;Trichomanes;Trichomanes cristatum;Hymenophyllaceae;4
LOT03-06465/T;Trichomanes;Trichomanes cristatum;Hymenophyllaceae;4
LOT03-06465/P;Trichomanes;Trichomanes cristatum;Hymenophyllaceae;4
LOT03-06465/H;Trichomanes;Trichomanes cristatum;Hymenophyllaceae;4
LOT03-06414/P;Trichomanes;Trichomanes cristatum;Hymenophyllaceae;4
LOT03-06489/T;Trichomanes;Trichomanes cristatum;Hymenophyllaceae;4
LOT03-064127/D;Trichomanes;Trichomanes cristatum;Hymenophyllaceae;4
LOT03-06173;Trichomanes;Trichomanes cristatum;Hymenophyllaceae;1
LOT03-06177;Trichomanes;Trichomanes cristatum;Hymenophyllaceae;1
LOT03-06407/H;Trichomanes;Trichomanes cristatum;Hymenophyllaceae;4
LOT03-06409/C;Trichomanes;Trichomanes cristatum;Hymenophyllaceae;4
LOT03-064115/H;Trichomanes;Trichomanes cristatum;Hymenophyllaceae;4
LOT03-064115/P;Trichomanes;Trichomanes cristatum;Hymenophyllaceae;4
LOT03-064115/R;Trichomanes;Trichomanes cristatum;Hymenophyllaceae;4
LOT03-064115/T;Trichomanes;Trichomanes cristatum;Hymenophyllaceae;4
LOT03-064122/H;Trichomanes;Trichomanes cristatum;Hymenophyllaceae;4
LOT03-064122/R;Trichomanes;Trichomanes cristatum;Hymenophyllaceae;4
LOT03-06544;Trichomanes;Trichomanes cristatum;Hymenophyllaceae;5
LOT03-064127/C;Trichomanes;Trichomanes cristatum;Hymenophyllaceae;4
LOT03-064127/H;Trichomanes;Trichomanes cristatum;Hymenophyllaceae;4
LOT03-064127/P;Trichomanes;Trichomanes cristatum;Hymenophyllaceae;4
LOT03-064133/D;Trichomanes;Trichomanes cristatum;Hymenophyllaceae;4
LOT03-06414/H;Trichomanes;Trichomanes cristatum;Hymenophyllaceae;4
LOT03-064133/T;Trichomanes;Trichomanes cristatum;Hymenophyllaceae;4
LOT03-064133/R;Trichomanes;Trichomanes cristatum;Hymenophyllaceae;4
LOT03-064133/H;Trichomanes;Trichomanes cristatum;Hymenophyllaceae;4
LOT03-064127/R;Trichomanes;Trichomanes cristatum;Hymenophyllaceae;4
LOT03-06413/H;Trichomanes;Trichomanes cristatum;Hymenophyllaceae;4
LOT03-064129/T;Trichomanes;Trichomanes cristatum;Hymenophyllaceae;4
LOT03-064129/R;Trichomanes;Trichomanes cristatum;Hymenophyllaceae;4
LOT03-064129/P;Trichomanes;Trichomanes cristatum;Hymenophyllaceae;4
LOT03-064129/H;Trichomanes;Trichomanes cristatum;Hymenophyllaceae;4
LOT03-064129/D;Trichomanes;Trichomanes cristatum;Hymenophyllaceae;4
LOT03-064129/D;Trichomanes;Trichomanes cristatum;Hymenophyllaceae;4
LOT03-064127/T;Trichomanes;Trichomanes cristatum;Hymenophyllaceae;4
LOT03-064133/P;Trichomanes;Trichomanes cristatum;Hymenophyllaceae;4
LOT03-456142/H;Trichosalpinx;Trichosalpinx cf. carinilabia;Orchidaceae;6
LOT03-456142/C;Trichosalpinx;Trichosalpinx cf. carinilabia;Orchidaceae;6
LOT03-21577/H;Trichosalpinx;Trichosalpinx dependens;Orchidaceae;5
LOT03-21577/C;Trichosalpinx;Trichosalpinx dependens;Orchidaceae;5
LOT02-455164/H;Trichosalpinx;Trichosalpinx fruticosa;Orchidaceae;5
LOT02-456163/H;Trichosalpinx;Trichosalpinx notosibirica;Orchidaceae;6
LOT02-21509/O;Trichosalpinx;Trichosalpinx scabridula;Orchidaceae;5
LOT02-45451/H;Trichosalpinx;Trichosalpinx scabridula;Orchidaceae;4
LOT03-456136/H;Trichosalpinx;Trichosalpinx sp. CC1;Orchidaceae;6
LOT03-216248/O;Trigonidium;Trigonidium insigne;Orchidaceae;6
LOT03-21648/F;Trigonidium;Trigonidium insigne;Orchidaceae;6
LOT03-21648/H;Trigonidium;Trigonidium insigne;Orchidaceae;6
LOT03-21648/C;Trigonidium;Trigonidium insigne;Orchidaceae;6
LOT03-456419/O;Trigonidium;Trigonidium insigne;Orchidaceae;6
LOT02-455123/P;Utricularia;Utricularia jamesionana;Lentibulariaceae;5
LOT02-455123/L;Utricularia;Utricularia jamesionana;Lentibulariaceae;5
LOT02-455123/L;Utricularia;Utricularia jamesionana;Lentibulariaceae;5
LOT02-455123/H;Utricularia;Utricularia jamesionana;Lentibulariaceae;5
LOT03-215220/O;Utricularia;Utricularia jamesoniana;Lentibulariaceae;5
LOT03-455117/C;Utricularia;Utricularia jamesoniana;Lentibulariaceae;5
LOT03-455117/H;Utricularia;Utricularia jamesoniana;Lentibulariaceae;5
LOT03-455117/P;Utricularia;Utricularia jamesoniana;Lentibulariaceae;5
LOT01-3448/H1;Werauhia;Werauhia gigantea;Bromeliaceae;0
LOT01-3448/H2;Werauhia;Werauhia gigantea;Bromeliaceae;0
LOT01-3458/H2;Werauhia;Werauhia gigantea;Bromeliaceae;0
LOT01-3458/H1;Werauhia;Werauhia gigantea;Bromeliaceae;0
LOT01-3483/H1;Werauhia;Werauhia gigantea;Bromeliaceae;0
LOT01-3481/H2;Werauhia;Werauhia gigantea;Bromeliaceae;0
LOT01-3481/H1;Werauhia;Werauhia gigantea;Bromeliaceae;0
LOT01-3437/H1;Xylobium;Xylobium varicosum;Orchidaceae;0
LOT01-3436/A;Xylobium;Xylobium variegatum;Orchidaceae;0
LOT01-3436/H1;Xylobium;Xylobium variegatum;Orchidaceae;0