"","old_leaf","root","young_leaf"
"1",921,58,848
"2",0,710,2
"3",229,6673,684
"4",48,75,93
"5",147,36,182
"6",56,71,6
"7",0,1179,0
"8",0,886,3
"9",20,51,51
"10",0,189,0
"11",5520,0,0
"12",0,195,0
"13",76,17,203
"14",2,200,4
"15",2,123,28
"16",145,11,94
"17",291,13,101
"18",49,422,273
"19",0,176,0
"20",30,86,44
"21",1145,2,914
"22",252,352,662
"23",878,28,33
"24",389,36,860
"25",29,1350,38
"26",35,66,31
"27",27,975,53
"28",591,103,569
"29",92,47,57
"30",590,3,26
"31",0,311,0
"32",9,1710,6
"33",220,0,78
"34",791,140,2127
"35",28,2833,67
"36",41,59,124
"37",11,0,169
"38",23,5,550
"39",542,6,0
"40",30,281,44
"41",403,47,25
"42",22,1,567
"43",4,4444,9
"44",0,3317,0
"45",215,6,217
"46",35,524,25
"47",3,437,18
"48",46,8,90
"49",64,276,328
"50",968,0,5
"51",130,10,36
"52",23,36,180
"53",3,241,10
"54",47,677,92
"55",3446,0,0
"56",226,236,128
"57",79,13957,295
"58",38294,28745,48288
"59",11,9,747
"60",615,6,7
"61",156,15,16
"62",18,2842,8
"63",74450,172,18947
"64",236,145,195
"65",42,2712,34
"66",25,677,3
"67",0,0,101
"68",0,148,0
"69",21,2,94
"70",6,887,11
"71",209,77,152
"72",12,15,265
"73",92,35,21
"74",13,20,107
"75",1083,1054,1598
"76",71,569,200
"77",90,2951,91
"78",0,151,15
"79",8,979,192
"80",2123,47,53
"81",0,0,110
"82",12903,0,1671
"83",6,266,12
"84",2,0,126
"85",1,276,23
"86",5,764,22
"87",219,3,0
"88",155,5,110
"89",821,5811,1800
"90",0,123,4
"91",16,1021,172
"92",81,167,44
"93",45,276,50
"94",1148,33,2146
"95",545,202,104
"96",2300,44,123
"97",885,11,904
"98",63,266,95
"99",19,574,0
"100",0,199,0
"101",4,0,170
"102",762,216,21
"103",229,2,15
"104",0,655,0
"105",178,29,259
"106",172,88,175
"107",270,0,3
"108",97,57,13
"109",132,13,170
"110",241,3,18
"111",316,119,545
"112",571,1472,3328
"113",1,353,9
"114",3,1353,32
"115",77,29,32
"116",23,84,106
"117",223,0,8
"118",2,324,7
"119",2410,325,5189
"120",29,853,47
"121",98,56,26
"122",238,110,339
"123",131,23,0
"124",0,128,3
"125",6152,63,634
"126",1,127,3
"127",390,15,31
"128",313,126,102
"129",0,112,5
"130",49,3938,145
"131",80,1784,59
"132",4,738,2
"133",8,199,6
"134",204,19075,393
"135",272,93,462
"136",3178,50,1102
"137",112,48,253
"138",879,2041,99
"139",1,102,0
"140",11,64,108
"141",124,0,7
"142",163,17,148
"143",2,199,5
"144",3179,25,25
"145",2888,12,471
"146",15,5429,49
"147",159,3226,263
"148",218,70,212
"149",2,361,15
"150",29,88,21
"151",15,1564,88
"152",150,4,4
"153",0,182,0
"154",0,170,2
"155",7355,3907,2622
"156",64,46,52
"157",232,20563,146
"158",123,73,252
"159",103,2,16
"160",133,5,14
"161",23,11102,35
"162",183,2237,231
"163",120,8,212
"164",214,57,31
"165",222,0,3
"166",43,9607,410
"167",1601,18,0
"168",164,2,7
"169",106,0,6
"170",2241,167,409
"171",9,108,55
"172",136,453,17
"173",934,2,465
"174",0,442,8
"175",2,519,0
"176",379,72,117
"177",129,38,18
"178",0,11925,0
"179",17,35,81
"180",1144,28083,12050
"181",2,111,20
"182",368,121,692
"183",375,119,18
"184",71,14,234
"185",27,52,89
"186",21,90,8
"187",13,101,35
"188",10,1100,7
"189",24,10,3021
"190",34,887,41
"191",278,35,188
"192",257,22,7
"193",304,103,1214
"194",240,0,0
"195",85,31,9
"196",209,85,442
"197",568,5,2
"198",0,1477,50
"199",25,465,29
"200",2,97,6
"201",65,232,20
"202",132,10065,162
"203",1,462,3
"204",2267,3413,1109
"205",18,96,23
"206",5,111,0
"207",47,19,88
"208",190,28,102
"209",26,64,21
"210",0,391,17
"211",0,4089,0
"212",272,10,1377
"213",56,877,80
"214",1852,82884,3711
"215",1161,82,645
"216",238,271,117
"217",2891,17,25589
"218",134,37,249
"219",87,8,486
"220",1355,2652,2812
"221",24,1115,8
"222",19,2424,61
"223",19,315,47
"224",13549,69,1034
"225",859,296,281
"226",1761,12,21
"227",22,72,41
"228",301,4,26
"229",264,35,480
"230",26,770,37
"231",93,3,32
"232",30,25,58
"233",46,80,0
"234",3,408,60
"235",79,246,1356
"236",3,604,2
"237",209,105,221
"238",209,0,0
"239",205,217,349
"240",122,27,56
"241",10,3213,21
"242",0,126,1
"243",11440,34,166
"244",14,110,12
"245",491,496,109
"246",8,54,61
"247",229,84844,1029
"248",149,329,96
"249",8,25714,145
"250",0,454,6
"251",16895,0,0
"252",7,52,47
"253",681,86,316
"254",111,65,287
"255",0,0,127
"256",51,23,58
"257",3700,20,15
"258",189,8,5
"259",232,30,229
"260",118,74,120
"261",248,345,81
"262",130,103,225
"263",77,119,137
"264",678,0,16
"265",39,149,62
"266",15,2814,9
"267",199,10,93
"268",55,5,54
"269",8,389,23
"270",23,55,64
"271",91,10,0
"272",92,73,255
"273",496,42,103
"274",5,1481,254
"275",10,55,37
"276",27,1517,421
"277",15,1086,11
"278",85,15,2
"279",39,15,95
"280",28,42,191
"281",8,988,6
"282",78,5608,44
"283",133,159,68
"284",2498,97,260
"285",5248,59,394
"286",267,64,172
"287",11,32,180
"288",160,245,126
"289",125,189,47
"290",22,1343,63
"291",28,26,47
"292",0,142,7
"293",3,13,91
"294",40,69,1691
"295",3852,554,4258
"296",84,19,19
"297",123,188,206
"298",39,9,249
"299",10,793,3
"300",8,147,0
"301",11,266,9
"302",90,99,94
"303",4,375,3
"304",197,8588,154
"305",2592,8424,4305
"306",1106,315,2724
"307",0,391,7
"308",37,39,55
"309",34,287,39
"310",879,0,0
"311",1586,69,420
"312",36,35,47
"313",457,14,972
"314",122,38,28
"315",266,0,152
"316",207,5,2
"317",172,288,58
"318",639,22390,365
"319",23,88,48
"320",17,46,41
"321",222,92,140
"322",0,659,1
"323",0,164,0
"324",0,37543,95
"325",0,30,357
"326",254,577,362
"327",67,19,44
"328",115,0,7
"329",0,117,3
"330",6,76,48
"331",121,0,0
"332",1105,36,1893
"333",21,6,124
"334",34,93,63
"335",0,180,0
"336",224,25,376
"337",5,443,19
"338",33,88,51
"339",250,133,264
"340",506,0,5
"341",2678,3592,2385
"342",22726,1071,21091
"343",29,0,203
"344",225,45,94
"345",37,105,130
"346",199,38,153
"347",109,245,18
"348",141,239,11
"349",142,0,7
"350",4,103,0
"351",0,680,5
"352",61,72,125
"353",17802,5340,14312
"354",56,85,4
"355",66,22,95
"356",31710,2530,5692
"357",29,2,70
"358",587,19,692
"359",7,174,40
"360",0,106,6
"361",28,369,5
"362",0,264,0
"363",228,2,49
"364",46,12,93
"365",18,9,79
"366",0,357,0
"367",5,89,1086
"368",214,278,589
"369",240,49,186
"370",4,3,300
"371",46,71,75
"372",7,14,90
"373",479,181451,3031
"374",109,20,26
"375",64,301,35
"376",0,182,2
"377",59,518,5
"378",117,349,104
"379",6,280,0
"380",116,7,16
"381",335,0,7
"382",0,104,0
"383",69,0,34
"384",161,8,243
"385",47,16,73
"386",47,39,34
"387",401,158,14
"388",149,54,217
"389",594,61,20
"390",19,83,35
"391",986,170,10
"392",341,1,37
"393",0,108,0
"394",2776,54,140
"395",7476,1103,904
"396",0,232,0
"397",103,9,85
"398",484,95,293
"399",29,4662,129
"400",1,0,235
"401",37,79,23
"402",417623,7791,330555
"403",43,76,72
"404",13446,0,834
"405",217,1076,243
"406",110,8,14
"407",1257,1824,449
"408",0,0,108
"409",4,494,57
"410",0,944,0
"411",7,96,8
"412",2740,73,216
"413",802,1024,671
"414",49,1112,100
"415",882,279,382
"416",521,25,255
"417",61,75,150
"418",0,1348,16
"419",196,169,264
"420",92,18,566
"421",186,166,198
"422",106,15,368
"423",226,115,124
"424",307,7,11
"425",13,1679,18
"426",88,4,49
"427",0,283,0
"428",164,0,31
"429",29,65,46
"430",345,807,247
"431",474,20,18
"432",103,2144,69
"433",20,469,63
"434",599,0,8
"435",255,0,0
"436",13,98,86
"437",41,1332,27
"438",3,129,42
"439",664,11,26
"440",2700,35,1644
"441",2,528,10
"442",0,213,0
"443",1158,0,14
"444",190,5390,583
"445",7,1433,8
"446",891,15710,1680
"447",11,61,28
"448",225,0,3478
"449",0,447,0
"450",41,79,1279
"451",135,127,187
"452",102,0,0
"453",0,991,0
"454",226,434,359
"455",88,81,25
"456",10,30,64
"457",1,130,0
"458",0,0,1160
"459",854,338,110
"460",260,5,7
"461",9,1397,26
"462",210,121,584
"463",14768,1833,716
"464",7769,11,1036
"465",106,56,42
"466",55,6,45
"467",0,372,2
"468",0,166,0
"469",85,40,202
"470",0,158,2
"471",10,104,3
"472",36,32,41
"473",198,5,81
"474",80,250,23
"475",4,0,164
"476",0,8774,54
"477",152,568,66
"478",93,6,138
"479",52,3,76
"480",2,2670,4
"481",327,8,126
"482",9,16,197
"483",1083,1633,1143
"484",123,19,5
"485",33,304,26
"486",125,52,217
"487",534,33,1211
"488",11,21,430
"489",0,1458,5
"490",380,3,4
"491",241,51,155
"492",25894,334,2528
"493",31,4,284
"494",43,4,209
"495",0,9441,0
"496",197,169,223
"497",30,101,2
"498",74,33,61
"499",372,315,2166
"500",311,42,6
"501",4,1116,40
"502",41,96,99
"503",41,0,89
"504",362,255,768
"505",18,72,34
"506",529,2,4
"507",14,1456,45
"508",400,69,10821
"509",960,18,250
"510",0,8,108
"511",61,183,185
"512",4,101,4
"513",38,1478,124
"514",85,12,32
"515",2067,28,113
"516",2,962,6
"517",51,46,75
"518",0,415,0
"519",1434,87893,5154
"520",1,107,1
"521",560,1743,658
"522",2721,35,139
"523",0,2074,51
"524",0,102,4
"525",54,8,52
"526",710,310,58
"527",938,3981,421
"528",98,1,182
"529",3,274,0
"530",32,79215,1086
"531",0,559,3
"532",16,50,43
"533",0,168,3
"534",345,21,73
"535",28,585,62
"536",152,2825,317
"537",0,200,22
"538",24,8519,17
"539",77,20,3
"540",28,71,24
"541",231,0,156
"542",143,0,30
"543",4,1290,16
"544",0,144,0
"545",14,973,6
"546",504,1879,167
"547",4,624,3
"548",30,49,54
"549",28,4661,43
"550",120,865,434
"551",62,17,126
"552",149,0,16
"553",476,29,67
"554",35,21,95
"555",60,66,48
"556",39,2345,407
"557",5259,18,169
"558",0,656,6
"559",161,10,138
"560",173,0,0
"561",8,102,26
"562",6,4501,40
"563",1672,0,39
"564",45,3,58
"565",798,10,16
"566",864,31,985
"567",23,1032,130
"568",39,117,54
"569",20,735,344
"570",6,905,4
"571",2204,526,597
"572",879,11334,251
"573",6,367,0
"574",9,239,6
"575",369,8539,298
"576",203,0,33
"577",1893,15,326
"578",0,147,31
"579",123,30,188
"580",169,20,40
"581",0,13,144
"582",14,149,50
"583",3,815,6
"584",85,0,143
"585",0,106,0
"586",2,358,23
"587",281,703,549
"588",61,44,111
"589",1736,0,0
"590",1,546,5
"591",194,91,4
"592",1071,162,87
"593",0,116,17
"594",1802,488,4508
"595",38,2707,204
"596",5,6,567
"597",542,1608,947
"598",8,131,24
"599",482,17,88
"600",5,142,0
"601",159,88,1195
"602",14,44,43
"603",0,124,0
"604",7,116,4
"605",239,44,165
"606",49,712,88
"607",4,656,0
"608",29,36,59
"609",352,267,1069
"610",21,12,94
"611",604,1539,1493
"612",55528,101,286
"613",1091,240,41
"614",31,39,31
"615",10,246,34
"616",20,450,25
"617",30273,1216,17897
"618",10,115,7
"619",16,226,28
"620",54,22,471
"621",125,41,110
"622",1961,18522,1977
"623",1845,132,9124
"624",0,333,0
"625",1955,122,1261
"626",110,3,223
"627",229,74,206
"628",182,110534,305
"629",46,821,27
"630",1180,30,49
"631",29,2976,75
"632",6,310,12
"633",56,103,12
"634",3,0,154
"635",14,504,0
"636",17,3199,27
"637",130,7,1870
"638",214,2054,107
"639",224,1359,154
"640",16475,246,579
"641",7413,768,3555
"642",370,11,350
"643",462,44,95
"644",5,211,33
"645",97,282,88
"646",127,811,66
"647",87,19,47
"648",52475,424,37865
"649",5672,0,145
"650",72,0,121
"651",34,1267,60
"652",24,18,111
"653",485,5,149
"654",74,7,69
"655",15,76,50
"656",13941,5418,2069
"657",0,163,8
"658",199,498,225
"659",6,144,0
"660",1155,105,210
"661",30,205,37
"662",192,61,48
"663",627,1947,319
"664",726,239,65
"665",157,0,0
"666",131,388,89
"667",412,27,1535
"668",13,253,4
"669",211,49,31
"670",1,142,2
"671",1005,46,1007
"672",33,0,286
"673",137,31,20
"674",625,0,872
"675",10,34,80
"676",166,11,118
"677",28707,0,40233
"678",347,51,208
"679",3,275,1
"680",29,104,12
"681",59,39308,178
"682",151,14,12
"683",127,10,56
"684",1,134,11
"685",127,516,13
"686",241,6,4
"687",0,106,2
"688",0,527,0
"689",162,78,165
"690",4,207,3
"691",2,121,0
"692",125,17,84
"693",2,658,7
"694",57,162,59
"695",716,18,139
"696",30374,517,9779
"697",2,101,18
"698",43,48,2664
"699",25,784,20
"700",1,2,283
"701",163,114,146
"702",77,218,74
"703",61,745,225
"704",72,55,48
"705",0,119,2
"706",75,171,83
"707",2111,27,696
"708",0,418,0
"709",89,2,160
"710",35,101,323
"711",21,22,121
"712",29,20,79
"713",116,4635,25
"714",746,93,2978
"715",0,467,0
"716",3,200,6
"717",187,71,108
"718",0,3808,32
"719",57,16,35
"720",46,49,40
"721",691,185,359
"722",109,28,133
"723",29,18,247
"724",152,376,307
"725",11,88,15
"726",4,240,14
"727",365,1015,450
"728",7,210,0
"729",44,9,72
"730",15,676,23
"731",64,20,76
"732",9085,1570,1324
"733",59,146,143
"734",3,1639,0
"735",2,370,22
"736",0,159,0
"737",2,258,13
"738",53,44,76
"739",0,280,116
"740",207,16791,210
"741",36,93,8
"742",232,2,21
"743",229,8,137
"744",3781,308,2208
"745",614,79,112
"746",36,90,30
"747",42,4,74
"748",208,9,166
"749",136,31,147
"750",0,354,0
"751",36,122,18
"752",183,9,667
"753",112,0,72
"754",81,3804,159
"755",377,64,1052
"756",221,6655,194
"757",991,12,80
"758",14,28,80
"759",297,1469,358
"760",163,92,284
"761",79,96,3
"762",692,0,0
"763",8,9730,0
"764",24,7,104
"765",84,774,174
"766",2,479,0
"767",1418,17019,2221
"768",2839,418,30
"769",0,390,4
"770",0,153,0
"771",22,68,69
"772",101,2,2
"773",6252,4,3894
"774",42,19,96
"775",34,408,1
"776",63,86,79
"777",22,10,240
"778",0,3588,0
"779",0,13528,51
"780",74,699,93
"781",2,106,0
"782",203,200,619
"783",0,104,46
"784",5504,216,607
"785",112,116,55
"786",15,0,376
"787",1229,0,329
"788",50,115,62
"789",174,149,196
"790",642,73,24
"791",0,133,9
"792",175,8,431
"793",112,48,128
"794",2,1418,10
"795",16,8,165
"796",0,830,17
"797",13,43,72
"798",399,18,260
"799",447,61,136
"800",177,23,44
"801",3,877,4
"802",0,838,2
"803",74,128,147
"804",0,176,7
"805",0,105,1
"806",15,57,31
"807",1362,701,39
"808",509,7570,520
"809",0,193,6
"810",101,560,447
"811",6,659,31
"812",6,1786,43
"813",4,268,90
"814",70,0,43
"815",5,913,16
"816",1831,883,37618
"817",0,3,161
"818",1264,1366,372
"819",7,50,167
"820",1180,418,1887
"821",422,908,291
"822",642,604,8345
"823",233,3,141
"824",1136,0,0
"825",45,107,122
"826",5,209,44
"827",781,2045,36
"828",35,65,81
"829",7,1214,173
"830",636,0,198
"831",40,10,471
"832",147,12620,1375
"833",46,217,17
"834",15,1872,11
"835",11,88,77
"836",0,1448,5
"837",382,422,867
"838",15,293,44
"839",683,1013,772
"840",861,0,2
"841",6,92,2
"842",44,16,41
"843",921,52,335
"844",27,5889,63
"845",148,7,95
"846",3725,9483,3075
"847",123,11,141
"848",47,38,54
"849",49,11,131
"850",854,12,21
"851",0,105,4
"852",9,0,146
"853",0,142,2
"854",23,96,7
"855",0,553,0
"856",1490,50,1800
"857",0,1116,17
"858",14,351,82
"859",0,199,0
"860",3,156,0
"861",79,41,46
"862",2,917,68
"863",58,118,82
"864",23,54,31
"865",2,333,0
"866",3,215,4
"867",239,12426,315
"868",106,5784,119
"869",0,257,13
"870",9056,1220,45398
"871",0,113,0
"872",286,1099,10936
"873",0,159,0
"874",3,12,867
"875",6,685,89
"876",9,126,55
"877",94,3390,815
"878",35,67,22
"879",12,424,33
"880",42,76,45
"881",3,184,0
"882",245,3,69
"883",2428,23175,705
"884",21,93,39
"885",28,1,324
"886",115,42,285
"887",655,0,25
"888",150,38,102
"889",7,273,307
"890",59,53,314
"891",22,19,76
"892",37,149,69
"893",80,3626,153
"894",22,10765,190
"895",165,60178,432
"896",32,1,460
"897",0,859,7
"898",40,144,76
"899",0,226,0
"900",138,278,125
"901",0,128,0
"902",0,856,6
"903",0,190,0
"904",15,11361,192
"905",94,19,114
"906",30,1438,49
"907",1757,35,355
"908",870,20,397
"909",8,164,4
"910",3811,202,564
"911",1800,588,6302
"912",464,25721,621
"913",207,0,98
"914",2,114,13
"915",58,22,205
"916",907,21,52
"917",47,34,96
"918",157,249,97
"919",455,5,0
"920",27,447,41
"921",50,66,53
"922",125,4,26
"923",0,1227,32
"924",3,656,8
"925",40,942,26
"926",15,188,28
"927",15,0,809
"928",257,0,3
"929",14,401,36
"930",32,182,2
"931",2295,12,430
"932",105,4,58
"933",69,67,6
"934",88,42,105
"935",0,164,8
"936",189,0,0
"937",360,8,37
"938",88,3,28
"939",48,31,29
"940",21,389,74
"941",9,165,13
"942",758,15,23
"943",507,42,14
"944",0,812,5
"945",21,1227,29
"946",34,1468,172
"947",3571,23,166
"948",480,5,25
"949",6118,78,621
"950",2665,64,691
"951",130,20,28
"952",25,760,118
"953",0,107,1
"954",255,551,317
"955",342,158,22
"956",201,0,50
"957",93,1730,105
"958",29,677,13
"959",393,2903,716
"960",109,13,39
"961",402,31,1414
"962",236,1,33
"963",0,765,0
"964",570,82329,822
"965",77,0,52
"966",836,755,873
"967",1392,569,44
"968",7,0,105
"969",84,0,34
"970",100,0,108
"971",112,35,668
"972",241,921,374
"973",96,234,89
"974",22,90,50
"975",1522,11077,402
"976",545,0,0
"977",413,32,39
"978",27,299,69
"979",15,153,0
"980",117,11,5
"981",4,109,27
"982",109,227,253
"983",374,27,91
"984",0,1512,18
"985",22,2449,83
"986",20,557,1
"987",195,3,0
"988",46,7481,248
"989",0,154,53
"990",7,882,7
"991",190,482,2664
"992",17,215,0
"993",180,1241,768
"994",19,2,262
"995",13,1707,10
"996",101,8902,68
"997",0,855,0
"998",1831,3512,668
"999",0,124,0
"1000",305,27,144
"1001",294,0,2
"1002",367,8108,837
"1003",3,3,102
"1004",327,21,7594
"1005",55,3,42
"1006",253,8,95
"1007",83,2,29
"1008",55,16,877
"1009",13,10003,37
"1010",4,95,2
"1011",27,14,77
"1012",50,4463,162
"1013",3,464,23
"1014",84,60906,973
"1015",189,299,455
"1016",1916,18,2512
"1017",81,536,357
"1018",1,0,142
"1019",2,277,9
"1020",0,179,2
"1021",149,4675,29
"1022",30,10,183
"1023",279,362,428
"1024",85,0,257
"1025",120,28,33
"1026",440,13,29
"1027",131,64,23
"1028",4223,117,1202
"1029",2,339,10
"1030",1064,457,1495
"1031",30,303,23
"1032",4,1029,5
"1033",68,3845,162
"1034",2336,67,3113
"1035",27,193,182
"1036",161,14,8
"1037",364,709,1567
"1038",634,126733,787
"1039",119,3,41
"1040",273,468,50
"1041",2761,181,3990
"1042",167,68,557
"1043",896,15820,124
"1044",303,10,166
"1045",89696,4507,66219
"1046",24,574,163
"1047",31,51,25
"1048",12227,21082,8490
"1049",352,9,488
"1050",502,577,111
"1051",36,47,56
"1052",43,3010,11
"1053",3749,38,175
"1054",131,1,31
"1055",37,26,109
"1056",64,47,232
"1057",29,464,39
"1058",2303,3795,157
"1059",12,2983,38
"1060",0,2152,0
"1061",53,357,6
"1062",20,1099,39
"1063",64,939,385
"1064",2,117,0
"1065",80,0,277
"1066",32,39,51
"1067",37,122,0
"1068",25,274,11
"1069",221,119,186
"1070",11,120,0
"1071",0,1537,16
"1072",56,819,156
"1073",141,203,67
"1074",4537,55452,3643
"1075",212,513,322
"1076",872,2753,8650
"1077",4,2022,13
"1078",58,0,73
"1079",97,6,19
"1080",7,607,23
"1081",1295,561,247
"1082",227,0,0
"1083",55,417,145
"1084",70,14,61
"1085",231,16,137
"1086",359,122,63
"1087",55,15,73
"1088",164,34,12
"1089",5,57,40
"1090",0,2536,15
"1091",1212,91,201
"1092",101,346,34
"1093",1457,359,170
"1094",46,50,282
"1095",31,0,70
"1096",58,86,63
"1097",164,86,424
"1098",643,22,246
"1099",20,100,9
"1100",68,36,11
"1101",166,135,61
"1102",35,3,268
"1103",1427,2172,4331
"1104",10,349,85
"1105",5,2,93
"1106",0,540,0
"1107",21,52,99
"1108",0,6845,15
"1109",134,95,71
"1110",236,26,1021
"1111",3,180,6
"1112",684,133,123
"1113",95,12,173
"1114",26,351,74
"1115",136,2,12
"1116",5435,80,4745
"1117",55,1,494
"1118",364,3,37
"1119",0,747,4
"1120",104,5,12
"1121",4,98,4
"1122",103,1,327
"1123",220,50,198
"1124",17,4,80
"1125",910,449,904
"1126",15257,11159,33241
"1127",56,118,25
"1128",571,2462,1541
"1129",674,244,8682
"1130",2,138,0
"1131",35,72,1
"1132",88,379,79
"1133",33,958,5
"1134",17,0,609
"1135",22,126,193
"1136",29,606,19
"1137",58,187,47
"1138",51,1414,73
"1139",42,3034,597
"1140",360,469,187
"1141",61,7,66
"1142",4,111,18
"1143",381,66,9
"1144",85,394,40
"1145",337,0,42
"1146",18,694,41
"1147",80,1398,105
"1148",3759,0,13008
"1149",63,83,247
"1150",238,8,21
"1151",122,2,76
"1152",9,76,15
"1153",0,234,2
"1154",95,77732,1324
"1155",0,243,0
"1156",19,102,56
"1157",65,35,22
"1158",14,46,58
"1159",122,26,40
"1160",973,724,2033
"1161",196,94,132
"1162",986,3827,791
"1163",34359,45818,79861
"1164",0,191,4
"1165",53,13,54
"1166",200,11,38
"1167",41,41,35
"1168",7,493,41
"1169",170,281,1430
"1170",70,32,23
"1171",175,48,369
"1172",3,22,429
"1173",6625,275,3693
"1174",0,253,8
"1175",104,204,103
"1176",16,163,23
"1177",449,4,82
"1178",1,92,17
"1179",106,8,0
"1180",64,379,107
"1181",159,98,30
"1182",526,120,1028
"1183",94,5,7
"1184",130,2704,199
"1185",61,7,50
"1186",52,0,113
"1187",73,31,128
"1188",155,65,217
"1189",107,44,22
"1190",7,199,9
"1191",0,135,7
"1192",9169,0,0
"1193",0,12031,144
"1194",157,358,528
"1195",3103,372,1603
"1196",22,8663,786
"1197",730,0,150
"1198",1075,157,1336
"1199",3,254,8
"1200",2,540,47
"1201",24,588,15
"1202",25,90,13
"1203",96,64,35
"1204",225,38,15
"1205",1,249,5
"1206",30,5264,15
"1207",55,24,65
"1208",14,156,5
"1209",142,12,26
"1210",525,108,232
"1211",272,449,259
"1212",76,0,33
"1213",0,580,8
"1214",198,0,35
"1215",0,671,4
"1216",784,6,398
"1217",15,32,57
"1218",89,35,57
"1219",35,84,58
"1220",122,18,54
"1221",0,214,0
"1222",1343,11,191
"1223",119,110,183
"1224",54,131,149
"1225",89,0,63
"1226",8353,38,989
"1227",139,29,864
"1228",994,0,65
"1229",4,192,0
"1230",293,66,11518
"1231",2472,90,2780
"1232",12,76,38
"1233",144,16552,342
"1234",161,136,129
"1235",2,139,3
"1236",0,572,2
"1237",70,13,167
"1238",78,79,0
"1239",72,235,96
"1240",26,86,1
"1241",143,46,49
"1242",24,92,1869
"1243",29,3488,26
"1244",776,20,62
"1245",14,6655,4
"1246",12,127,19
"1247",79,14,114
"1248",133,72,364
"1249",19,552,24
"1250",5,97,5
"1251",0,321,42
"1252",18,149,25
"1253",22,19,752
"1254",61,777,2
"1255",94,409,101
"1256",40,469,59
"1257",302,1358,131
"1258",76,3158,47
"1259",52,2,48
"1260",3448,30,436
"1261",0,885,0
"1262",223,40,60
"1263",1,122,2
"1264",27,51,49
"1265",25,42,56
"1266",17,37,94
"1267",21,104,29
"1268",72,4,1055
"1269",27,1467,30
"1270",0,1558,25
"1271",33,42,247
"1272",818,7,18
"1273",49,220,18
"1274",4,128,4
"1275",77,136,16
"1276",0,117,17
"1277",6,437,23
"1278",6,194,2
"1279",207,320,14
"1280",30,6510,136
"1281",40,431,9
"1282",12,93,12
"1283",159,1865,87
"1284",2679,167,351
"1285",4141,30,2190
"1286",249,178,374
"1287",7,389,2
"1288",134,2,5
"1289",2,99,0
"1290",54,16992,300
"1291",79,93,188
"1292",30,4,319
"1293",0,138,0
"1294",432,145,4571
"1295",4,1925,34
"1296",515,35,11
"1297",0,129,0
"1298",2,1377,13
"1299",2487,53,562
"1300",68,582,58
"1301",51,189,79
"1302",13,9171,55
"1303",1076,19,22
"1304",153,0,10
"1305",207,56,744
"1306",795,63,926
"1307",528,6,774
"1308",0,141,0
"1309",106,47,204
"1310",5,1144,19
"1311",91,26,94
"1312",9,216,124
"1313",9,115,18
"1314",31,342,45
"1315",0,112,5
"1316",50,300,0
"1317",897,7,850
"1318",12,203,30
"1319",8,683,18
"1320",546,19,255
"1321",15,431,12907
"1322",21,2698,0
"1323",171,1,0
"1324",18,14,131
"1325",1020,2030,43
"1326",109,217,225
"1327",110,9,1114
"1328",124,12,94
"1329",0,6068,17
"1330",45,182,20
"1331",14,11,135
"1332",748,29,10
"1333",276,1952,93
"1334",62,24,32
"1335",56,422,91
"1336",518,10,27
"1337",72,45,23
"1338",1,306,0
"1339",1731,27,647
"1340",3,4,152
"1341",3,188,0
"1342",62,30,52
"1343",118,2283,114
"1344",6,325,0
"1345",400,13,35
"1346",2,102,0
"1347",8676,134,515
"1348",4329,22,82
"1349",138,3,0
"1350",1322,13,9
"1351",3,990,2
"1352",41,454,45
"1353",70,0,69
"1354",396,45,14
"1355",0,5,100
"1356",0,252,0
"1357",4,112,2
"1358",92,11,13
"1359",185,17,504
"1360",20,227,34
"1361",204,40633,303
"1362",184,153,229
"1363",0,100,0
"1364",17,125,39
"1365",49,121,10
"1366",41,18,80
"1367",41,12,374
"1368",0,111,0
"1369",1462,5,352
"1370",14,0,365
"1371",619,20,57
"1372",0,111,0
"1373",0,26877,0
"1374",7,283,15
"1375",140,355,106
"1376",2,229,10
"1377",97,2,935
"1378",0,318,12
"1379",0,177,9
"1380",5,20,99
"1381",25,934,129
"1382",209,0,85
"1383",476,80,1337
"1384",219,2971,19
"1385",565,427,3154
"1386",33,351,0
"1387",30,176,14
"1388",113,75,18
"1389",22,39,52
"1390",28,0,2474
"1391",5,1075,24
"1392",252,2015,2679
"1393",30,1,114
"1394",33,0,120
"1395",182,25,258
"1396",60,47,32
"1397",13532,196,37243
"1398",84,3,41
"1399",178,5,20
"1400",82,1072,86
"1401",12,128,4
"1402",0,1011,23
"1403",1224,0,14
"1404",3,100,0
"1405",445,8,10
"1406",67,9,135
"1407",179,0,2724
"1408",6,194,142
"1409",0,898,33
"1410",10,96,27
"1411",391,2125,465
"1412",1061,138,30
"1413",5592,201,6613
"1414",200,71,15
"1415",126,12,9
"1416",0,1,273
"1417",17,2,639
"1418",138,0,28
"1419",0,247,8
"1420",50,176,0
"1421",212,218,346
"1422",1,173,0
"1423",60,95,1215
"1424",425,479,212
"1425",109,749,20
"1426",33,35,41
"1427",222,0,133
"1428",0,232,0
"1429",35,21,150
"1430",3,99,0
"1431",1682,62,464
"1432",10,83,14
"1433",0,99,4
"1434",348,61,267
"1435",75,44,182
"1436",1833,249,1688
"1437",3774,1742,6578
"1438",101,1178,78
"1439",25,134,49
"1440",101,0,6
"1441",0,643,0
"1442",601,23,43
"1443",48,41,27
"1444",37,232,34
"1445",48,4,99
"1446",138,39,221
"1447",248,270,116
"1448",123,18,19
"1449",0,5,100
"1450",316,22,22
"1451",0,202,14
"1452",0,145,0
"1453",86,2,53
"1454",20,7638,15
"1455",159,5,61
"1456",19,5052,62
"1457",414,66,245
"1458",2,827,5
"1459",63,178,318
"1460",20,17,134
"1461",4,20,277
"1462",487,6,148
"1463",7,431,6
"1464",0,484,22
"1465",24,1176,11
"1466",5,9,606
"1467",170,24,12
"1468",0,97,8
"1469",30,106,8
"1470",401,23,13
"1471",468,2,471
"1472",1167,1910,575
"1473",185,2,5
"1474",6127,11584,17148
"1475",25,73,85
"1476",188,4156,122
"1477",29,61,10
"1478",131,23,194
"1479",41,2,175
"1480",102,0,0
"1481",834,325,15675
"1482",609,0,25968
"1483",6142,194,151
"1484",153,61,459
"1485",0,95,7
"1486",2394,30,129
"1487",81,3,59
"1488",27,1022,6
"1489",2,168,2
"1490",3,5486,33
"1491",2012,57,3063
"1492",1488,3,452
"1493",149,195,156
"1494",264,347,53
"1495",241,2,0
"1496",0,4029,215
"1497",16,320,4
"1498",26,574,24
"1499",15,156,10
"1500",22,117,0
"1501",69,915,59
"1502",234,14,355
"1503",4,532,0
"1504",65,63,41
"1505",287,429,511
"1506",13594,112,1042
"1507",230,5955,783
"1508",197,21,162
"1509",66,448,11
"1510",3325,2878,1918
"1511",41,313,17
"1512",17,4894,43
"1513",170,36,1204
"1514",10,125,10
"1515",43,279,2
"1516",172,97,165
"1517",1581,396,282
"1518",56,37,113
"1519",55,15,38
"1520",66,128,176
"1521",5,221,2
"1522",1,565,3
"1523",195,0,157
"1524",3717,49,250
"1525",7341,145,26380
"1526",0,260,0
"1527",42,40,38
"1528",45,162,13
"1529",27,52,63
"1530",30,2559,109
"1531",246,50,267
"1532",46,24,255
"1533",204,533,56
"1534",361,1863,56
"1535",61,2,50
"1536",11,85,8
"1537",5392,3180,596
"1538",152,75,283
"1539",41,104,3
"1540",591,16,378
"1541",458,2056,60
"1542",171,166,33
"1543",34,20,151
"1544",42,20,59
"1545",3,4,114
"1546",0,225,3
"1547",111,0,39
"1548",25,1937,3316
"1549",94,7300,42
"1550",585,61,549
"1551",276,575,332
"1552",19,376,110
"1553",557,1257,1166
"1554",11,135,225
"1555",1633,0,0
"1556",2973,28,162
"1557",0,3213,13
"1558",21,297,80
"1559",167,19,121
"1560",3,192,62
"1561",0,0,1730
"1562",43,89,56
"1563",15,0,141
"1564",8,0,191
"1565",92,31,44
"1566",51,75,112
"1567",137,1617,425
"1568",3183,0,0
"1569",204,6,121
"1570",13,141,2
"1571",219,5493,104
"1572",8,90,47
"1573",2133,160,1708
"1574",59,663,0
"1575",6854,57,112
"1576",3,493,10
"1577",1458,1345,342
"1578",24,0,76
"1579",133,0,8
"1580",2266,3677,5235
"1581",38,17,107
"1582",0,524,0
"1583",31,80,10
"1584",17,17,218
"1585",179,6721,126
"1586",8,1650,11
"1587",200,5,126
"1588",84,5,74
"1589",10,764,58
"1590",27,101,101
"1591",4,198,13
"1592",13,697,50
"1593",18,685,293
"1594",48,181,118
"1595",0,490,0
"1596",378,108,670
"1597",191,18,89
"1598",0,7246,59
"1599",46,9,74
"1600",15,85,0
"1601",1170,0,1388
"1602",147,0,24
"1603",12,114,59
"1604",2464,493,252
"1605",35,119,33
"1606",11,695,3
"1607",0,400,0
"1608",58,275,20
"1609",0,297,8
"1610",21,302,5
"1611",5,327,5
"1612",0,7750,47
"1613",1986,6047,107
"1614",16,259,41
"1615",64,126,115
"1616",1121,1867,4408
"1617",4,1096,5
"1618",6,109,23
"1619",270,21,0
"1620",71,52,33
"1621",10,3923,46
"1622",107,50,227
"1623",1047,28,96
"1624",90,68,91
"1625",605,84,94
"1626",465,18,165
"1627",83,317,45
"1628",426,7,178
"1629",101,1121,69
"1630",481,25446,1585
"1631",177,126,15
"1632",103,6,4
"1633",3,367,18
"1634",79,3024,23
"1635",46,33,57
"1636",1000,629,612
"1637",114,3,2
"1638",0,750,4
"1639",0,121,0
"1640",48,540,11
"1641",34,6024,34
"1642",949,0,69
"1643",39,194,28
"1644",5,118,55
"1645",0,102,3
"1646",21,71,214
"1647",204,0,2
"1648",13,141,4
"1649",99,1,23
"1650",312,7891,13
"1651",63,2,44
"1652",371,5185,141
"1653",84,1269,192
"1654",107,3289,20
"1655",43911,531,84485
"1656",35,172,126
"1657",0,124,0
"1658",125,0,0
"1659",68,5,81
"1660",23,14,230
"1661",121,4838,83
"1662",5543,270,503
"1663",4342,6,442
"1664",15,538,7
"1665",577,1323,1446
"1666",69,0,68
"1667",4,5117,23
"1668",25,239,26
"1669",4,6,106
"1670",210,9,70
"1671",5,119,174
"1672",352,488,271
"1673",72,1595,109
"1674",20,227,27
"1675",0,4124,27
"1676",6,2049,17
"1677",456,49,386
"1678",33,11162,110
"1679",1431,46592,1191
"1680",50,7,45
"1681",7,93,20
"1682",43,40,26
"1683",41,14,65
"1684",0,117,0
"1685",41,903,12
"1686",0,194,1
"1687",59,123,108
"1688",285,0,0
"1689",170,179,157
"1690",3620,17078,7898
"1691",34,139,20
"1692",201,110,144
"1693",155,3,30
"1694",4199,20,1087
"1695",41,39,92
"1696",33,125,29
"1697",7,547,3
"1698",39,0,108
"1699",11,1592,4
"1700",0,183,9
"1701",8,1594,25
"1702",177,69,187
"1703",882,1902,1279
"1704",29,110,47
"1705",7,0,143
"1706",244,15,329
"1707",12,8029,5
"1708",301,136,666
"1709",239,26559,847
"1710",110,24,36
"1711",0,425,4
"1712",10,388,4
"1713",9,396,3
"1714",0,133,0
"1715",3664,217,4451
"1716",106,0,0
"1717",3,795,10
"1718",96,139,22
"1719",5,1868,12
"1720",32,108,194
"1721",13,300,15
"1722",9,232,0
"1723",30,49,25
"1724",9,647,4
"1725",6,153,2
"1726",23,90,50
"1727",109,3,29
"1728",29,1481,18
"1729",58,75,163
"1730",27,1022,25
"1731",655,32,58
"1732",231,5,8
"1733",21,75,59
"1734",8,167,0
"1735",1779,1788,2540
"1736",169,16617,222
"1737",706,20,124
"1738",2,192,0
"1739",31,16,150
"1740",475,15614,307
"1741",3,0,113
"1742",1380,124,1580
"1743",33,8879,2945
"1744",1079,307,65
"1745",142,137,99
"1746",0,112,5
"1747",106,0,0
"1748",1511,654,249
"1749",7918,262,425
"1750",12,3,118
"1751",0,3321,33
"1752",4,74,26
"1753",798,28,37
"1754",30,2,1741
"1755",0,7356,31
"1756",3,324,11
"1757",46,285,23
"1758",2,3813,38
"1759",100,4,33
"1760",36,5272,44
"1761",249,888,1427
"1762",69,3,45
"1763",19859,185708,5648
"1764",2067,387,1024
"1765",0,181,2
"1766",3556,13782,7228
"1767",596,941,2005
"1768",56,180,35
"1769",62,220,113
"1770",170,116,227
"1771",346,861,437
"1772",95,305,324
"1773",5,5,707
"1774",649,1987,170
"1775",33,2611,30
"1776",51,96,37
"1777",1204,71,1055
"1778",128,30,76
"1779",147,19,33
"1780",604,70,27
"1781",2,312,2
"1782",8,441,11
"1783",0,853,4
"1784",0,7,94
"1785",7,206,4
"1786",144,0,2
"1787",6,121,13
"1788",218,50,108
"1789",275,28,26
"1790",2884,19,12230
"1791",139,149,7
"1792",0,159,0
"1793",2,130,0
"1794",47,11,132
"1795",213,148,171
"1796",0,225,2
"1797",0,39517,0
"1798",0,246,0
"1799",0,107,0
"1800",81,0,185
"1801",768,95,4740
"1802",6,121,47
"1803",26,329,35
"1804",11,113,45
"1805",633,17,68
"1806",1121,13,90
"1807",66,1668,139
"1808",79,98,179
"1809",61,37,15
"1810",225,4,0
"1811",25,5280,36
"1812",8,208,12
"1813",198,0,192
"1814",143,328,996
"1815",125,0,59
"1816",0,115,10
"1817",85,64,186
"1818",4,570,0
"1819",560,19,9073
"1820",536,15,327
"1821",147,0,5
"1822",232,39,0
"1823",23,581,16
"1824",56,360,34
"1825",743,4,64
"1826",96,5,27
"1827",123,21,61
"1828",4,107,12
"1829",10,926,0
"1830",31,27,106
"1831",19,5067,38
"1832",264,31,509
"1833",0,1864,3
"1834",87,37,42
"1835",322,773,675
"1836",2278,180,98
"1837",19,97,17
"1838",15,792,8
"1839",216,21,33
"1840",77,43,39
"1841",8,1730,69
"1842",202,13,8
"1843",10,63,40
"1844",59,1133,13
"1845",37,39,40
"1846",29,0,416
"1847",18,492,20
"1848",596,1331,278
"1849",4365,15,85
"1850",0,1,127
"1851",4,153,67
"1852",296,0,0
"1853",0,147,9
"1854",52,96,1
"1855",137,55,727
"1856",11,2,186
"1857",79,49,82
"1858",56,55,1686
"1859",18,78,27
"1860",31,0,154
"1861",138,0,3
"1862",706,830,2170
"1863",1181,202,310
"1864",763,595,87
"1865",27,42,39
"1866",172,2,25
"1867",23,35,51
"1868",19,573,5
"1869",2686,155,2597
"1870",262,942,536
"1871",87,37,3
"1872",2108,0,40
"1873",10,579,11
"1874",100,22895,2436
"1875",0,1982,0
"1876",353,296,6166
"1877",0,233,6
"1878",820,9,42
"1879",9,2,158
"1880",5229,192,4299
"1881",0,151,13
"1882",241,4,92
"1883",31,21,259
"1884",44,1582,44
"1885",1708,710,1436
"1886",94,276,111
"1887",6729,2780,133
"1888",264,1,45
"1889",997,63,1730
"1890",29,13,140
"1891",0,2405,0
"1892",439,2,6
"1893",0,536,3
"1894",7,3,617
"1895",2,206,8
"1896",161,1241,191
"1897",2,149,4
"1898",7,0,123
"1899",1966,0,0
"1900",5770,0,440
"1901",314,430,64
"1902",46,1,171
"1903",15,266,16
"1904",74,1933,77
"1905",14,610,16
"1906",23,36,62
"1907",50,20,68
"1908",189,33888,149
"1909",113,76,272
"1910",23,42,112
"1911",5090,30,30
"1912",344,20,490
"1913",268,8240,256
"1914",32,3069,6
"1915",1108,24,3504
"1916",0,210,23
"1917",40,137,21
"1918",90,0,624
"1919",805,5,17
"1920",528,9845,291
"1921",5,320,1
"1922",205,64,28
"1923",39,14291,163
"1924",540,975,742
"1925",0,192,0
"1926",14,1520,29
"1927",11,115,8
"1928",45,3,52
"1929",52,107,81
"1930",26,31,65
"1931",144,345,28
"1932",4,147,2
"1933",38,15751,80
"1934",10,1677,9
"1935",824,460,466
"1936",193,2,147
"1937",67,216,224
"1938",1,181,0
"1939",226529,4659,100098
"1940",89,25,121
"1941",2428,81,83
"1942",230,15,97
"1943",38,67,89
"1944",24,77,19
"1945",237,1869,332
"1946",6,0,116
"1947",75,11,73
"1948",51,38,12
"1949",0,100,0
"1950",444,0,7
"1951",426,792,990
"1952",90,18,28
"1953",119,140,43
"1954",67,51,251
"1955",130,22,95
"1956",392,308,15
"1957",14,41,78
"1958",228,22,548
"1959",76,22,177
"1960",0,132,5
"1961",0,441,0
"1962",39,11,51
"1963",86,15,172
"1964",38,53,24
"1965",64,80,118
"1966",280,1,8
"1967",249,11,81
"1968",4,148,5
"1969",296,11,599
"1970",0,174,0
"1971",328,9,4
"1972",0,286,0
"1973",22,239,12
"1974",97,273,166
"1975",0,1135,0
"1976",513,8,0
"1977",156,215,345
"1978",43,11,112
"1979",39,1125,19
"1980",2632,130,56
"1981",282,4,291
"1982",421,18,84
"1983",857,2,230
"1984",2410,15341,4306
"1985",0,0,183
"1986",1369,883,779
"1987",49,90,68
"1988",41,39,68
"1989",19,96,62
"1990",606,200,41
"1991",24,183,25
"1992",9,2703,4
"1993",0,1674,0
"1994",11,26343,102
"1995",1044,1108,3196
"1996",4689,36,96
"1997",82,2,318
"1998",688,32737,426
"1999",0,494,0
"2000",57,129,135
"2001",62,100,130
"2002",210,11,540
"2003",113,14,3
"2004",0,198,2
"2005",532,269,1200
"2006",194,1,4
"2007",32,48,25
"2008",68,2,121
"2009",115,135,10
"2010",0,158,0
"2011",56,871,129
"2012",57,253,394
"2013",21,645,49
"2014",32,4713,56
"2015",20,0,412
"2016",89,377,7
"2017",38,122,79
"2018",136,58,9
"2019",168,2596,424
"2020",428,867,1275
"2021",1117,6,179
"2022",2,3428,37
"2023",51,94,83
"2024",907,336,653
"2025",5,97,0
"2026",7,0,110
"2027",39,1372,68
"2028",5,91,6
"2029",120,198,338
"2030",43,697,92
"2031",55,91,85
"2032",107,44,107
"2033",131,36,42
"2034",0,181,0
"2035",39,49,18
"2036",2258,24,55
"2037",11,28,98
"2038",28,26,157
"2039",2062,6,35
"2040",0,151,0
"2041",204,1,280
"2042",1322,5,24
"2043",158,89,32
"2044",0,36858,514
"2045",202,85,203
"2046",0,555,37
"2047",1,143,10
"2048",1064,44,179
"2049",1810,13,170
"2050",0,207,8
"2051",3,245,5
"2052",1000,74,463
"2053",4,173,4
"2054",124,2,384
"2055",155,40393,417
"2056",175,0,0
"2057",0,136,0
"2058",244,0,3
"2059",68,681,166
"2060",4,688,10
"2061",51,144,84
"2062",1783,12,80
"2063",471,551,12024
"2064",293,15,64
"2065",28,0,74
"2066",113,5,22
"2067",67,223,821
"2068",5277,54,61
"2069",3027,353,13556
"2070",200,131,268
"2071",6,146,10
"2072",10055,590,169
"2073",19,700,20
"2074",11,610,6
"2075",0,9050,118
"2076",204,16,14
"2077",0,176,16
"2078",45,25917,244
"2079",2,106,0
"2080",232,256,36
"2081",6,142,15
"2082",8,326,2
"2083",0,104,0
"2084",0,9725,21
"2085",31,24397,189
"2086",94,518,326
"2087",0,293,0
"2088",0,133,2
"2089",19,71,24
"2090",2527,0,75
"2091",359,2,0
"2092",87,4,14
"2093",15,103,4
"2094",772,17,59
"2095",365,426,252
"2096",1777,4,5
"2097",1381,111,1207
"2098",2,295,28
"2099",21,747,8
"2100",67,3,31
"2101",3,399,34
"2102",0,163,2
"2103",1092,12527,1117
"2104",93,54,193
"2105",62,4150,677
"2106",236,687,29
"2107",54,48,114
"2108",45,20,118
"2109",15,526,14
"2110",0,147,39
"2111",101,4979,71
"2112",9,286,6
"2113",1651,16,313
"2114",183,0,20
"2115",0,532,0
"2116",2,740,0
"2117",0,110,1
"2118",6,1439,25
"2119",5,99,11
"2120",56,14,55
"2121",116,3,167
"2122",293,108,4
"2123",182,50134,537
"2124",4,102,13
"2125",586,204,350
"2126",0,244,0
"2127",17276,27,548
"2128",14,262,2
"2129",92,644,69
"2130",371,0,108
"2131",56,4627,158
"2132",0,178,0
"2133",211,7,93
"2134",39,42,206
"2135",280,11,77
"2136",26,121,27
"2137",0,226,0
"2138",7,139,3
"2139",315,200,743
"2140",989,36,89
"2141",57,33,17
"2142",339,284,1600
"2143",46,54,25
"2144",76,10085,139
"2145",2053,107,2492
"2146",98,31,110
"2147",0,100,2
"2148",16746,6194,35579
"2149",149,1348,122
"2150",0,16601,0
"2151",559,279,50
"2152",5,535,15
"2153",3,609,12
"2154",147,6,16
"2155",578,509,685
"2156",48,161,11
"2157",15,1856,29
"2158",364,581,400
"2159",18,203,20
"2160",5,10,1392
"2161",112,2,0
"2162",202,344,1062
"2163",0,160,3
"2164",0,342,4
"2165",0,232,5
"2166",29,848,0
"2167",128,1619,234
"2168",271,0,16
"2169",78,88,0
"2170",32,80,13
"2171",5046,148,2875
"2172",46,29,139
"2173",252,75,268
"2174",3715,209,112
"2175",5541,36,1893
"2176",94,12500,173
"2177",7,90,6
"2178",3305,20,1943
"2179",247,731,25450
"2180",647,1761,1396
"2181",108,0,66
"2182",6,2,100
"2183",0,680,0
"2184",0,201,0
"2185",0,440,0
"2186",63,164,75
"2187",17,227,32
"2188",14,3634,124
"2189",100,0,0
"2190",51,52,19
"2191",3123,65,111
"2192",24,285,45
"2193",2,121,4
"2194",8,573,18
"2195",52,10099,321
"2196",17,78,136
"2197",53,120,2
"2198",152,41,148
"2199",428,34,358
"2200",22,1285,82
"2201",42,24,71
"2202",1,102,9
"2203",0,11626,48
"2204",129,6,26
"2205",871,391,430
"2206",58,7,53
"2207",13,148,43
"2208",12,1836,38
"2209",12,675,5
"2210",146,3964,116
"2211",281,23648,204
"2212",77,69,33
"2213",88,45,120
"2214",0,0,5091
"2215",0,851,2
"2216",129,2,1362
"2217",11,1027,4
"2218",5019,343,1487
"2219",0,621,0
"2220",18,216,0
"2221",0,1595,14
"2222",4,8,104
"2223",81,86,173
"2224",0,245,6
"2225",1843,41,150
"2226",598,84,736
"2227",134,0,766
"2228",33,7595,467
"2229",8,12,109
"2230",26,946,37
"2231",23,264,16
"2232",126,35,56
"2233",31,305,5
"2234",16,223,40
"2235",5625,75,2825
"2236",13,6346,83
"2237",2850,125,1038
"2238",0,283,0
"2239",6,784,23
"2240",9,123,3
"2241",174,23313,254
"2242",21,38,158
"2243",782,0,68
"2244",0,725,84
"2245",46844,649,37512
"2246",57,51,0
"2247",105,174,130
"2248",96,178,241
"2249",6,0,170
"2250",174,20218,223
"2251",152,32,24
"2252",48,31,65
"2253",99,18,33
"2254",3,86,50
"2255",25,68,46
"2256",30,38111,279
"2257",0,33,229
"2258",16,178,4
"2259",4208,60,860
"2260",119,11,26
"2261",0,926,0
"2262",18055,45,323
"2263",47,120,156
"2264",0,149,4
"2265",53,9,41
"2266",2,683,14
"2267",2464,61,3253
"2268",22,52,29
"2269",19,103,8
"2270",18,1662,56
"2271",91,5,368
"2272",3,130,9
"2273",7,188,47
"2274",1827,336,80
"2275",135,222,84
"2276",35,342,2445
"2277",90,10,117
"2278",70,101,60
"2279",49,153,180
"2280",821,3,145
"2281",152,2332,800
"2282",2277,9,0
"2283",129,2,0
"2284",3449,10,57
"2285",46,36,98
"2286",19,134,14
"2287",102,10,94
"2288",0,65,58
"2289",255,1138,105
"2290",89,21,15
"2291",22,197,28
"2292",288,0,116
"2293",20,1198,20
"2294",35,661,113
"2295",50,114,62
"2296",4118,3368,8362
"2297",258,3773,263
"2298",0,120,0
"2299",2,99,4
"2300",108,2017,25
"2301",127,137,309
"2302",0,143,0
"2303",0,195,0
"2304",85,94,98
"2305",17,758,11
"2306",142,57,679
"2307",29,39,94
"2308",110,25,255
"2309",1198,10,25
"2310",43,96,57
"2311",124369,2106,108301
"2312",9,341,10
"2313",71,10,80
"2314",29,77,31
"2315",34,39,65
"2316",755,378,455
"2317",12,8,271
"2318",40,41,1266
"2319",19,974,26
"2320",252,1511,103
"2321",785,293,584
"2322",62,66,102
"2323",484,4479,746
"2324",0,214,2
"2325",72,3,189
"2326",34,49,72
"2327",118,62882,74
"2328",0,152,10
"2329",2,100,0
"2330",93,560,24
"2331",0,0,175
"2332",219,2,3
"2333",63,10,74
"2334",100,80,137
"2335",5948,95,684
"2336",492,60,508
"2337",63,1,123
"2338",13,774,10
"2339",39,10,126
"2340",5,78,103
"2341",4,504,15
"2342",6169,0,0
"2343",192,4123,401
"2344",52,9431,77
"2345",2685,44,204
"2346",18822,29,862
"2347",6,219,3
"2348",11,218,0
"2349",15,1112,7
"2350",53,413,254
"2351",124,4,45
"2352",12,2150,27
"2353",3,253,7
"2354",37,236,29
"2355",9,641,110
"2356",3067,190,390
"2357",163,278,271
"2358",89,52,99
"2359",112,90,10
"2360",102,0,0
"2361",2317,19,248
"2362",31,78,105
"2363",2234,1272,293
"2364",338,1117,186
"2365",30,2428,406
"2366",185,0,2
"2367",184,96,181
"2368",2,7,175
"2369",3000,703,6973
"2370",736,528,1195
"2371",2706,65,1625
"2372",6,2599,47
"2373",29,39,154
"2374",109,14,57
"2375",406,1177,425
"2376",61,111,134
"2377",1492,22,319
"2378",148,35,35
"2379",1257,13149,8026
"2380",6612,80,3778
"2381",8,22,80
"2382",72,7150,52
"2383",490,1433,206
"2384",0,186,4
"2385",1,312,0
"2386",243,14,0
"2387",405,0,0
"2388",207,303,36
"2389",672,222,5692
"2390",2,407,9
"2391",17,127,9
"2392",3,8542,129
"2393",361,93,390
"2394",70,531,1703
"2395",220,0,0
"2396",7,125,0
"2397",26,11,126
"2398",0,153,0
"2399",302,0,0
"2400",21,8215,42
"2401",0,10,114
"2402",23,90,2
"2403",111,489,736
"2404",21,10,148
"2405",121,70,153
"2406",1,139,0
"2407",17768,0,125
"2408",20,22,66
"2409",552,192,93
"2410",262,232,561
"2411",5920,22321,35674
"2412",36,16514,161
"2413",0,102,2
"2414",229,5,165
"2415",51,14,52
"2416",37,2290,49
"2417",101,42,93
"2418",73,0,39
"2419",174,97,56
"2420",178,417,79
"2421",27,38,48
"2422",114,38,61
"2423",42,246,80
"2424",27,11,1482
"2425",34,2,185
"2426",23,0,179
"2427",47,627,6
"2428",0,1814,0
"2429",0,901,14
"2430",78,4,41
"2431",23,1648,11
"2432",29,2,73
"2433",2,140,5
"2434",5,31,206
"2435",2,262,8
"2436",119804,777,33021
"2437",115,12,5
"2438",11830,358,1148
"2439",891,142,846
"2440",210507,1442,168344
"2441",154,14,49
"2442",55,358,97
"2443",31,44,57
"2444",0,105,1
"2445",197,163,64
"2446",0,5877,0
"2447",214,238,220
"2448",4743,583,1286
"2449",49,20672,205
"2450",89,7,99
"2451",0,0,194
"2452",26,7,68
"2453",40,34,72
"2454",23,19,345
"2455",1246,1853,1971
"2456",734,17,18
"2457",4,799,15
"2458",118,331,40
"2459",371,3662,226
"2460",844,0,75
"2461",67,3312,63
"2462",56,9828,27
"2463",92,277,132
"2464",116,291,0
"2465",18,78,56
"2466",66,0,93
"2467",518,22,3
"2468",0,771,2
"2469",45,241,35
"2470",0,626,10
"2471",1893,2121,2304
"2472",232,0,7
"2473",83,9,57
"2474",18,200,181
"2475",22097,163,249
"2476",57,0,209
"2477",9,168,0
"2478",13,100,6
"2479",252,9,8
"2480",0,152,0
"2481",6384,5986,321
"2482",0,2114,6
"2483",11,337,52
"2484",112,191,25
"2485",82,5792,131
"2486",23,148,8
"2487",550,149,12576
"2488",738,188,155
"2489",289,18,0
"2490",7,1558,29
"2491",33770,55,5787
"2492",31,324,18
"2493",71,9,525
"2494",17059,1263,17341
"2495",21,129,28
"2496",1,135,1
"2497",0,0,281
"2498",1339,4603,3595
"2499",11376,34,25655
"2500",40,117,217
"2501",119,0,0
"2502",8,130,8
"2503",0,0,247
"2504",34,11,93
"2505",4113,94,2307
"2506",209,979,82
"2507",3,390,6
"2508",1,746,30
"2509",120,0,254
"2510",774,0,5
"2511",39,107,72
"2512",19,88,55
"2513",23,20,215
"2514",13,226,8
"2515",47617,4378,121912
"2516",2,804,9
"2517",540,65,186
"2518",59,10,80
"2519",877,164,228
"2520",56,23,83
"2521",539,0,33
"2522",8,2495,5
"2523",137,8,4
"2524",274,509,3562
"2525",6,246,9
"2526",28,6072,59
"2527",39,50,122
"2528",0,102,0
"2529",1,1099,10
"2530",10,840,12
"2531",8684,148,509
"2532",3,140,2
"2533",23,6,72
"2534",25,30,45
"2535",6,52,91
"2536",12,847,5
"2537",14,497,344
"2538",110,3,0
"2539",658,11,461
"2540",33,6383,667
"2541",14,1494,24
"2542",380,6,250
"2543",37,31,40
"2544",530,34,115
"2545",9,123,12
"2546",107,0,167
"2547",0,0,380
"2548",24,2445,26
"2549",21,184,7
"2550",200,418,185
"2551",424,6185,0
"2552",29,90,136
"2553",467,241,173
"2554",12,6,90
"2555",5,712,32
"2556",0,324,0
"2557",20,181,12
"2558",326,36912,436
"2559",0,173,0
"2560",16,715,75
"2561",32,2148,144
"2562",13,109,47
"2563",0,12644,0
"2564",1,236,0
"2565",321,103,420
"2566",57,66,84
"2567",279,1716,43
"2568",42,862,5
"2569",10,216,5
"2570",4033,4818,5761
"2571",156,154,121
"2572",207,7981,2842
"2573",14,450,18
"2574",55,8,41
"2575",6,0,94
"2576",2681,10097,349
"2577",2052,4496,1026
"2578",0,120,0
"2579",3,802,25
"2580",113,0,198
"2581",49,112,71
"2582",525,25,541
"2583",55,81,84
"2584",171,201,376
"2585",797,101,117
"2586",4,3,1422
"2587",3,541,3
"2588",42,16,105
"2589",12,83,46
"2590",152,3,0
"2591",164,31,34
"2592",160,6,8
"2593",107,2677,48
"2594",76,8,79
"2595",136,1311,108
"2596",27,106,4
"2597",150,0,0
"2598",37,54,81
"2599",4,483,18
"2600",16,65,44
"2601",480,27,198
"2602",17127,19,6815
"2603",5050,5,717
"2604",112,0,99
"2605",5,6,1606
"2606",83,133,79
"2607",154,72,15
"2608",48,162,124
"2609",6,87,31
"2610",62,162,44
"2611",309,17,4012
"2612",340,4,8
"2613",55,32,182
"2614",208,219,448
"2615",19,109,81
"2616",0,176,2
"2617",41,14860,6923
"2618",55,8,46
"2619",15,1548,13
"2620",6,156,5
"2621",0,6838,0
"2622",388,9,66
"2623",4,2158,26
"2624",72,13,105
"2625",20,537,5
"2626",15,4,104
"2627",0,0,189
"2628",0,1054,128
"2629",62,6351,11
"2630",31,55,35
"2631",752,15,12
"2632",116,64,18
"2633",28,1605,41
"2634",101,2491,109
"2635",7389,17,1074
"2636",58,18,301
"2637",69,6262,277
"2638",112,80,215
"2639",1542,7,145
"2640",9,18,173
"2641",29,582,0
"2642",18,77,21
"2643",172,228,219
"2644",297,104,719
"2645",505,86,110
"2646",0,462,51
"2647",0,500,0
"2648",129,8,0
"2649",146,313,409
"2650",883,0,0
"2651",55,31,68
"2652",3798,0,210
"2653",20,243,19
"2654",6170,3580,1326
"2655",24,14,91
"2656",117,29,18
"2657",15,1818,79
"2658",67,4,58
"2659",3097,11,1687
"2660",106,5,12
"2661",68,8,256
"2662",0,221,0
"2663",32,1,77
"2664",422,2320,1261
"2665",6,226,8
"2666",32,54,576
"2667",43,8551,89
"2668",434,11,285
"2669",113,0,1
"2670",0,0,2210
"2671",17,119,7
"2672",4254,460,3931
"2673",4,241,6
"2674",125,117,175
"2675",1339,151,162
"2676",0,0,266
"2677",3680,2165,299
"2678",4,123,9
"2679",7,8,97
"2680",1,20,122
"2681",5,544,2
"2682",28,170,19
"2683",20,377,15
"2684",281,7,1052
"2685",37,37,26
"2686",25,133,29
"2687",407,320,461
"2688",113,3,20
"2689",95,41,172
"2690",28,15,253
"2691",87,46,344
"2692",202,20,17
"2693",27,1414,69
"2694",97,1487,44
"2695",36,164,12
"2696",12344,7238,7763
"2697",4343,169,2914
"2698",540,3,0
"2699",411,231,675
"2700",1166,876,1364
"2701",221,3,80
"2702",6,1038,2
"2703",245,2,86
"2704",940,351,151
"2705",120,0,97
"2706",2400,1614,2385
"2707",3,239,0
"2708",77,16,7
"2709",130,4328,490
"2710",128,295,106
"2711",321,10515,115
"2712",0,172,0
"2713",12809,1959,1068
"2714",15,35,52
"2715",0,1517,333
"2716",2882,388,64
"2717",80,108,117
"2718",559,10,5
"2719",84,179,102
"2720",100,21240,458
"2721",115,864,51
"2722",3406,60,22
"2723",377,820,603
"2724",97,6,82
"2725",7907,5828,8719
"2726",128,4,7
"2727",280,475,7
"2728",79,55,42
"2729",10,102,58
"2730",1311,61,76
"2731",909,10,766
"2732",122,274,169
"2733",0,112,11
"2734",1172,24,1190
"2735",170,0,905
"2736",0,109,3
"2737",2,1015,0
"2738",192,23,164
"2739",451,33,81
"2740",19,221,16
"2741",0,1002,4
"2742",1481,374,3016
"2743",153,46,61
"2744",22,186,52
"2745",98,16,48
"2746",123,28,96
"2747",6,202,12
"2748",360,269,254
"2749",2,117,0
"2750",384,0,185
"2751",90,36,74
"2752",26,7,136
"2753",96,4,5
"2754",71,7844,46
"2755",62,16231,97
"2756",301,616,787
"2757",33,141,19
"2758",34,54,126
"2759",5605,112,149
"2760",383,359,56
"2761",387,32,147
"2762",1206,146,324
"2763",23,2330,17
"2764",30,20,53
"2765",1629,34,8237
"2766",881,45,176
"2767",2768,13,83
"2768",132,637,291
"2769",176,0,0
"2770",189,6,3
"2771",0,5,236
"2772",65,7,184
"2773",7,440,0
"2774",170,4,16
"2775",661,0,14
"2776",89,46,183
"2777",122,2,10
"2778",4944,174,35941
"2779",0,11365,128
"2780",0,105,0
"2781",231,86,337
"2782",23,7,342
"2783",1440,240,17384
"2784",1,279,10
"2785",0,202,0
"2786",54,44,21
"2787",438,302,36
"2788",35,52,20
"2789",5,1272,14
"2790",173,99,254
"2791",95,80354,282
"2792",0,129,0
"2793",24,300,12
"2794",320,60,328
"2795",708,15,293
"2796",209,247,712
"2797",40,108,153
"2798",55,5522,49
"2799",153,40,17
"2800",0,2,200
"2801",180,28,11
"2802",13,12505,96
"2803",5,0,135
"2804",20,148,9
"2805",43,454,12
"2806",1293,26,0
"2807",50,127,62
"2808",7259,231,316
"2809",7188,0,0
"2810",0,132,2
"2811",68,362,12
"2812",56,1125,9404
"2813",479,0,0
"2814",105,435,162
"2815",82,5,69
"2816",177,5,167
"2817",586,309,785
"2818",55,71,29
"2819",127845,411,53400
"2820",199,2490,235
"2821",9,913,17
"2822",642,23664,315
"2823",556,18,73
"2824",853,120,64
"2825",78,209,371
"2826",6,78,789
"2827",9,550,0
"2828",245,17,126
"2829",0,129,7
"2830",76,12,73
"2831",2,101,8
"2832",114,8,113
"2833",2820,56,70
"2834",0,160,0
"2835",47,41,64
"2836",30,918,25
"2837",23,533,30
"2838",3,2735,32
"2839",30,37841,84
"2840",201,367,304
"2841",170,11,16
"2842",73,11571,304
"2843",854,30,292
"2844",21,5584,949
"2845",25,0,111
"2846",402,5085,451
"2847",0,141,13
"2848",8,93,0
"2849",54,59,340
"2850",1193,455,1425
"2851",523,8,650
"2852",16,3177,89
"2853",370,4,41
"2854",76,4,283
"2855",64,22,31
"2856",278,201,307
"2857",8155,198,3510
"2858",0,201,19
"2859",173,9,74
"2860",247,679,68
"2861",0,216,2
"2862",0,261,1
"2863",1892,4,247
"2864",207,88,43
"2865",103,37,263
"2866",4,264,0
"2867",0,42,83
"2868",49,80,46
"2869",154,23,18
"2870",609,8,785
"2871",36,454,64
"2872",7,1108,32
"2873",0,12992,0
"2874",0,9024,7
"2875",51,39,132
"2876",9267,1470,56027
"2877",207,1,41
"2878",99,6,4
"2879",0,100,0
"2880",494,0,58
"2881",377,46,359
"2882",8,29,146
"2883",436,349,263
"2884",0,125,0
"2885",0,136,6
"2886",5,2070,23
"2887",107,2923,0
"2888",41,3,93
"2889",1,119,0
"2890",938,36,147
"2891",7360,609,1826
"2892",119,153,1295
"2893",85,18,78
"2894",0,271,7
"2895",17,7577,0
"2896",84,779,155
"2897",0,311,2
"2898",1393,747,1732
"2899",234,4,6
"2900",201,2116,2299
"2901",19,635,51
"2902",45,137,239
"2903",0,455,2
"2904",107,310,108
"2905",73,0,54
"2906",0,281,5
"2907",245,2,4
"2908",29,37,169
"2909",493,1717,366
"2910",229,10,37
"2911",30,239,16
"2912",146,23,77
"2913",691,6,961
"2914",829,614,1352
"2915",94,22,3048
"2916",311,1,10
"2917",743,42,365
"2918",591,114,325
"2919",0,316,5
"2920",62,296,37
"2921",11,5,304
"2922",75,160,140
"2923",261,331,92
"2924",11,87,21
"2925",1131,307,552
"2926",709,15,16
"2927",86,10,14
"2928",19,95,18
"2929",0,653,6
"2930",6,107,68
"2931",0,145,0
"2932",1604,15,1521
"2933",11,101,11
"2934",3,270,0
"2935",406,9,2
"2936",233,118,10
"2937",0,96,15
"2938",15,69,62
"2939",52,70,61
"2940",1983,2,372
"2941",14,172,29
"2942",16,100,214
"2943",948,248,877
"2944",13502,117,999
"2945",124,3,0
"2946",42,1358,905
"2947",0,193,0
"2948",1408,262,1379
"2949",24,19,77
"2950",50,9,63
"2951",3,155,4
"2952",6969,2580,3017
"2953",54,29,17
"2954",2456,726,4779
"2955",4,8,111
"2956",362,82,785
"2957",0,805,10
"2958",0,6562,15
"2959",552,4,2440
"2960",377,109,546
"2961",4,762,40
"2962",0,278,48
"2963",98,53,0
"2964",326,120,579
"2965",0,106,0
"2966",2,118,1
"2967",492,197,884
"2968",36,197,28
"2969",2,441,6
"2970",693,373,292
"2971",181,69,246
"2972",1835,40,1135
"2973",68,22,53
"2974",98,3103,179
"2975",779,3,151
"2976",117,56,159
"2977",0,884,23
"2978",0,971,0
"2979",26873,61059,46591
"2980",23,66,145
"2981",2862,33,272
"2982",2554,39,927
"2983",6,0,582
"2984",362,241,18
"2985",9,135,24
"2986",13,1876,19
"2987",2,91,26
"2988",205,2,4
"2989",537,0,1
"2990",11240,27752,828
"2991",21,72,26
"2992",21,538,11
"2993",192,51,84
"2994",591,170,4799
"2995",56,296,4
"2996",185,112,2205
"2997",21,188,560
"2998",32,4627,8
"2999",0,144,0
"3000",4,108,5
"3001",0,117,3
"3002",28,77,46
"3003",51,19,116
"3004",10,10,154
"3005",30,1425,35
"3006",109,238,220
"3007",60,50,106
"3008",6,76,34
"3009",49,3,289
"3010",26,69,33
"3011",51,16,54
"3012",616,17,105
"3013",1210,656,29
"3014",54,12,39
"3015",0,0,1883
"3016",157,37,36
"3017",464,22,4394
"3018",65,10,125
"3019",103,13861,159
"3020",11058,469,3347
"3021",10,7168,79
"3022",0,276,0
"3023",114,46,176
"3024",114,42,134
"3025",43,1442,26
"3026",230,7,177
"3027",7,126,0
"3028",68,32,155
"3029",1,224,2
"3030",0,154,0
"3031",402,333,552
"3032",48,42,53
"3033",21,7,198
"3034",865,179,1227
"3035",47,161,16
"3036",38,24,77
"3037",21,129,0
"3038",47863,286,6150
"3039",568,188,2487
"3040",7,185,25
"3041",0,971,0
"3042",0,21533,9
"3043",458,3,8
"3044",1568,2,53
"3045",0,182,1
"3046",260,204,12
"3047",117,8,122
"3048",553,58,32
"3049",0,336,9
"3050",332,163,361
"3051",139,232,180
"3052",3523,1280,827
"3053",1712,17,565
"3054",754,8,55
"3055",460,21,1160
"3056",0,217,5
"3057",21,1547,107
"3058",91,55,1980
"3059",7,0,600
"3060",2756,17,226
"3061",48,465,8
"3062",30,0,101
"3063",39,55,46
"3064",20024,634,246
"3065",26,652,6
"3066",0,1845,5
"3067",443,431,7860
"3068",30,71,32
"3069",0,1863,14
"3070",322,1487,50
"3071",13,757,39
"3072",360,427,119
"3073",3119,73,93
"3074",0,231,0
"3075",34,30,42
"3076",1241,59,1168
"3077",0,0,164
"3078",33,58,89
"3079",19,69,19
"3080",911,4,115
"3081",1174,0,41
"3082",42,2,105
"3083",0,175,3
"3084",113,5788,1996
"3085",124,77,114
"3086",4,114,7
"3087",121,0,232
"3088",223,401,229
"3089",26,4654,50
"3090",293,203,36
"3091",1595,171,553
"3092",191,94,185
"3093",9,96,12
"3094",2,5620,30
"3095",6,101,7
"3096",101,96,107
"3097",5,266,36
"3098",3,2,189
"3099",200,8,74
"3100",0,27,97
"3101",47,394,36
"3102",4597,393,467
"3103",0,200,20
"3104",49,386,67
"3105",19,22,101
"3106",736,63,7
"3107",27,247,63
"3108",2,160,1
"3109",6040,1288,317
"3110",10,97,18
"3111",99,201,397
"3112",9,85,11
"3113",15827,4044,24432
"3114",195,69,151
"3115",11,45,117
"3116",55,2573,19
"3117",317,2289,2850
"3118",7,144,44
"3119",9,236,167
"3120",5748,216,120
"3121",47,12,49
"3122",195,11491,47
"3123",4,105,0
"3124",927,117,146
"3125",0,1899,0
"3126",182,254,13
"3127",11,123,5
"3128",167,0,5
"3129",103,0,0
"3130",68,141,15
"3131",1891,33,775
"3132",1244,103,862
"3133",37,165,15
"3134",174,1226,49
"3135",5914,20640,10895
"3136",29,136,626
"3137",64,30,63
"3138",967,122,76
"3139",287,245,125
"3140",0,142,6
"3141",0,978,2
"3142",60,36,144
"3143",20,4,94
"3144",195,43,351
"3145",6188,635,833
"3146",0,1186,19
"3147",30,271,3
"3148",324,388,236
"3149",296,21,24
"3150",303,25,25
"3151",37,47,230
"3152",230,83,968
"3153",68,6249,169
"3154",237,2358,845
"3155",6,2506,16
"3156",10281,348,439
"3157",18409,0,392
"3158",144,126,543
"3159",18,63,101
"3160",0,613,4
"3161",410,9,40
"3162",136,94,798
"3163",30,2079,120
"3164",3,421,5
"3165",42,369,61
"3166",15,69,56
"3167",15339,62,905
"3168",77,140,14
"3169",197,20,10
"3170",15,81,8
"3171",87,1336,23
"3172",21,23,61
"3173",56,89,117
"3174",0,143,2
"3175",28,164,36
"3176",258,2,49
"3177",0,424,25
"3178",390,9,113
"3179",12,92,9
"3180",35,149,25
"3181",43,233,74
"3182",165,7,79
"3183",325,572,3
"3184",32,3,95
"3185",6661,147,3277
"3186",150,288,13
"3187",3,143,38
"3188",7,204,3
"3189",0,4828,8
"3190",0,203,2
"3191",281,24,16
"3192",6,1408,38
"3193",0,339,0
"3194",7,179,7
"3195",0,118,0
"3196",214,2076,324
"3197",2382,324,1612
"3198",21,92,22
"3199",0,0,1942
"3200",2104,11,72
"3201",1,209,30
"3202",0,202,80
"3203",24,31,113
"3204",143,48,71
"3205",253,99,19
"3206",255,0,0
"3207",7185,383,1178
"3208",25,42,43
"3209",9,875,37
"3210",116,26,61
"3211",31,56,65
"3212",3,6876,16
"3213",0,310,7
"3214",63,54,57
"3215",3106,2332,4400
"3216",328,1,45
"3217",0,303,2
"3218",112,7,47
"3219",132,1594,266
"3220",306,98,127
"3221",154,89,6
"3222",4,95,4
"3223",4,197,8
"3224",0,690,47
"3225",0,141,0
"3226",3276,1592,4373
"3227",2569,0,22
"3228",26,1340,55
"3229",249,109,262
"3230",141,40,77
"3231",3,128,33
"3232",114,6,2
"3233",167,36,118
"3234",39,130,45
"3235",55,10,376
"3236",156,12,8
"3237",62,0,60
"3238",2974,58,127
"3239",61,20,117
"3240",18,442,0
"3241",86,35,111
"3242",0,296,1
"3243",122,2,282
"3244",89,188,125
"3245",263,3,9
"3246",270,1,162
"3247",15,2039,0
"3248",65,30,35
"3249",2459,7,5
"3250",0,10729,26
"3251",0,444,2
"3252",468,46,53
"3253",1548,31,94
"3254",27,4904,105
"3255",1491,214,291
"3256",224,11,4
"3257",70,364,42
"3258",51,24,82
"3259",393,1903,322
"3260",16,9,107
"3261",437,285,7
"3262",95,1319,12
"3263",511,218,408
"3264",450,1250,426
"3265",7,631,6
"3266",77,343,17
"3267",37,678,29
"3268",17,11,350
"3269",54,14,38
"3270",93,193,169
"3271",9208,7418,14342
"3272",248,301,425
"3273",84,24,82
"3274",283,56,37
"3275",10,261,19
"3276",60,11,116
"3277",249,50,172
"3278",201,81,382
"3279",12,610,23
"3280",16,142,2
"3281",55,0,3335
"3282",129,3,0
"3283",16231,180,446
"3284",435,437,47
"3285",536,13,0
"3286",26,2,765
"3287",41,12,47
"3288",134,4,54
"3289",108,3769,70
"3290",0,130,7
"3291",4484,50,832
"3292",81,2,61
"3293",9,16,118
"3294",40,59,93
"3295",3670,539,61290
"3296",23,134,0
"3297",57,2331,53
"3298",198,939,52
"3299",0,520,21
"3300",579,19,341
"3301",3,258,0
"3302",33,10,71
"3303",197,358,498
"3304",984,21,31
"3305",25,40,39
"3306",53,2,570
"3307",0,98,4
"3308",4,136,2
"3309",0,210,0
"3310",287,2,199
"3311",43,6612,184
"3312",5,100,0
"3313",17,37,9882
"3314",65,21,21
"3315",66,2,55
"3316",55,43,47
"3317",57,26,131
"3318",57,155,51
"3319",0,335,0
"3320",29,3200,24
"3321",28,4801,66
"3322",6,28,157
"3323",95,475,639
"3324",970,2226,2144
"3325",13,305,27
"3326",26,17,98
"3327",64,8,49
"3328",18,82,13
"3329",101,6755,143
"3330",213,15,180
"3331",578,3,109
"3332",121,300,86
"3333",116,13,6
"3334",618,876,36
"3335",0,142,1
"3336",687,372,108
"3337",1551,1958,122
"3338",23,1667,66
"3339",16,530,108
"3340",152,4,10
"3341",1171,1099,2250
"3342",146,10,561
"3343",13,167,16
"3344",138,88,236
"3345",0,237,2
"3346",102,0,1
"3347",167,17506,182
"3348",133,4,2
"3349",30,57,22
"3350",170,1346,218
"3351",191,92,18
"3352",23,2669,0
"3353",190,1380,39
"3354",0,167,0
"3355",4451,39,3067
"3356",134,534,336
"3357",4,806,0
"3358",560,0,10
"3359",54,36,55
"3360",313,578,97
"3361",258,29,73
"3362",89,499,625
"3363",16,586,1725
"3364",84,27,573
"3365",328,31,336
"3366",186,17,88
"3367",0,93,9
"3368",8,156,0
"3369",3,347,0
"3370",155,0,2431
"3371",493,162,227
"3372",87,45,30
"3373",687,9,48
"3374",48,39,71
"3375",9,1421,19
"3376",9,267,3
"3377",0,179,2
"3378",133,11,24
"3379",4,96,18
"3380",5,50,268
"3381",110,0,5
"3382",20,83,12
"3383",107,35,174
"3384",1398,5445,826
"3385",6242,6941,1035
"3386",32,156,173
"3387",333,34,41
"3388",11650,284,111
"3389",498,3771,954
"3390",12510,121,5206
"3391",23,9876,63
"3392",233,234,140
"3393",3,309,5
"3394",4,119,13
"3395",1640,5140,4504
"3396",507,602,2038
"3397",9,93,4
"3398",0,0,210
"3399",3416,17410,3628
"3400",146,65,3240
"3401",54,2,53
"3402",44,52,48
"3403",1981,4,15
"3404",908,42586,204
"3405",438,0,0
"3406",7,1732,36
"3407",14,171,343
"3408",70,51,100
"3409",10436,824,556
"3410",0,125,0
"3411",22,2219,65
"3412",12,10,422
"3413",89,234,217
"3414",4,3854,0
"3415",5,2293,0
"3416",6,1912,6
"3417",9,87,9
"3418",9,0,129
"3419",0,905,0
"3420",62,97,3223
"3421",347,2,1177
"3422",53,22,77
"3423",33,80,161
"3424",30,38,39
"3425",117,150,10
"3426",3,1085,5
"3427",0,0,953
"3428",134,34992,349
"3429",4,369,11
"3430",36,5,65
"3431",15,1426,97
"3432",17,14355,54
"3433",16,425,5
"3434",386,398,142
"3435",0,2861,152
"3436",3,111,0
"3437",0,283,10
"3438",1355,53,90
"3439",254,1,32
"3440",0,83,7502
"3441",4858,118,451
"3442",4,843,18
"3443",4,692,25
"3444",0,248,2
"3445",29,167,13
"3446",34,11,88
"3447",94,133,219
"3448",696,17,282
"3449",10,4,208
"3450",63,43,103
"3451",446,287,881
"3452",11,25,122
"3453",8,91,3
"3454",258,11,23
"3455",44,3,70
"3456",111,794,91
"3457",88,528,7
"3458",2,91,12
"3459",641,100,123
"3460",14,26,172
"3461",0,0,112
"3462",91,41,7
"3463",187,0,33
"3464",5,13,748
"3465",79,57,55
"3466",586,19,12
"3467",0,903,0
"3468",0,1570,2
"3469",149,16,99
"3470",330,246,195
"3471",7,8,290
"3472",1,105,8
"3473",56,21,55
"3474",1170,2839,31
"3475",44,44,107
"3476",1,197,15
"3477",24,21,518
"3478",177,251,72
"3479",4044,4,74
"3480",385,44,11
"3481",34,15,51
"3482",105,16,12
"3483",528,5,11
"3484",90,326,55
"3485",44,3,62
"3486",63,52,71
"3487",72,1,53
"3488",53,141,10
"3489",8,92,3
"3490",0,592,8
"3491",2685,2149,7946
"3492",2508,11,546
"3493",0,144,2
"3494",8,238,0
"3495",8291,21,32
"3496",113,6,26
"3497",41,3739,32
"3498",606,1,59
"3499",0,2763,24
"3500",31,437,14
"3501",364,1005,233
"3502",3965,815,607
"3503",740,3702,87
"3504",0,515,0
"3505",1,116,2
"3506",2,6,153
"3507",162,10,3
"3508",246,4,3
"3509",92,47,2
"3510",38,374,5
"3511",262,7,180
"3512",16,796,20
"3513",0,216,6
"3514",45,105,6
"3515",20,495,0
"3516",36,114,39
"3517",34,47,43
"3518",12,379,15
"3519",111,375,1539
"3520",51,99,129
"3521",0,156,0
"3522",12,616,29
"3523",78,894,56
"3524",217,11,58
"3525",18,583,24
"3526",9,126,4
"3527",0,144,1
"3528",4,2,114
"3529",0,169,3
"3530",51,23930,61
"3531",198,116,196
"3532",14300,567,770
"3533",354,437,14
"3534",13,4244,15
"3535",3,605,3
"3536",0,281,0
"3537",23,1392,39
"3538",1062,1165,609
"3539",117,9,8
"3540",136,171,351
"3541",23,402,34
"3542",904,517,785
"3543",156,68,45
"3544",148,396,309
"3545",6,553,11
"3546",28,1667,244
"3547",1005,330,825
"3548",70,6464,134
"3549",25,331,22
"3550",43,15,43
"3551",7,47,151
"3552",10,367,46
"3553",438,12,184
"3554",75,33971,98
"3555",14,47,53
"3556",2127,452,926
"3557",36,11,54
"3558",6342,15979,3548
"3559",45,72,5
"3560",134,155,207
"3561",6,0,559
"3562",25,3115,18
"3563",0,2,170
"3564",545,31,719
"3565",172,32,589
"3566",3559,1951,363
"3567",36,3257,56
"3568",0,481,50
"3569",23,608,17
"3570",26,134,123
"3571",31,119,5
"3572",46,28,352
"3573",1025,12,53
"3574",251,0,3
"3575",200,41,338
"3576",15,122,63
"3577",8,4348,85
"3578",45,8,124
"3579",2,281,1
"3580",0,0,680
"3581",45,60,98
"3582",23,132,10
"3583",68,447,359
"3584",1386,162,1399
"3585",8,102,5
"3586",2,336,4
"3587",4302,23,310
"3588",0,3317,0
"3589",88,8044,405
"3590",95,70,86
"3591",424,12,50
"3592",43,1078,39
"3593",183,491,131
"3594",0,227,2
"3595",139,1356,238
"3596",145,1147,9
"3597",533,48,220
"3598",237,1479,53
"3599",1305,383,177
"3600",3,0,104
"3601",4,2,108
"3602",36,0,177
"3603",8,21,210
"3604",224,7,35
"3605",9546,7,199
"3606",4,314,27
"3607",102,7,15
"3608",0,209,24
"3609",58,8,42
"3610",1230,8,37
"3611",10,64,27
"3612",218,11,153
"3613",7,3,113
"3614",73,5,64
"3615",27,614,10
"3616",0,195,1
"3617",32,12,277
"3618",212,201,450
"3619",219,23,49
"3620",3736,5563,6505
"3621",8,208,0
"3622",48,0,178
"3623",1519,5758,52
"3624",63,21,47
"3625",23,51,65
"3626",8,435,10
"3627",2,6,129
"3628",167,97,136
"3629",0,596,7
"3630",3,1552,0
"3631",5,856,12
"3632",15963,1083,3178
"3633",52,146,76
"3634",2975,7,317
"3635",99,34,157
"3636",133,13083,220
"3637",6,156,0
"3638",251,166,935
"3639",496,2546,85
"3640",426,69,6
"3641",2257,912,3442
"3642",11,124,525
"3643",210,17,35
"3644",2899,19,1192
"3645",1570,70,149
"3646",46,27,66
"3647",0,153,371
"3648",93,49,55
"3649",9766,8424,16849
"3650",4,36,67
"3651",0,105,0
"3652",3,99,14
"3653",140,13319,481
"3654",0,95,6
"3655",140,4,4
"3656",1429,477,434
"3657",0,5300,0
"3658",13,56,94
"3659",1184,727,1813
"3660",434,123,64
"3661",82,45,98
"3662",51,9575,181
"3663",369,13,546
"3664",119,0,261
"3665",32,402,992
"3666",488,4278,473
"3667",654,3,141
"3668",27,317,6
"3669",2093,36699,865
"3670",114,8,165
"3671",0,274,17
"3672",15,145,39
"3673",2,108,0
"3674",190,24,187
"3675",60,29,60
"3676",113,86,185
"3677",228,0,0
"3678",0,10,143
"3679",57,94,71
"3680",68,26,78
"3681",7,311,9
"3682",48,2098,205
"3683",0,312,12
"3684",0,1166,0
"3685",17,25,121
"3686",2818,0,0
"3687",6,330,48
"3688",81,93,27
"3689",173,624,22
"3690",34,135,9
"3691",0,2024,31
"3692",72,37,4
"3693",85,16,166
"3694",0,346,13
"3695",290,115,414
"3696",0,109,0
"3697",0,725,27
"3698",44,3188,63
"3699",111,165,152
"3700",61,30,28
"3701",175,254,96
"3702",2132,18,236
"3703",540,163,431
"3704",38,36,49
"3705",1792,57,36
"3706",0,19256,54
"3707",85,41,137
"3708",41,653,44
"3709",10,941,7
"3710",28,684,8
"3711",333,4,5
"3712",918,1837,878
"3713",5,124,0
"3714",142,4,80
"3715",25,2632,1057
"3716",146,7,76
"3717",20,49,43
"3718",141,136,99
"3719",1,373,1
"3720",2931,1468,1361
"3721",0,146,3
"3722",264,0,533
"3723",5,204,34
"3724",672,162,985
"3725",18,174,22
"3726",22,149,15
"3727",248,1477,46
"3728",285,38,11
"3729",232,27,7321
"3730",8,0,3257
"3731",5296,232,1202
"3732",216,6,5
"3733",9,353,4
"3734",51,5,240
"3735",0,117,2
"3736",176,16,37
"3737",600,2,126
"3738",104,21,63
"3739",37,53,51
"3740",1,122,1
"3741",512,22820,1372
"3742",0,387,0
"3743",49,15,64
"3744",54,53,192
"3745",4198,123,493
"3746",14,2263,65
"3747",2075,0,117
"3748",6,2332,0
"3749",888,28,56
"3750",30,154,46
"3751",19,3384,20
"3752",183,2,64
"3753",2280,1005,919
"3754",21,24458,67
"3755",27,59,76
"3756",46538,275,2965
"3757",10,977,0
"3758",4,133,0
"3759",34,7,224
"3760",0,3834,0
"3761",3,488,12
"3762",21,176,163
"3763",15,4,190
"3764",83,19,795
"3765",794,2079,554
"3766",0,178,0
"3767",453,114,5
"3768",38,502,34
"3769",71,41,33
"3770",17,45,57
"3771",667,17,279
"3772",8,0,490
"3773",19,97,0
"3774",44,49,91
"3775",51,299,29
"3776",164,400,329
"3777",0,127,3
"3778",509,16,130
"3779",0,597,3
"3780",4,89,10
"3781",7,148,20
"3782",9,2490,7
"3783",30,5149,22
"3784",56,213,2
"3785",300,9,331
"3786",87,278,77
"3787",111,0,131
"3788",28,6155,11
"3789",14,0,121
"3790",18,208,11
"3791",28,21,51
"3792",8,131,54
"3793",439,30,298
"3794",23,94,3
"3795",51,11,85
"3796",38,53811,173
"3797",0,12,159
"3798",283,39,289
"3799",88,14,2
"3800",18,1782,22
"3801",47,141,76
"3802",95,40,225
"3803",8,164,23
"3804",651,799,539
"3805",87,17,99
"3806",27,253,22
"3807",55,108,99
"3808",30,32,45
"3809",0,270,0
"3810",678,180,384
"3811",8,182,2
"3812",15,183,2
"3813",2349,6,2333
"3814",551,177,997
"3815",173,3,2
"3816",111,181,188
"3817",119,142,269
"3818",2,157,2
"3819",136,11,60
"3820",28,30,82
"3821",0,102,0
"3822",581,28,10
"3823",0,513,0
"3824",350,0,6
"3825",64,53,48
"3826",13,8,89
"3827",55,10,319
"3828",500,34,263
"3829",21442,12309,8381
"3830",88,13,53
"3831",7,165,4
"3832",1,165,0
"3833",751,0,1000
"3834",2594,21,64
"3835",42,229,27
"3836",61,3,38
"3837",0,534,12
"3838",161,5,115
"3839",312,7,12
"3840",20,348,91
"3841",224,60,111
"3842",33,70,98
"3843",44,75,69
"3844",2571,369,526
"3845",48,42,30
"3846",51,30,257
"3847",247,0,9
"3848",303,7,330
"3849",15,2237,55
"3850",67,16,18
"3851",4038,47,53
"3852",148,391,110
"3853",14,416,0
"3854",56,47,27
"3855",195,432,203
"3856",27,1663,34
"3857",0,118,0
"3858",0,149,2
"3859",416,12,13
"3860",398,182,223
"3861",42,25568,138
"3862",63,34,29
"3863",34784,468,3211
"3864",349,182,642
"3865",2,209,0
"3866",69,16,112
"3867",3,146,18
"3868",50,13,60
"3869",79,147,362
"3870",0,425,0
"3871",515,2772,184
"3872",247,34601,208
"3873",1600,1248,3834
"3874",9,9045,33
"3875",217,5,14
"3876",31,330,598
"3877",2168,31,568
"3878",23,78,490
"3879",67,61,8
"3880",442,3,14
"3881",20,8,459
"3882",545,11,26
"3883",32,269,19
"3884",9,866,8
"3885",16,127,0
"3886",61,19,141
"3887",64,41,53
"3888",12,89,5
"3889",354,633,42
"3890",211,94,2037
"3891",15,4708,72
"3892",134,715,88
"3893",277,6,11
"3894",31,126,21
"3895",35,43,28
"3896",33,17,87
"3897",225,11,255
"3898",0,5340,47
"3899",1,146,0
"3900",1786,517,2416
"3901",34,14338,309
"3902",5,74,39
"3903",1655,4,2213
"3904",2058,35,17
"3905",6,193,14
"3906",5,106,4
"3907",39,14,95
"3908",36,40,40
"3909",41,14,137
"3910",91,144,38
"3911",225,0,6
"3912",0,392,0
"3913",9,552,48
"3914",2320,112,144
"3915",39,24,156
"3916",93,148,27
"3917",40,4,156
"3918",15,51,37
"3919",24,6,90
"3920",50,116892,627
"3921",141,60,0
"3922",30,54,92
"3923",134,10,3
"3924",89,2768,76
"3925",595,115,473
"3926",120,111,21
"3927",0,265,2
"3928",35,17,132
"3929",8,201,6
"3930",383,3,27
"3931",36,128,70
"3932",0,178,6
"3933",32,479,16
"3934",141,120,3
"3935",513,1954,603
"3936",33,57,616
"3937",2,929,4
"3938",142,1,9
"3939",28,8,89
"3940",114,100,112
"3941",58,43,55
"3942",17797,316,216
"3943",2,24,373
"3944",323,1814,177
"3945",5,125,5
"3946",16,139,16
"3947",28556,37888,48877
"3948",1514,27,30
"3949",106,65,38
"3950",642,738,76
"3951",27,50,57
"3952",0,300,7
"3953",2132,2399,122
"3954",69,20,72
"3955",1260,20,581
"3956",130,9370,7
"3957",517,189,1669
"3958",659,10511,1370
"3959",18,78,80
"3960",763,27078,3858
"3961",6,913,3
"3962",224,18,88
"3963",34,360,90
"3964",3153,62,356
"3965",157,2,5
"3966",0,1890,0
"3967",60,175,215
"3968",177,4894,1147
"3969",112,10770,74
"3970",583,363,172
"3971",4763,10943,2082
"3972",25,81,11
"3973",470,648,125
"3974",115,11,107
"3975",474,15,99
"3976",192,282,735
"3977",14,205,0
"3978",14,2217,19
"3979",11,864,50
"3980",13,30,84
"3981",5288,9,3186
"3982",703,1528,1250
"3983",84,735,97
"3984",122,8,34
"3985",243,367,9
"3986",287,35,873
"3987",7,162,3
"3988",0,32,93
"3989",215,13,57
"3990",0,161,0
"3991",4,0,135
"3992",36,266,88
"3993",83,314,21
"3994",114,852,51
"3995",67,24,66
"3996",6,559,14
"3997",0,415,2
"3998",3,1282,12
"3999",188,30815,86
"4000",40,18,164
"4001",1272,63,6063
"4002",820,5,46
"4003",8,134,0
"4004",29,285,10
"4005",0,129,0
"4006",94,10,239
"4007",76,963,222
"4008",45,17,46
"4009",127,66,225
"4010",238,0,2
"4011",44,897,32
"4012",112,61,125
"4013",14,118,2
"4014",3,176,0
"4015",12,132,9
"4016",0,5783,268
"4017",138,30,164
"4018",1,0,211
"4019",8,109,5
"4020",31,115,109
"4021",29,83,56
"4022",0,118,5
"4023",0,129,8
"4024",5,133,0
"4025",564,32,37
"4026",27,242,220
"4027",148,444,98
"4028",7,423,2
"4029",13,6219,14
"4030",26,1390,89
"4031",73,374,18
"4032",47,1947,355
"4033",2,99,2
"4034",16,12,179
"4035",13,25,135
"4036",20,147,54
"4037",8,182,0
"4038",316,132,787
"4039",0,1386,47
"4040",575,167,522
"4041",2,866,8
"4042",157,3,91
"4043",3,302,0
"4044",212,578,241
"4045",133,43,2
"4046",3,370,51
"4047",1,12,115
"4048",60,121,55
"4049",35,210,585
"4050",198,0,15
"4051",53,879,14
"4052",278,5,53
"4053",0,422,2
"4054",0,211,0
"4055",75,18475,99
"4056",268,551,517
"4057",284,486,157
"4058",24,36,60
"4059",24,0,203
"4060",13,14685,1421
"4061",0,243,0
"4062",14,335,6
"4063",6,167,0
"4064",7,131,4
"4065",376,1,32
"4066",186,15,0
"4067",2341,120,1854
"4068",2,23,96
"4069",59,24,37
"4070",75,76,87
"4071",51,257,8
"4072",922,11,52
"4073",1296,858,2035
"4074",11066,1699,14128
"4075",0,450,0
"4076",94,2,30
"4077",310,456,1180
"4078",0,0,1409
"4079",937,69,783
"4080",71,6544,263
"4081",131,73,66
"4082",42,0,81
"4083",69,18,88
"4084",79,2319,261
"4085",13,0,95
"4086",0,1,398
"4087",4,139,30
"4088",0,285,6
"4089",4,495,15
"4090",88,0,29
"4091",18,103,5
"4092",43,106,5
"4093",0,58051,572
"4094",7503,47,135
"4095",69,263,263
"4096",90,2650,38
"4097",14,1238,40
"4098",369,84,254
"4099",0,993,2
"4100",222,23,71
"4101",2,1871,14
"4102",0,4646,15
"4103",129,12,367
"4104",123,5531,477
"4105",318,43,23
"4106",494,164,175
"4107",814,53,113
"4108",526,51,2
"4109",64,2083,79
"4110",1258,49,252
"4111",15,0,172
"4112",192,22,26
"4113",54,402,292
"4114",3,81,738
"4115",147,0,90
"4116",0,9866,0
"4117",141,10,952
"4118",546,181,73
"4119",5,917,5
"4120",6,284,0
"4121",6,2,362
"4122",103,381,703
"4123",125,0,76
"4124",942,1684,1256
"4125",172,20,63
"4126",490,3,2
"4127",6399,676,11545
"4128",37,1231,32
"4129",2940,74,1698
"4130",792,155,10
"4131",722,2,1040
"4132",37,66,42
"4133",35,6194,422
"4134",449,10,79
"4135",8,9,102
"4136",12058,29,160
"4137",596,2,8
"4138",324,3,53
"4139",0,4979,0
"4140",10,160,13
"4141",0,903,6
"4142",10,119,11
"4143",23,4249,58
"4144",208,752,164
"4145",468,14,30
"4146",60,289,241
"4147",1104,0,0
"4148",6,523,0
"4149",2491,891,21486
"4150",191,4,0
"4151",0,309,2
"4152",13,2055,29
"4153",41,60,60
"4154",0,101,0
"4155",1021,27,488
"4156",40,47,37
"4157",5166,400,123
"4158",10,1013,0
"4159",399,1043,44
"4160",0,1510,0
"4161",69,2,201
"4162",254,1297,5496
"4163",116,20,3
"4164",1620,2844,2302
"4165",13,58,197
"4166",360,30226,380
"4167",796,10,63
"4168",27,122,52
"4169",0,153,7
"4170",5,108,2
"4171",22,0,125
"4172",133,0,22
"4173",63,321,15
"4174",123,34,98
"4175",2682,129,1757
"4176",16,66,47
"4177",6,422,2
"4178",0,417,3
"4179",89,117,48
"4180",102,154,182
"4181",26,76,64
"4182",65,4312,25
"4183",394,11,32
"4184",62,49,405
"4185",907,803,647
"4186",122,880,238
"4187",100,32,90
"4188",44,84,221
"4189",987,34,86
"4190",37,32,63
"4191",0,1707,38
"4192",0,113,0
"4193",5,105,8
"4194",236,0,18
"4195",154,27,198
"4196",67,3,57
"4197",0,456,0
"4198",137,8,251
"4199",0,191,2
"4200",249,2,119
"4201",3481,71,2161
"4202",4,183,51
"4203",29,36,76
"4204",60,84,29
"4205",11,80,10
"4206",1100,181,6156
"4207",158,45,72
"4208",0,176,28
"4209",40,53,82
"4210",787,0,0
"4211",33,2004,16
"4212",161,3,2
"4213",114,11,19
"4214",0,132,1
"4215",1075,858,884
"4216",50,98,47
"4217",0,270,8
"4218",165,0,0
"4219",69,10,126
"4220",0,1485,0
"4221",0,133,13
"4222",127,183,0
"4223",152,6,1063
"4224",1188,3258,3311
"4225",54,20,68
"4226",163,81,95
"4227",8097,287,1871
"4228",1,153,1
"4229",17,1726,20
"4230",36,8497,32
"4231",150,1,24
"4232",97,44,4038
"4233",123,28,0
"4234",4,2649,10
"4235",21,50,51
"4236",407,340,472
"4237",31,5158,79
"4238",626,814,947
"4239",45,10,55
"4240",13,35,59
"4241",45,61,137
"4242",0,112,0
"4243",214,11,153
"4244",129,1,40
"4245",0,110,4
"4246",59,17,275
"4247",3,18,82
"4248",54,52,17
"4249",2,213,5
"4250",7851,265,6555
"4251",55,68,146
"4252",27,121,8
"4253",69,0,592
"4254",7,20,190
"4255",5003,2058,4064
"4256",92,26,22
"4257",0,159,0
"4258",2,167,0
"4259",37,28,53
"4260",116,33,116
"4261",129,313,244
"4262",57,55,3310
"4263",0,500,0
"4264",562,114,196
"4265",88,0,19
"4266",23,149,38
"4267",14,3023,43
"4268",34,1073,2
"4269",571,372,106
"4270",595,27,145
"4271",6943,15184,13618
"4272",145,244,278
"4273",0,152,11
"4274",183,154,230
"4275",4,160,0
"4276",49,19,42
"4277",0,4179,0
"4278",110,127,328
"4279",211,4367,283
"4280",90,198,142
"4281",0,121,3
"4282",0,211,9
"4283",194,1704,142
"4284",233,141,456
"4285",694,0,12
"4286",0,485,0
"4287",0,365,4
"4288",33,16,65
"4289",224,135,218
"4290",91,35,32
"4291",0,238,0
"4292",117,1593,4895
"4293",0,309,0
"4294",551,1164,426
"4295",0,156,0
"4296",15,0,417
"4297",211,1489,266
"4298",58,0,63
"4299",2,0,124
"4300",48,0,282
"4301",17,3,707
"4302",0,988,0
"4303",23,243,23
"4304",56,306,134
"4305",181,74,734
"4306",4986,28,3365
"4307",2,77,34
"4308",113,0,17
"4309",18,336,22
"4310",334,0,2
"4311",13,73,23
"4312",2,995,7
"4313",4977,1272,1472
"4314",12,1501,128
"4315",21,10,280
"4316",0,159,0
"4317",0,563,12
"4318",759,31936,1603
"4319",3,1505,8
"4320",8,1226,17
"4321",0,0,171
"4322",346,1169,369
"4323",350,252,324
"4324",81,1392,556
"4325",2,193,0
"4326",60,37,63
"4327",68,232,53
"4328",187,29,123
"4329",187,141,10
"4330",17586,86,3524
"4331",0,1595,0
"4332",106,16,12
"4333",174,30,31
"4334",85,10,110
"4335",1767,712,104
"4336",1,143,0
"4337",178,69,68
"4338",3,2363,28
"4339",185,236,167
"4340",5588,5042,1552
"4341",282,0,10
"4342",12,77,15
"4343",12,82,16
"4344",139,108,57
"4345",12,275,0
"4346",101,7442,140
"4347",220,2,10
"4348",44,140,99
"4349",59,6,88
"4350",0,133,4
"4351",5,115,12
"4352",67,42,61
"4353",260,223,150
"4354",1,114,0
"4355",9,14,105
"4356",14,184,39
"4357",20,489,28
"4358",342,0,52
"4359",0,106,0
"4360",29,68,27
"4361",5163,167,138
"4362",0,591,4
"4363",691,7,961
"4364",116,179,26
"4365",0,52,695
"4366",25,14,73
"4367",19403,457,1778
"4368",61,77,249
"4369",2692,2698,155
"4370",1274,2,9
"4371",93,648,50
"4372",2904,69,2401
"4373",946,46,418
"4374",1367,351,1301
"4375",136,57,141
"4376",8,288,6
"4377",2,177,0
"4378",0,0,154
"4379",632,35,350
"4380",13,455,8
"4381",3207,33,1954
"4382",362,58,746
"4383",0,4581,23
"4384",5,102,55
"4385",24,1834,72
"4386",739,31,45
"4387",638,422,982
"4388",40,4,64
"4389",445,22,138
"4390",32,2815,132
"4391",31,39,64
"4392",1495,298,75
"4393",18,182,10
"4394",228,516,37
"4395",19,517,18
"4396",41,194,94
"4397",100,154,231
"4398",62,7,31
"4399",54,6,87
"4400",1315,69,2370
"4401",2,254,0
"4402",4,81,19
"4403",54,107,89
"4404",85,8,54
"4405",24,91,14
"4406",41,6,58
"4407",15,672,36
"4408",42,67,14
"4409",21,53,46
"4410",0,457,4
"4411",0,225,0
"4412",179,231,222
"4413",0,5879,0
"4414",29460,1813,2486
"4415",101,159,133
"4416",0,3571,4
"4417",129,3665,5
"4418",175,0,7
"4419",26,554,151
"4420",62,2,135
"4421",16,83,30
"4422",24441,16035,3790
"4423",125,257,7759
"4424",0,374,21
"4425",333,35,2800
"4426",0,281,3
"4427",3117,354,3949
"4428",7,78,16
"4429",2,956,7
"4430",34,14,217
"4431",2,106,3
"4432",98,951,98
"4433",81,23,227
"4434",931,4,94
"4435",243,0,0
"4436",49,38,101
"4437",33,23,48
"4438",3,708,7
"4439",961,22,29
"4440",1028,93,15
"4441",0,178,0
"4442",171,122,360
"4443",0,364,0
"4444",241,564,36
"4445",23,5723,1396
"4446",0,1101,0
"4447",26,59,64
"4448",10,33,95
"4449",20,8299,37
"4450",406,112,44
"4451",103,190,0
"4452",110,0,36
"4453",141,98823,342
"4454",16,62,40
"4455",47,4451,99
"4456",299,332,449
"4457",440,1340,341
"4458",75,66,167
"4459",6,581,93
"4460",26,59,55
"4461",406,29158,112
"4462",639,0,13
"4463",7,381,7
"4464",56,38,74
"4465",646,692,1989
"4466",383,323,596
"4467",55,14,92
"4468",327,358,501
"4469",15,425,1
"4470",8,1079,35
"4471",78,24,1153
"4472",5,749,14
"4473",0,229,0
"4474",10,89,7
"4475",1,200,3
"4476",27,187,40
"4477",379,23,21
"4478",789,0,11
"4479",19,158,43
"4480",1929,1442,83
"4481",20,243,32
"4482",116,6,4
"4483",13,337,5
"4484",350,0,64
"4485",3,0,494
"4486",4,2740,41
"4487",0,101,0
"4488",232,358,90
"4489",2673,8,1319
"4490",0,103,0
"4491",2,462,4
"4492",166,7785,70
"4493",37,46,46
"4494",2590,10,119
"4495",170,402,54
"4496",131,219,28
"4497",59,60,0
"4498",671,5,477
"4499",10,228,16
"4500",43,610,255
"4501",0,126,0
"4502",16,163,5
"4503",0,296,0
"4504",0,327,0
"4505",2343,27,3861
"4506",24,1453,0
"4507",0,476,0
"4508",86,55,27
"4509",94,0,1546
"4510",717,34,53
"4511",119,28,54
"4512",22,35,70
"4513",671,93,98
"4514",150,39,100
"4515",105,120,144
"4516",0,161,0
"4517",87,403,45
"4518",22,25,106
"4519",488,36,19
"4520",1,100,11
"4521",8352,225,10180
"4522",83279,5053,74648
"4523",92,344,274
"4524",3774,199,881
"4525",160,15,145
"4526",236,227,114
"4527",185,31,58
"4528",31,46,96
"4529",107,0,0
"4530",24,42,59
"4531",3630,452,408
"4532",3,799,5
"4533",3,315,48
"4534",41,28,165
"4535",0,741,0
"4536",32,50,89
"4537",0,404,2
"4538",70,148,31
"4539",1044,39,283
"4540",0,100,0
"4541",32,81,64
"4542",456,534,29
"4543",1567,27,999
"4544",1860,541,373
"4545",74,7,339
"4546",20,54,57
"4547",176,0,16
"4548",3951,97,16145
"4549",339,178,103
"4550",33,79,76
"4551",26,257,0
"4552",192,10,57
"4553",4003,984,7096
"4554",316,8,46
"4555",4836,28,325
"4556",0,0,8292
"4557",176,114,42
"4558",0,2038,11
"4559",7468,43,843
"4560",131,23,29
"4561",17,13,291
"4562",301,2,0
"4563",246,768,775
"4564",38,8,63
"4565",397,304,536
"4566",30,2381,16
"4567",80,696,1539
"4568",27,127,13
"4569",10943,29,63
"4570",11,130,115
"4571",249,809,195
"4572",85,5,18
"4573",18,1909,71
"4574",136,0,15
"4575",469,591,1003
"4576",3,144,4
"4577",2,107,0
"4578",545,32,17
"4579",43,157,52
"4580",114,37199,86
"4581",37,35,66
"4582",0,9705,36
"4583",4,2,107
"4584",4,148,0
"4585",8,371,5
"4586",830,1430,1136
"4587",220,2231,197
"4588",5,951,0
"4589",13804,28848,9696
"4590",2458,46,22426
"4591",2790,327,925
"4592",7,1697,16
"4593",28,7,141
"4594",437,1750,439
"4595",30,4,71
"4596",2010,90,26
"4597",8,43,58
"4598",55,26,32
"4599",52,44,58
"4600",247,62,157
"4601",23,2503,77
"4602",37,10144,184
"4603",0,113,0
"4604",4,1055,8
"4605",239,10,83
"4606",0,379,4
"4607",589,268,888
"4608",27,25728,98
"4609",1393,5682,17033
"4610",26,51,29
"4611",49,46,37
"4612",65,1,139
"4613",219,1535,606
"4614",44,124,35
"4615",57,3,42
"4616",14,101,21
"4617",0,161,18
"4618",32,434,8
"4619",24,106,3
"4620",2,150,6
"4621",0,526,21
"4622",7693,9948,4299
"4623",832,0,47
"4624",216,0,371
"4625",33,3,158
"4626",43,40,54
"4627",8275,5167,2678
"4628",2705,459,1632
"4629",2383,14,34
"4630",0,22762,424
"4631",115,1,21
"4632",26,6,70
"4633",451,125,1082
"4634",75,6,75
"4635",14,393,4
"4636",4,147,5
"4637",2,463,0
"4638",4,2340,6
"4639",28,0,160
"4640",4,4245,29
"4641",151,0,0
"4642",5,755,6
"4643",498,32,64
"4644",123,62,67
"4645",1,506,12
"4646",6,0,231
"4647",12,334,0
"4648",2695,217,104
"4649",51,244,4
"4650",80,28,6082
"4651",145,61,470
"4652",67,95,72
"4653",44,50,47
"4654",94,28,22
"4655",1295,44,269
"4656",93,152,24
"4657",20,1040,24
"4658",235,352,506
"4659",22,213,1
"4660",403,2706,193
"4661",893,106,59
"4662",796,2,32
"4663",243,37,488
"4664",6337,360,8350
"4665",432,635,1346
"4666",727,167,651
"4667",0,3141,7
"4668",0,227,0
"4669",2,228,0
"4670",66,46,38
"4671",242,8,21
"4672",288,10,256
"4673",3175,359,10015
"4674",630,3,22
"4675",10,523,7
"4676",116,1,2
"4677",1232,1358,578
"4678",34,121,48
"4679",15,127,89
"4680",2530,0,18
"4681",6,1088,0
"4682",37,20,85
"4683",106,0,0
"4684",14,129,20
"4685",0,0,100
"4686",21,495,28
"4687",18,1351,36
"4688",184,1,30
"4689",0,251,0
"4690",7010,10924,11094
"4691",98,50,139
"4692",52,227,3372
"4693",2288,15,98
"4694",4,250,11
"4695",40,10212,21
"4696",80,105,27
"4697",0,124,0
"4698",53,9700,137
"4699",19,12650,427
"4700",6,195,0
"4701",1139,19,71
"4702",115,0,1
"4703",0,5155,177
"4704",41,43,126
"4705",128,3139,304
"4706",4,973,13
"4707",6056,0,0
"4708",83770,1146,60436
"4709",24,215,0
"4710",170,0,235
"4711",11,2129,18
"4712",2,638,2
"4713",2,2450,4
"4714",61,3795,87
"4715",180,122,108
"4716",0,372,4
"4717",177,57,153
"4718",49,20,911
"4719",0,620,0
"4720",81,2,27
"4721",163,0,16
"4722",0,583,6
"4723",46,42,12
"4724",0,7442,0
"4725",17,129,2
"4726",127,10,173
"4727",128,8,4
"4728",78,21,225
"4729",19,715,15
"4730",41,5001,190
"4731",407,31,7
"4732",401,852,1512
"4733",69,1289,111
"4734",42,54,52
"4735",57,23,31
"4736",3185,812,4761
"4737",30,29,75
"4738",145,4,2
"4739",82,1,17
"4740",14,280,4
"4741",8,16,82
"4742",1,165,4
"4743",2574,155,787
"4744",3700,429,776
"4745",12,4759,38
"4746",5,3623,85
"4747",363,111,482
"4748",54,189,36
"4749",12,798,134
"4750",2,980,9
"4751",33,19,124
"4752",132,5,32
"4753",37,31033,502
"4754",4,129,4
"4755",97,11,635
"4756",21367,3532,11706
"4757",264,97,349
"4758",0,134,2
"4759",535,0,0
"4760",240,1329,286
"4761",1484,48,53
"4762",84,42,42
"4763",15606,402,9606
"4764",21,24881,71
"4765",0,114,2
"4766",45,58,54
"4767",485,4,2
"4768",133,205,235
"4769",59,34,28
"4770",4,129,8
"4771",101,72,132
"4772",27,142,38
"4773",14,429,11
"4774",89,387,102
"4775",89,103,115
"4776",8,39,67
"4777",3,6,126
"4778",100,2,18
"4779",28,54,50
"4780",96,22,116
"4781",64,37,69
"4782",104,0,221
"4783",213,181,131
"4784",166,0,45
"4785",0,210,14
"4786",24,3150,69
"4787",292,16,3
"4788",44,17,40
"4789",49,301,8
"4790",2,2,685
"4791",97,7,4
"4792",173,4,2
"4793",7,159,10
"4794",206,38,2
"4795",274,126,405
"4796",0,2,165
"4797",38,62,133
"4798",3912,5461,8285
"4799",18518,6186,813
"4800",26,638,23
"4801",5,345,0
"4802",0,0,200
"4803",3,362,5
"4804",1610,9192,165
"4805",8,239,0
"4806",36,8470,91
"4807",254,30,11503
"4808",166,178,22
"4809",40,0,614
"4810",65,8381,1386
"4811",2,751,18
"4812",4746,25,227
"4813",128,554,15
"4814",16,2,256
"4815",3340,42,332
"4816",177,40,89
"4817",13860,311,1804
"4818",83,59,71
"4819",1103,210,314
"4820",3041,1861,961
"4821",59,37,90
"4822",23,43,282
"4823",0,323,0
"4824",297,689,396
"4825",5907,1333,8778
"4826",0,159,0
"4827",0,844,4
"4828",597,737,1916
"4829",12,176,0
"4830",13,15,162
"4831",67,177,267
"4832",0,259,0
"4833",0,131,4
"4834",22,105,44
"4835",2,999,12
"4836",0,1046,18
"4837",0,348,0
"4838",0,6964,16
"4839",238,5,35
"4840",23,100,16
"4841",1306,1294,2680
"4842",235,396,440
"4843",6734,72,2070
"4844",5,140,82
"4845",53,13,38
"4846",2989,1447,7701
"4847",2,103,5
"4848",181,0,39
"4849",51,36,38
"4850",87,54787,878
"4851",800,144,13
"4852",1503,64,56
"4853",3,810,75
"4854",617,22,1075
"4855",36,20,46
"4856",274,1094,788
"4857",241,1448,222
"4858",24,90,102
"4859",13021,1929,4002
"4860",159,11,359
"4861",262,7,9
"4862",133,115,127
"4863",156,0,2
"4864",28,1673,507
"4865",339,6,101
"4866",549,234,60
"4867",260,0,3
"4868",0,362,5
"4869",813,41,5757
"4870",43,89,94
"4871",96,4,7
"4872",0,112,0
"4873",4,36,60
"4874",47,156,62
"4875",3,91,42
"4876",20,173,354
"4877",107,1,16
"4878",3291,171,151
"4879",1591,3378,3984
"4880",170,42,25
"4881",687,20,23
"4882",0,4090,0
"4883",38,25,5819
"4884",48,16505,160
"4885",1114,596,54
"4886",173,266,1301
"4887",447,523,952
"4888",55,1610,63
"4889",96,30,156
"4890",78,32,11
"4891",639,157,2098
"4892",66,143,3
"4893",98,61,652
"4894",598,961,1137
"4895",23,52,38
"4896",535,21,2193
"4897",7,96,3
"4898",20,4,111
"4899",21,1935,32
"4900",0,854,0
"4901",2358,28,2571
"4902",178,42,573
"4903",0,153,0
"4904",4832,20,10
"4905",9,142,3
"4906",52,2,58
"4907",26,9,87
"4908",0,5201,9
"4909",9,512,26
"4910",125,68,192
"4911",2,916,22
"4912",35,155,33
"4913",7,692,11
"4914",765,1181,1412
"4915",4004,3257,340
"4916",232,52,74
"4917",38,17,210
"4918",10,64,26
"4919",122,1073,416
"4920",89,49,149
"4921",1389,31,90
"4922",159,71,156
"4923",13,7141,78
"4924",9,105,5
"4925",14,131,15
"4926",0,212,28
"4927",17,66,73
"4928",235,12737,282
"4929",1866,1243,3228
"4930",99,0,7
"4931",216,1079,372
"4932",0,198,20
"4933",239,0,1963
"4934",251,27921,1073
"4935",164,16,38
"4936",16,72,66
"4937",1654,13288,373
"4938",103,50,16
"4939",5,132,32
"4940",0,147,4
"4941",4895,130,2731
"4942",22,87,6
"4943",33,13,97
"4944",1763,11,46
"4945",123,4,3
"4946",4,117,13
"4947",1,101,0
"4948",91,23,46
"4949",90,0,17
"4950",2,330,12
"4951",5,1139,0
"4952",110,25,66
"4953",95,6,78
"4954",6,2,101
"4955",1047,17,6624
"4956",0,395,0
"4957",98,0,19
"4958",236,58,45
"4959",89,38,176
"4960",185,12206,152
"4961",134,9,395
"4962",1094,1790,1821
"4963",0,7,218
"4964",6,8,874
"4965",25,686,6
"4966",51,249,78
"4967",4,2115,17
"4968",4664,895,23871
"4969",176,101,285
"4970",2,122,4
"4971",826,228,3372
"4972",16,471,52
"4973",26,19,148
"4974",19,1452,48
"4975",87,0,29
"4976",21,88,57
"4977",51,26,94
"4978",0,31,118
"4979",78,353,91
"4980",124,250,296
"4981",113,0,3
"4982",3,535,7
"4983",849,1756,224
"4984",0,126,1
"4985",222,0,2
"4986",107,39,10
"4987",200,1449,553
"4988",819,379,189
"4989",1099,6,207
"4990",487,0,303
"4991",343,275,551
"4992",12335,136,1700
"4993",86,31,86
"4994",23,92,202
"4995",2,103,2
"4996",6,2,212
"4997",500,23,345
"4998",39,10,60
"4999",0,100,0
"5000",668,3,30
"5001",53,52,269
"5002",0,2375,16
"5003",29,6766,39
"5004",177,437,336
"5005",89,2542,416
"5006",2,380,0
"5007",43,225,38
"5008",0,207,23
"5009",4,706,11
"5010",11,127,5
"5011",56,110,30
"5012",12,114,8
"5013",236,583,47
"5014",71,45,53
"5015",33,41,79
"5016",114,0,9
"5017",4746,24,0
"5018",0,5,401
"5019",40,609,4
"5020",42,58,35
"5021",114,4,40
"5022",27,33,107
"5023",62,41,9
"5024",441,10,25
"5025",126,13,17
"5026",165,464,2891
"5027",198,188,433
"5028",139,125,162
"5029",172,100,68
"5030",0,110,0
"5031",64,82,128
"5032",12,3,188
"5033",3007,0,8
"5034",2639,65,246
"5035",0,7060,0
"5036",14,411,18
"5037",51,312,38
"5038",193,627,401
"5039",165,14186,250
"5040",3,108,10
"5041",0,355,0
"5042",32,1261,70
"5043",0,1670,21
"5044",154,0,45
"5045",1502,0,302
"5046",24,601,13
"5047",509,8240,772
"5048",28,37,36
"5049",451,96,198
"5050",0,2001,0
"5051",45,85,70
"5052",49,10,76
"5053",110,149,2
"5054",18,913,5
"5055",1,237,8
"5056",58,172,165
"5057",268,62,197
"5058",4474,2505,6
"5059",5,101,0
"5060",59,4,104
"5061",15,609,5
"5062",35,113,25
"5063",0,2278,0
"5064",0,3932,0
"5065",547,201,699
"5066",68,112,167
"5067",230,5,149
"5068",82,8929,99
"5069",0,238,0
"5070",959,71,360
"5071",48,25,101
"5072",128163,1399,14827
"5073",4945,7,198
"5074",46,131,22
"5075",44,5619,294
"5076",42,32514,341
"5077",16,122,4
"5078",2433,18,843
"5079",2015,29395,3954
"5080",13,138,22
"5081",18,181,38
"5082",256,0,61
"5083",78,11,35
"5084",65,927,42
"5085",172,67,1316
"5086",14,154,7
"5087",9,164,6
"5088",63,138,43
"5089",0,395,0
"5090",3697,0,25
"5091",19,383,4
"5092",0,126,2
"5093",6,564,46
"5094",68,37,538
"5095",58,65,307
"5096",96,54,101
"5097",31,23,52
"5098",74,195,2111
"5099",411,1138,64
"5100",215,4,29
"5101",27,39,88
"5102",0,494,0
"5103",114,122,108
"5104",128,68,255
"5105",62,582,11
"5106",0,3529,40
"5107",119,652,102
"5108",1047,12,85
"5109",350,5,234
"5110",26,15,146
"5111",194,21,17
"5112",126,15,39
"5113",11,679,0
"5114",4,117,0
"5115",39,60,46
"5116",571,3,33
"5117",0,3,160
"5118",412,4,13
"5119",48,22,140
"5120",29,256,3
"5121",890,1667,956
"5122",67,30,89
"5123",0,6624,8
"5124",53,11179,29
"5125",23,12491,107
"5126",0,702,4
"5127",110,27634,147
"5128",71,772,13
"5129",0,524,8
"5130",2231,14,0
"5131",0,151,0
"5132",36,182,8
"5133",1480,177,222
"5134",133,117,503
"5135",90,18,420
"5136",117,34,173
"5137",1637,1486,481
"5138",0,1150,51
"5139",68,362,285
"5140",54,2,68
"5141",21,11430,11
"5142",24,1520,24
"5143",0,9119,0
"5144",23,45,64
"5145",4,292,26
"5146",23,1216,20
"5147",17,91,11
"5148",7,6,228
"5149",73,23,157
"5150",6,37,64
"5151",306,4197,394
"5152",323,0,2
"5153",102,2,7
"5154",3,177,0
"5155",320,1,56
"5156",0,188,0
"5157",178,86,13
"5158",45,71,71
"5159",1,82,26
"5160",1227,1252,107
"5161",75,5,50
"5162",45,107,43
"5163",0,109,0
"5164",0,258,8
"5165",0,367,0
"5166",235,2,0
"5167",381,1031,462
"5168",175,1,6
"5169",40,0,65
"5170",0,149,0
"5171",73,56,142
"5172",7,6,269
"5173",1908,0,288
"5174",42,2348,48
"5175",19,4,87
"5176",23,191,14
"5177",1701,456,5236
"5178",14,2,182
"5179",63,5,93
"5180",18,650,6
"5181",51,430,67
"5182",229,213,98
"5183",0,118,14
"5184",123,21,43
"5185",58,86,13
"5186",185,32,5
"5187",177,51,200
"5188",109,21,370
"5189",14,5600,61
"5190",748,28,89
"5191",225,64,357
"5192",18,3491,25
"5193",0,188,0
"5194",70,37,228
"5195",1575,5739,0
"5196",0,321,0
"5197",17,172,14
"5198",614,421,1542
"5199",16,609,34
"5200",0,11936,89
"5201",35,461,4
"5202",178,1138,74
"5203",28,41,37
"5204",100,0,0
"5205",0,813,36
"5206",402,741,53
"5207",18,3203,76
"5208",0,0,144
"5209",40,62,5
"5210",51,39,74
"5211",22,66,38
"5212",0,3025,21
"5213",108,0,7998
"5214",92,126,54
"5215",827,0,0
"5216",52,4,140
"5217",0,191,0
"5218",0,104,25
"5219",18,147,59
"5220",252,7,1237
"5221",99,384,494
"5222",1,206,1
"5223",618,289,1042
"5224",1764,147,488
"5225",336,11,77
"5226",77,1907,146
"5227",10,115,20
"5228",96,168,0
"5229",58,165,4
"5230",137,742,133
"5231",67,68,22
"5232",10098,31,261
"5233",350,78,874
"5234",135,949,18
"5235",365,1012,284
"5236",4,0,263
"5237",26,821,5
"5238",132,48,599
"5239",1175,9,171
"5240",3449,131,5255
"5241",126,38642,1501
"5242",602,0,11
"5243",150,19,145
"5244",31,7,140
"5245",102,14,18
"5246",112,7,114
"5247",16355,0,565
"5248",126,25,246
"5249",460,761,174
"5250",31,40,33
"5251",55,4,43
"5252",78,44,8
"5253",60,101,131
"5254",404,204,757
"5255",484,29,369
"5256",5,629,23
"5257",72,334,16
"5258",131,902,69
"5259",182,654,108
"5260",366,20,158
"5261",63,5,52
"5262",23145,1595,45233
"5263",56,42,108
"5264",40,182,16
"5265",570,9,14
"5266",26,110,324
"5267",6,98,12
"5268",175,227,2653
"5269",27,99,46
"5270",17,117,10
"5271",7,147,0
"5272",242,3,878
"5273",42,344,3
"5274",19,18,87
"5275",0,116,7
"5276",22,1606,20
"5277",2,146,0
"5278",314,1982,726
"5279",34,134,2
"5280",2,1254,3
"5281",1340,2816,869
"5282",0,228,0
"5283",0,127,0
"5284",32,4,67
"5285",163,1989,202
"5286",0,52,148
"5287",28,35,431
"5288",26,116,58
"5289",3918,370,3255
"5290",138,119,332
"5291",50,110,35
"5292",190,0,4
"5293",3091,30,174
"5294",0,99,3
"5295",138,41,8159
"5296",33,75,20
"5297",20,1370,0
"5298",4235,111,2439
"5299",1794,26,158
"5300",12,6,157
"5301",0,104,0
"5302",5,5316,18
"5303",273,547,876
"5304",84,10,18
"5305",547,0,20
"5306",49,67,52
"5307",25,18,58
"5308",3092,105,1970
"5309",6,423,9
"5310",0,1074,0
"5311",2,252,0
"5312",515,15,60
"5313",1673,5,984
"5314",51,60,26
"5315",0,17245,0
"5316",205,54,80
"5317",32,261,44
"5318",201,12,283
"5319",38,1392,63
"5320",0,562,0
"5321",164,57,133
"5322",0,141,6
"5323",2083,101,291
"5324",14,0,230
"5325",106,17,114
"5326",15,2356,36
"5327",107,30,98
"5328",158,300,119
"5329",2,205,0
"5330",37,6,79
"5331",0,664,0
"5332",30,87,36
"5333",13,48,46
"5334",594,3252,710
"5335",7915,77,463
"5336",1779,2482,949
"5337",0,545,0
"5338",29,1275,15
"5339",140,3,11
"5340",179,433,72
"5341",2262,5,34
"5342",14,29,120
"5343",55,23,25
"5344",354,5,75
"5345",39,54,17
"5346",72,23,17
"5347",87,0,338
"5348",0,225,13
"5349",21,3011,27
"5350",62,12,34
"5351",530,0,0
"5352",3203,19,131
"5353",613,94,42
"5354",134,173,3
"5355",3,218,2
"5356",0,22,189
"5357",87,94,165
"5358",25,81,27
"5359",480,22,310
"5360",3309,220,4028
"5361",182,343,59
"5362",275,1004,217
"5363",33,56,17
"5364",0,138,0
"5365",33,37,71
"5366",70,4,62
"5367",16,430,20
"5368",149,6,12
"5369",36,99,106
"5370",7,51,1226
"5371",0,204,307
"5372",171,0,0
"5373",129,6,43
"5374",37,80,53
"5375",5,527,12
"5376",12,1,102
"5377",3377,0,0
"5378",0,286,0
"5379",1,100,8
"5380",8,2131,133
"5381",6,1241,16
"5382",304,81,102
"5383",19463,2990,16541
"5384",78,37,36
"5385",4586,74,727
"5386",129,4979,1365
"5387",37,3659,77
"5388",67,60,90
"5389",128,95,14
"5390",35,230,14
"5391",86,15,112
"5392",11,242,3
"5393",58,13,67
"5394",0,12008,70
"5395",2,127,10
"5396",160,8,39
"5397",111,40,254
"5398",48,96,15
"5399",37,63,22
"5400",205,144,296
"5401",60,94,377
"5402",1243,5,188
"5403",88,114,42
"5404",25,13,74
"5405",7098,27,45
"5406",39,196,28
"5407",39,1049,10
"5408",31,2286,94
"5409",217,422,32
"5410",88,0,47
"5411",160,0,2
"5412",6,48,51
"5413",2752,285,730
"5414",25,2738,44
"5415",4111,18,3198
"5416",20,12,1371
"5417",10,181,45
"5418",13,6,143
"5419",51,17,42
"5420",7537,12,15
"5421",46,27,52
"5422",349,5,33
"5423",790,1008,879
"5424",4,10,188
"5425",0,0,17818
"5426",0,119,0
"5427",28,226,862
"5428",34,127,22
"5429",73,22,45
"5430",147,193,129
"5431",1113,326,266
"5432",533,369,358
"5433",260,112,270
"5434",513,252,75
"5435",138,46,5880
"5436",0,1348,31
"5437",0,106,85
"5438",92,0,2833
"5439",6,403,218
"5440",10,4,116
"5441",0,193,4
"5442",1273,1539,5726
"5443",39,2409,551
"5444",25,498,154
"5445",7,126,27
"5446",235,593,347
"5447",120,25,0
"5448",76,573,24
"5449",25,120,2
"5450",1,127,6
"5451",2,277,0
"5452",8,399,58
"5453",1,154,0
"5454",125,22989,437
"5455",0,142,13
"5456",5,141,0
"5457",2820,48,182
"5458",49,427,1075
"5459",340,677,141
"5460",52,59,0
"5461",130,5,352
"5462",140,95,197
"5463",893,38,1270
"5464",13,6002,9
"5465",63,243,857
"5466",100,0,0
"5467",31,151,0
"5468",6419,206,518
"5469",12,226,2
"5470",17974,11,983
"5471",0,128,0
"5472",446,27,233
"5473",8,1801,11
"5474",482,367,629
"5475",48,155,45
"5476",109,127,162
"5477",11,1706,12
"5478",336,0,59
"5479",1136,68,21
"5480",41,1902,45
"5481",0,274,2
"5482",712,228,88
"5483",0,250,0
"5484",93,253,378
"5485",69,170,77
"5486",101,59,337
"5487",1420,743,708
"5488",22,20,58
"5489",114,91,75
"5490",145,28,158
"5491",89,0,102
"5492",47,29,69
"5493",448,37,33
"5494",42,69,68
"5495",92,10272,84
"5496",185,289,220
"5497",54,106,62
"5498",15,92,1
"5499",142,8,42
"5500",12,472,6
"5501",20,86,11
"5502",150,338,91
"5503",0,6208,56
"5504",35,6596,83
"5505",3564,5703,11516
"5506",8,3,141
"5507",2,290,32
"5508",667,16,22
"5509",245,5,0
"5510",159,163,202
"5511",31,49068,28
"5512",372,32,22
"5513",12,78,87
"5514",0,110,0
"5515",110,1378,28
"5516",289,7833,194
"5517",3218,20,248
"5518",173,321,28
"5519",56,3743,68
"5520",7,37,88
"5521",0,201,6
"5522",51098,6015,21243
"5523",441,132,162
"5524",36,73,100
"5525",362,118822,1843
"5526",0,260,5
"5527",46,40,148
"5528",0,0,197
"5529",503,305,378
"5530",12910,1486,3616
"5531",128,121,207
"5532",56,60,11
"5533",56,97,148
"5534",254,16,29
"5535",0,213,0
"5536",23,216,155
"5537",380,6,11
"5538",4,3623,76
"5539",146,9,193
"5540",0,122,2
"5541",287,234,304
"5542",53,20002,127
"5543",0,1590,5
"5544",192,23,81
"5545",10,3,790
"5546",98,3,0
"5547",1766,2015,237
"5548",1,313,9
"5549",727,92,56
"5550",2,83,15
"5551",13,1003,0
"5552",80,0,99
"5553",158,52,108
"5554",557,181,11
"5555",17,1156,9
"5556",4,74,30
"5557",151,97912,104
"5558",1190,0,141
"5559",19066,976,1438
"5560",352,69,66
"5561",1473,113,640
"5562",171,5281,391
"5563",42,39,54
"5564",408,6750,20
"5565",3,1097,6
"5566",168,10,3
"5567",6,460,0
"5568",12,3639,26
"5569",131,0,0
"5570",335,58172,2608
"5571",69,78,21
"5572",57,413,54
"5573",47,38,63
"5574",2322,1725,2322
"5575",840,1302,1236
"5576",981,16,13
"5577",52,3637,106
"5578",32,7,214
"5579",0,163,0
"5580",37,72,6
"5581",645,49,500
"5582",14,32265,88
"5583",12,7935,186
"5584",0,192,0
"5585",120,23,220
"5586",2,43,306
"5587",28,425,0
"5588",16,67,23
"5589",17,14707,228
"5590",2,820,0
"5591",2417,170,5166
"5592",388,91,231
"5593",8,829,19
"5594",69,5324,66
"5595",1749,22,28
"5596",438,1706,916
"5597",0,491,2
"5598",170,0,0
"5599",58,209,16
"5600",3,181,4
"5601",661,4,10
"5602",1,124,4
"5603",29,18,86
"5604",3,521,5
"5605",5354,0,603
"5606",36,13,71
"5607",262,55,138
"5608",610,27,2
"5609",594,13,29
"5610",53,7889,69
"5611",100,160,4
"5612",21,89,0
"5613",145,11,44
"5614",115,2,99
"5615",30,1367,79
"5616",2,304,43
"5617",227,342,210
"5618",25,1136,37
"5619",153,203,481
"5620",125,57177,1062
"5621",202,1410,776
"5622",1060,545,1120
"5623",7518,942,2037
"5624",14,473,2
"5625",2461,738,3291
"5626",122,39,112
"5627",776,27959,791
"5628",658,57,239
"5629",3039,33629,398
"5630",28,81,55
"5631",35,6736,210
"5632",58,446,31
"5633",459,325,471
"5634",0,1842,3
"5635",665,1052,577
"5636",0,618,0
"5637",1824,82,180
"5638",2045,2022,4307
"5639",29,493,31
"5640",16,85,2
"5641",0,100,21
"5642",333,311,45
"5643",90,0,100
"5644",88,2,23
"5645",26,3325,70
"5646",84,26311,82
"5647",45,4,196
"5648",1471,204,4
"5649",61,253,10
"5650",0,237,1
"5651",65,12,102
"5652",53,1823,166
"5653",460,328,66
"5654",0,803,0
"5655",158,32751,356
"5656",6,106,9
"5657",1621,0,0
"5658",51,1471,66
"5659",55,48,170
"5660",7312,1201,18795
"5661",505,4,64
"5662",13,78,60
"5663",5188,981,1928
"5664",214,26240,466
"5665",5,254,9
"5666",6,6444,6088
"5667",300,6,4817
"5668",1149,13,43
"5669",3,229,5
"5670",77,25,15
"5671",20,5272,187
"5672",0,244,0
"5673",668,331,989
"5674",44,2098,16
"5675",55,54,57
"5676",5,471,10
"5677",103,0,0
"5678",224,235,423
"5679",331,64,739
"5680",131,6,0
"5681",155,291,245
"5682",67,91,165
"5683",124,2,159
"5684",10,6157,30
"5685",0,170,0
"5686",50,4,51
"5687",37,86,9
"5688",37,1939,35
"5689",22,67,40
"5690",38,1406,15
"5691",3666,637,184
"5692",18,83,9
"5693",163,0,18
"5694",43,64,19
"5695",10,6,188
"5696",15,4546,38
"5697",0,101,9
"5698",247,209,287
"5699",237,50,300
"5700",94,9665,942
"5701",0,324,10
"5702",179,11,272
"5703",272,79,2461
"5704",781,0,9
"5705",25,30,68
"5706",166,554,10
"5707",123,692,947
"5708",347,4,9
"5709",540,135,374
"5710",16,129,425
"5711",13,78,124
"5712",23,100,23
"5713",26,8520,227
"5714",64,266,872
"5715",137,5,63
"5716",38,3,79
"5717",198,74,188
"5718",482,0,19
"5719",205,2859,256
"5720",182,158,91
"5721",46,3715,16
"5722",12,2,92
"5723",1692,1659,10054
"5724",62,1115,39
"5725",33,141,97
"5726",2,199,4
"5727",22767,155,430
"5728",162,7218,115
"5729",0,0,774
"5730",3964,5794,5744
"5731",192,6,6
"5732",22,1285,44
"5733",0,1512,2
"5734",27,573,20
"5735",34,746,55
"5736",0,15616,342
"5737",85,71,69
"5738",21,5367,0
"5739",24,159,3
"5740",509,324,339
"5741",6,1,300
"5742",6,34,114
"5743",76,15,59
"5744",6,217,7
"5745",0,351,3
"5746",985,9,112
"5747",63,6752,75
"5748",13,14622,71
"5749",225,86,3
"5750",23641,13971,11971
"5751",349,1722,480
"5752",72,16,122
"5753",0,120,2
"5754",92,92,148
"5755",567,60,1200
"5756",22,289,105
"5757",50,3428,21
"5758",280,6,33
"5759",288,787,38
"5760",0,1364,0
"5761",75,28133,257
"5762",690,153,941
"5763",17,5066,94
"5764",985,668,1082
"5765",0,551,5
"5766",121,55,132
"5767",190,2640,383
"5768",30,4,136
"5769",408,0,51
"5770",156,636,124
"5771",0,320,1
"5772",0,2975,0
"5773",51,106,21
"5774",15501,50,2071
"5775",63,363,86
"5776",5186,11,173
"5777",10,7044,179
"5778",0,120,4
"5779",8,327,12
"5780",0,461,3
"5781",0,145,0
"5782",2907,177,1205
"5783",38,133,10
"5784",37,0,374
"5785",58,106,123
"5786",95,9,351
"5787",93,32,115
"5788",508,61,14
"5789",43,47,64
"5790",82,316,16
"5791",50,342,279
"5792",361,222,140
"5793",752,157,2984
"5794",0,446,40
"5795",54,258,8
"5796",43,10458,5
"5797",86,170,9
"5798",1239,786,670
"5799",124,286,3438
"5800",104,50,72
"5801",78,932,162
"5802",3396,1165,6895
"5803",45,52606,1519
"5804",70,14,23
"5805",187,525,396
"5806",11,9742,76
"5807",36,132,33
"5808",2213,3,40
"5809",271,40,251
"5810",153,1565,230
"5811",3,1401,41
"5812",73,9,72
"5813",1,0,141
"5814",71,8,236
"5815",7,974,50
"5816",190,9,10
"5817",0,285,3
"5818",1559,31,644
"5819",0,636,8
"5820",36338,101,5013
"5821",428,388,311
"5822",681,17,224
"5823",88,55,127
"5824",4341,429,1213
"5825",43341,4756,6503
"5826",10,118,11615
"5827",215,155,62
"5828",16107,0,0
"5829",39,84,24
"5830",6,2475,6
"5831",668,159,465
"5832",244,18,159
"5833",6,2104,15
"5834",2424,74,135
"5835",470,43334,1216
"5836",0,161,11
"5837",3,168,0
"5838",135,184,418
"5839",122,98,214
"5840",557,18,106
"5841",3000,8164,2254
"5842",115,38,167
"5843",366,2768,384
"5844",28,31,42
"5845",123,4,113
"5846",8,83,13
"5847",5,161,26
"5848",773,50,2784
"5849",9,106,0
"5850",12,178,6
"5851",1950,1744,2960
"5852",159,180,23
"5853",39,67,515
"5854",142,616,57
"5855",50,27,77
"5856",5331,178,1347
"5857",0,320,0
"5858",30,392,14
"5859",111,429,18
"5860",197,6,0
"5861",3,146,46
"5862",55,61,110
"5863",61,5,112
"5864",106,24,253
"5865",60,214,138
"5866",828,4,155
"5867",0,146,0
"5868",1424,896,789
"5869",162,32,142
"5870",14,47,65
"5871",2791,219,8414
"5872",6,93,8
"5873",0,109,0
"5874",9,5135,133
"5875",9,1323,26
"5876",1262,30,61
"5877",0,0,140
"5878",0,0,114
"5879",8,0,455
"5880",21,80,40
"5881",1768,22054,1293
"5882",9,316,4
"5883",12,991,20
"5884",67,452,40
"5885",109,127,775
"5886",12,147,296
"5887",39,9,350
"5888",25,571,200
"5889",81,2,20
"5890",227,129,281
"5891",101,533,565
"5892",129,246,64
"5893",0,243,1
"5894",125,0,35
"5895",857,1724,45
"5896",1164,66,1760
"5897",4911,225,272
"5898",6,0,94
"5899",224,8,34
"5900",32,29,44
"5901",4,411,2
"5902",717,13,42
"5903",69,275,67
"5904",0,775,2
"5905",4,457,5
"5906",234,7013,67
"5907",21,230,15
"5908",270,22,208
"5909",2,132,6
"5910",0,150,0
"5911",140,40,99
"5912",89,0,33
"5913",381,116,23
"5914",300,601,556
"5915",10343,0,0
"5916",1214,117,113
"5917",21,6,79
"5918",1446,30,299
"5919",8,161,8
"5920",0,228,0
"5921",139,5373,2176
"5922",44,907,41
"5923",129,10,4
"5924",28,180,25
"5925",989,47,229
"5926",349,21,57
"5927",261,219,408
"5928",103,67,190
"5929",154,1,45
"5930",253,0,0
"5931",133,2,2
"5932",155,4,10
"5933",17,459,4
"5934",996,517,31050
"5935",20,88,54
"5936",57,690,178
"5937",24,10,66
"5938",2,177,7
"5939",1,54,72
"5940",0,197,3
"5941",0,1800,9
"5942",3964,11,92
"5943",73,16,35
"5944",0,551,4
