T_ZONE1;T_ZONE2;T_ZONE3;T_ZONE4;T_ZONE5;T_ZONE6;H_ZONE1;H_ZONE2;H_ZONE3;H_ZONE4;H_ZONE5;H_ZONE6
24,204;22,619;22,53;22,385;22,398;22,416;80,50;95,70;97,10;96,95;96,45;96,45
24,175;22,566;22,469;22,451;22,342;22,367;80,80;96,90;97,75;96,65;96,75;96,77
24,148;22,591;22,373;22,316;22,164;22,109;80,80;97,20;98,37;97,57;98,00;98,65
24,115;22,437;22,339;22,222;22,173;22,099;80,80;96,90;98,37;98,20;97,67;98,65
24,088;22,376;22,339;22,24;22,182;22,149;80,80;96,90;98,07;97,87;97,67;98,02
24,061;22,378;22,3;22,218;22,152;22,137;80,80;96,90;98,37;97,57;97,67;98,02
24,034;22,488;22,278;22,167;22,111;22,036;81,10;97,50;98,70;98,20;98,00;98,65
24,005;22,334;22,266;22,129;22,109;22,036;81,10;96,90;99,02;98,50;97,67;98,65
23,975;22,364;22,291;22,193;22,142;22,169;81,10;97,20;98,37;97,87;97,67;97,70
23,945;22,436;22,325;22,21;22,12;22,115;81,10;96,00;98,07;97,57;97,67;98,02
23,916;22,497;22,291;22,188;22,111;22,146;81,10;97,50;98,37;97,87;98,00;97,70
23,896;22,307;22,24;22,137;22,109;22,087;81,40;97,50;98,70;98,20;98,00;98,35
23,878;22,401;22,205;22,106;22,073;22,015;81,40;97,20;99,02;98,50;98,00;98,65
23,851;22,364;22,158;22,047;22,009;21,936;81,40;96,90;99,02;98,82;98,30;98,97
23,832;22,23;22,158;22,044;22;21,981;81,40;97,50;99,35;98,50;98,30;98,97
23,814;22,279;22,166;22,047;21,966;21,962;81,40;96,90;99,02;98,50;98,60;98,97
23,797;22,376;22,175;22,045;21,98;21,947;81,70;97,80;99,35;98,50;98,60;98,97
23,78;22,282;22,185;22,05;22,008;21,993;81,70;96,90;98,70;98,50;98,30;98,97
23,749;22,306;22,149;22,099;21,965;21,93;81,70;97,80;99,02;98,20;98,60;98,97
23,728;22,345;22,072;22,023;21,956;21,872;81,70;97,50;99,67;98,82;98,60;99,60
23,708;22,261;22,064;21,85;21,956;21,835;81,70;97,80;99,97;100,00;98,60;99,92
23,689;21,893;22,021;22,081;21,872;22,134;81,70;99,60;99,97;98,50;99,85;98,35
23,666;21,758;21,733;21,767;21,566;21,884;82,00;100,00;100,00;100,00;100,00;99,60
23,646;21,871;21,756;21,596;21,523;21,562;82,00;100,00;100,00;100,00;100,00;100,00
23,63;21,826;21,741;21,64;21,524;21,569;82,00;100,00;100,00;100,00;100,00;100,00
23,609;21,807;21,756;21,611;21,596;21,596;82,00;100,00;100,00;100,00;100,00;100,00
23,597;21,831;21,904;21,636;21,614;21,596;82,00;100,00;100,00;100,00;100,00;100,00
23,574;21,868;21,996;21,71;21,63;21,626;82,30;100,00;100,00;100,00;100,00;100,00
23,567;21,823;21,852;21,654;21,612;21,596;82,30;100,00;100,00;100,00;100,00;100,00
23,553;21,724;21,881;21,582;21,575;21,568;82,30;100,00;100,00;100,00;100,00;100,00
23,538;21,7;21,913;21,575;21,582;21,569;82,30;100,00;100,00;100,00;100,00;100,00
23,525;21,727;21,739;21,603;21,584;21,594;82,30;100,00;100,00;100,00;100,00;100,00
23,516;21,822;21,901;21,596;21,602;21,581;82,30;100,00;100,00;100,00;100,00;100,00
23,495;21,994;21,962;21,62;21,548;21,559;82,62;100,00;100,00;100,00;100,00;100,00
23,471;21,899;21,954;21,605;21,413;21,459;82,62;100,00;100,00;100,00;100,00;100,00
23,447;21,523;21,841;21,375;21,241;21,281;82,62;100,00;100,00;100,00;100,00;100,00
23,416;21,409;21,701;21,244;21,22;21,271;82,62;100,00;100,00;100,00;100,00;100,00
23,397;21,217;21,541;21,177;20,949;21,078;82,62;100,00;100,00;100,00;100,00;100,00
23,383;21,22;21,539;20,946;20,922;20,979;82,92;100,00;100,00;100,00;100,00;100,00
23,373;21,122;21,251;20,925;20,869;20,933;82,92;100,00;100,00;100,00;100,00;100,00
23,349;21,259;21,238;20,968;21,085;21,039;82,92;100,00;100,00;100,00;100,00;100,00
23,322;21,559;21,455;21,059;21,183;21,183;82,92;100,00;100,00;100,00;100,00;100,00
23,286;21,406;21,458;21,124;21,069;21,036;82,92;100,00;100,00;100,00;100,00;100,00
23,253;21,392;21,456;21,035;20,936;20,93;83,22;100,00;100,00;100,00;100,00;100,00
23,241;21,352;21,471;21,017;20,97;20,962;83,22;100,00;100,00;100,00;100,00;100,00
23,22;21,204;21,446;20,958;20,854;20,873;83,22;100,00;100,00;100,00;100,00;100,00
23,196;21,162;21,429;20,89;20,81;20,823;83,22;100,00;100,00;100,00;100,00;100,00
23,169;21,125;21,318;20,814;20,789;20,799;83,22;100,00;100,00;100,00;100,00;100,00
23,139;21,392;21,391;20,902;20,871;20,839;83,22;100,00;100,00;100,00;100,00;100,00
23,119;21,047;21,383;20,891;20,828;20,865;83,52;100,00;100,00;100,00;100,00;100,00
23,098;21,02;21,36;20,842;20,82;20,841;83,52;100,00;100,00;100,00;100,00;100,00
23,067;21,054;21,391;20,86;20,817;20,848;83,52;100,00;100,00;100,00;100,00;100,00
23,047;21,068;21,367;20,866;20,838;20,848;83,52;100,00;100,00;100,00;100,00;100,00
23,026;21,151;21,33;20,884;20,86;20,86;83,52;100,00;100,00;100,00;100,00;100,00
23,004;21,428;21,346;20,903;20,952;20,936;83,82;100,00;100,00;100,00;100,00;100,00
22,989;21,245;21,161;20,903;20,936;20,894;83,82;100,00;100,00;100,00;100,00;100,00
22,962;21,33;21,34;20,918;20,918;20,919;83,82;100,00;100,00;100,00;100,00;100,00
22,941;21,188;21,327;20,909;20,905;20,91;83,82;100,00;100,00;100,00;100,00;100,00
22,92;21,581;21,358;20,906;20,906;20,897;83,82;100,00;100,00;100,00;100,00;100,00
22,896;21,562;21,366;20,91;20,913;20,927;83,82;100,00;100,00;100,00;100,00;100,00
22,874;21,514;21,272;20,902;20,936;20,922;84,12;100,00;100,00;100,00;100,00;100,00
22,859;21,378;21,263;20,86;20,93;20,936;84,12;100,00;100,00;100,00;100,00;100,00
22,842;21,425;21,284;20,845;20,93;20,925;84,12;100,00;100,00;100,00;100,00;100,00
22,824;21,413;21,036;20,798;20,891;20,909;84,12;100,00;100,00;100,00;100,00;100,00
22,805;21,219;20,983;20,813;20,85;20,894;84,12;100,00;100,00;100,00;100,00;100,00
22,782;21,164;21,042;20,777;20,825;20,856;84,12;100,00;100,00;100,00;100,00;100,00
22,956;21,317;21,118;20,722;20,801;20,832;89,30;100,00;100,00;100,00;100,00;100,00
22,993;21,054;20,992;20,798;20,856;20,873;88,37;100,00;100,00;100,00;100,00;100,00
22,979;21,112;21,076;20,832;20,832;20,908;87,77;100,00;100,00;100,00;100,00;100,00
22,976;21,441;21,152;20,813;20,814;20,845;87,47;100,00;100,00;100,00;100,00;100,00
22,97;21,323;21,039;20,831;20,819;20,808;87,17;100,00;100,00;100,00;100,00;100,00
22,959;21,162;20,964;20,872;20,801;20,811;87,17;100,00;100,00;100,00;100,00;100,00
22,943;21,156;20,964;20,878;20,825;20,811;87,17;100,00;100,00;100,00;100,00;100,00
22,92;21,085;21,063;20,903;20,838;20,831;86,85;100,00;100,00;100,00;100,00;100,00
22,905;21,256;21,127;20,896;20,839;20,831;86,85;100,00;100,00;100,00;100,00;100,00
22,884;21,197;21,188;20,925;20,854;20,85;86,85;100,00;100,00;100,00;100,00;100,00
22,889;21,352;21,213;20,921;20,838;20,875;87,47;100,00;100,00;100,00;100,00;100,00
22,901;21,242;21,237;20,903;20,856;20,831;88,07;100,00;100,00;100,00;100,00;100,00
24,231;21,392;21,274;20,905;20,915;20,909;87,47;100,00;100,00;100,00;100,00;100,00
23,851;21,367;20,985;20,977;20,841;20,919;87,17;100,00;100,00;100,00;100,00;100,00
23,404;21,109;21,174;21,054;20,884;20,897;88,37;100,00;100,00;100,00;100,00;100,00
23,203;21,254;21,112;21,121;20,925;20,942;89,30;100,00;100,00;100,00;100,00;100,00
23,176;21,49;21,18;21,234;20,962;20,961;89,30;100,00;100,00;100,00;100,00;100,00
23,269;21,605;21,382;21,303;21,013;21,022;89,00;100,00;100,00;100,00;100,00;100,00
23,678;21,425;21,342;21,345;21,042;21,06;87,77;100,00;100,00;100,00;100,00;100,00
23,839;21,532;21,056;21,197;20,97;20,982;87,47;100,00;100,00;100,00;100,00;100,00
22,085;21,337;21,22;21,032;21,025;21,028;97,65;100,00;100,00;100,00;100,00;100,00
21,749;21,189;21,238;20,974;21,008;20,962;99,20;100,00;100,00;100,00;100,00;100,00
21,655;21,329;21,251;21,121;21,133;21,033;100,00;100,00;100,00;100,00;100,00;100,00
21,767;21,351;21,259;21,188;21,219;21,229;100,00;100,00;100,00;100,00;100,00;100,00
21,728;21,352;21,158;21,158;21,242;21,229;100,00;100,00;100,00;100,00;100,00;100,00
21,71;21,284;21,256;21,106;21,17;21,197;100,00;100,00;100,00;100,00;100,00;100,00
21,807;21,314;21,302;21,094;21,185;21,162;100,00;100,00;100,00;100,00;100,00;100,00
21,648;21,339;21,327;21,121;21,131;21,128;100,00;100,00;100,00;100,00;100,00;100,00
21,709;21,326;21,382;21,149;21,202;21,217;100,00;100,00;100,00;100,00;100,00;100,00
21,755;21,467;21,579;21,3;21,283;21,382;100,00;100,00;100,00;100,00;100,00;100,00
22,064;21,688;21,835;21,517;21,499;21,704;100,00;100,00;100,00;100,00;100,00;100,00
22,191;21,892;21,874;21,571;21,596;21,802;99,52;100,00;100,00;100,00;100,00;100,00
22,264;22,096;21,953;21,731;21,722;21,825;100,00;100,00;100,00;100,00;100,00;100,00
22,315;22,179;21,893;21,758;21,914;21,686;100,00;100,00;100,00;100,00;99,22;100,00
22,342;22,021;22,163;21,835;22,309;21,767;99,52;100,00;97,10;100,00;93,07;100,00
22,388;21,869;22,452;21,785;22,593;22,17;98,57;99,90;93,62;100,00;91,25;98,97
21,935;22,072;22,404;21,984;22,703;22,258;100,00;96,90;95,52;100,00;90,02;98,02
21,935;22,139;22,519;21,993;22,841;22,428;100,00;99,60;93,00;99,12;88,50;98,02
21,96;22,088;22,434;22,257;22,977;22,543;100,00;97,80;94,57;95,10;88,80;90,22
22,032;22,064;22,554;22,218;23,013;22,658;100,00;97,50;93,30;100,00;88,80;90,22
22,075;22,117;22,461;22,111;22,784;22,708;100,00;98,40;94,87;98,20;92,15;95,20
22,21;22,298;22,776;22,475;22,907;22,744;99,52;96,60;93,62;96,02;93,67;96,77
22,376;22,481;23,065;22,681;23,163;23,358;98,27;97,80;93,30;95,40;90,32;92,10
22,506;22,841;23,167;23,017;23,302;23,085;97,02;94,50;92,35;95,72;92,15;93,65
22,616;22,802;23,26;22,976;23,63;23,585;98,57;95,70;93,62;96,32;92,45;95,20
22,723;23,413;23,72;23,499;23,78;23,786;96,70;93,62;92,67;95,72;90,32;90,85
22,841;23,305;24,097;23,866;24,622;25,18;97,02;92,12;91,10;95,10;88,50;88,37
22,829;23,555;24,153;23,857;25,065;25,557;97,32;91,25;90,15;94,17;83,67;84,70
22,785;23,648;24,485;24,157;25,199;26,817;97,95;90,05;83,00;90,47;78,92;77,45
22,805;23,934;24,549;24,781;25,161;25,918;96,40;86,25;81,15;83,80;78,32;76,55
22,922;23,997;24,658;25,138;25,355;25,537;96,07;85,07;81,45;79,57;77,42;76,85
22,947;23,743;24,926;25,206;25,305;25,41;96,07;86,82;79,62;80,17;76,85;76,55
23,154;24,47;25,284;25,13;25,285;25,36;94,52;81,30;78,40;79,57;76,25;75,95
23,386;24,316;25,723;25,775;26,108;26,17;95,77;85,37;77,17;77,20;73,60;73,25
23,552;24,725;26,33;26,304;26,395;27,965;91,45;81,87;73,85;73,92;71,57;67,95
23,801;25,569;26,31;26,916;26,372;26,33;90,82;78,12;73,22;68,35;71,85;71,17
23,738;25,409;26,549;27,437;26,97;27,396;92,37;78,42;74,15;69,22;70,40;70,00
23,654;25,304;27,32;26,916;27,206;28,095;93,30;80,72;74,15;73,92;73,02;70,30
23,991;25,557;28,79;28,455;27,777;28,229;92,07;79,85;69,92;69,52;73,32;70,00
23,975;25,624;27,964;27,545;27,767;27,42;92,37;81,30;72,32;74,22;73,32;72,95
23,984;25,336;27,388;26,575;27,32;28,115;93,60;81,60;74,75;76,90;75,07;70,87
24,175;25,505;27,884;26,963;27,678;28,563;93,30;82,17;74,15;76,00;69,52;67,95
24,183;25,613;27,722;26,926;27,394;28,369;93,00;81,00;71,72;72,17;69,25;68,22
24,15;25,778;26,653;27,135;27,386;28,132;94,22;79,85;79,00;69,52;73,02;65,30
24,314;25,27;26,596;26,508;27,24;27,4;93,60;83,62;79,62;78,40;73,60;75,95
24,245;25,636;25,847;26,539;26,587;28,408;94,85;84,77;85,17;78,70;83,37;73,25
24,243;25,295;25,629;26;26,516;27,253;93,00;84,20;83,00;84,10;80,40;75,95
24,183;25,445;25,818;26,091;26,738;27,349;93,92;82,17;79,62;79,57;83,37;77,15
24,095;25,525;26,355;26,88;27,411;27,845;94,85;81,87;78,10;78,10;73,90;78,65
24,24;25,878;26,402;27,064;27,47;28,464;94,22;81,30;78,40;77,80;80,10;76,25
24,372;25,534;26,132;26,829;27,329;28,499;94,22;85,37;82,37;79,27;78,62;76,85
24,511;26,187;26,552;27,132;27,68;28,262;95,15;83,32;83,00;80,17;75,07;68,22
24,726;26,427;26,866;26,973;27,748;28,12;93,30;79,85;76,87;81,07;66,62;66,47
24,805;26,163;26,629;27,588;27,644;28,593;93,92;85,95;76,27;75,42;71,57;67,07
24,873;26,684;26,945;27,794;28,107;28,243;93,60;81,30;75,35;73,92;73,32;63,85
24,866;26,493;26,903;27,593;27,801;28,654;92,67;76,97;76,87;73,05;79,20;67,65
24,822;26,547;27,208;27,019;28,054;28,107;93,00;81,60;76,87;84,10;79,80;76,25
24,91;26,41;26,478;27,231;28,377;27,775;93,30;79,57;82,70;83,50;78,32;78,95
24,808;25,827;25,59;27,124;27,78;26,857;96,07;85,37;91,42;85,60;82,77;83,80
24,319;25,097;25,319;25,953;26,249;25,942;97,95;92,72;90,15;91,10;84,87;88,37
23,853;24,755;25,404;25,563;26,081;25,879;100,00;92,12;79,62;82,27;75,67;78,95
23,302;24,663;25,01;25,543;25,304;25,476;96,70;80,72;76,57;75,70;74,77;73,85
22,738;23,893;21,422;24,669;21,737;23,812;96,70;83,32;100,00;76,30;92,77;78,95
21,327;20,959;20,606;20,724;20,473;20,427;100,00;100,00;100,00;100,00;100,00;100,00
21,106;20,538;20,28;20,227;20,12;20,056;100,00;100,00;100,00;100,00;100,00;100,00
20,973;20,663;20,586;20,263;20,322;20,257;100,00;100,00;100,00;100,00;100,00;100,00
21,176;20,967;20,795;20,473;20,476;20,603;100,00;100,00;100,00;100,00;100,00;100,00
20,998;21,013;20,508;20,422;20,301;20,563;100,00;100,00;100,00;100,00;100,00;100,00
21,146;20,896;20,848;20,348;20,434;20,387;100,00;100,00;100,00;100,00;100,00;100,00
21,146;20,93;20,592;20,366;20,424;20,483;100,00;100,00;100,00;100,00;100,00;100,00
21,088;20,748;20,773;20,496;20,317;20,427;100,00;100,00;100,00;100,00;100,00;100,00
21,143;20,752;20,616;20,455;20,477;20,427;100,00;100,00;100,00;100,00;100,00;100,00
21,201;20,868;20,696;20,606;20,554;20,811;100,00;100,00;100,00;100,00;100,00;100,00
21,229;20,977;20,933;20,62;20,73;20,591;100,00;100,00;100,00;100,00;100,00;100,00
21,339;21,072;20,983;20,857;20,931;21,03;100,00;100,00;100,00;100,00;100,00;100,00
21,397;21,097;21,019;20,928;20,85;20,678;100,00;100,00;100,00;100,00;100,00;100,00
21,453;20,989;21,011;20,835;20,811;20,745;100,00;100,00;100,00;100,00;100,00;100,00
21,455;21,291;21,112;20,829;20,82;20,868;100,00;100,00;100,00;100,00;100,00;100,00
21,437;21,211;21,054;20,841;20,796;20,712;100,00;100,00;100,00;100,00;100,00;100,00
21,55;21,226;20,823;20,82;20,711;20,722;100,00;100,00;100,00;100,00;100,00;100,00
21,522;21,044;21,022;20,721;20,814;20,731;100,00;100,00;100,00;100,00;100,00;100,00
21,544;21,191;20,931;20,823;20,857;20,833;100,00;100,00;100,00;100,00;100,00;100,00
21,603;21,257;21,336;20,961;20,974;21,053;100,00;100,00;100,00;100,00;100,00;100,00
21,597;21,397;21,242;20,99;20,93;20,913;100,00;100,00;100,00;100,00;100,00;100,00
21,48;21,253;21,291;20,925;21,016;20,945;100,00;100,00;100,00;100,00;100,00;100,00
21,596;21,522;21,327;20,974;21,085;20,98;100,00;100,00;100,00;100,00;100,00;100,00
21,507;21,425;21,223;21,197;21,146;21,09;100,00;100,00;100,00;100,00;100,00;100,00
21,614;21,413;21,504;21,223;21,291;21,275;100,00;100,00;100,00;100,00;100,00;100,00
21,675;21,755;21,49;21,425;21,394;21,63;100,00;100,00;100,00;100,00;100,00;100,00
21,597;21,398;21,202;21,231;21,136;21,143;100,00;100,00;100,00;100,00;100,00;100,00
21,755;21,522;21,391;21,253;21,235;21,3;100,00;100,00;100,00;100,00;100,00;100,00
21,88;21,627;21,698;21,524;21,508;21,462;100,00;100,00;100,00;100,00;100,00;100,00
21,898;21,881;21,825;21,571;21,725;21,608;100,00;100,00;100,00;100,00;100,00;100,00
21,905;21,927;21,893;21,786;21,725;21,603;100,00;100,00;100,00;100,00;100,00;100,00
21,991;22,039;21,913;21,682;21,789;21,611;100,00;100,00;100,00;100,00;100,00;100,00
22,003;22,015;21,679;21,799;21,847;22,12;100,00;100,00;100,00;100,00;100,00;100,00
22,064;22,102;21,755;21,92;21,91;21,924;100,00;100,00;100,00;100,00;100,00;100,00
22,008;22,081;22;21,758;21,877;22,157;100,00;100,00;100,00;100,00;100,00;100,00
21,991;22,057;21,837;21,731;21,902;21,834;100,00;100,00;100,00;100,00;100,00;100,00
22,137;21,953;22,023;21,7;21,852;21,713;100,00;100,00;100,00;100,00;100,00;100,00
22,048;22,081;21,923;21,899;21,881;21,75;100,00;100,00;100,00;100,00;100,00;100,00
22,053;21,988;21,999;21,837;21,63;21,853;100,00;100,00;100,00;100,00;100,00;100,00
21,968;21,893;21,847;21,727;21,672;21,785;100,00;100,00;100,00;100,00;100,00;100,00
22,006;21,724;21,791;21,783;21,756;21,747;100,00;100,00;100,00;100,00;100,00;100,00
22,012;21,91;21,883;21,753;21,799;21,683;100,00;100,00;100,00;100,00;100,00;100,00
22,175;21,98;21,987;21,783;21,892;21,736;100,00;100,00;100,00;100,00;100,00;100,00
22,179;22,102;22,03;21,892;21,917;21,82;100,00;100,00;100,00;100,00;100,00;100,00
22,108;22,103;22,152;22,018;21,878;21,838;100,00;100,00;100,00;100,00;100,00;100,00
22,081;22,23;22,127;22,023;21,88;21,95;100,00;100,00;100,00;100,00;100,00;100,00
22,118;22,158;22,127;22,118;22,126;22,129;100,00;100,00;100,00;100,00;100,00;100,00
22,111;22,061;22,152;22,061;22,047;22,357;100,00;100,00;100,00;100,00;100,00;100,00
22,111;22,166;22,196;21,924;21,878;22,017;100,00;100,00;100,00;100,00;100,00;100,00
22,142;22,202;22,148;21,874;21,865;22,014;100,00;100,00;100,00;100,00;100,00;100,00
22,191;22,282;22,213;22,151;22,075;22,322;100,00;100,00;100,00;100,00;100,00;100,00
22,213;22,322;22,389;22,184;22,103;22,316;100,00;100,00;100,00;100,00;100,00;100,00
22,261;22,366;22,403;22,082;21,95;22,064;100,00;100,00;100,00;100,00;100,00;100,00
22,313;22,306;21,99;21,951;21,96;21,878;100,00;100,00;100,00;100,00;100,00;100,00
22,134;21,972;21,91;21,904;21,935;21,801;100,00;100,00;100,00;100,00;100,00;99,92
22,039;21,762;21,819;21,933;21,887;21,866;100,00;100,00;100,00;100,00;100,00;98,65
21,917;21,789;21,715;21,896;21,877;21,841;100,00;100,00;100,00;100,00;100,00;99,60
21,905;21,724;21,621;21,877;21,883;21,777;100,00;100,00;100,00;100,00;100,00;97,70
21,899;21,779;21,707;21,82;21,669;21,762;100,00;100,00;100,00;100,00;100,00;97,07
21,96;21,701;21,752;21,724;21,645;21,728;100,00;100,00;100,00;100,00;100,00;100,00
21,902;21,725;21,782;21,75;21,801;21,802;100,00;100,00;100,00;100,00;100,00;100,00
21,933;21,788;21,899;21,823;21,789;21,749;100,00;100,00;100,00;100,00;100,00;100,00
21,837;21,764;21,852;21,825;21,746;21,762;100,00;100,00;100,00;100,00;100,00;100,00
21,896;21,789;21,782;21,768;21,701;21,734;100,00;100,00;100,00;100,00;100,00;100,00
21,905;21,777;21,7;21,725;21,669;21,703;100,00;100,00;100,00;100,00;100,00;100,00
21,978;21,685;21,692;21,652;21,637;21,664;100,00;100,00;100,00;100,00;100,00;100,00
21,804;21,649;21,634;21,642;21,566;21,612;100,00;100,00;100,00;100,00;100,00;100,00
21,701;21,538;21,572;21,56;21,545;21,593;100,00;100,00;100,00;100,00;100,00;100,00
21,776;21,609;21,639;21,609;21,557;21,569;100,00;100,00;100,00;100,00;100,00;100,00
21,753;21,605;21,581;21,559;21,51;21,51;100,00;100,00;100,00;100,00;100,00;100,00
21,768;21,6;21,591;21,492;21,416;21,477;100,00;100,00;100,00;100,00;100,00;100,00
21,865;21,576;21,545;21,473;21,424;21,458;100,00;100,00;100,00;100,00;100,00;100,00
21,794;21,678;21,563;21,483;21,431;21,431;100,00;100,00;100,00;100,00;100,00;100,00
21,807;21,606;21,568;21,486;21,416;21,416;100,00;100,00;100,00;100,00;100,00;100,00
21,853;21,575;21,576;21,458;21,391;21,403;100,00;100,00;100,00;100,00;100,00;100,00
21,736;21,617;21,575;21,45;21,388;21,386;100,00;100,00;100,00;100,00;100,00;100,00
21,785;21,631;21,576;21,458;21,404;21,41;100,00;100,00;100,00;100,00;100,00;100,00
21,901;21,578;21,563;21,473;21,406;21,394;100,00;100,00;100,00;100,00;100,00;100,00
21,849;21,572;21,562;21,481;21,415;21,401;100,00;100,00;100,00;100,00;100,00;100,00
21,838;21,572;21,519;21,449;21,386;21,366;100,00;100,00;100,00;100,00;100,00;100,00
21,758;21,603;21,535;21,438;21,376;21,375;100,00;100,00;100,00;100,00;100,00;100,00
21,792;21,605;21,557;21,422;21,373;21,364;100,00;100,00;100,00;100,00;100,00;100,00
21,733;21,557;21,481;21,406;21,318;21,311;100,00;100,00;100,00;100,00;100,00;100,00
21,727;21,56;21,519;21,369;21,311;21,302;100,00;100,00;100,00;100,00;100,00;100,00
21,617;21,559;21,297;21,192;21,122;21,087;100,00;100,00;100,00;100,00;100,00;100,00
21,62;21,34;21,272;21,179;21,177;21,102;100,00;100,00;100,00;100,00;100,00;100,00
21,47;21,32;21,232;21,198;21,136;21,111;100,00;100,00;100,00;100,00;100,00;100,00
21,434;21,202;21,146;21,084;21,001;20,979;100,00;100,00;100,00;100,00;100,00;100,00
21,551;21,213;21,148;20,996;21,013;20,949;100,00;100,00;100,00;100,00;100,00;100,00
21,449;21,103;21,128;21,054;20,953;21,001;100,00;100,00;100,00;100,00;100,00;100,00
21,303;21,081;21,096;20,955;20,913;20,967;100,00;100,00;100,00;100,00;100,00;100,00
21,462;21,173;21,167;21,002;21,008;20,971;100,00;100,00;100,00;100,00;100,00;100,00
21,428;21,152;21,116;21,065;21,025;21,033;100,00;100,00;100,00;100,00;100,00;100,00
21,188;21,116;21,118;20,953;20,902;20,908;100,00;100,00;100,00;100,00;100,00;100,00
21,271;21,257;21,072;20,936;20,891;20,887;100,00;100,00;100,00;100,00;100,00;100,00
21,291;21,256;21,111;20,973;20,979;20,919;100,00;100,00;100,00;100,00;100,00;100,00
21,321;21,208;21,091;21,017;21,022;20,999;100,00;100,00;100,00;100,00;100,00;100,00
21,33;21,274;21,116;20,971;20,971;20,983;100,00;100,00;100,00;100,00;100,00;100,00
21,369;21,125;21,099;20,974;20,993;20,928;100,00;100,00;100,00;100,00;100,00;100,00
21,38;21,173;21,105;20,974;21,038;20,922;100,00;100,00;100,00;100,00;100,00;100,00
21,372;21,118;21,081;20,974;20,977;20,882;100,00;100,00;100,00;100,00;100,00;100,00
21,36;21,217;21,122;21,014;20,971;20,936;100,00;100,00;100,00;100,00;100,00;100,00
21,275;21,111;20,983;20,988;20,931;20,934;100,00;100,00;100,00;100,00;100,00;100,00
21,324;20,99;21,007;20,884;20,819;20,848;100,00;100,00;100,00;100,00;100,00;100,00
21,244;21,112;20,976;20,831;20,891;20,823;100,00;100,00;100,00;100,00;100,00;100,00
21,165;21,093;20,964;20,854;20,817;20,78;100,00;100,00;100,00;100,00;100,00;100,00
21,263;20,893;20,857;20,813;20,792;20,765;100,00;100,00;100,00;100,00;100,00;100,00
21,085;20,93;20,853;20,771;20,73;20,761;100,00;100,00;100,00;100,00;100,00;100,00
21,32;20,928;20,85;20,789;20,733;20,77;100,00;100,00;100,00;100,00;100,00;100,00
21,263;20,847;20,844;20,777;20,742;20,765;100,00;100,00;100,00;100,00;100,00;100,00
21,266;20,897;20,85;20,776;20,814;20,86;100,00;100,00;100,00;100,00;100,00;100,00
21,284;20,872;20,866;20,789;20,77;20,752;100,00;100,00;100,00;100,00;100,00;100,00
21,136;20,903;20,928;20,798;20,776;20,759;100,00;100,00;100,00;100,00;100,00;100,00
21,208;20,949;20,94;20,833;20,785;20,799;100,00;100,00;100,00;100,00;100,00;100,00
21,235;20,99;20,993;20,832;20,826;20,786;100,00;100,00;100,00;100,00;100,00;100,00
21,245;21,039;21,057;20,913;20,931;20,896;100,00;100,00;100,00;100,00;100,00;100,00
21,274;21,156;21,023;20,902;20,836;20,845;100,00;100,00;100,00;100,00;100,00;100,00
21,214;21,142;21,02;20,878;20,816;20,792;100,00;100,00;100,00;100,00;100,00;100,00
21,275;21,13;21,017;20,878;20,838;20,831;100,00;100,00;100,00;100,00;100,00;100,00
21,263;21,119;21,014;20,887;20,822;20,796;100,00;100,00;100,00;100,00;100,00;100,00
21,237;20,894;20,85;20,829;20,765;20,754;100,00;100,00;100,00;100,00;100,00;100,00
21,122;20,836;20,891;20,789;20,751;20,697;100,00;100,00;100,00;100,00;100,00;100,00
21,188;20,893;20,902;20,762;20,737;20,718;100,00;100,00;100,00;100,00;100,00;100,00
21,087;20,964;20,888;20,752;20,748;20,739;100,00;100,00;100,00;100,00;100,00;100,00
21,217;20,796;20,762;20,776;20,73;20,759;100,00;100,00;100,00;100,00;100,00;100,00
21,155;20,737;20,73;20,66;20,631;20,678;100,00;100,00;100,00;100,00;100,00;100,00
21,125;20,749;20,776;20,643;20,662;20,617;100,00;100,00;100,00;100,00;100,00;100,00
21,103;20,736;20,662;20,663;20,615;20,65;100,00;100,00;100,00;100,00;100,00;100,00
20,983;20,666;20,68;20,583;20,555;20,542;100,00;100,00;100,00;100,00;100,00;100,00
20,976;20,737;20,776;20,595;20,601;20,551;100,00;100,00;100,00;100,00;100,00;100,00
21,047;20,885;20,82;20,653;20,666;20,635;100,00;100,00;100,00;100,00;100,00;100,00
21,05;20,839;20,795;20,706;20,631;20,622;100,00;100,00;100,00;100,00;100,00;100,00
20,995;20,98;20,794;20,665;20,647;20,6;100,00;100,00;100,00;100,00;100,00;100,00
21,036;20,912;20,78;20,683;20,688;20,66;100,00;100,00;100,00;100,00;100,00;100,00
21,072;20,896;20,728;20,684;20,617;20,558;100,00;100,00;100,00;100,00;100,00;100,00
21,162;20,767;20,677;20,647;20,647;20,629;100,00;100,00;100,00;100,00;100,00;100,00
21,085;20,663;20,65;20,576;20,53;20,492;100,00;100,00;100,00;100,00;100,00;100,00
21,05;20,717;20,688;20,58;20,572;20,539;100,00;100,00;100,00;100,00;100,00;100,00
21,033;20,643;20,603;20,579;20,529;20,536;100,00;100,00;100,00;100,00;100,00;100,00
20,943;20,637;20,626;20,498;20,47;20,452;100,00;100,00;100,00;100,00;100,00;100,00
20,992;20,66;20,663;20,502;20,474;20,471;100,00;100,00;100,00;100,00;100,00;100,00
20,998;20,752;20,657;20,533;20,477;20,49;100,00;100,00;100,00;100,00;100,00;100,00
21,059;20,623;20,56;20,512;20,473;20,478;100,00;100,00;100,00;100,00;100,00;100,00
20,996;20,586;20,579;20,447;20,409;20,416;100,00;100,00;100,00;100,00;100,00;100,00
20,982;20,631;20,617;20,501;20,57;20,53;100,00;100,00;100,00;100,00;100,00;100,00
20,989;20,558;20,487;20,518;20,444;20,499;100,00;100,00;100,00;100,00;100,00;100,00
20,916;20,483;20,515;20,41;20,374;20,369;100,00;100,00;100,00;100,00;100,00;100,00
20,845;20,566;20,484;20,428;20,354;20,359;100,00;100,00;100,00;100,00;100,00;100,00
20,859;20,579;20,456;20,378;20,303;20,304;100,00;100,00;100,00;100,00;100,00;100,00
20,699;20,505;20,518;20,374;20,341;20,347;100,00;100,00;100,00;100,00;100,00;100,00
20,872;20,595;20,588;20,424;20,357;20,362;100,00;100,00;100,00;100,00;100,00;100,00
20,822;20,666;20,56;20,458;20,439;20,388;100,00;100,00;100,00;100,00;100,00;100,00
20,962;20,663;20,572;20,49;20,418;20,418;100,00;100,00;100,00;100,00;100,00;100,00
20,915;20,53;20,489;20,447;20,359;20,372;100,00;100,00;100,00;100,00;100,00;100,00
20,916;20,508;20,47;20,413;20,356;20,374;100,00;100,00;100,00;100,00;100,00;100,00
20,928;20,541;20,443;20,387;20,344;20,32;100,00;100,00;100,00;100,00;100,00;100,00
20,839;20,548;20,545;20,369;20,351;20,393;100,00;100,00;100,00;100,00;100,00;100,00
20,761;20,529;20,467;20,369;20,3;20,301;100,00;100,00;100,00;100,00;100,00;100,00
20,845;20,507;20,563;20,394;20,338;20,341;100,00;100,00;100,00;100,00;100,00;100,00
20,845;20,724;20,563;20,405;20,378;20,359;100,00;100,00;100,00;100,00;100,00;100,00
20,98;20,638;20,52;20,418;20,4;20,397;100,00;100,00;100,00;100,00;100,00;100,00
20,891;20,554;20,507;20,41;20,357;20,36;100,00;100,00;100,00;100,00;100,00;100,00
20,831;20,518;20,489;20,366;20,301;20,273;100,00;100,00;100,00;100,00;100,00;100,00
20,831;20,539;20,514;20,366;20,328;20,304;100,00;100,00;100,00;100,00;100,00;100,00
20,728;20,757;20,484;20,338;20,292;20,266;100,00;100,00;100,00;100,00;100,00;100,00
20,796;20,693;20,489;20,369;20,291;20,26;100,00;100,00;100,00;100,00;100,00;100,00
20,817;20,437;20,397;20,391;20,264;20,254;100,00;100,00;100,00;100,00;100,00;100,00
20,78;20,377;20,335;20,325;20,275;20,283;100,00;100,00;100,00;100,00;100,00;100,00
20,694;20,377;20,35;20,233;20,192;20,202;100,00;100,00;100,00;100,00;100,00;100,00
20,727;20,396;20,35;20,26;20,245;20,249;100,00;100,00;100,00;100,00;100,00;100,00
20,694;20,379;20,362;20,261;20,236;20,214;100,00;100,00;100,00;100,00;100,00;100,00
20,607;20,431;20,344;20,264;20,213;20,202;100,00;100,00;100,00;100,00;100,00;100,00
20,643;20,402;20,4;20,249;20,223;20,223;100,00;100,00;100,00;100,00;100,00;100,00
20,65;20,539;20,409;20,291;20,229;20,207;100,00;100,00;100,00;100,00;100,00;100,00
20,677;20,604;20,408;20,282;20,213;20,223;100,00;100,00;100,00;100,00;100,00;100,00
20,782;20,418;20,362;20,309;20,226;20,229;100,00;100,00;100,00;100,00;100,00;100,00
20,623;20,377;20,409;20,273;20,23;20,205;100,00;100,00;100,00;100,00;100,00;100,00
20,7;20,512;20,436;20,298;20,254;20,289;100,00;100,00;100,00;100,00;100,00;100,00
20,588;20,492;20,428;20,295;20,291;20,241;100,00;100,00;100,00;100,00;100,00;100,00
20,6;20,493;20,413;20,294;20,252;20,223;100,00;100,00;100,00;100,00;100,00;100,00
20,585;20,496;20,408;20,289;20,229;20,207;100,00;100,00;100,00;100,00;100,00;100,00
20,72;20,397;20,27;20,267;20,21;20,192;100,00;100,00;100,00;100,00;100,00;100,00
20,691;20,267;20,223;20,224;20,177;20,204;100,00;100,00;100,00;100,00;100,00;100,00
20,625;20,322;20,245;20,162;20,134;20,154;100,00;100,00;100,00;100,00;100,00;100,00
20,529;20,292;20,239;20,159;20,134;20,145;100,00;100,00;100,00;100,00;100,00;100,00
20,697;20,245;20,22;20,159;20,109;20,083;100,00;100,00;100,00;100,00;100,00;100,00
20,663;20,201;20,21;20,148;20,096;20,094;100,00;100,00;100,00;100,00;100,00;100,00
20,478;20,27;20,217;20,12;20,056;20,049;100,00;100,00;100,00;100,00;100,00;100,00
20,572;20,272;20,247;20,111;20,089;20,053;100,00;100,00;100,00;100,00;100,00;100,00
20,64;20,258;20,276;20,17;20,121;20,167;100,00;100,00;100,00;100,00;100,00;100,00
20,727;20,28;20,208;20,186;20,096;20,081;100,00;100,00;100,00;100,00;100,00;100,00
20,674;20,221;20,227;20,139;20,087;20,09;100,00;100,00;100,00;100,00;100,00;100,00
20,612;20,316;20,257;20,152;20,097;20,097;100,00;100,00;100,00;100,00;100,00;100,00
20,625;20,338;20,258;20,148;20,068;20,083;100,00;100,00;100,00;100,00;100,00;100,00
20,557;20,304;20,257;20,146;20,074;20,096;100,00;100,00;100,00;100,00;100,00;100,00
20,641;20,412;20,351;20,159;20,093;20,111;100,00;100,00;100,00;100,00;100,00;100,00
20,495;20,303;20,279;20,165;20,121;20,089;100,00;100,00;100,00;100,00;100,00;100,00
20,688;20,298;20,283;20,182;20,139;20,112;100,00;100,00;100,00;100,00;100,00;100,00
20,675;20,278;20,185;20,142;20,089;20,08;100,00;100,00;100,00;100,00;100,00;100,00
20,607;20,242;20,211;20,111;20,075;20,087;100,00;100,00;100,00;100,00;100,00;100,00
20,631;20,227;20,176;20,105;20,053;20,032;100,00;100,00;100,00;100,00;100,00;100,00
20,578;20,351;20,177;20,081;20,028;20,021;100,00;100,00;100,00;100,00;100,00;100,00
20,539;20,229;20,208;20,072;20,049;20,027;100,00;100,00;100,00;100,00;100,00;100,00
20,563;20,226;20,204;20,078;20,032;20,035;100,00;100,00;100,00;100,00;100,00;100,00
20,521;20,238;20,251;20,097;20,043;20,043;100,00;100,00;100,00;100,00;100,00;100,00
20,578;20,306;20,283;20,152;20,139;20,136;100,00;100,00;100,00;100,00;100,00;100,00
20,591;20,43;20,314;20,168;20,139;20,154;100,00;100,00;100,00;100,00;100,00;100,00
20,615;20,424;20,273;20,198;20,124;20,164;100,00;100,00;100,00;100,00;100,00;100,00
20,477;20,201;20,216;20,112;20,065;20,046;100,00;100,00;100,00;100,00;100,00;100,00
20,518;20,245;20,292;20,139;20,066;20,078;100,00;100,00;100,00;100,00;100,00;100,00
20,501;20,298;20,235;20,1;20,089;20,013;100,00;100,00;100,00;100,00;100,00;100,00
20,631;20,255;20,174;20,112;20,055;20,015;100,00;100,00;100,00;100,00;100,00;100,00
20,601;20,204;20,18;20,094;19,997;20,009;100,00;100,00;100,00;100,00;100,00;100,00
20,603;20,195;20,124;20,093;20,058;20,022;100,00;100,00;100,00;100,00;100,00;100,00
20,486;20,269;20,12;20,072;20,006;19,99;100,00;100,00;100,00;100,00;100,00;100,00
20,541;20,13;20,12;20,049;19,999;19,991;100,00;100,00;100,00;100,00;100,00;100,00
20,484;20,152;20,152;20,04;20;20,018;100,00;100,00;100,00;100,00;100,00;100,00
20,425;20,198;20,161;20,049;19,997;19,994;100,00;100,00;100,00;100,00;100,00;100,00
20,483;20,251;20,236;20,093;20,075;20,05;100,00;100,00;100,00;100,00;100,00;100,00
20,529;20,221;20,13;20,143;20,058;20,092;100,00;100,00;100,00;100,00;100,00;100,00
20,546;20,168;20,145;20,053;20,025;20,007;100,00;100,00;100,00;100,00;100,00;100,00
20,527;20,205;20,146;20,083;20,056;20,024;100,00;100,00;100,00;100,00;100,00;100,00
20,413;20,202;20,167;20,081;20,037;20,024;100,00;100,00;100,00;100,00;100,00;100,00
20,58;20,332;20,187;20,121;20,035;20,065;100,00;100,00;100,00;100,00;100,00;100,00
20,523;20,251;20,223;20,078;20,052;20,046;100,00;100,00;100,00;100,00;100,00;100,00
20,499;20,303;20,286;20,149;20,121;20,096;100,00;100,00;100,00;100,00;100,00;100,00
20,615;20,378;20,283;20,192;20,151;20,139;100,00;100,00;100,00;100,00;100,00;100,00
20,681;20,307;20,23;20,207;20,198;20,18;100,00;100,00;100,00;100,00;100,00;100,00
20,635;20,267;20,22;20,198;20,149;20,108;100,00;100,00;100,00;100,00;100,00;100,00
20,591;20,247;20,273;20,151;20,114;20,068;100,00;100,00;100,00;100,00;100,00;100,00
20,659;20,331;20,27;20,192;20,146;20,143;100,00;100,00;100,00;100,00;100,00;100,00
20,662;20,306;20,275;20,208;20,167;20,108;100,00;100,00;100,00;100,00;100,00;100,00
20,675;20,317;20,307;20,229;20,21;20,195;100,00;100,00;100,00;100,00;100,00;100,00
20,715;20,34;20,316;20,198;20,182;20,177;100,00;100,00;100,00;100,00;100,00;100,00
20,669;20,35;20,341;20,224;20,207;20,185;100,00;100,00;100,00;100,00;100,00;100,00
20,575;20,434;20,35;20,264;20,23;20,192;100,00;100,00;100,00;100,00;100,00;100,00
20,677;20,399;20,388;20,276;20,251;20,241;100,00;100,00;100,00;100,00;100,00;100,00
20,728;20,455;20,374;20,32;20,269;20,254;100,00;100,00;100,00;100,00;100,00;100,00
20,745;20,4;20,415;20,301;20,32;20,28;100,00;100,00;100,00;100,00;100,00;100,00
20,724;20,609;20,464;20,273;20,245;20,252;100,00;100,00;100,00;100,00;100,00;100,00
20,728;20,675;20,449;20,328;20,317;20,278;100,00;100,00;100,00;100,00;100,00;100,00
20,873;20,474;20,412;20,334;20,322;20,3;100,00;100,00;100,00;100,00;100,00;100,00
20,801;20,455;20,399;20,341;20,276;20,254;100,00;100,00;100,00;100,00;100,00;100,00
20,826;20,742;20,505;20,402;20,422;20,396;100,00;100,00;100,00;100,00;100,00;100,00
20,808;20,773;20,544;20,471;20,468;20,473;100,00;100,00;100,00;100,00;100,00;100,00
20,943;20,589;20,566;20,381;20,387;20,412;100,00;100,00;100,00;100,00;100,00;100,00
20,857;20,715;20,546;20,501;20,447;20,419;100,00;100,00;100,00;100,00;100,00;100,00
20,97;20,686;20,616;20,563;20,468;20,51;100,00;100,00;100,00;100,00;100,00;100,00
20,817;20,835;20,638;20,617;20,619;20,541;100,00;100,00;100,00;100,00;100,00;100,00
20,817;20,711;20,765;20,675;20,697;20,74;100,00;100,00;100,00;100,00;100,00;100,00
20,802;21,056;20,977;20,847;20,918;20,764;100,00;100,00;100,00;100,00;100,00;100,00
21,119;21,151;21,054;21,059;21,119;21,156;100,00;100,00;100,00;100,00;100,00;100,00
21,174;20,931;20,985;21,145;21,14;21,297;100,00;100,00;100,00;100,00;100,00;100,00
21,24;20,956;21,112;21,026;21,016;21,016;100,00;100,00;100,00;100,00;100,00;100,00
21,245;20,906;21,14;21,281;21,323;21,197;100,00;100,00;100,00;100,00;100,00;99,27
21,191;21,34;21,251;21,404;21,467;21,475;100,00;100,00;100,00;100,00;100,00;99,60
21,247;21,016;21,251;21,333;21,297;21,559;100,00;100,00;100,00;100,00;100,00;98,65
21,297;21,199;21,323;21,49;21,449;21,725;100,00;100,00;100,00;100,00;100,00;98,02
21,388;21,14;21,367;21,458;21,52;21,66;100,00;100,00;100,00;100,00;100,00;98,35
21,498;21,26;21,631;21,554;21,52;21,45;100,00;100,00;100,00;100,00;100,00;100,00
21,593;21,523;21,695;21,643;21,504;21,767;100,00;100,00;100,00;100,00;100,00;99,27
21,504;21,605;21,579;21,755;21,651;21,914;100,00;100,00;100,00;100,00;100,00;98,97
21,554;21,795;21,911;21,972;21,913;22,039;100,00;100,00;100,00;100,00;100,00;98,97
21,6;21,652;21,862;22,118;22,111;22,415;100,00;100,00;100,00;100,00;100,00;98,35
21,599;21,524;21,899;22,181;22,194;22,619;100,00;100,00;100,00;100,00;100,00;98,65
21,77;21,7;22,058;22,081;22;22,337;100,00;100,00;100,00;100,00;100,00;97,40
21,773;22,026;22,246;22,185;22,298;22,528;100,00;100,00;100,00;100,00;100,00;97,70
21,716;21,789;22,3;22,364;22,506;22,343;100,00;100,00;100,00;100,00;100,00;97,07
21,773;22,127;22,552;22,464;22,676;22,857;100,00;100,00;100,00;100,00;100,00;96,15
22,029;22,19;22,478;22,715;22,889;23,274;100,00;100,00;100,00;100,00;100,00;93,65
22,066;22,582;22,805;22,953;23,193;23,316;100,00;100,00;100,00;100,00;95,22;90,85
22,273;22,615;22,836;23,281;23,341;24,046;100,00;100,00;100,00;100,00;95,52;86,85
22,187;22,637;22,877;23,283;23,305;23,949;100,00;100,00;100,00;100,00;96,75;93,95
22,36;22,619;22,715;23,151;23,23;23,973;100,00;100,00;100,00;100,00;91,85;86,85
22,418;22,887;22,986;23,226;23,41;23,853;100,00;100,00;100,00;100,00;92,45;87,15
22,467;22,869;22,76;23,365;23,774;23,726;100,00;100,00;100,00;100,00;87,30;85,32
22,473;22,883;22,925;23,465;23,541;23,433;100,00;100,00;100,00;100,00;89,10;86,85
22,367;22,853;22,955;23,642;23,668;23,487;100,00;100,00;100,00;100,00;92,77;92,70
22,64;22,934;23,05;23,753;23,96;23,692;100,00;100,00;100,00;100,00;91,85;90,55
22,91;22,911;23,025;23,981;23,895;23,985;100,00;100,00;100,00;100,00;89,42;88,07
22,811;22,847;23,089;23,917;24,018;24,172;100,00;100,00;100,00;98,82;86,70;85,32
22,892;23,166;23,29;24,038;23,786;23,972;100,00;100,00;96,80;88,65;88,20;84,40
22,931;23,211;23,379;24,157;24,008;23,966;100,00;100,00;97,42;87,72;87,00;82,57
22,666;22,94;23,388;24,274;23,972;24,047;100,00;99,60;97,10;84,70;84,27;81,97
22,943;23,314;23,678;24,101;24,213;24,124;100,00;100,00;97,10;85,60;86,70;84,70
23,247;23,701;23,966;24,101;24,761;24,566;100,00;100,00;95,52;91,40;84,57;86,55
23,071;23,574;24,044;24,399;24,579;24,629;100,00;100,00;94,57;88,35;82,50;83,80
23,37;23,829;24,472;24,782;24,899;24,523;100,00;99,00;89,85;84,10;83,07;79,85
23,88;24,378;24,728;25,33;25,421;24,946;100,00;99,00;90,77;78,70;80,10;78,95
23,298;23,565;23,911;25,604;24,719;25,308;100,00;96,90;87,97;79,27;80,10;78,05
23,044;23,398;23,969;24,823;24,438;24,556;100,00;94,20;90,15;80,17;81,90;81,65
22,937;23,271;23,689;24,637;24,44;24,693;100,00;98,10;93,92;81,37;85,47;81,97
22,89;23,217;23,6;24,354;24,345;24,41;100,00;98,10;93,00;83,80;84,57;82,57
22,878;23,304;23,61;24,263;24,108;24,157;100,00;100,00;94,25;86,82;87,00;84,40
22,982;23,232;23,689;24,401;24,204;24,311;100,00;98,70;91,42;85,60;86,10;85,32
22,729;23,115;23,422;24,088;23,981;23,964;100,00;98,40;95,52;86,52;85,80;85,32
22,705;23,157;23,493;23,985;23,969;24,029;100,00;100,00;92,05;88,35;84,27;82,87
22,8;23,002;23,543;24,16;24,101;24,089;100,00;97,80;91,72;85,00;82,50;83,47
22,965;23,272;23,451;23,997;24,111;24,052;100,00;99,00;95,82;85,30;82,20;82,57
23,026;23,277;23,686;24,207;24,166;24,367;100,00;98,10;95,20;82,87;87,90;85,92
23,134;23,549;23,945;24,322;24,661;24,197;100,00;95,10;94,57;84,70;84,27;85,00
23,218;23,856;24,396;24,693;25,322;25,037;100,00;95,10;91,10;84,70;79,20;81,35
23,341;24,286;25,636;25,939;25,188;25,162;100,00;93,92;85,17;77,20;78,02;76,25
23,241;24,357;26,282;26,137;25,908;25,687;100,00;87,42;77,47;74,22;73,90;72,95
23,298;24,558;26;26,473;26,048;25,728;100,00;85,95;76,57;75,42;73,60;72,95
23,413;24,716;26,115;26,428;26,143;26,169;100,00;86,52;78,10;73,35;74,20;72,37
23,493;25,027;25,971;26,626;26,61;26,365;100,00;81,00;77,77;73,92;73,02;72,95
23,564;25,354;26,028;27,327;26,23;26,143;100,00;83,02;77,77;69,22;74,50;72,07
23,832;25,595;26,378;27,758;26,683;26,358;99,52;78,42;73,85;68,65;71,27;70,87
23,705;25,595;26,418;26,712;26,772;26,525;100,00;89,47;75,65;74,22;75,07;69,12
23,705;25,043;26,581;26,985;26,775;26,963;99,82;84,50;75,95;72,45;70,70;72,95
24,059;25,725;26,569;27,016;27,107;26,909;98,27;85,07;72,62;69,22;69,52;68,22
24,12;25,705;26,444;27,242;27,598;26,903;97,65;80,72;73,85;68,65;67,50;68,82
24,325;25,89;26,276;27,551;28,053;27,332;99,52;85,07;81,77;69,82;67,80;69,40
24,325;25,843;26,364;27,007;27,52;26,667;98,90;87,70;80,85;69,82;68,95;75,05
24,171;25,435;25,606;26,874;26,787;27,072;100,00;90,05;87,65;71,87;79,20;70,60
23,88;25,04;25,69;26,313;26,917;26,669;100,00;92,72;87,97;79,87;73,90;74,45
23,859;25,095;25,578;26,581;27,118;26,525;100,00;92,42;87,02;77,20;74,50;72,95
24,079;25,129;26,022;26,488;27,265;26,692;100,00;92,12;83,92;78,97;70,97;71,77
23,955;25,132;25,627;26,607;26,936;26,917;100,00;95,10;92,35;81,67;75,37;75,95
23,851;24,972;25,516;26,458;26,903;26,629;100,00;95,70;93,00;79,87;75,95;75,35
23,851;25,012;25,482;26,048;26,726;27,005;100,00;94,80;92,35;88,35;82,77;82,57
23,868;25,144;25,667;26,421;26,863;26,733;100,00;94,50;92,05;85,30;80,70;76,55
24,02;25,328;25,994;26,581;26,97;27,239;100,00;90,95;90,47;86,52;82,20;83,47
24,089;25,389;25,996;26,724;26,838;27,562;100,00;92,12;88,90;85,60;84,87;80,75
24,02;25,208;25,72;26,369;26,362;27,25;100,00;92,72;89,52;85,60;86,10;81,05
24,056;25,202;25,781;26,221;26,495;26,848;100,00;93,02;90,15;85,60;83,97;81,35
24,1;25,363;25,81;26,356;26,632;27,175;100,00;90,35;89,85;85,90;85,47;82,57
23,991;25,202;25,529;26,049;26,253;26,96;100,00;93,02;91,42;88,05;86,10;81,35
23,893;24,945;25,305;26,028;26,051;26,641;100,00;94,80;92,35;87,72;86,40;83,17
23,848;24,811;25,199;25,532;25,882;26,212;100,00;94,80;93,30;90,47;89,42;85,62
23,841;24,791;24,992;25,464;25,621;26,094;100,00;94,80;93,62;91,40;90,02;89,00
23,821;24,76;24,885;25,403;25,709;26,039;100,00;95,40;96,47;90,47;89,72;87,77
23,808;24,614;24,743;25,107;25,357;25,919;100,00;96,60;96,47;93,25;91,85;87,77
23,77;24,573;24,744;25,151;25,174;25,827;100,00;96,00;96,15;92,02;92,15;89,30
23,749;24,526;24,669;25,107;25,419;25,688;100,00;95,70;96,15;92,62;90,32;89,92
23,716;24,507;24,679;25,031;25,263;25,688;100,00;96,30;95,82;92,02;90,92;88,07
23,663;24,55;24,716;25,138;25,418;25,694;100,00;95,70;96,80;91,70;90,02;89,30
23,64;24,457;24,646;25,333;25,5;25,69;100,00;96,60;96,80;92,02;90,92;89,92
23,604;24,408;24,567;25,168;25,238;25,609;100,00;96,00;97,75;93,25;92,45;90,85
23,556;24,342;24,514;24,908;24,995;25,38;100,00;97,50;97,75;92,32;92,45;90,85
23,486;24,157;24,32;24,678;24,87;25,135;100,00;97,20;97,75;94,47;93,37;91,77
23,45;24,034;24,251;24,638;24,635;24,987;100,00;98,70;98,37;94,17;94,60;92,70
23,388;23,978;24,159;24,345;24,488;24,743;100,00;98,40;99,02;95,72;94,90;94,57
23,304;23,853;24,008;24,231;24,407;24,661;100,00;99,60;99,35;96,95;96,45;95,52
23,292;23,808;23,955;24,104;24,304;24,519;100,00;99,30;99,35;97,27;96,45;95,52
23,272;23,761;23,86;24,025;24,307;24,437;100,00;99,00;99,97;97,87;95,22;94,27
23,2;23,699;23,756;23,917;24,076;24,366;100,00;99,60;100,00;98,20;98,00;96,15
23,161;23,615;23,651;23,808;23,957;24,227;100,00;100,00;100,00;98,82;97,37;96,15
23,056;23,433;23,538;23,737;23,892;24,043;100,00;100,00;100,00;99,12;97,07;95,82
23,005;23,398;23,484;23,743;23,856;23,901;100,00;100,00;100,00;98,82;96,45;96,15
22,91;23,272;23,35;23,681;23,714;23,817;100,00;100,00;100,00;99,12;97,07;96,45
22,928;23,202;23,284;23,568;23,642;23,687;100,00;100,00;100,00;99,45;97,07;96,77
22,868;23,125;23,215;23,444;23,51;23,601;100,00;100,00;100,00;99,75;98,92;98,02
22,838;23,079;23,188;23,433;23,528;23,559;100,00;100,00;100,00;99,12;96,75;96,77
22,811;23,049;23,188;23,499;23,392;23,484;100,00;100,00;100,00;97,27;97,07;96,45
22,793;23,001;23,146;23,358;23,344;23,403;100,00;100,00;100,00;97,57;97,07;95,82
22,745;23,065;23,125;23,295;23,242;23,278;100,00;98,70;100,00;97,87;97,67;97,40
22,705;23,07;23,136;23,247;23,253;23,244;100,00;99,60;100,00;97,57;96,75;96,15
22,681;22,817;22,838;23,128;23,152;23,157;100,00;100,00;100,00;97,57;96,75;96,45
22,651;22,705;22,856;22,923;23,008;22,958;100,00;100,00;100,00;99,12;96,45;97,70
22,636;22,742;22,79;23,028;22,989;22,973;100,00;100,00;100,00;96,95;96,75;96,45
22,524;22,588;22,709;22,893;22,835;22,842;100,00;100,00;100,00;97,87;98,00;98,02
22,5;22,608;22,836;22,79;22,836;22,812;100,00;100,00;99,97;98,50;98,60;99,27
22,487;22,675;22,723;22,741;22,863;22,868;100,00;99,60;100,00;98,20;96,75;96,45
22,427;22,602;22,688;22,759;22,832;22,823;100,00;99,90;99,67;97,27;96,75;96,45
22,388;22,548;22,581;22,727;22,727;22,709;100,00;100,00;100,00;97,57;96,75;97,40
22,34;22,394;22,46;22,528;22,463;22,515;100,00;100,00;100,00;98,50;98,60;98,35
22,288;22,307;22,487;22,44;22,439;22,404;100,00;100,00;99,97;98,82;98,92;98,65
22,257;22,278;22,33;22,445;22,454;22,421;100,00;100,00;100,00;98,50;97,67;97,40
22,191;22,131;22,199;22,412;22,295;22,395;100,00;100,00;100,00;98,50;98,60;98,35
22,179;22,17;22,345;22,293;22,273;22,26;100,00;100,00;100,00;99,12;99,22;98,97
22,14;22,252;22,281;22,222;22,218;22,193;100,00;99,90;100,00;99,45;98,30;98,65
22,094;22,087;22,149;22,167;22,097;22,054;100,00;100,00;100,00;99,12;99,55;100,00
22,009;22,042;22,146;22,082;22,07;22,061;100,00;100,00;100,00;99,45;98,92;98,97
22,02;22;22,087;22,081;22,045;22,003;100,00;100,00;100,00;98,82;98,30;98,65
22,021;21,908;21,972;21,996;22,063;21,996;100,00;100,00;100,00;99,12;98,00;98,02
21,942;21,868;21,966;22,045;22,02;22,038;100,00;100,00;100,00;98,50;98,00;97,70
21,898;21,871;21,899;21,954;21,736;21,816;100,00;100,00;100,00;98,50;99,22;98,97
21,863;21,858;21,874;21,792;21,758;21,721;100,00;99,90;100,00;99,12;99,22;99,27
21,811;21,829;21,841;21,783;21,752;21,685;100,00;99,30;100,00;98,82;98,60;98,97
21,783;21,703;21,681;21,823;21,679;21,725;100,00;100,00;100,00;98,50;98,92;98,65
21,694;21,631;21,599;21,661;21,701;21,594;100,00;100,00;100,00;99,12;98,30;98,97
21,655;21,59;21,617;21,615;21,631;21,588;100,00;100,00;100,00;99,12;98,30;98,65
21,621;21,56;21,514;21,53;21,458;21,526;100,00;100,00;100,00;98,82;98,92;98,65
21,565;21,493;21,536;21,471;21,462;21,475;100,00;99,90;100,00;99,12;98,60;98,65
21,541;21,458;21,394;21,372;21,326;21,302;100,00;100,00;100,00;99,45;99,85;99,92
21,416;21,167;21,127;21,346;21,357;21,287;100,00;100,00;100,00;100,00;99,22;99,92
21,283;21,063;21,045;21,21;21,28;21,32;100,00;100,00;100,00;100,00;99,85;99,60
21,333;20,986;20,964;21,073;21,1;21,194;100,00;100,00;100,00;100,00;100,00;99,60
21,361;20,955;20,893;21,143;21,113;21,201;100,00;100,00;100,00;100,00;100,00;99,60
21,32;20,896;20,825;20,882;20,976;20,998;100,00;100,00;100,00;100,00;100,00;100,00
21,229;20,836;20,854;20,822;20,933;20,913;100,00;100,00;100,00;100,00;100,00;100,00
21,24;20,749;20,783;20,813;20,845;20,934;100,00;100,00;100,00;100,00;100,00;100,00
21,277;20,831;20,717;20,745;20,72;20,845;100,00;100,00;100,00;100,00;100,00;100,00
21,214;20,734;20,669;20,754;20,688;20,838;100,00;100,00;100,00;100,00;100,00;100,00
21,245;20,714;20,626;20,712;20,702;20,789;100,00;100,00;100,00;100,00;100,00;100,00
21,13;20,706;20,705;20,663;20,683;20,651;100,00;100,00;100,00;100,00;100,00;100,00
21,063;20,776;20,649;20,638;20,557;20,644;100,00;100,00;100,00;100,00;100,00;100,00
21,103;20,626;20,521;20,582;20,592;20,687;100,00;100,00;100,00;100,00;100,00;100,00
21,017;20,512;20,619;20,47;20,557;20,518;100,00;100,00;100,00;100,00;100,00;100,00
21,047;20,595;20,444;20,504;20,465;20,586;100,00;100,00;100,00;100,00;100,00;100,00
20,832;20,436;20,496;20,347;20,323;20,385;100,00;100,00;100,00;100,00;100,00;100,00
20,943;20,582;20,468;20,527;20,396;20,486;100,00;100,00;100,00;100,00;100,00;100,00
21,014;20,598;20,378;20,397;20,344;20,434;100,00;100,00;100,00;100,00;100,00;100,00
20,832;20,481;20,363;20,297;20,374;20,363;100,00;100,00;100,00;100,00;100,00;100,00
20,801;20,447;20,337;20,269;20,245;20,335;100,00;100,00;100,00;100,00;100,00;100,00
20,783;20,399;20,27;20,241;20,214;20,303;100,00;100,00;100,00;100,00;100,00;100,00
20,839;20,473;20,245;20,263;20,192;20,27;100,00;100,00;100,00;100,00;100,00;100,00
20,688;20,351;20,195;20,165;20,151;20,301;100,00;100,00;100,00;100,00;100,00;100,00
20,767;20,162;20,159;20,142;20,146;20,241;100,00;100,00;100,00;100,00;100,00;100,00
20,839;20,189;20,165;20,124;20,158;20,158;100,00;100,00;100,00;100,00;100,00;100,00
20,715;20,131;20,155;20,192;20,154;20,223;100,00;100,00;100,00;100,00;100,00;100,00
20,736;20,17;20,218;20,155;20,155;20,167;100,00;100,00;100,00;100,00;100,00;100,00
20,794;20,239;20,289;20,198;20,192;20,183;100,00;100,00;100,00;100,00;100,00;100,00
20,666;20,351;20,45;20,198;20,331;20,252;100,00;100,00;100,00;100,00;100,00;100,00
20,712;20,439;20,239;20,314;20,245;20,285;100,00;100,00;100,00;100,00;100,00;100,00
20,548;20,21;20,179;20,121;20,078;20,094;100,00;100,00;100,00;100,00;100,00;100,00
20,558;20,298;20,164;20,118;20,105;20,115;100,00;100,00;100,00;100,00;100,00;100,00
20,526;20,264;20,133;20,152;20,134;20,146;100,00;100,00;100,00;100,00;100,00;100,00
20,649;20,145;20,061;20,142;20,121;20,118;100,00;100,00;100,00;100,00;100,00;100,00
20,487;20,23;20,062;20,183;20,18;20,151;100,00;100,00;100,00;100,00;100,00;100,00
20,588;20,031;19,937;20,096;20;20,081;100,00;100,00;100,00;100,00;100,00;100,00
20,561;20,021;19,948;19,934;20;19,982;100,00;100,00;100,00;100,00;100,00;100,00
20,6;19,875;19,87;19,926;19,928;20,03;100,00;100,00;100,00;100,00;100,00;100,00
20,586;19,864;19,858;19,827;19,842;19,876;100,00;100,00;100,00;100,00;100,00;100,00
20,428;19,904;19,839;19,802;19,745;19,788;100,00;100,00;100,00;100,00;100,00;100,00
20,264;20,053;19,833;19,73;19,727;19,797;100,00;100,00;100,00;100,00;100,00;100,00
20,384;20,013;19,829;19,721;19,64;19,713;100,00;100,00;100,00;100,00;100,00;100,00
20,496;19,854;19,848;19,788;19,729;19,743;100,00;100,00;100,00;100,00;100,00;100,00
20,421;19,867;19,78;19,724;19,682;19,705;100,00;100,00;100,00;100,00;100,00;100,00
20,431;19,695;19,764;19,687;19,68;19,683;100,00;100,00;100,00;100,00;100,00;100,00
20,446;19,748;19,736;19,692;19,606;19,659;100,00;100,00;100,00;100,00;100,00;100,00
20,403;19,749;19,724;19,627;19,589;19,627;100,00;100,00;100,00;100,00;100,00;100,00
20,365;19,836;19,708;19,624;19,583;19,568;100,00;100,00;100,00;100,00;100,00;100,00
20,385;19,917;19,711;19,618;19,584;19,614;100,00;100,00;100,00;100,00;100,00;100,00
20,272;19,984;19,671;19,602;19,517;19,542;100,00;100,00;100,00;100,00;100,00;100,00
20,357;19,665;19,601;19,552;19,472;19,5;100,00;100,00;100,00;100,00;100,00;100,00
20,292;19,608;19,615;19,486;19,481;19,514;100,00;100,00;100,00;100,00;100,00;100,00
20,292;19,536;19,531;19,483;19,391;19,402;100,00;100,00;100,00;100,00;100,00;100,00
20,249;19,567;19,533;19,411;19,375;19,412;100,00;100,00;100,00;100,00;100,00;100,00
20,23;19,567;19,483;19,396;19,327;19,359;100,00;100,00;100,00;100,00;100,00;100,00
20,161;19,475;19,421;19,374;19,284;19,305;100,00;100,00;100,00;100,00;100,00;100,00
20,164;19,459;19,418;19,294;19,232;19,284;100,00;100,00;100,00;100,00;100,00;100,00
20,196;19,477;19,4;19,309;19,321;19,393;100,00;100,00;100,00;100,00;100,00;100,00
20,148;19,458;19,433;19,308;19,344;19,308;100,00;100,00;100,00;100,00;100,00;100,00
20,155;19,612;19,358;19,363;19,278;19,283;100,00;100,00;100,00;100,00;100,00;100,00
20,103;19,406;19,353;19,255;19,15;19,169;100,00;100,00;100,00;100,00;100,00;100,00
19,919;19,798;19,356;19,244;19,283;19,272;100,00;100,00;100,00;100,00;100,00;100,00
20,062;19,334;19,28;19,244;19,15;19,19;100,00;100,00;100,00;100,00;100,00;100,00
19,988;19,284;19,331;19,199;19,222;19,197;100,00;100,00;100,00;100,00;100,00;100,00
19,994;19,253;19,255;19,231;19,207;19,215;100,00;100,00;100,00;100,00;100,00;100,00
20,099;19,291;19,324;19,094;19,043;19,063;100,00;100,00;100,00;100,00;100,00;100,00
19,881;19,405;19,296;19,102;19,028;19,084;100,00;100,00;100,00;100,00;100,00;100,00
19,773;19,352;19,199;19,074;19,066;19,049;100,00;100,00;100,00;100,00;100,00;100,00
19,664;19,43;19,277;19,087;19,027;19,018;100,00;100,00;100,00;100,00;100,00;100,00
19,932;19,391;19,194;19,093;19,012;19,066;100,00;100,00;100,00;100,00;100,00;100,00
19,876;19,193;19,178;19,094;19,019;19,044;100,00;100,00;100,00;100,00;100,00;100,00
19,999;19,224;19,184;19,052;19,015;19,04;100,00;100,00;100,00;100,00;100,00;100,00
19,962;19,109;19,05;18,978;18,975;19,027;100,00;100,00;100,00;100,00;100,00;100,00
19,96;19,069;19,041;18,96;18,932;18,927;100,00;100,00;100,00;100,00;100,00;100,00
19,914;19,187;19,075;18,969;18,915;18,928;100,00;100,00;100,00;100,00;100,00;100,00
19,739;19,509;19,14;19;18,953;18,98;100,00;100,00;100,00;100,00;100,00;100,00
19,864;19,174;19,196;19,05;19,025;19,003;100,00;100,00;100,00;100,00;100,00;100,00
19,922;19,428;19,255;19,127;19,032;19,074;100,00;100,00;100,00;100,00;100,00;100,00
19,984;19,305;19,305;19,107;19,068;19,072;100,00;100,00;100,00;100,00;100,00;100,00
19,987;19,468;19,274;19,15;19,088;19,084;100,00;100,00;100,00;100,00;100,00;100,00
20,103;19,344;19,252;19,132;19,071;19,085;100,00;100,00;100,00;100,00;100,00;100,00
20,05;19,403;19,252;19,122;19,069;19,066;100,00;100,00;100,00;100,00;100,00;100,00
19,917;19,356;19,277;19,127;19,072;19,074;100,00;100,00;100,00;100,00;100,00;100,00
19,954;19,468;19,275;19,128;19,079;19,077;100,00;100,00;100,00;100,00;100,00;100,00
19,882;19,478;19,26;19,124;19,056;19,049;100,00;100,00;100,00;100,00;100,00;100,00
19,981;19,31;19,203;19,066;18,959;18,985;100,00;100,00;100,00;100,00;100,00;100,00
19,981;19,255;19,182;19,006;18,987;18,953;100,00;100,00;100,00;100,00;100,00;100,00
20,05;19,228;19,169;19,071;18,987;19,009;100,00;100,00;100,00;100,00;100,00;100,00
20,013;19,287;19,174;19,032;18,959;18,952;100,00;100,00;100,00;100,00;100,00;100,00
19,914;19,361;19,171;19,007;18,963;18,95;100,00;100,00;100,00;100,00;100,00;100,00
19,978;19,288;19,202;19,037;18,987;18,969;100,00;100,00;100,00;100,00;100,00;100,00
19,96;19,375;19,188;19,052;18,988;18,981;100,00;100,00;100,00;100,00;100,00;100,00
19,913;19,459;19,193;19,047;18,994;18,988;100,00;100,00;100,00;100,00;100,00;100,00
19,851;19,372;19,215;19,047;18,987;18,982;100,00;100,00;100,00;100,00;100,00;100,00
20,004;19,465;19,196;19,04;18,963;18,965;100,00;100,00;100,00;100,00;100,00;100,00
19,994;19,281;19,193;19,025;18,953;18,982;100,00;100,00;100,00;100,00;100,00;100,00
19,999;19,328;19,199;19,005;18,953;18,944;100,00;100,00;100,00;100,00;100,00;100,00
20,021;19,322;19,187;19,009;18,921;18,927;100,00;100,00;100,00;100,00;100,00;100,00
19,813;19,255;19,168;18,977;18,894;18,888;100,00;100,00;100,00;100,00;100,00;100,00
19,724;19,331;19,219;18,977;18,894;18,875;100,00;100,00;100,00;100,00;100,00;100,00
19,758;19,263;19,14;18,957;18,858;18,874;100,00;100,00;100,00;100,00;100,00;100,00
19,884;19,231;19,102;18,943;18,833;18,875;100,00;100,00;100,00;100,00;100,00;100,00
19,938;19,291;19,06;18,932;18,84;18,835;100,00;100,00;100,00;100,00;100,00;100,00
19,814;19,203;19,059;18,916;18,86;18,835;100,00;100,00;100,00;100,00;100,00;100,00
19,866;19,31;19,11;18,935;18,882;18,877;100,00;100,00;100,00;100,00;100,00;100,00
19,947;19,305;19,107;18,946;18,882;18,866;100,00;100,00;100,00;100,00;100,00;100,00
19,943;19,243;19,115;18,927;18,85;18,844;100,00;100,00;100,00;100,00;100,00;100,00
19,982;19,218;19,107;18,922;18,858;18,844;100,00;100,00;100,00;100,00;100,00;100,00
19,959;19,178;19,09;18,937;18,852;18,847;100,00;100,00;100,00;100,00;100,00;100,00
20,004;19,224;19,088;18,932;18,853;18,855;100,00;100,00;100,00;100,00;100,00;100,00
19,919;19,319;19,087;18,931;18,853;18,853;100,00;100,00;100,00;100,00;100,00;100,00
19,941;19,172;19,134;18,919;18,8;18,812;100,00;100,00;100,00;100,00;100,00;100,00
19,827;19,247;19,128;18,932;18,824;18,812;100,00;100,00;100,00;100,00;100,00;100,00
19,745;19,358;19,177;18,959;18,825;18,806;100,00;100,00;100,00;100,00;100,00;100,00
19,855;19,205;19,102;18,944;18,834;18,805;100,00;100,00;100,00;100,00;100,00;100,00
19,819;19,246;19,13;18,94;18,775;18,774;100,00;100,00;100,00;100,00;100,00;100,00
19,802;19,194;19,152;18,977;18,808;18,771;100,00;100,00;100,00;100,00;100,00;100,00
19,629;19,33;19,196;19,005;18,849;18,815;100,00;100,00;100,00;100,00;100,00;100,00
19,583;19,359;19,235;19,018;18,793;18,793;100,00;100,00;100,00;100,00;100,00;100,00
19,534;19,321;19,203;18,977;18,806;18,784;100,00;100,00;100,00;100,00;100,00;100,00
19,518;19,352;19,181;19,029;18,827;18,777;100,00;100,00;100,00;100,00;100,00;100,00
19,631;19,377;19,184;19,024;18,824;18,793;100,00;100,00;100,00;100,00;100,00;100,00
19,657;19,26;19,23;19,032;18,852;18,808;100,00;100,00;100,00;100,00;100,00;100,00
19,683;19,287;19,196;19,041;18,887;18,838;100,00;100,00;100,00;100,00;100,00;100,00
19,844;19,299;19,23;19,065;18,903;18,834;100,00;100,00;100,00;100,00;100,00;100,00
19,83;19,274;19,257;19,062;19,032;18,83;100,00;100,00;100,00;100,00;100,00;100,00
19,704;19,478;19,278;19,115;19,081;18,862;100,00;100,00;100,00;100,00;100,00;100,00
19,898;19,405;19,356;19,205;19,149;18,946;100,00;100,00;100,00;100,00;100,00;100,00
19,895;19,605;19,536;19,327;19,331;19,11;100,00;100,00;100,00;100,00;100,00;100,00
19,791;19,608;19,575;19,411;19,369;19,168;100,00;100,00;100,00;100,00;100,00;100,00
19,829;19,573;19,527;19,452;19,509;19,305;100,00;100,00;100,00;100,00;100,00;100,00
19,745;19,472;19,621;19,518;19,525;19,515;100,00;100,00;100,00;100,00;100,00;100,00
19,885;19,757;19,767;19,659;19,651;19,729;100,00;100,00;100,00;100,00;100,00;100,00
19,909;19,659;19,889;19,707;19,715;19,736;100,00;100,00;100,00;100,00;100,00;100,00
19,913;19,654;19,935;19,898;19,792;19,923;100,00;100,00;100,00;100,00;100,00;100,00
19,997;19,788;19,978;20,035;20,025;19,914;100,00;100,00;100,00;99,75;100,00;100,00
20,056;19,898;20,096;19,987;20,009;19,904;100,00;100,00;100,00;100,00;100,00;100,00
20,04;19,916;20,1;20,049;20,093;20,23;100,00;100,00;100,00;100,00;100,00;100,00
20,089;20,053;20,22;20,139;20,227;20,439;100,00;100,00;100,00;99,75;99,85;99,92
20,216;20,034;20,427;20,3;20,322;20,314;100,00;100,00;100,00;99,45;99,55;99,60
20,278;20,112;20,39;20,492;20,576;20,566;100,00;100,00;100,00;98,20;97,67;98,02
20,309;20,099;20,39;20,579;20,687;20,894;100,00;100,00;100,00;98,20;97,67;97,40
20,405;20,151;20,502;20,657;20,819;20,828;100,00;100,00;100,00;97,87;96,45;97,40
20,502;20,267;20,657;20,903;21,044;21,263;100,00;99,60;96,80;96,65;96,15;94,90
20,449;20,44;20,768;20,879;21,116;21,248;100,00;96,60;96,47;95,10;94,60;95,20
20,334;20,511;21,036;21,232;21,542;21,66;100,00;96,30;93,92;92,32;93,07;91,15
20,443;20,703;21,287;21,51;21,724;21,733;100,00;95,10;94,87;92,02;93,07;92,70
20,462;21,06;21,419;21,628;21,828;22,003;100,00;92,12;92,67;92,92;90,32;92,40
20,512;21,191;21,578;21,837;22,02;22,269;100,00;91,82;91,10;90,17;90,92;91,77
20,567;21,471;21,889;21,991;22,202;22,509;98,90;89,17;88,90;90,77;88,20;88,37
20,722;21,823;22,205;22,494;22,724;22,757;100,00;87,12;87,65;87,72;87,00;87,45
20,819;21,95;22,301;22,652;22,845;23,247;100,00;86,52;86,10;84,40;83,97;83,47
21,004;21,764;22,56;23,08;23,671;25,4;99,82;89,47;86,10;82,57;84,27;75,95
21,044;22,05;22,613;23,152;24,295;26,521;100,00;88,60;88,90;84,10;82,77;73,85
21,059;22,166;22,688;23,274;24,885;25,062;100,00;90,05;89,85;85,30;82,50;78,65
21,231;22,439;22,863;24,314;25,4;24,053;99,82;90,35;89,52;83,20;81,00;84,70
21,383;22,573;23,238;25,107;24,717;24,407;99,82;89,47;90,77;79,27;82,20;81,97
21,553;22,872;23,413;25,523;25,647;26,353;99,52;89,77;88,90;74,82;80,40;76,85
21,718;23,139;24,037;25,352;25,977;25,448;99,82;89,17;86,72;78,97;75,95;75,65
21,921;23,431;24,277;26,336;25,435;25,331;99,52;88,00;85,80;73,92;76,25;77,75
22,061;23,642;24,289;26,19;25,898;25,113;99,52;86,52;85,80;77,50;78,32;77,75
22,442;23,83;24,653;26,633;26,715;26,04;97,32;87,42;82,37;71,87;74,50;75,35
22,854;24,351;24,691;26,789;27,047;25,979;95,47;83,90;81,77;71,27;71,85;72,37
22,576;24,301;25,252;26,803;26,607;27,005;97,32;83,90;82,37;74,52;72,72;73,25
22,518;25,734;26,173;27,262;26,398;26,31;97,95;79,00;77,77;66,90;69,82;70,30
23,16;26,553;27,055;26,787;26,413;26,089;95,47;75,27;73,85;71,57;71,85;70,00
22,999;25,106;27,612;27,279;26,444;26,749;96,07;78,42;66,95;73,35;72,45;67,07
23,235;25,194;27,686;27,845;26,812;27,189;94,52;77,85;69,32;71,00;69,52;68,52
23,056;25,211;27,946;27,055;27,166;26,855;94,22;81,60;69,62;69,52;68,07;65,90
23,119;25,392;27,925;27,507;27,008;27,076;95,47;79,00;69,62;66,02;70,40;65,90
23,227;27,456;27,97;27,734;27,262;26,86;95,47;72,72;69,92;62,85;64,62;63,85
23,364;28,713;28,062;28,153;27,901;27,501;95,47;68,20;70,22;64,00;63,47;62,70
24,144;29,951;28,504;28,328;27,823;27,858;90,82;62,92;67,55;62,85;63,47;64,15
24,697;29,59;27,683;28,566;28,054;27,884;89,60;67,37;67,55;65,45;69,25;63,27
24,508;29,303;27,157;28,264;28,24;27,848;89,92;66,52;70,82;63,72;63,20;63,57
23,943;27,484;27,18;27,962;28,755;27,881;95,15;72,15;68,72;63,15;62,90;63,27
24,576;26,565;27,585;28,979;29,134;27,851;90,22;74,97;67,85;60,85;62,05;63,57
24,54;26,755;26,817;28,474;29,039;27,92;93,60;81,00;72,62;64,30;61,47;61,55
24,034;26,276;27,515;28,881;28,903;28,096;96,70;79,57;70,22;61,40;61,20;61,82
23,955;26,365;26,891;28,965;29,615;28,585;97,02;82,75;77,47;61,97;62,05;61,82
23,943;26,436;27,87;28,776;29,251;28,3;97,02;79,27;66,95;60,85;59,77;60,37
24,647;26,372;28,02;28,875;28,927;28,45;93,00;80,42;64,87;60,55;56,95;60,10
24,708;27,576;28,107;29,021;28,977;28,689;94,22;67,37;64,00;63,15;57,52;55,80
25,042;27,959;28,182;29,35;29,014;29,221;93,92;75,55;64,00;63,42;59,77;58,67
25,898;29,184;28,367;29,483;29,407;28,902;89,60;67,65;66,95;57,97;57,80;58,67
26,59;30,184;28,731;29,781;29,426;29,568;88,70;68,50;63,70;57,97;58,92;57,80
29,946;28,488;28,772;29,977;29,179;29,141;75,12;67,92;62,52;57,97;60,35;58,10
30,902;28,516;28,823;29,843;29,747;29,365;72,75;72,72;64,27;59,12;58,37;57,52
29,922;28,225;29,099;30,341;30,176;30,226;76,62;67,92;62,80;56,85;56,67;56,10
28,867;27,989;28,87;30,021;29,916;29,665;79,30;73,57;64,87;59,40;57,52;57,22
28,181;28,416;28,974;29,903;30,381;29,863;82,30;71,87;64,27;57,97;55,27;54,67
26,448;27,961;28,903;29,98;30,09;30,473;89,92;72,15;66,95;57,12;58,65;54,10
26,154;27,833;29,11;30,775;30,173;30,452;91,15;75,85;63,40;57,42;56,95;53,82
25,899;29,214;29,528;29,93;30,706;30,32;91,75;71,30;59,60;57,97;56,67;55,25
25,973;30,111;29,398;30,518;30,553;30,521;93,30;65,42;60,47;59,40;56,67;52,70
26,158;28,787;30,005;30,461;30,759;30,191;88,37;67,10;56,97;59,97;51,93;54,95
25,865;28,527;29,727;30,601;30,529;30,579;91,75;68,20;61,35;55,15;55,27;54,67
25,836;28,364;29,463;30,368;30,723;30,775;94,22;72,42;61,92;56,00;54,42;53,25
25,662;28,325;29,771;30,42;30,972;30,81;96,40;69,90;59,60;56,85;55,00;54,40
25,709;28,392;29,884;30,891;30,764;31,169;94,52;72,15;62,52;56,27;56,40;54,67
25,697;28,557;30,077;30,862;30,785;31,085;94,85;71,02;60,75;57,97;56,40;54,10
25,593;28,538;29,894;30,888;31,073;30,412;96,70;72,15;62,80;56,55;54,70;54,95
26,012;28,485;31,001;31,127;31,355;30,843;92,67;72,42;54,95;56,55;53,87;54,40
25,797;28,955;31,57;30,915;31,124;30,503;94,52;67,65;54,95;57,70;56,40;53,82
25,833;28,607;30,978;31,069;30,906;31,064;94,52;69,32;56,67;56,00;54,70;53,82
25,835;28,783;30,985;31,243;31,41;31,375;93,92;67,37;55,25;54,85;54,42;51,58
25,891;28,656;30,34;31,394;31,368;31,046;94,85;66,52;59,60;54,02;53,02;52,97
26,002;29,156;30,1;31,61;31,605;31,79;93,92;69,60;61,65;54,85;53,60;52,40
25,881;28,862;29,784;31,596;31,036;31,35;95,15;72,42;61,65;54,30;57,80;51,00
26,017;29,014;29,905;31,693;31,362;31,346;94,22;71,30;61,05;53,72;55,00;53,55
26,109;28,906;30,609;31,307;31,482;31,365;95,15;70,75;57,27;53,72;54,15;51,85
26,035;28,815;30,316;31,009;31,371;31,433;95,77;69,90;56,97;56,00;51,93;48,78
26,088;28,777;29,582;31,075;31,373;31,544;94,22;72,42;63,10;54,57;52,47;50,73
26,032;28,548;30,314;31,394;31,51;31,402;95,47;76,70;58,72;52,33;51,38;51,28
26,063;28,95;29,862;32,258;31,865;31,29;95,47;70,17;64,00;51,48;50,53;51,58
25,832;28,489;29,924;32,428;31,545;31,419;96,40;73,27;62,52;51,48;51,65;52,40
25,873;28,577;29,87;31,532;31,649;31,075;95,47;74,70;60,47;52,05;52,75;50,45
25,94;28,914;29,612;31,347;31,531;31,344;93,92;67,10;65,17;51,78;53,32;51,58
26,08;28,868;30,376;31,313;31,619;31,414;92,67;67,10;57,27;50,65;51,10;50,18
25,971;29,075;30,36;31,198;31,096;31,099;93,30;67,92;60,75;51,20;56,40;50,18
26,042;28,96;30,409;31,125;31,653;31,302;95,15;71,57;59,60;53,45;53,32;51,58
25,971;28,518;29,797;31,002;31,835;31,229;94,85;75,55;64,00;57,42;52,47;52,70
25,813;28,003;29,384;31,104;31,44;31,266;94,85;79,57;64,87;55,42;54,70;52,40
25,905;28,823;29,72;30,64;31,487;30,988;96,40;70,17;68,15;58,27;54,70;53,25
25,817;28,223;29,671;31,015;31,772;31,083;96,70;78,12;65,17;56,00;53,32;54,95
25,714;28,057;29,023;31,219;31,219;31,138;97,02;77,85;68,15;58,55;54,42;53,55
25,742;28,289;29,251;30,328;30,625;30,577;96,40;74,97;67,85;63,72;58,92;56,67
25,609;28,211;29,415;31,24;31,324;30,925;97,65;76,42;64,87;55,42;53,32;54,67
25,595;28,292;29,363;30,744;31,503;30,781;96,40;75,85;67,25;59,12;55,82;54,40
25,593;27,975;29,208;30,53;31,649;30,596;97,02;79,57;67,85;57,42;53,02;56,67
25,537;27,859;29,353;30,563;31,705;30,59;95,77;77,27;67,85;58,55;57,52;54,95
25,38;27,957;28,524;30,657;31,297;30,836;97,65;79,57;73,55;56,00;58,65;54,67
25,378;27,766;28,402;30,264;30,445;30,108;97,95;77,85;71,72;57,97;59,22;58,95
25,298;27,658;28,612;30,933;30,743;30,3;98,90;78,70;72,32;56,55;58,65;55,80
25,109;27,95;28,731;30,26;31,156;30,314;98,27;76,97;72,32;58,82;56,10;55,80
25,18;27,562;28,588;29,671;31,316;30,236;98,27;77,27;72,92;65,15;53,87;56,10
25,045;27,408;27,925;30,06;31,002;30,168;98,90;79,57;77,77;64,57;55,55;56,95
24,948;26,857;27,873;29,506;29,39;29,827;99,82;82,75;77,17;66,32;66,62;60,37
24,757;26,384;26,889;29,746;29,301;29,77;100,00;86,25;83,00;70,70;69,25;61,25
24,646;26,141;26,837;29,105;28,392;28,909;100,00;88,87;83,30;71,57;73,60;67,65
24,569;25,916;26,584;27,845;28,115;28,698;100,00;89,47;85,80;75,42;73,90;70,30
24,5;25,806;26,518;27,834;28,02;28,198;100,00;89,47;85,17;75,42;73,02;72,67
24,411;25,676;26,261;28,887;27,786;28,375;100,00;89,47;84,55;72,75;74,50;75,05
24,32;25,5;25,959;28,028;27,394;28,33;100,00;89,17;85,47;74,52;76,55;73,55
24,246;25,267;25,829;27,084;27,113;27,973;100,00;90,35;87,35;77,50;77,42;75,05
24,159;25,039;25,458;26,475;27,489;27,652;100,00;90,35;88,27;81,37;77,42;75,95
24,067;24,91;25,183;26,095;26,849;27,324;100,00;93,62;92,05;83,50;78,92;76,55
23,949;24,646;24,967;25,651;26,127;26,488;100,00;93,92;91,72;85,30;81,30;79,55
23,829;24,363;24,676;25,413;25,494;26,029;100,00;95,40;93,30;87,72;87,00;83,17
23,782;24,381;24,673;25,1;25,496;25,74;100,00;96,00;94,87;89,25;84,27;82,87
23,752;24,166;24,392;24,841;24,958;25,487;100,00;95,70;95,52;91,70;90,02;84,40
23,642;24,04;24,237;24,597;24,735;25,057;100,00;96,30;95,52;92,32;90,92;88,70
23,559;23,898;24,166;24,466;24,605;24,826;100,00;96,60;96,15;92,62;89,72;89,00
23,469;23,911;23,996;24,457;24,538;24,851;100,00;97,80;97,10;92,32;91,55;89,30
23,349;23,657;23,804;24,089;24,185;24,516;100,00;97,20;97,75;94,77;94,30;92,10
23,359;23,636;23,643;24,157;24,413;24,637;100,00;98,10;98,70;92,92;86,70;85,32
23,305;23,519;23,568;23,975;24,472;24,454;100,00;98,70;98,70;92,02;85,17;88,07
23,241;23,404;23,418;23,768;24,133;24,317;100,00;99,30;97,10;93,85;89,10;87,77
23,094;23,32;23,477;23,958;24,191;24,28;100,00;96,00;92,67;89,25;89,42;87,45
22,967;23,166;23,437;23,975;24;24,136;99,82;94,80;94,25;91,40;90,32;88,37
22,923;23,247;23,565;23,933;23,833;23,981;100,00;93,02;93,30;91,40;91,55;90,22
22,902;23,416;23,58;23,908;23,922;24,038;100,00;93,32;93,62;90,17;89,72;87,15
22,859;23,166;23,525;23,863;23,875;24,052;100,00;95,40;92,05;89,25;89,72;85,92
22,857;23,323;23,571;23,817;23,692;23,845;100,00;92,12;91,72;89,25;90,02;88,37
22,823;23,169;23,484;23,741;23,824;23,693;100,00;93,32;92,67;89,57;87,60;90,22
22,824;23,1;23,37;23,516;23,478;23,534;100,00;94,50;93,00;91,70;90,32;90,55
22,767;23,143;23,292;23,531;23,38;23,549;100,00;93,62;93,30;90,17;90,92;88,37
22,738;22,956;23,184;23,465;23,283;23,513;100,00;94,80;93,30;89,57;91,25;88,37
22,682;22,992;23,211;23,296;23,317;23,392;100,00;93,32;93,30;90,77;89,42;88,37
22,631;22,946;23,14;23,125;23,011;23,107;100,00;93,92;93,00;91,40;91,85;91,47
22,602;22,901;23,113;23,068;23,188;23,136;100,00;93,32;92,67;91,10;88,80;88,70
22,543;22,694;22,88;23,125;23,11;23,086;100,00;96,00;93,62;89,57;88,20;89,00
22,501;22,613;22,809;22,899;22,794;22,931;100,00;94,80;93,62;91,10;91,85;90,22
22,41;22,613;22,763;22,733;22,756;22,842;100,00;94,20;93,62;93,25;90,92;89,62
22,355;22,548;22,724;22,757;22,612;22,688;99,82;93,92;93,00;91,40;91,85;91,77
22,307;22,506;22,736;22,687;22,634;22,619;99,82;93,62;92,35;91,10;90,92;90,55
22,279;22,464;22,625;22,682;22,724;22,56;100,00;93,92;93,30;90,47;89,42;90,85
22,221;22,439;22,561;22,543;22,442;22,543;100,00;93,62;93,62;92,02;91,55;91,15
22,202;22,421;22,548;22,434;22,413;22,397;100,00;93,62;93,30;92,32;92,45;92,10
22,164;22,351;22,516;22,385;22,551;22,397;100,00;93,62;94,25;92,62;90,02;91,77
22,117;22,203;22,328;22,509;22,301;22,53;100,00;95,70;94,57;90,77;92,15;89,62
22,061;22,164;22,318;22,219;22,185;22,219;100,00;95,10;93,92;92,92;92,77;92,40
21,994;22,163;22,358;22,248;22,245;22,342;100,00;94,50;93,30;92,02;91,55;90,85
22,003;22,014;22,102;22,301;22,202;22,378;100,00;96,60;95,20;92,02;92,15;90,55
21,921;21,862;22,03;22,02;22,075;22,439;100,00;96,60;95,52;93,85;92,15;90,22
21,893;21,896;22;21,996;21,999;22,054;100,00;96,60;95,82;92,92;92,15;91,77
21,838;21,84;21,953;21,983;21,899;22,039;100,00;97,50;95,20;92,62;92,45;91,47
21,799;21,777;21,883;21,907;21,953;21,911;100,00;96,60;95,52;93,25;92,15;92,70
21,749;21,758;21,898;21,855;21,916;21,921;100,00;96,90;94,87;93,25;91,85;91,77
21,727;21,707;21,808;21,852;21,862;21,975;100,00;96,60;96,47;92,92;92,15;91,15
21,682;21,648;21,712;21,844;21,978;21,893;100,00;96,60;96,47;93,25;90,92;92,10
21,664;21,646;21,746;21,822;21,929;21,893;100,00;96,90;95,52;92,92;90,92;91,47
21,643;21,548;21,602;21,786;21,899;21,829;100,00;98,70;96,80;92,32;91,25;91,47
21,603;21,538;21,614;21,773;21,685;21,804;100,00;96,60;96,15;92,62;92,45;91,47
21,556;21,514;21,489;21,725;21,746;21,777;100,00;98,70;98,37;92,62;91,55;91,15
21,504;21,48;21,527;21,652;21,721;21,669;100,00;97,80;96,15;92,62;91,85;92,10
21,473;21,443;21,394;21,649;21,597;21,764;100,00;99,60;97,75;92,62;92,45;91,47
21,45;21,459;21,409;21,643;21,672;21,664;100,00;99,00;97,75;92,32;91,55;91,47
21,437;21,403;21,317;21,527;21,599;21,785;100,00;99,00;99,97;93,25;91,85;90,22
21,465;21,305;21,177;21,455;21,432;21,606;100,00;100,00;99,35;93,85;93,37;91,77
21,426;21,22;21,137;21,404;21,551;21,59;100,00;100,00;100,00;94,47;92,15;91,47
21,303;21,18;21,22;21,422;21,554;21,698;100,00;100,00;99,67;93,55;91,55;91,15
21,293;21,216;21,073;21,53;21,627;22,109;100,00;100,00;100,00;92,62;91,55;87,77
21,219;21,097;21,065;21,446;21,621;21,685;100,00;99,90;100,00;92,92;91,85;91,15
21,229;21,112;21,019;21,373;21,517;21,576;100,00;100,00;100,00;93,85;92,15;91,77
21,176;21,022;20,946;21,26;21,473;21,703;100,00;100,00;100,00;96,32;92,45;91,47
21,228;20,948;21,201;21,145;21,45;21,642;100,00;100,00;96,80;96,02;92,77;91,77
21,154;21,002;20,965;21,293;21,538;21,554;100,00;100,00;100,00;94,77;93,37;92,10
21,103;20,913;20,977;21,274;21,538;21,689;100,00;99,60;100,00;95,72;92,15;90,85
21,124;20,928;20,847;21,422;21,428;21,551;100,00;100,00;100,00;94,77;93,67;92,70
21,068;20,913;20,842;21,3;21,372;21,569;100,00;100,00;100,00;94,77;94,00;91,47
21,1;20,885;20,776;21,053;21,375;22,102;100,00;100,00;100,00;98,20;93,37;89,92
21,152;20,774;20,69;21,072;22,039;22,221;100,00;100,00;100,00;98,20;89,72;87,45
20,974;20,749;20,74;20,998;21,545;21,904;100,00;100,00;100,00;97,87;92,15;90,55
21,029;20,801;20,742;21,063;21,177;21,455;100,00;100,00;100,00;97,27;95,52;93,65
20,968;20,776;20,668;21,017;21,091;21,326;100,00;100,00;100,00;97,57;95,52;94,27
21,029;20,69;20,825;20,925;21,139;21,283;100,00;100,00;100,00;97,87;95,22;94,27
21,022;20,822;20,774;21,036;21,134;21,351;100,00;100,00;100,00;96,65;96,45;93,02
21,044;20,699;20,752;20,946;21,081;21,151;100,00;100,00;100,00;96,95;95,82;94,57
20,973;20,792;20,687;20,854;21,118;21,207;100,00;100,00;100,00;98,20;94,90;94,27
21,013;20,668;20,583;20,708;21,082;21,026;100,00;100,00;100,00;99,45;95,22;96,15
21,001;20,601;20,569;20,644;20,869;20,979;100,00;100,00;100,00;100,00;96,75;95,82
21,029;20,474;20,576;20,74;20,817;21,011;100,00;100,00;100,00;99,12;96,75;95,20
20,943;20,539;20,504;20,746;20,91;20,998;100,00;100,00;100,00;98,20;97,67;95,20
20,879;20,471;20,546;20,591;20,68;20,796;100,00;100,00;100,00;99,45;98,00;97,07
20,919;20,397;20,369;20,592;20,666;20,646;100,00;100,00;100,00;98,82;97,67;98,02
20,774;20,319;20,329;20,396;20,372;20,478;100,00;100,00;100,00;100,00;100,00;99,92
20,854;20,421;20,264;20,298;20,334;20,564;100,00;100,00;100,00;100,00;100,00;98,65
20,746;20,295;20,208;20,261;20,245;20,481;100,00;100,00;100,00;100,00;100,00;98,65
20,715;20,323;20,316;20,292;20,372;20,366;100,00;100,00;100,00;100,00;100,00;100,00
20,761;20,351;20,233;20,185;20,379;20,301;100,00;100,00;100,00;100,00;99,55;100,00
20,739;20,266;20,227;20,136;20,397;20,309;100,00;100,00;100,00;100,00;99,85;100,00
20,717;20,279;20,233;20,187;20,176;20,279;100,00;100,00;100,00;100,00;100,00;100,00
20,761;20,3;20,124;20,165;20,301;20,323;100,00;100,00;100,00;100,00;100,00;99,92
20,709;20,357;20,156;20,106;20,223;20,221;100,00;100,00;100,00;100,00;100,00;100,00
20,757;20,151;20,094;20,114;20,047;20,18;100,00;100,00;100,00;100,00;100,00;100,00
20,631;20,164;20,035;20,072;20,118;20,152;100,00;100,00;100,00;100,00;100,00;100,00
20,585;20,01;19,99;20,007;19,993;20,044;100,00;100,00;100,00;100,00;100,00;100,00
20,536;20,078;19,981;19,86;19,91;20,007;100,00;100,00;100,00;100,00;100,00;100,00
20,617;20,052;19,959;19,817;19,836;19,891;100,00;100,00;100,00;100,00;100,00;100,00
20,583;20,136;19,94;19,857;19,842;19,948;100,00;100,00;100,00;100,00;100,00;100,00
20,629;20,167;19,953;19,825;19,858;19,926;100,00;100,00;100,00;100,00;100,00;100,00
20,434;20,21;20,003;19,931;19,938;20,127;100,00;100,00;100,00;100,00;100,00;100,00
20,575;20,034;19,875;19,814;19,813;20,019;100,00;100,00;100,00;100,00;100,00;100,00
20,524;20,071;19,935;19,889;19,9;20,043;100,00;100,00;100,00;100,00;100,00;100,00
20,52;19,987;19,906;20,075;20,094;20,167;100,00;100,00;100,00;100,00;100,00;100,00
20,45;19,929;19,885;19,857;19,978;19,993;100,00;100,00;100,00;100,00;100,00;100,00
20,551;19,864;19,897;19,869;19,979;20,003;100,00;100,00;100,00;100,00;100,00;100,00
20,51;19,886;19,761;19,9;19,894;20,179;100,00;100,00;100,00;100,00;100,00;99,27
20,399;19,807;19,779;19,704;19,814;19,882;100,00;100,00;100,00;100,00;100,00;100,00
20,412;19,748;19,721;19,766;19,71;19,795;100,00;100,00;100,00;100,00;100,00;100,00
20,326;19,718;19,676;19,643;19,648;19,727;100,00;100,00;100,00;100,00;100,00;100,00
20,291;19,863;19,676;19,605;19,515;19,631;100,00;100,00;100,00;100,00;100,00;100,00
20,366;19,69;19,64;19,517;19,502;19,578;100,00;100,00;100,00;100,00;100,00;100,00
20,137;19,888;19,664;19,494;19,465;19,517;100,00;100,00;100,00;100,00;100,00;100,00
20,148;20,009;19,596;19,493;19,533;19,598;100,00;100,00;100,00;100,00;100,00;100,00
20,165;19,702;19,713;19,517;19,593;19,605;100,00;100,00;100,00;100,00;100,00;100,00
20,224;19,797;19,69;19,649;19,705;19,741;100,00;100,00;100,00;100,00;100,00;100,00
20,152;19,886;19,617;19,546;19,646;19,884;100,00;100,00;100,00;100,00;100,00;100,00
20,255;19,689;19,573;19,542;19,608;19,794;100,00;100,00;100,00;100,00;100,00;100,00
20,242;19,57;19,54;19,567;19,549;19,637;100,00;100,00;100,00;100,00;100,00;100,00
20,21;19,71;19,506;19,493;19,45;19,499;100,00;100,00;100,00;100,00;100,00;100,00
20,211;19,587;19,484;19,443;19,408;19,489;100,00;100,00;100,00;100,00;100,00;100,00
20,089;19,436;19,427;19,468;19,43;19,546;100,00;100,00;100,00;100,00;100,00;100,00
20,075;19,486;19,391;19,341;19,321;19,368;100,00;100,00;100,00;100,00;100,00;100,00
20,041;19,555;19,39;19,263;19,234;19,262;100,00;100,00;100,00;100,00;100,00;100,00
20,063;19,393;19,347;19,243;19,221;19,358;100,00;100,00;100,00;100,00;100,00;100,00
20,053;19,288;19,281;19,252;19,185;19,274;100,00;100,00;100,00;100,00;100,00;100,00
20,089;19,344;19,191;19,156;19,049;19,118;100,00;100,00;100,00;100,00;100,00;100,00
20,021;19,386;19,187;19,079;18,985;19,01;100,00;100,00;100,00;100,00;100,00;100,00
20,04;19,486;19,174;19,04;18,971;18,975;100,00;100,00;100,00;100,00;100,00;100,00
19,988;19,374;19,172;19,046;19;18,974;100,00;100,00;100,00;100,00;100,00;100,00
20,004;19,26;19,169;19,007;18,975;18,943;100,00;100,00;100,00;100,00;100,00;100,00
19,99;19,24;19,118;18,959;18,93;18,949;100,00;100,00;100,00;100,00;100,00;100,00
19,94;19,205;19,163;18,946;19,034;19,04;100,00;100,00;100,00;100,00;100,00;100,00
19,782;19,297;19,18;19,028;18,966;18,999;100,00;100,00;100,00;100,00;100,00;100,00
19,785;19,269;19,172;18,987;18,955;19,044;100,00;100,00;100,00;100,00;100,00;100,00
19,842;19,23;19,093;18,918;18,946;18,953;100,00;100,00;100,00;100,00;100,00;100,00
19,791;19,137;19,127;18,99;18,949;18,971;100,00;100,00;100,00;100,00;100,00;100,00
19,82;19,081;19,044;18,99;18,896;18,927;100,00;100,00;100,00;100,00;100,00;100,00
19,858;19,16;18,981;18,907;18,8;18,868;100,00;100,00;100,00;100,00;100,00;100,00
19,745;19,2;18,981;18,909;18,766;18,777;100,00;100,00;100,00;100,00;100,00;100,00
19,833;19,097;18,985;18,83;18,806;18,81;100,00;100,00;100,00;100,00;100,00;100,00
19,798;19,035;18,966;18,838;18,775;18,802;100,00;100,00;100,00;100,00;100,00;100,00
19,705;19,16;18,944;18,803;18,749;18,74;100,00;100,00;100,00;100,00;100,00;100,00
19,659;19,119;18,921;18,766;18,736;18,714;100,00;100,00;100,00;100,00;100,00;100,00
19,751;19,231;18,912;18,734;18,736;18,763;100,00;100,00;100,00;100,00;100,00;100,00
19,606;19,016;18,885;18,78;18,771;18,714;100,00;100,00;100,00;100,00;100,00;100,00
19,736;18,975;18,884;18,75;18,697;18,749;100,00;100,00;100,00;100,00;100,00;100,00
19,755;18,953;18,897;18,718;18,716;18,664;100,00;100,00;100,00;100,00;100,00;100,00
19,677;18,903;18,88;18,753;18,687;18,752;100,00;100,00;100,00;100,00;100,00;100,00
19,711;19,057;18,8;18,741;18,715;18,812;100,00;100,00;100,00;100,00;100,00;100,00
19,52;19,024;18,855;18,724;18,86;18,661;100,00;100,00;100,00;100,00;100,00;100,00
19,717;18,91;18,816;18,686;18,675;18,694;100,00;100,00;100,00;100,00;100,00;100,00
19,655;18,887;18,797;18,693;18,596;18,681;100,00;100,00;100,00;100,00;100,00;100,00
19,642;19,099;18,728;18,675;18,523;18,589;100,00;100,00;100,00;100,00;100,00;100,00
19,567;18,897;18,777;18,606;18,526;18,558;100,00;100,00;100,00;100,00;100,00;100,00
19,512;19,065;18,697;18,559;18,481;18,498;100,00;100,00;100,00;100,00;100,00;100,00
19,598;18,977;18,699;18,556;18,484;18,501;100,00;100,00;100,00;100,00;100,00;100,00
19,353;19,041;18,778;18,568;18,515;18,486;100,00;100,00;100,00;100,00;100,00;100,00
19,503;18,83;18,693;18,565;18,501;18,499;100,00;100,00;100,00;100,00;100,00;100,00
19,441;18,813;18,694;18,537;18,449;18,476;100,00;100,00;100,00;100,00;100,00;100,00
19,517;18,949;18,68;18,555;18,446;18,458;100,00;100,00;100,00;100,00;100,00;100,00
19,381;18,987;18,706;18,524;18,462;18,446;100,00;100,00;100,00;100,00;100,00;100,00
19,467;18,746;18,668;18,548;18,479;18,52;100,00;100,00;100,00;100,00;100,00;100,00
19,402;18,83;18,647;18,539;18,506;18,578;100,00;100,00;100,00;100,00;100,00;100,00
19,415;18,785;18,656;18,542;18,487;18,53;100,00;100,00;100,00;100,00;100,00;100,00
19,372;18,719;18,741;18,533;18,473;18,471;100,00;100,00;100,00;100,00;100,00;100,00
19,396;18,831;18,721;18,556;18,474;18,471;100,00;100,00;100,00;100,00;100,00;100,00
19,489;18,922;18,678;18,526;18,442;18,492;100,00;100,00;100,00;100,00;100,00;100,00
19,514;18,921;18,738;18,526;18,514;18,527;100,00;100,00;100,00;100,00;100,00;100,00
19,458;19,049;18,775;18,592;18,523;18,543;100,00;100,00;100,00;100,00;100,00;100,00
19,565;18,95;18,878;18,639;18,589;18,596;100,00;100,00;100,00;100,00;100,00;100,00
19,437;19,209;18,997;18,708;18,694;18,73;100,00;100,00;100,00;100,00;100,00;100,00
19,349;19,065;19,009;18,808;18,759;18,805;100,00;100,00;100,00;100,00;100,00;100,00
19,439;19,149;19,09;18,856;18,803;18,837;100,00;100,00;100,00;100,00;100,00;100,00
19,415;19,203;19,057;18,877;18,863;19,062;100,00;100,00;100,00;100,00;100,00;100,00
19,469;19,26;19,128;18,946;18,969;19,096;100,00;100,00;100,00;100,00;100,00;100,00
19,63;19,134;19,232;19,04;19,053;19,077;100,00;100,00;100,00;100,00;100,00;100,00
19,522;19,26;19,274;19,193;19,18;19,23;100,00;100,00;100,00;100,00;100,00;100,00
19,595;19,347;19,368;19,35;19,366;19,394;100,00;100,00;100,00;100,00;100,00;100,00
19,587;19,487;19,655;19,474;19,502;19,518;100,00;100,00;100,00;100,00;100,00;100,00
19,686;19,624;19,718;19,627;19,696;19,636;100,00;100,00;100,00;100,00;100,00;100,00
19,774;19,704;19,904;19,826;19,832;20,223;100,00;100,00;100,00;100,00;100,00;96,77
19,962;19,857;20,096;19,994;20,069;20,165;100,00;100,00;100,00;100,00;99,85;98,65
20,105;20,01;20,058;20,139;20,275;20,331;100,00;100,00;100,00;99,75;98,60;98,02
20,133;20,115;20,52;20,328;20,749;20,721;100,00;98,40;98,07;98,20;94,90;95,20
20,248;20,208;20,532;20,583;20,848;20,903;100,00;97,80;98,07;96,02;93,67;94,57
20,301;20,446;20,839;20,694;21,062;21,119;100,00;95,10;95,82;95,10;93,37;93,65
20,3;20,686;20,974;21,056;21,24;21,391;99,20;92,42;92,67;93,85;94,30;90,85
20,374;20,734;21,179;21,337;21,435;21,487;100,00;93,32;91,42;92,92;94,00;93,65
20,467;21,081;21,382;21,526;21,639;21,78;100,00;89,77;88,90;92,02;90,32;89,92
20,428;20,985;21,533;21,559;21,844;21,905;100,00;90,95;88,90;88,05;90,32;88,37
20,527;21,559;21,77;22,036;22,407;22,491;98,90;85,65;86,72;84,70;84,57;84,70
20,613;21,688;22,172;22,26;22,591;22,949;98,57;85,07;83,62;88,65;87,00;85,62
20,788;21,904;22,536;22,542;22,845;23,145;97,95;84,77;82,07;80,77;78,62;78,05
20,868;22,07;22,519;22,887;23,037;23,37;98,57;83,90;82,70;79,57;77,72;77,45
21,02;22,293;22,996;23,037;23,178;23,317;96,70;83,02;79,00;79,87;83,67;84,10
21,173;22,573;23,01;23,394;23,671;23,847;94,85;81,00;79,62;82,87;80,10;81,65
21,297;22,937;23,49;23,64;23,868;24,311;94,52;78,42;76,87;75,70;74,20;77,45
21,545;23,049;23,72;24,009;24,587;25,323;92,37;77,85;75,95;73,65;70,10;69,12
21,529;23,113;23,812;24,334;25,933;27,971;94,52;78,70;76,57;73,05;68,95;63,27
21,6;23,227;23,925;24,964;26,604;28,82;94,52;78,12;78,10;71,27;68,95;60,67
21,694;23,484;24,18;26,345;29,325;25,749;93,60;78,12;77,77;65,75;60,35;69,70
21,853;23,702;24,402;28,29;28,48;26,49;93,00;78,70;78,70;60,85;64,90;70,30
22,066;23,978;25,127;27,8;27,171;26,757;93,30;78,70;75,95;65,45;67,50;66,17
22,304;24,109;25,387;27,775;29,064;27,028;92,67;79,27;74,75;63,15;62,05;65,02
22,388;24,55;26,17;28,204;26,455;26,976;93,30;79,00;72,62;62,27;68,95;66,17
22,967;24,776;26,164;28,59;28,535;27,191;90,82;76,42;71,72;62,55;60,62;65,02
23,223;24,952;26,267;28,214;28,375;27,222;90,82;79,00;72,32;64,30;64,90;63,57
23,386;25,075;26,492;28,306;28,33;27,076;89,92;77,85;73,55;61,12;62,32;65,30
23,175;25,557;26,883;28,64;27,878;27,828;91,45;75,27;70,52;65,45;64,35;66,77
23,229;26,96;28,05;28,435;27,483;27,809;92,07;71,57;67,25;63,72;66,35;63,57
23,505;28,206;28,752;28,167;27,736;27,602;91,45;70,45;65,77;64,87;64,35;64,72
23,621;27,089;28,292;28,549;27,759;27,903;91,45;72,15;68,15;64,57;64,62;62,70
23,773;26,513;28,051;28,117;27,825;28,037;91,45;73,57;66,35;69,52;66,92;63,27
23,895;26,382;28,491;28,064;27,907;28,632;90,22;73,57;66,35;68,95;63,20;60,97
23,875;26,738;28,746;28,84;27,985;27,921;90,82;74,97;65,47;60,85;64,90;60,97
24,037;28,494;29,037;28,79;28,753;28,101;88,37;66,80;63,40;58,27;58,92;58,95
24,351;29,263;29,334;28,974;28,625;28,303;89,92;62,37;58,12;57,42;57,52;58,37
24,895;30,191;28,905;29,325;28,939;28,497;83,52;60,72;63,40;56,00;56,95;57,80
24,791;31,213;29,614;29,913;29,037;28,853;88,37;57,72;64,27;56,85;62,62;58,67
24,902;31,035;28,442;29,758;29,82;29,132;86,55;61,00;64,57;56,85;57,80;56,37
25,291;29,69;28,38;29,719;30,564;28,982;87,17;67,65;63,40;57,70;55,27;57,52
26,381;28,383;29,048;30,093;30,67;29,14;82,92;62,10;56,97;57,70;51,65;58,10
25,821;28,223;29,047;30,162;29,707;29,59;86,25;66,80;55,25;53,72;54,70;53,55
24,937;28,348;29,108;30,45;29,806;29,355;87,17;69,32;56,97;52,05;56,10;52,97
25,033;27,878;29,322;30,3;30,988;29,948;87,17;69,60;56,97;53,72;51,38;51,85
25,176;28,289;29,336;30,609;30,796;29,961;87,47;67,10;61,35;53,17;52,20;52,97
25,578;28,533;29,634;31,035;31,558;30,637;83,82;65,70;53,80;54,85;48,33;50,18
25,444;28,859;29,403;30,759;30,701;30,373;87,17;62,92;56,40;50,93;51,93;50,18
25,482;28,802;29,801;30,474;30,204;30,558;88,37;61,55;55,52;50,93;50,83;48,20
26,398;31,482;30,125;31,124;30,714;31,747;82,00;56,35;52,95;51,48;49,15;45,70
27,792;33,048;30,14;31,346;30,98;30,91;78,10;54,20;58,72;52,33;48,60;49,05
28,582;29,792;30,535;31,104;30,495;30,654;78,10;56,90;50,95;47,03;49,15;47,10
29,409;31,529;30,394;31,536;31,532;31,498;72,17;57,45;58,42;47,58;48,05;46,83
28,441;29,677;30,298;31,24;31,209;31,318;79,30;59,90;51,80;48,13;46,95;45,43
28,193;29,268;30,514;31,526;31,391;31,796;74,52;64,02;50,08;46,48;46,68;44,88
28,192;28,991;30,64;31,632;31,35;31,661;72,75;64,02;50,08;46,75;47,23;49,33
26,744;29,137;30,256;31,536;31,41;32,035;85,95;66,52;54,10;47,03;47,23;44,88
26,278;29,249;30,33;31,623;31,803;31,605;87,47;66,80;55,25;47,58;45,85;44,60
26,461;31,537;31,104;31,471;32,557;32,002;86,55;55,00;47,83;48,13;44,50;42,95
26,246;31,708;30,875;31,917;31,651;31,705;86,85;50,43;50,95;46,48;47,23;44,33
26,378;30,33;31,164;31,857;32,118;31,51;86,85;55,55;49,23;45,65;45,33;45,15
26,644;30,918;31,346;31,464;31,84;31,757;85,35;60,72;52,08;50,08;45,85;45,70
26,559;29,908;31,179;31,796;32,171;32,231;84,72;58,52;50,95;45,38;46,40;43,50
26,345;29,687;31,51;32,21;32,141;32,583;86,25;65,15;45,00;44,00;42,05;41,03
26,373;29,684;30,985;32,294;32,766;32,826;85,35;62,92;49,53;42,63;42,33;39,40
26,035;29,881;31,333;32,458;32,44;32,752;86,55;59,35;49,80;41,53;42,33;40,75
26,146;30,084;31,963;32,302;32,654;32,074;85,35;52,30;44,45;41,53;40,70;41,03
26,338;30,551;31,976;33,098;33,246;32,34;81,40;56,07;47,83;42,90;41,50;41,30
26,223;30,088;34,047;32,78;33,156;32,374;85,95;58,80;34,78;40,70;38,28;35,60
26,263;30,498;32,667;32,985;32,917;32,532;83,82;53,10;45,55;40,98;40,43;40,48
26,335;30,469;32,659;32,96;33,286;32,831;86,85;58,52;48,10;41,25;41,78;39,95
26,111;29,93;31,886;32,582;32,993;32,758;88,07;62,10;46,13;43,18;36,95;36,43
26,204;29,908;31,801;32,942;33,109;32,695;85,95;51,78;41,10;36,38;35,63;35,60
26,345;30,561;32,182;33,38;32,967;32,884;85,95;52,57;38,88;36,65;35,88;34,53
26,567;30,175;32,018;33,144;33,272;33,179;81,10;54,20;41,10;35,83;35,08;33,20
26,369;30,167;31,796;32,866;33,192;32,985;84,42;56,35;46,68;35,83;35,08;38,85
26,118;29,512;31,248;32,422;32,534;32,735;86,85;62,37;45,55;39,35;38,55;37,23
26,493;30,429;31,164;32,963;33,395;33,207;82,92;56,90;52,38;35,03;32,18;32,68
26,424;30,103;30,936;32,872;33,364;32,965;87,17;58,80;50,38;42,35;34,83;34,53
26,533;30,26;32,012;33,466;33,219;32,544;84,72;51,50;42,20;44,28;36,15;36,70
26,278;30,071;30,688;33,79;33,554;32,775;85,65;63,75;55,52;36,90;38,28;36,95
25,91;29,423;31,536;32,851;32,712;32,391;89,92;62,10;45,28;40,98;44,50;41,58
25,875;29,271;30,698;32,59;32,694;33,111;89,92;64,02;60,17;41,80;42,88;38,05
26,077;29,506;30,975;32,517;33,236;32,847;88,70;63,47;58,72;39,90;38,28;35,60
26,141;29,129;30,996;32,46;33,111;32,563;89,00;64,87;55,82;40,43;38,03;40,48
26,186;29,401;30,97;32,766;32,694;32,717;89,92;68,77;56,40;42,08;45,85;39,40
25,973;28,818;30,031;31,799;32,75;32,517;90,22;71,30;61,35;49,53;40,70;41,85
25,982;28,807;30,849;31,798;32,881;32,452;89,00;68,77;54,37;47,58;46,40;40,23
26,069;28,879;29,614;32,479;32,884;33,197;89,60;70,17;63,40;39,63;40,43;35,88
25,973;28,588;29,634;31,757;32,669;32,714;89,60;70,17;65,77;49,80;41,25;37,78
25,789;28,521;29,696;32,737;32,934;32,74;90,22;70,17;66,35;41,53;41,25;40,48
25,601;27,854;29,533;32,559;32,284;31,91;89,92;71,30;64,00;43,73;45,85;45,15
25,813;28,395;29,814;32,811;32,097;32,483;90,22;69,90;63,70;42,35;51,10;38,85
25,633;28,089;29,541;32,174;33,018;31,428;92,37;72,15;66,95;50,08;43,13;49,05
25,311;27,753;28,932;30,781;31,987;31,785;93,60;74,42;66,95;53,72;51,65;43,78
25,138;27,323;28,794;31,258;31,924;31,734;95,47;73,57;69,92;53,72;49,43;44,88
25,013;27,104;28,391;30,183;31,082;30,633;95,77;75,85;70,82;60,27;55,27;54,40
25,056;27,225;28,247;30,53;30,82;30,653;94,52;75,85;70,82;56,55;53,32;53,82
24,995;27,127;28,054;31,676;31,033;30,854;96,07;79,27;73,22;56,55;56,10;54,67
24,936;26,857;27,928;30,13;30,859;30,519;96,70;79,57;71,42;61,12;55,27;56,37
24,84;26,687;27,722;29,824;30,765;30,285;96,40;76,97;69,32;61,70;56,10;56,10
24,722;26,533;27,858;30,674;31,375;30,274;97,32;75,85;69,02;56,55;52,75;57,22
24,694;26,382;27,531;29,33;30,301;30,132;94,22;74,97;70,82;62,27;57,80;59,52
24,55;26,269;27,129;29,399;29,304;30,069;97,65;79,27;74,75;59,70;62,32;59,52
24,449;25,907;26,963;28,637;28,78;29,472;97,95;85,07;74,15;64,57;62,90;61,55
24,286;25,752;26,752;27,92;27,965;29,412;97,95;84,50;75,65;69,22;68,95;63,27
24,24;25,615;26,352;28,265;27,764;29,067;98,57;84,20;77,77;69,22;70,10;63,57
24,169;25,273;26,045;29,406;27,734;28,603;98,57;84,20;79,62;65,45;69,25;66,17
24,082;25,211;25,661;27,612;27,172;28,497;98,57;87,70;81,45;71,57;72,72;66,17
24,008;24,899;25,404;26,98;26,812;28,035;99,52;89,17;85,47;72,75;73,02;67,95
23,922;24,679;25,124;26,163;27,444;27,826;98,57;87,12;85,47;77,20;68,65;65,90
23,829;24,484;24,879;25,619;26,703;27,425;98,57;89,47;86,40;79,27;71,27;68,52
23,71;24,265;24,484;25,235;25,993;26,8;99,52;90,95;89,52;80,47;74,77;70,00
23,607;24,065;24,233;25,085;25,723;26,052;99,82;92,12;89,85;80,77;73,02;72,37
23,492;23,871;24,044;24,785;25,493;25,82;99,52;92,12;89,85;82,27;74,20;72,67
23,386;23,752;24,006;25,069;25,287;25,48;99,82;92,42;89,52;77,80;75,37;74,75
23,326;23,684;24,037;24,864;25,124;25,319;99,52;93,02;89,85;79,87;76,25;75,35
23,251;23,546;23,765;24,933;25,156;25,281;99,20;92,42;90,47;77,50;74,77;74,15
23,212;23,428;23,633;24,854;24,758;25,089;100,00;94,20;89,22;77,50;78,02;75,65
23,128;23,398;23,722;24,602;24,992;25,094;99,52;93,32;87,97;79,27;74,77;74,45
23,017;23,287;23,884;24,426;24,854;25,048;99,20;91,25;83,92;79,27;75,37;73,55
22,989;23,397;23,991;24,584;24,522;25,075;98,27;85,95;83,00;77,20;77,72;72,37
22,993;23,643;23,89;24,419;24,703;24,852;97,02;83,90;84,55;77,50;74,77;73,85
22,946;23,511;23,887;24,189;24,275;24,381;97,32;84,77;83,62;80,17;78,32;76,85
22,881;23,32;23,741;24,085;24,08;24,333;98,57;87,12;83,62;80,17;78,92;76,85
22,826;23,245;23,722;23,887;23,967;23,89;96,70;85,95;83,30;80,77;77,72;81,65
22,785;23,301;23,555;23,704;23,887;24,219;95,15;84,77;84,25;80,47;78,32;75,35
22,741;23,263;23,478;23,913;23,877;23,993;94,85;84,77;84,25;76,90;76,55;76,55
22,666;23,181;23,388;23,507;23,45;23,671;95,15;84,77;83,62;81,07;80,70;78,65
22,593;23,05;23,311;23,404;23,292;23,382;96,07;84,50;84,25;81,37;80,70;79,85
22,573;22,993;23,304;23,325;23,254;23,332;95,15;85,07;83,00;80,77;80,40;80,15
22,472;22,848;23,01;23,23;23,128;23,594;97,02;85,37;84,85;80,47;81,60;75,65
22,415;22,778;23,026;23,068;23,137;23,16;94,85;85,95;83,62;82,57;80,10;80,75
22,343;22,711;22,947;23,089;22,893;23,227;96,40;85,07;84,25;80,77;81,90;78,95
22,279;22,61;22,796;23,043;22,976;23,28;95,47;84,77;85,17;80,17;80,40;78,35
22,206;22,513;22,724;22,769;22,784;22,99;95,47;87,12;85,17;83,20;81,60;78,95
22,157;22,369;22,608;22,678;22,82;22,791;96,07;87,70;85,17;81,97;79,50;80,15
22,099;22,294;22,422;22,597;22,646;22,742;96,07;85,95;85,47;81,97;80,40;79,85
22,006;22,172;22,451;22,437;22,605;22,622;94,85;86,82;84,85;82,87;80,70;80,75
21,942;22,084;22,301;22,542;22,458;22,844;97,02;89,17;85,80;81,37;81,00;78,65
21,907;21,951;22,246;22,369;22,421;22,5;95,15;89,17;85,47;81,67;80,10;80,15
21,85;21,907;22,224;22,306;22,348;22,339;95,47;88,00;84,85;82,27;80,40;81,35
21,795;21,865;22,106;22,29;22,497;22,549;95,77;87,42;86,10;81,97;78,92;78,35
21,744;21,764;21,907;22,151;22,388;23,4;95,77;90,05;87,65;82,87;80,40;75,65
21,669;21,628;21,786;22,599;22,567;22,926;96,70;91,82;88,90;78,40;77,72;76,25
21,623;21,678;21,773;22,273;22,354;22,702;97,65;89,77;89,52;80,77;78,92;76,55
21,582;21,591;21,727;22,136;22,3;22,199;97,02;91,25;91,72;81,07;79,50;79,85
21,474;21,438;21,572;21,914;22,133;22,251;97,65;93,62;90,47;83,20;80,10;79,85
21,425;21,438;21,544;21,988;22,081;22,421;97,95;93,92;87,65;81,67;79,80;77,15
21,391;21,303;21,455;21,927;22,061;22,084;97,02;92,12;89,85;81,97;79,20;79,85
21,349;21,266;21,382;21,954;21,901;22,073;97,02;93,62;93,00;80,17;79,80;78,35
21,285;21,176;21,234;21,683;22,009;21,948;98,57;93,92;94,25;82,27;78,32;79,25
21,229;21,168;21,059;21,755;21,898;21,91;98,27;96,30;94,87;82,27;80,40;79,55
21,188;20,995;20,925;21,576;21,599;22,036;98,57;96,00;94,87;84,10;83,97;79,85
21,102;20,99;20,933;21,465;21,689;22,184;98,57;95,40;93,62;84,10;81,00;76,85
21,056;20,925;20,879;21,49;21,788;21,99;98,57;96,60;95,52;84,40;79,80;77,75
21,029;20,865;20,796;21,654;21,52;21,78;99,52;96,00;94,57;81,67;82,77;80,75
20,968;20,714;20,801;21,438;21,56;21,758;98,27;96,60;95,20;81,97;81,60;78,05
20,924;20,712;20,591;21,113;21,701;21,612;98,27;97,80;96,80;90,17;80,40;80,75
20,902;20,576;20,671;20,989;21,234;21,712;98,57;97,20;90,77;90,47;83,37;78,95
20,762;20,53;20,517;21,146;21,345;21,627;98,27;96,00;94,57;86,52;85,47;79,55
20,665;20,508;20,45;21,068;21,308;21,455;97,32;96,30;96,15;84,40;82,50;80,45
20,64;20,405;20,34;20,752;21,581;21,235;96,40;96,30;95,20;92,02;78,02;85,00
20,607;20,4;20,241;20,832;21,256;21,456;98,27;97,80;97,42;88,65;82,77;79,55
20,709;20,202;20,223;20,755;20,89;21,186;98,57;96,00;95,20;90,77;86,40;84,10
20,51;20,26;20,204;20,746;21,097;21,329;97,65;95,40;94,87;88,95;82,50;83,17
20,545;20,193;20,168;20,533;21,081;21,177;99,52;95,10;95,82;90,77;82,20;81,35
20,511;20,099;20,208;20,443;20,93;20,934;96,40;95,10;97,10;91,10;84,27;84,10
20,504;20,195;20,059;20,495;20,708;20,928;99,82;97,50;97,75;90,77;87,60;85,92
20,413;20,103;19,996;20,569;20,943;20,943;98,27;96,00;96,15;88,05;84,57;83,80
20,39;20,044;20,183;20,307;20,857;20,761;98,90;95,40;94,87;90,47;83,67;84,40
20,394;20,052;19,963;20,424;20,705;20,913;99,52;97,20;97,10;88,65;88,20;85,92
20,357;19,842;20,016;20,313;20,588;20,882;98,90;96,90;97,42;91,10;87,60;85,62
20,433;19,87;19,897;20,421;20,496;20,657;99,82;96,60;97,42;90,17;87,60;86,22
20,334;19,665;19,82;20,233;20,118;20,357;97,95;94,20;94,25;90,17;89,72;87,77
20,105;19,83;19,972;20,258;20,53;20,526;98,90;96,90;96,80;90,17;90,02;86,85
20,174;19,929;20,158;20,413;20,909;20,872;99,52;98,10;96,80;90,47;85,80;86,85
20,198;20,139;20,027;20,654;20,89;20,881;98,57;97,80;98,07;88,05;84,57;84,40
20,252;20,032;19,906;20,372;20,82;21,047;98,90;96,90;98,37;92,62;84,27;85,00
20,255;20,08;19,988;20,47;20,773;20,89;98,90;99,00;97,75;89,87;84,27;82,87
20,152;19,993;20,112;20,603;20,948;20,887;99,20;98,10;96,80;87,42;82,77;83,47
20,156;19,917;19,872;20,418;20,709;21,26;97,32;96,60;98,07;92,32;86,40;83,47
20,207;19,922;19,842;20,496;20,56;21,217;99,52;98,70;96,47;89,25;86,40;84,40
20,174;19,953;19,832;20,492;20,757;20,869;100,00;98,40;97,42;88,35;84,87;83,80
20,248;19,661;19,802;20,232;20,439;20,839;99,52;96,00;97,75;92,92;88,20;84,70
20,09;19,786;19,832;20,235;20,326;20,546;100,00;98,70;98,70;92,02;90,32;86,55
20,092;19,713;19,752;20,267;20,555;20,594;98,90;97,80;98,07;91,70;85,17;86,85
20,112;19,739;19,667;20,139;20,26;20,64;100,00;98,70;98,37;92,32;90,62;85,62
20,19;19,598;19,698;19,884;20,226;20,377;99,20;96,30;98,37;93,85;88,80;87,77
20,115;19,671;19,55;19,917;20,151;20,216;98,27;97,20;98,70;94,47;89,72;90,55
20,13;19,586;19,573;19,773;20,012;20,399;99,20;96,90;99,02;95,10;90,92;88,37
20,043;19,652;19,578;19,86;20,068;20,158;99,82;98,10;99,67;92,62;90,02;88,70
20,046;19,553;19,58;19,813;20,066;20,202;100,00;98,10;98,70;93,25;90,62;88,70
20,068;19,534;19,499;19,715;20,002;20,069;100,00;97,80;99,67;94,47;90,62;89,92
20,055;19,383;19,433;19,623;19,757;19,95;100,00;98,10;99,97;95,10;93,07;91,77
20,016;19,412;19,428;19,654;19,729;19,853;99,82;98,40;100,00;94,17;93,37;92,70
19,999;19,358;19,285;19,661;19,631;19,913;99,20;99,60;99,67;94,47;93,67;92,40
19,951;19,316;19,333;19,444;19,553;19,539;100,00;98,40;99,97;96,32;94,90;96,15
19,991;19,247;19,294;19,465;19,368;19,717;100,00;98,70;100,00;96,65;97,07;94,27
19,954;19,321;19,232;19,327;19,281;19,515;100,00;99,00;100,00;97,87;97,67;96,15
19,819;19,287;19,174;19,21;19,262;19,391;100,00;99,90;100,00;99,12;97,37;96,77
19,885;19,152;19,172;19,249;19,172;19,287;99,82;100,00;100,00;99,12;98,92;98,35
19,749;19,21;19,174;19,118;19,091;19,247;100,00;100,00;100,00;100,00;99,55;98,97
19,777;19,271;19,196;19,115;19,182;19,259;100,00;99,30;100,00;99,75;99,22;98,65
19,829;19,349;19,237;19,235;19,272;19,322;100,00;100,00;100,00;99,12;98,60;98,35
19,822;19,443;19,138;19,118;19,153;19,343;100,00;100,00;100,00;100,00;99,55;99,27
19,808;19,191;19,388;19,156;19,333;19,334;100,00;100,00;100,00;99,75;98,00;98,35
19,785;19,406;19,232;19,303;19,533;19,402;100,00;100,00;100,00;100,00;96,75;97,40
19,835;19,259;19,182;19,225;19,257;19,416;100,00;99,90;100,00;99,75;98,92;97,70
19,847;19,262;19,241;19,206;19,259;19,422;100,00;100,00;100,00;100,00;98,60;97,70
19,895;19,227;19,127;19,224;19,253;19,334;100,00;99,90;100,00;99,75;98,60;98,35
19,782;19,212;19,175;19,218;19,271;19,394;100,00;100,00;100,00;99,45;98,60;98,02
19,836;19,196;19,194;19,243;19,255;19,266;100,00;100,00;100,00;99,45;98,60;98,65
19,798;19,099;19,193;19,159;19,072;19,094;100,00;100,00;100,00;99,45;99,85;99,92
19,776;19,159;19,088;19,153;19,044;19,231;100,00;100,00;100,00;100,00;100,00;99,27
19,811;19,027;18,957;18,994;18,815;18,891;100,00;100,00;100,00;100,00;100,00;100,00
19,714;18,938;18,922;18,869;18,758;18,797;100,00;100,00;100,00;100,00;100,00;100,00
19,677;18,996;18,843;18,778;18,756;18,749;100,00;100,00;100,00;100,00;100,00;100,00
19,659;19,075;18,896;18,783;18,711;18,762;100,00;100,00;100,00;100,00;100,00;100,00
19,652;19,031;18,896;18,78;18,647;18,715;100,00;100,00;100,00;100,00;100,00;100,00
19,713;19,005;18,888;18,719;18,705;18,749;100,00;100,00;100,00;100,00;100,00;100,00
19,704;18,91;18,831;18,796;18,753;18,784;100,00;100,00;100,00;100,00;100,00;100,00
19,645;18,86;18,816;18,733;18,705;18,734;100,00;100,00;100,00;100,00;100,00;100,00
19,49;19,009;18,858;18,725;18,693;18,777;100,00;100,00;100,00;100,00;100,00;100,00
19,698;18,796;18,794;18,69;18,634;18,7;100,00;100,00;100,00;100,00;100,00;100,00
19,509;18,93;18,797;18,659;18,619;18,65;100,00;100,00;100,00;100,00;100,00;100,00
19,556;18,86;18,819;18,653;18,633;18,728;100,00;100,00;100,00;100,00;100,00;100,00
19,458;19;18,783;18,646;18,664;18,712;100,00;100,00;100,00;100,00;100,00;100,00
19,464;18,868;18,797;18,668;18,803;18,715;100,00;100,00;100,00;100,00;100,00;100,00
19,623;18,761;18,749;18,714;18,855;18,915;100,00;100,00;100,00;100,00;100,00;100,00
19,533;18,737;18,693;18,712;18,57;18,631;100,00;100,00;100,00;100,00;100,00;100,00
19,328;18,783;18,705;18,561;18,489;18,509;100,00;100,00;100,00;100,00;100,00;100,00
19,452;18,799;18,712;18,54;18,512;18,558;100,00;100,00;100,00;100,00;100,00;100,00
19,499;18,777;18,658;18,549;18,468;18,502;100,00;100,00;100,00;100,00;100,00;100,00
19,384;18,755;18,666;18,565;18,477;18,493;100,00;100,00;100,00;100,00;100,00;100,00
19,405;18,83;18,687;18,54;18,455;18,455;100,00;100,00;100,00;100,00;100,00;100,00
19,452;18,696;18,721;18,605;18,633;18,678;100,00;100,00;100,00;100,00;100,00;100,00
19,458;18,69;18,693;18,612;18,517;18,559;100,00;100,00;100,00;100,00;100,00;100,00
19,492;18,725;18,606;18,546;18,455;18,527;100,00;100,00;100,00;100,00;100,00;100,00
19,361;18,741;18,553;18,462;18,364;18,368;100,00;100,00;100,00;100,00;100,00;100,00
19,386;18,628;18,567;18,393;18,289;18,291;100,00;100,00;100,00;100,00;100,00;100,00
19,293;18,615;18,611;18,388;18,338;18,314;100,00;100,00;100,00;100,00;100,00;100,00
19,319;18,592;18,53;18,395;18,338;18,305;100,00;100,00;100,00;100,00;100,00;100,00
19,38;18,658;18,561;18,418;18,282;18,361;100,00;100,00;100,00;100,00;100,00;100,00
19,321;18,674;18,639;18,393;18,411;18,41;100,00;100,00;100,00;100,00;100,00;100,00
19,185;18,69;18,63;18,524;18,526;18,524;100,00;100,00;100,00;100,00;100,00;100,00
19,43;18,608;18,53;18,489;18,374;18,392;100,00;100,00;100,00;100,00;100,00;100,00
19,319;18,608;18,528;18,405;18,31;18,292;100,00;100,00;100,00;100,00;100,00;100,00
19,343;18,653;18,481;18,355;18,25;18,316;100,00;100,00;100,00;100,00;100,00;100,00
19,138;18,517;18,468;18,313;18,308;18,28;100,00;100,00;100,00;100,00;100,00;100,00
19,157;18,652;18,489;18,301;18,26;18,261;100,00;100,00;100,00;100,00;100,00;100,00
19,225;18,615;18,596;18,405;18,43;18,501;100,00;100,00;100,00;100,00;100,00;100,00
19,39;18,619;18,502;18,451;18,493;18,54;100,00;100,00;100,00;100,00;100,00;100,00
19,231;18,503;18,483;18,38;18,43;18,434;100,00;100,00;100,00;100,00;100,00;100,00
19,216;18,517;18,468;18,398;18,398;18,426;100,00;100,00;100,00;100,00;100,00;100,00
19,207;18,451;18,439;18,298;18,225;18,277;100,00;100,00;100,00;100,00;100,00;100,00
19,166;18,412;18,439;18,297;18,354;18,352;100,00;100,00;100,00;100,00;100,00;100,00
19,257;18,434;18,327;18,305;18,223;18,283;100,00;100,00;100,00;100,00;100,00;100,00
19,013;18,476;18,352;18,223;18,166;18,153;100,00;100,00;100,00;100,00;100,00;100,00
19,219;18,338;18,28;18,238;18,157;18,186;100,00;100,00;100,00;100,00;100,00;100,00
19,16;18,465;18,283;18,185;18,115;18,101;100,00;100,00;100,00;100,00;100,00;100,00
19,131;18,335;18,299;18,153;18,106;18,119;100,00;100,00;100,00;100,00;100,00;100,00
19,175;18,277;18,294;18,172;18,104;18,135;100,00;100,00;100,00;100,00;100,00;100,00
19,054;18,434;18,286;18,126;18,094;18,043;100,00;100,00;100,00;100,00;100,00;100,00
19,13;18,382;18,27;18,142;18,084;18,066;100,00;100,00;100,00;100,00;100,00;100,00
19,021;18,316;18,273;18,118;18,035;18,049;100,00;100,00;100,00;100,00;100,00;100,00
19,113;18,33;18,248;18,109;18,04;18,009;100,00;100,00;100,00;100,00;100,00;100,00
18,93;18,36;18,272;18,101;18,029;18,029;100,00;100,00;100,00;100,00;100,00;100,00
19,016;18,47;18,408;18,119;18,035;18,038;100,00;100,00;100,00;100,00;100,00;100,00
19,209;18,423;18,292;18,154;18,059;18,038;100,00;100,00;100,00;100,00;100,00;100,00
19,222;18,476;18,439;18,162;18,094;18,047;100,00;100,00;100,00;100,00;100,00;100,00
19,203;18,489;18,376;18,191;18,153;18,115;100,00;100,00;100,00;100,00;100,00;100,00
19,231;18,474;18,461;18,288;18,219;18,219;100,00;100,00;100,00;100,00;100,00;100,00
19,308;18,505;18,477;18,308;18,272;18,267;100,00;100,00;100,00;100,00;100,00;100,00
19,253;18,565;18,449;18,388;18,239;18,273;100,00;100,00;100,00;100,00;100,00;100,00
19,313;18,617;18,479;18,314;18,257;18,252;100,00;100,00;100,00;100,00;100,00;100,00
19,243;18,662;18,556;18,426;18,423;18,385;100,00;100,00;100,00;100,00;100,00;100,00
19,33;18,665;18,578;18,489;18,383;18,399;100,00;100,00;100,00;100,00;100,00;100,00
19,203;18,752;18,696;18,593;18,57;18,625;100,00;100,00;100,00;100,00;100,00;100,00
19,147;18,81;18,771;18,691;18,644;18,633;100,00;100,00;100,00;100,00;100,00;100,00
19,324;18,902;18,856;18,724;18,736;18,809;100,00;100,00;100,00;100,00;100,00;100,00
19,278;19,035;18,997;18,756;18,799;18,905;100,00;100,00;100,00;100,00;100,00;100,00
19,341;19,093;19,065;18,971;19,013;19,043;100,00;100,00;100,00;100,00;100,00;100,00
19,465;19,156;19,128;19,062;19,178;19,21;100,00;100,00;100,00;100,00;100,00;100,00
19,439;19,25;19,274;19,156;19,253;19,562;100,00;100,00;100,00;100,00;100,00;98,65
19,577;19,375;19,424;19,356;19,303;19,506;100,00;100,00;100,00;100,00;100,00;99,27
19,76;19,492;19,668;19,673;19,677;20,069;100,00;99,60;100,00;98,50;98,60;95,82
19,786;19,655;19,857;19,863;19,885;20,021;100,00;99,60;100,00;98,50;98,00;97,07
19,907;19,789;20,099;20,04;20,213;20,152;100,00;99,00;99,02;98,20;95,82;96,77
19,941;20,019;20,328;20,388;20,329;20,408;100,00;99,30;97,75;95,72;95,82;96,15
20,061;20,192;20,563;20,714;20,773;21,073;100,00;98,70;98,70;93,55;94,00;92,10
20,252;20,402;20,675;20,823;21,137;21,287;100,00;97,80;97,75;94,17;92,15;91,15
20,34;20,484;20,955;20,799;21,24;21,397;100,00;96,60;93,62;94,47;90,32;91,77
20,462;20,752;21,167;21,09;21,746;22,054;100,00;95,40;94,25;91,40;87,60;85,92
20,542;21,022;21,499;21,473;22,017;22,293;100,00;90,95;89,22;89,87;83,67;81,35
20,554;21,26;21,883;22,137;22,439;22,759;100,00;92,12;85,17;81,67;82,50;77,75
20,715;22,048;23,335;22,821;23,218;23,331;96,40;80,42;73,85;76,90;73,02;73,85
21,321;22,898;23,499;23,544;23,588;23,633;89,92;75,85;73,85;71,57;70,70;71,17
21,856;23,501;23,803;23,64;23,646;23,625;87,17;71,57;72,02;70,70;70,40;70,87
22,228;23,643;23,931;23,752;23,821;23,812;82,62;71,57;69,92;70,40;69,52;70,00
22,729;23,94;24,112;23,93;24,041;24,009;78,70;68,20;69,02;68,65;67,80;68,22
22,877;24,144;24,23;24,046;24,278;24,245;79,60;66,52;67,85;68,35;66,35;67,35
22,956;24,369;24,455;24,342;24,246;24,352;76,32;65,70;66,65;65,45;66,35;65,90
23,184;24,519;24,54;24,441;24,549;24,499;75,42;64,87;66,05;65,75;64,35;65,60
23,43;24,584;24,678;24,529;24,62;24,65;73,65;64,57;65,47;65,15;64,05;65,02
23,302;24,797;24,805;24,819;24,869;25,135;76,92;63,75;64,87;63,15;63,77;63,27
23,391;24,876;25,059;24,971;26,029;25,575;75,12;62,92;63,70;61,97;60,35;61,25
23,57;25,193;25,126;25,368;26,425;26,422;73,05;61,27;63,70;61,12;57,52;58,95
23,519;25,153;25,378;25,979;27,106;26,256;75,72;62,37;62,52;59,40;57,52;60,37
23,615;25,404;25,595;26,315;27,161;26,115;73,65;61,00;62,80;56,85;57,22;60,37
23,35;25,441;26,276;26,809;28,081;26,956;76,62;62,92;59,87;56,55;54,42;57,80
23,735;25,508;26,797;27,931;29,609;27,59;76,02;63,47;60,47;52,90;51,65;56,95
23,329;26,014;27,416;27,879;28,215;27,879;81,10;60,45;59,30;52,60;54,70;55,80
24,343;26,12;26,809;27,612;28,051;27,887;74,25;62,10;60,17;53,45;55,27;56,67
23,788;26,301;27,428;28,226;27,783;28,695;79,30;60,45;58,72;52,60;56,10;55,25
23,958;26,493;27,318;29,141;28,229;29,246;76,92;60,17;59,87;50,65;54,70;53,55
23,854;26,635;28,115;29,349;29,134;30,002;79,90;60,45;57,85;50,65;53,02;51,00
24,035;27,442;28,698;28,389;28,887;29,73;79,60;59,62;55,25;53,72;53,02;52,40
24,298;27,185;29,067;29,65;30,039;30,383;78,10;61,55;55,25;52,90;51,65;52,40
24,503;27,103;29,417;29,423;30,391;30,968;79,60;62,10;56,67;52,90;51,65;50,18
24,499;27,265;29,382;30,082;29,304;31,636;80,20;62,37;57,55;53,17;55,55;50,45
24,491;27,196;29,587;29,663;29,17;31,472;81,40;63,75;57,55;56,85;57,22;50,45
24,808;27,532;30,234;29,59;29,27;30,926;80,20;64,02;58,12;59,40;58,37;54,95
24,788;29,469;30,29;30,268;31,022;29,938;82,00;59,62;59,30;54,02;53,32;53,82
24,87;30,959;30,571;30,328;30,685;29,219;83,22;57,17;58,72;56,85;57,22;56,67
25,091;30,359;29,776;30,208;30,093;29,663;83,82;57,97;62,52;56,00;55,27;56,37
25,314;31,396;30,005;30,044;29,879;29,707;84,12;57,97;62,22;56,00;57,52;55,25
25,731;30,662;29,95;30,208;30,328;29,671;82,92;62,37;56,97;54,57;52,75;54,10
26,086;30,311;29,731;30,441;31,315;30,071;83,52;60,45;58,12;54,57;53,02;53,25
27,61;29,323;29,304;30,886;32,161;29,899;78,70;63,47;63,40;56,55;52,20;54,95
26,82;29,075;29,509;31,313;32,728;30,223;79,00;65,70;61,05;53,72;52,75;54,67
26,068;28,826;29,514;30,473;32,143;30,596;84,42;65,70;62,80;55,15;51,93;56,10
26,206;29,346;29,755;31,187;31,987;31,219;83,82;61,82;61,65;54,57;51,65;51,58
26,051;29,48;29,978;31,159;31,545;30,994;84,72;62,92;60,47;54,02;51,65;51,00
26,158;29,784;29,989;31,128;31,568;31,093;85,02;63,20;59,00;53,45;51,38;50,45
26,595;29,671;30,172;31,049;31,484;31,511;83,82;60,72;57,55;52,33;49,70;48,78
26,61;30,221;31,276;31,796;31,878;31,323;81,70;58,52;52,95;51,20;49,15;49,60
27,568;31,878;30,823;32,695;32,013;32,092;81,10;55,80;54,95;49,25;49,98;49,33
29,929;30,67;31,036;31,635;31,635;32,058;71,27;61,00;55,52;52,33;49,98;48,48
30,12;31,125;31,819;31,716;31,485;31,755;72,47;60,45;52,95;50,65;49,98;49,05
30,577;32,399;31,861;32,009;32,341;31,924;69,52;57,17;51,50;51,78;48,33;49,88
30,186;32,733;31,664;32,522;32,948;33,03;71,27;55,55;50,65;48,43;47,78;46,83
28,548;31,174;31,417;32,864;32,692;32,72;77,80;59,62;53,80;47,85;47,78;46,55
28,253;30,852;31,295;32,884;32,458;33,517;76,62;57,45;56,97;45,93;46,68;43,78
27,571;30,378;31,339;32,397;32,244;32,636;82,30;61,00;58,72;47,85;48,33;44,88
27,209;30,186;32,103;32,315;32,831;32,882;80,50;61,27;48,95;46,75;45,33;45,43
27,338;33,34;31,866;32,773;33,018;32,847;79,90;49,63;49,23;45,65;44,50;44,33
27,148;32,519;31,553;32,391;33,236;32,74;84,42;57,72;50,65;46,20;43,13;44,33
27,33;30,885;32,427;32,785;33,003;33,364;78,40;60,72;47,83;46,48;43,40;43,23
27,214;31,428;32,327;32,717;33,209;32,578;84,12;56,07;46,68;44,00;45,85;44,33
27,157;31,08;32,374;32,985;33,128;33,272;82,62;56,35;46,40;44,55;41,25;41,30
26,718;30,946;32,176;33,104;33,191;33,264;85,95;59,35;48,10;42,35;42,60;40,23
27,262;31,001;31,767;33,179;33,544;33,427;79,30;55,00;56,40;44,00;43,13;41,85
27,165;31,396;31,661;33,133;33,602;33,497;83,82;58,25;51,80;45,10;41,78;40,48
26,869;31,122;32,461;33,056;33,591;32,91;84,72;55,80;42,48;41,53;39,90;39,40
27,014;31,75;32,682;33,494;33,611;32,882;81,40;45,65;41,38;40,70;40,15;39,68
26,957;31,075;32,31;33,854;34,017;33,517;83,22;57,72;45,00;38,80;38,03;38,58
26,834;30,847;32,819;33,966;33,916;33,452;83,52;56,62;41,65;40,70;39,35;37,50
27,205;31,464;33,506;33,849;34,087;33,743;79,30;50,98;42,48;38,53;38,03;37,78
26,897;30,703;32,8;34,587;34,087;34,448;81,10;58,80;45,00;38,25;38,55;39,95
26,863;31,24;33,061;33,901;34,381;33,611;83,82;52,85;45,85;38,80;37,75;38,30
27,365;31,513;32,24;34,825;34,941;34,183;82,00;56,07;50,95;36,65;34,55;37,50
27,033;31,425;31,941;34,256;34,084;34,956;80,50;61,27;57,55;44,28;43,40;36,15
27,103;30,92;32,526;33,671;34,335;34,536;83,52;62,37;52,65;43,73;36,15;37,78
26,852;30,738;32,338;34,182;34,168;33,963;82,00;64,87;52,38;37,18;37,75;36,95
26,744;31,048;31,951;33,616;34,337;34,234;87,47;60,45;54,37;40,15;39,63;37,23
26,627;29,916;32,562;33,118;34,497;33,532;86,25;63,20;54,10;51,48;36,68;39,68
26,47;29,766;32,009;34,325;34,209;33,133;87,47;64,02;49,80;43,18;40,70;42,68
26,622;30,719;32,653;34,842;34,711;33,527;89,92;57,45;49,53;36,90;36,15;36,95
26,647;30,469;31,724;35,559;34,54;34,097;87,77;65,15;59,87;37,18;45,58;36,70
26,556;30,167;31,43;33,364;33,877;33,547;89,92;65,97;56,10;45,10;45,58;39,95
26,41;29,372;31,255;32,699;33,72;33,439;83,22;66,25;56,97;46,20;41,25;40,23
26,61;30,228;31,92;33,409;33,978;33,741;86,85;66,25;58,72;48,13;46,40;36,70
26,405;29,252;31,773;33,456;33,577;33,897;88,70;64,02;54,37;42,90;43,40;39,40
26,47;29,251;30,828;32,391;34,023;33,442;86,55;67,65;65,17;49,53;44,78;41,03
26,504;29,239;30,727;32,12;33,557;32,945;87,47;66,52;64,57;53,72;49,43;48,48
26,465;29,1;30,228;31,693;33,582;33,467;88,70;68,77;62,80;56,00;48,88;42,40
26,438;28,982;30,316;31,511;33,156;32,54;87,17;65,70;64,00;56,55;49,98;51,58
26,306;28,653;30,224;31,946;33,196;32,284;87,17;69,05;66,95;56,85;50,53;53,55
26,069;28,4;29,809;33,352;33,176;32,542;90,82;71,87;68,45;51,48;51,65;47,38
26,126;28,812;29,824;33,104;32,483;32,59;90,52;72,42;67,25;54,02;50,25;52,13
25,957;28,43;29,528;32,506;31,924;32,499;93,00;73,85;64,87;54,02;52,75;51,85
25,869;28,254;29,587;31,558;31,741;31,968;92,37;73,57;64,27;55,15;55,55;53,25
25,836;28,464;29,298;31,594;31,799;31,706;91,45;66,52;66,65;54,30;52,47;47,65
25,755;28,281;29,428;31,229;31,466;31,594;92,07;68,77;69,02;54,30;53,87;53,55
25,474;27,918;29,116;30,421;31,239;31,477;94,52;76,97;65,47;61,40;52,47;51,00
25,273;27,769;29,2;31,886;30,802;31,479;94,85;73,85;68,72;55,70;57,80;54,67
25,349;27,584;28,746;32,856;30,846;31,294;92,37;74,12;68,15;54,30;56,10;57,80
25,345;27,549;28,681;31,043;30,915;31,542;94,85;79,85;69,32;57,12;55,55;57,52
25,206;27,52;28,279;31,276;30,17;31,245;93,92;73,27;72,92;57,42;62,05;56,67
25,179;27,163;28,075;29,857;30,157;31,002;94,85;77,27;74,15;63,42;60,62;57,52
25,022;26,908;27,893;29,056;29,43;30,445;95,47;78,42;74,45;67,47;64,35;60,37
24,971;26,632;27,524;28,782;28,98;30,036;95,15;81,87;76,57;69,82;68,07;63,57
24,864;26,422;27,318;28,336;28,548;29,556;96,07;81,87;76,87;72,17;66,92;64,45
24,773;26,312;26,838;28,805;28,579;29,439;95,47;80,72;78,70;68,07;65,20;62,70
24,702;26,063;26,724;28,229;28,402;29,232;96,07;81,00;78,10;69,52;68,07;64,72
24,572;25,781;26,249;27,794;28,001;28,943;97,65;85,65;82,07;72,17;69,52;64,72
24,488;25,632;26,023;27,365;27,837;28,483;97,32;85,07;83,00;74,22;70,10;67,95
24,358;25,451;25,829;27,044;27,875;28,129;98,27;84,77;82,70;75,12;68,07;67,65
24,313;25,238;25,639;26,632;27,284;27,887;97,32;84,77;83,30;77,50;74,20;69,40
24,239;25,138;25,313;26,613;26,994;27,655;98,27;86,82;86,10;76,30;72,15;68,82
24,142;24,881;25,154;26,273;26,829;27,101;98,27;87,70;86,72;78,70;72,72;71,77
24,079;24,805;25,005;26,342;26,589;27,001;98,27;88,30;87,97;76,30;73,90;71,77
23,985;24,708;24,933;26,407;26,465;26,73;98,57;88,60;89,22;75,42;74,20;73,25
23,958;24,534;24,829;26,058;26,046;26,456;98,57;89,47;88,60;76,90;76,55;74,75
23,884;24,472;24,837;25,67;25,841;26,31;99,20;90,35;87,02;79,27;77,72;75,35
23,734;24,626;25,279;25,931;26,081;26,243;98,90;86,52;83,62;77,50;75,37;74,75
23,66;24,77;25,126;25,962;26,003;26,232;100,00;86,25;84,55;76,90;75,95;74,15
23,609;24,7;25,085;25,68;26,126;26,267;98,57;85,65;83,92;79,27;74,50;73,85
23,555;24,714;24,946;25,612;25,589;26,086;99,20;85,37;85,17;78,70;78,32;74,75
23,511;24,434;24,972;25,301;25,193;25,519;99,52;87,70;84,55;80,77;80,70;79,25
23,537;24,584;25,085;25,186;25,132;25,323;98,27;86,25;83,62;81,37;81,00;79,85
23,604;24,678;24,79;25,154;25,531;25,537;97,32;85,07;85,80;81,07;77,15;77,45
23,595;24,517;24,841;25,034;24,993;25,394;96,70;85,95;83,92;81,37;81,30;78,35
23,504;24,573;24,626;24,87;24,776;25,253;98,27;85,37;85,80;81,97;82,50;78,65
23,415;24,352;24,438;24,649;24,939;25,183;97,32;86,52;87,35;83,80;79,80;79,25
23,447;24,237;24,522;24,637;25,068;24,957;97,02;86,52;85,80;83,20;78,62;80,15
23,391;24,262;24,395;24,646;24,763;24,933;97,65;86,25;87,02;82,87;80,40;80,45
23,328;24,162;24,204;24,364;24,594;24,879;97,95;86,82;87,97;84,70;81,60;79,25
23,265;23,999;24,126;24,34;24,299;24,693;97,65;87,70;87,65;84,70;83,97;80,45
23,22;23,866;24,15;24,382;24,426;24,52;98,27;88,60;87,02;84,40;82,50;82,57
23,169;23,856;23,999;24,399;24,281;24,687;98,27;88,30;88,27;83,20;83,67;80,15
23,146;23,806;23,863;24,025;24,068;24,478;97,65;88,30;89,22;86,52;84,57;81,35
23,137;23,699;23,945;23,997;24,259;24,402;97,32;88,87;87,35;85,30;82,20;81,05
23,076;23,669;23,88;24,186;24,106;24,481;98,27;88,30;87,65;83,50;83,67;80,45
22,962;23,492;23,651;23,958;24,101;24,623;98,90;90,05;89,52;85,30;83,37;78,95
22,941;23,391;23,504;23,994;24,04;24,866;98,90;90,65;90,77;83,80;83,67;78,95
22,941;23,32;23,481;23,789;23,919;24,163;98,27;91,25;89,85;85,60;83,67;82,27
22,917;23,241;23,472;23,899;23,984;24,262;98,57;90,65;88,90;84,40;83,07;81,65
22,86;23,17;23,331;23,826;23,892;24,873;98,90;92,12;90,47;84,70;83,97;77,45
22,829;23,1;23,284;23,886;23,829;24,313;97,95;90,95;90,77;84,40;83,97;81,05
22,803;23,103;23,281;23,896;23,934;24,028;98,57;91,82;90,77;83,50;82,20;81,97
22,785;23,05;23,224;23,851;23,616;24,009;99,20;91,55;89,85;83,50;84,87;82,27
22,73;23,019;23,257;23,589;23,616;23,765;97,95;90,35;89,52;85,60;84,57;83,47
22,715;22,965;23,268;23,437;23,516;23,55;97,95;90,95;89,52;86,22;84,87;85,00
22,679;22,935;23,146;23,46;23,498;23,824;97,65;90,65;90,15;85,90;84,57;82,87
22,637;22,946;23,154;23,501;23,577;23,77;98,57;90,95;91,42;85,30;83,67;82,57
22,54;22,657;22,865;23,35;23,517;23,755;100,00;95,40;93,00;86,22;85,17;82,87
22,518;22,587;22,748;23,209;23,447;23,561;100,00;96,30;94,57;87,42;84,27;83,80
22,507;22,67;22,769;23,274;23,362;23,601;100,00;95,10;94,57;86,22;85,47;82,27
22,472;22,473;22,561;23,302;23,553;23,517;100,00;97,20;96,80;86,22;82,77;83,17
22,425;22,349;22,385;22,989;23,218;23,48;99,52;97,20;96,80;87,42;86,10;84,40
22,357;22,273;22,372;22,88;22,976;23,223;99,52;97,20;96,80;88,65;87,30;86,55
22,366;22,243;22,313;22,847;23,059;23,187;100,00;97,50;98,07;89,87;86,70;86,55
22,288;22,23;22,272;22,673;23,193;23,338;100,00;96,90;97,10;90,77;85,47;84,10
22,287;22,194;22,218;22,854;23,013;23,119;100,00;97,80;98,07;88,65;86,70;86,22
22,246;22,16;22,172;22,847;22,974;23,163;100,00;97,20;97,42;88,65;87,30;85,62
22,206;22,084;22,37;22,652;23,094;23,074;100,00;96,60;95,52;90,17;86,40;85,92
22,176;22,105;22,269;22,947;23,044;23,468;100,00;98,10;97,10;88,65;86,70;85,32
22,193;22,011;22,099;22,845;22,839;23,089;100,00;98,10;97,75;88,35;88,20;85,92
22,121;21,954;22,084;22,579;22,733;23,047;100,00;97,80;96,80;90,47;88,20;85,62
22,1;21,986;22,155;22,566;22,881;22,961;100,00;97,80;96,80;91,10;86,40;87,45
22,079;21,987;22,048;22,7;22,775;23,083;100,00;98,40;97,75;89,25;88,20;85,92
22,084;21,945;22,045;22,889;22,877;23,098;100,00;97,50;98,37;87,72;87,30;85,62
22,069;21,924;21,999;22,575;22,926;23,148;100,00;98,40;98,07;91,10;87,60;85,00
22,084;21,863;21,908;22,364;22,757;22,883;100,00;97,80;97,75;92,02;88,20;87,45
22,045;21,899;21,987;22,555;22,808;22,92;100,00;98,10;98,37;90,47;87,60;87,15
22,021;22;22,111;22,657;23,01;23,016;100,00;97,50;97,75;89,87;86,10;85,92
22,054;21,945;21,991;22,605;22,845;23,034;100,00;98,10;98,37;91,10;88,20;87,77
22,057;21,98;22,035;22,491;22,788;23,002;100,00;98,70;98,07;91,70;88,80;87,15
22,091;22;22,021;22,518;22,893;22,896;100,00;98,10;99,02;92,02;86,70;88,07
22,124;21,963;22,136;22,591;22,923;22,983;100,00;98,40;98,37;90,47;87,00;87,45
22,087;22,011;22,072;22,666;23,002;23,046;100,00;99,00;98,07;90,47;87,60;87,45
22,127;21,991;22,042;22,495;22,79;23,107;100,00;99,00;97,75;92,32;89,42;87,77
22,099;22;22,073;22,579;22,85;23,01;100,00;98,70;99,02;91,40;88,80;87,77
22,127;21,986;22,072;22,484;22,791;23,046;100,00;98,40;97,10;92,62;88,80;87,77
22,155;22;22,102;22,591;22,648;22,971;100,00;98,10;97,10;91,40;91,85;88,07
22,12;21,962;22,123;22,275;22,44;22,503;100,00;97,50;98,37;93,55;91,55;91,15
22,047;21,957;21,988;22,221;22,301;22,484;99,82;98,70;99,02;94,17;92,15;91,77
22,078;21,913;22,039;22,136;22,3;22,44;100,00;98,40;98,70;94,47;92,77;92,10
22,009;21,954;22,005;22,26;22,489;22,533;100,00;98,40;98,70;93,85;92,15;91,47
22,041;21,877;21,874;22,206;22,379;22,579;100,00;98,70;99,35;94,77;92,77;91,77
21,978;21,869;22,281;22,181;22,622;22,476;100,00;98,70;97,75;95,72;90,32;92,10
21,948;21,872;21,908;22,354;22,485;22,751;100,00;99,00;99,67;94,77;92,45;89,92
21,99;21,77;21,853;22,161;22,472;22,64;100,00;99,30;99,97;95,40;91,85;90,85
21,91;21,777;21,807;22,281;22,412;22,53;100,00;99,90;100,00;94,47;91,85;90,85
21,927;21,741;21,777;22,082;22,418;22,563;100,00;99,60;100,00;96,02;91,85;91,15
21,911;21,706;21,765;22,131;22,372;22,545;100,00;100,00;100,00;95,10;92,15;90,85
21,896;21,706;21,713;22,233;22,258;22,501;100,00;99,60;100,00;94,17;92,77;91,47
21,85;21,7;21,721;22,053;22,331;22,454;100,00;100,00;100,00;95,10;91,85;91,15
21,878;21,615;21,667;21,991;22,424;22,531;100,00;99,30;100,00;96,65;90,92;90,22
21,823;21,63;21,746;22,051;22,491;22,348;100,00;99,60;100,00;94,77;90,62;92,10
21,825;21,639;21,636;22,041;22,276;22,407;100,00;100,00;100,00;95,72;92,15;91,47
21,849;21,557;21,594;22,032;22,304;22,478;100,00;99,30;100,00;95,10;91,85;90,85
21,826;21,574;21,568;21,889;22,23;22,251;100,00;99,90;100,00;96,95;92,45;92,70
21,819;21,628;21,594;22,042;22,245;22,295;100,00;100,00;100,00;95,10;92,45;92,10
21,805;21,612;21,602;21,996;22,254;22,31;100,00;99,90;100,00;95,72;92,45;92,10
21,825;21,603;21,692;21,99;22,12;22,288;100,00;99,30;100,00;95,40;93,37;92,40
21,847;21,603;21,588;21,932;22,058;22,255;100,00;99,90;100,00;96,32;94,00;92,70
21,826;21,59;21,692;21,744;21,959;22,167;100,00;99,30;99,97;97,57;94,60;93,32
21,837;21,627;21,617;21,865;21,993;22,17;100,00;99,60;100,00;96,02;95,22;93,02
21,825;21,599;21,504;21,721;21,875;22,054;100,00;99,60;100,00;97,87;95,82;94,57
21,838;21,49;21,502;21,596;21,545;21,753;100,00;99,90;100,00;98,50;98,30;96,77
21,791;21,48;21,575;21,47;21,478;21,493;100,00;99,90;100,00;99,45;98,60;98,97
21,789;21,542;21,681;21,631;21,655;21,712;100,00;99,60;99,67;97,87;97,07;97,07
21,792;21,759;21,795;21,779;21,933;21,789;100,00;97,80;100,00;96,65;94,90;96,45
21,767;21,636;21,648;21,685;21,661;21,801;100,00;100,00;99,97;97,87;97,07;96,77
21,813;21,529;21,489;21,7;21,614;21,831;100,00;100,00;100,00;97,87;97,67;96,45
21,761;21,477;21,547;21,492;21,566;21,661;100,00;100,00;100,00;99,12;97,67;97,07
21,694;21,487;21,418;21,535;21,62;21,838;100,00;100,00;100,00;98,82;97,67;95,82
21,704;21,372;21,372;21,331;21,419;21,683;100,00;100,00;100,00;100,00;98,92;97,40
21,678;21,394;21,345;21,504;21,602;21,689;100,00;100,00;100,00;98,50;98,00;96,77
21,698;21,317;21,378;21,324;21,379;21,492;100,00;100,00;100,00;100,00;99,22;98,97
21,691;21,331;21,317;21,519;21,475;21,554;100,00;100,00;100,00;98,50;98,92;98,02
21,66;21,287;21,312;21,357;21,4;21,403;100,00;100,00;100,00;100,00;98,92;99,27
21,582;21,392;21,343;21,232;21,297;21,361;100,00;100,00;100,00;100,00;99,55;99,60
21,554;21,407;21,406;21,407;21,464;21,527;100,00;100,00;100,00;99,75;98,60;98,65
21,694;21,391;21,324;21,455;21,321;21,559;100,00;100,00;100,00;99,45;99,85;98,35
21,63;21,315;21,372;21,358;21,465;21,435;100,00;100,00;100,00;99,75;98,60;98,97
21,597;21,354;21,339;21,337;21,336;21,424;100,00;100,00;100,00;100,00;99,55;99,27
21,53;21,361;21,323;21,349;21,462;21,609;100,00;100,00;100,00;100,00;98,60;97,70
21,571;21,337;21,238;21,375;21,372;21,553;100,00;100,00;100,00;99,75;99,22;98,35
21,576;21,225;21,275;21,223;21,373;21,545;100,00;100,00;100,00;100,00;99,22;98,02
21,602;21,244;21,199;21,272;21,247;21,502;100,00;100,00;100,00;100,00;100,00;98,65
21,556;21,194;21,259;21,192;21,297;21,229;100,00;100,00;100,00;100,00;99,55;100,00
21,496;21,285;21,317;21,296;21,477;21,468;100,00;100,00;100,00;100,00;98,30;98,65
21,532;21,309;21,229;21,213;21,268;21,391;100,00;100,00;100,00;100,00;99,85;99,27
21,553;21,25;21,274;21,216;21,238;21,352;100,00;100,00;100,00;100,00;100,00;99,92
21,532;21,351;21,366;21,324;21,499;21,511;100,00;100,00;100,00;100,00;98,00;98,02
21,602;21,284;21,214;21,348;21,222;21,545;100,00;100,00;100,00;100,00;100,00;98,65
21,657;21,242;21,248;21,242;21,208;21,308;100,00;100,00;100,00;100,00;100,00;99,92
21,657;21,268;21,204;21,271;21,231;21,357;100,00;100,00;100,00;100,00;100,00;99,92
21,627;21,277;21,345;21,152;21,198;21,159;100,00;100,00;100,00;100,00;100,00;100,00
21,388;21,113;21,24;21,291;21,082;21,285;100,00;100,00;100,00;100,00;100,00;100,00
21,339;21,068;21,075;21,198;20,973;21,177;100,00;100,00;100,00;100,00;100,00;100,00
21,452;21,059;21,014;21,002;20,857;20,918;100,00;100,00;100,00;100,00;100,00;100,00
21,385;21,06;20,998;20,945;20,853;20,9;100,00;100,00;100,00;100,00;100,00;100,00
21,462;21,069;21,033;20,961;20,891;20,983;100,00;100,00;100,00;100,00;100,00;100,00
21,358;21,078;21,094;20,964;20,896;20,946;100,00;100,00;100,00;100,00;100,00;100,00
21,392;21,18;21,128;21,091;21,059;21,026;100,00;100,00;100,00;100,00;100,00;100,00
21,478;21,244;21,162;21,097;21,02;21,03;100,00;100,00;100,00;100,00;100,00;100,00
21,398;21,198;21,176;21,048;20,986;21,004;100,00;100,00;100,00;100,00;100,00;100,00
21,426;21,254;21,168;21,036;21,014;20,995;100,00;100,00;100,00;100,00;100,00;100,00
21,606;21,299;21,25;21,057;21,044;21,041;100,00;100,00;100,00;100,00;100,00;100,00
21,464;21,256;21,207;21,059;21,051;21,029;100,00;100,00;100,00;100,00;100,00;100,00
21,496;21,354;21,24;21,097;21,05;21,047;100,00;100,00;100,00;100,00;100,00;100,00
21,481;21,277;21,173;21,082;21,042;21,028;100,00;100,00;100,00;100,00;100,00;100,00
21,502;21,247;21,211;21,045;21,038;21,002;100,00;100,00;100,00;100,00;100,00;100,00
21,495;21,37;21,251;21,036;21,03;21,01;100,00;100,00;100,00;100,00;100,00;100,00
21,562;21,312;21,247;21,119;21,122;21,106;100,00;100,00;100,00;100,00;100,00;100,00
21,508;21,336;21,269;21,146;21,062;21,054;100,00;100,00;100,00;100,00;100,00;100,00
21,553;21,415;21,317;21,183;21,133;21,115;100,00;100,00;100,00;100,00;100,00;100,00
21,523;21,369;21,268;21,158;21,116;21,118;100,00;100,00;100,00;100,00;100,00;100,00
21,578;21,346;21,3;21,154;21,186;21,103;100,00;100,00;100,00;100,00;100,00;100,00
21,563;21,406;21,345;21,213;21,186;21,145;100,00;100,00;100,00;100,00;100,00;100,00
21,606;21,432;21,351;21,213;21,177;21,154;100,00;100,00;100,00;100,00;100,00;100,00
21,596;21,41;21,345;21,248;21,201;21,205;100,00;100,00;100,00;100,00;100,00;100,00
21,568;21,413;21,352;21,216;21,238;21,186;100,00;100,00;100,00;100,00;100,00;100,00
21,581;21,446;21,352;21,24;21,238;21,188;100,00;100,00;100,00;100,00;100,00;100,00
21,562;21,416;21,324;21,248;21,211;21,242;100,00;100,00;100,00;100,00;100,00;100,00
21,511;21,395;21,348;21,235;21,216;21,205;100,00;100,00;100,00;100,00;100,00;100,00
21,585;21,407;21,357;21,248;21,22;21,205;100,00;100,00;100,00;100,00;100,00;100,00
21,544;21,473;21,373;21,253;21,202;21,192;100,00;100,00;100,00;100,00;100,00;100,00
21,553;21,4;21,386;21,262;21,204;21,229;100,00;100,00;100,00;100,00;100,00;100,00
21,597;21,418;21,364;21,28;21,216;21,198;100,00;100,00;100,00;100,00;100,00;100,00
21,618;21,429;21,389;21,251;21,182;21,173;100,00;100,00;100,00;100,00;100,00;100,00
21,654;21,437;21,297;21,207;21,177;21,174;100,00;100,00;100,00;100,00;100,00;100,00
21,618;21,418;21,315;21,232;21,199;21,177;100,00;100,00;100,00;100,00;100,00;100,00
21,686;21,388;21,311;21,208;21,159;21,161;100,00;100,00;100,00;100,00;100,00;100,00
21,584;21,49;21,299;21,213;21,171;21,149;100,00;100,00;100,00;100,00;100,00;100,00
21,63;21,378;21,281;21,186;21,182;21,148;100,00;100,00;100,00;100,00;100,00;100,00
21,571;21,459;21,288;21,182;21,17;21,146;100,00;100,00;100,00;100,00;100,00;100,00
21,52;21,441;21,329;21,229;21,271;21,198;100,00;100,00;100,00;100,00;100,00;100,00
21,535;21,559;21,375;21,288;21,287;21,192;100,00;100,00;100,00;100,00;100,00;100,00
21,599;21,41;21,352;21,3;21,323;21,22;100,00;100,00;100,00;100,00;100,00;100,00
21,627;21,557;21,47;21,274;21,389;21,339;100,00;100,00;100,00;100,00;100,00;100,00
21,725;21,52;21,524;21,363;21,386;21,401;100,00;100,00;100,00;100,00;100,00;100,00
21,686;21,527;21,468;21,375;21,331;21,331;100,00;100,00;100,00;100,00;100,00;100,00
21,749;21,602;21,489;21,403;21,388;21,306;100,00;100,00;100,00;100,00;100,00;100,00
21,697;21,581;21,621;21,422;21,459;21,397;100,00;100,00;100,00;100,00;100,00;100,00
21,826;21,791;21,837;21,522;21,612;21,569;100,00;100,00;100,00;100,00;100,00;100,00
21,855;21,98;21,948;21,678;21,893;21,913;100,00;100,00;100,00;100,00;100,00;100,00
21,911;22,063;21,921;21,889;22,072;22,194;100,00;100,00;100,00;100,00;100,00;100,00
22,063;22,084;22,081;21,921;22,184;22,029;100,00;100,00;100,00;100,00;100,00;100,00
22,103;22,155;22,03;21,93;22,081;22,24;100,00;100,00;100,00;100,00;100,00;100,00
22,142;22,236;22,123;22,033;22,266;22,284;100,00;100,00;100,00;100,00;100,00;100,00
22,002;21,916;21,802;22,131;22,069;22,084;100,00;100,00;100,00;100,00;100,00;100,00
21,919;21,874;21,78;21,673;21,987;21,795;100,00;100,00;100,00;100,00;100,00;100,00
21,994;21,892;21,96;21,663;21,791;21,753;100,00;100,00;100,00;100,00;100,00;100,00
22,057;21,954;21,99;21,825;22,2;21,993;100,00;100,00;100,00;100,00;100,00;100,00
22,047;21,975;22,064;22,175;22,205;22,085;100,00;100,00;100,00;100,00;100,00;100,00
22,166;22,151;22,103;22,216;22,602;22,398;100,00;100,00;100,00;100,00;100,00;100,00
22,345;22,321;22,239;22,419;22,922;22,669;100,00;100,00;100,00;100,00;100,00;100,00
22,415;22,416;22,33;22,394;22,856;22,779;100,00;100,00;100,00;100,00;100,00;100,00
22,372;22,315;22,287;22,546;23,035;22,845;100,00;100,00;100,00;100,00;100,00;100,00
22,258;22,33;22,451;22,433;22,83;22,699;100,00;100,00;100,00;100,00;100,00;100,00
22,221;22,298;22,181;22,83;23,109;22,781;100,00;100,00;100,00;100,00;100,00;100,00
22,199;22,279;22,179;22,697;23,001;22,959;100,00;100,00;100,00;100,00;100,00;100,00
22,152;22,579;22,684;22,681;23,214;23,083;100,00;100,00;100,00;100,00;100,00;100,00
22,203;22,507;22,184;22,881;22,965;22,793;100,00;100,00;100,00;100,00;100,00;100,00
22,106;22,318;22,284;22,467;22,853;22,622;100,00;100,00;100,00;100,00;100,00;100,00
22,199;22,403;22,173;22,613;22,799;22,621;100,00;100,00;100,00;100,00;100,00;100,00
22,14;22,331;22,163;22,313;22,622;22,489;100,00;100,00;100,00;100,00;100,00;100,00
22,118;22,322;22,258;22,346;22,47;22,455;100,00;100,00;100,00;100,00;100,00;100,00
22,199;22,228;22,21;22,307;22,361;22,431;100,00;100,00;100,00;100,00;100,00;100,00
22,205;22,143;22,105;22,167;22,06;22,316;100,00;100,00;100,00;100,00;100,00;100,00
22,179;22,139;22,152;22,112;22,16;22,129;100,00;100,00;100,00;100,00;100,00;100,00
22,179;22,194;22,197;22,097;22,061;22,118;100,00;100,00;100,00;100,00;100,00;100,00
22,23;22,242;22,267;22,114;22,079;22,082;100,00;100,00;100,00;100,00;100,00;100,00
22,26;22,322;22,2;22,045;22,061;21,963;100,00;100,00;100,00;100,00;100,00;100,00
22,225;22,185;22,173;22,056;22,105;22,094;100,00;100,00;100,00;100,00;100,00;100,00
22,236;22,27;22,267;22,157;22,14;22,109;100,00;100,00;100,00;100,00;100,00;100,00
22,249;22,307;22,23;22,157;22,106;22,1;100,00;100,00;100,00;100,00;100,00;100,00
22,191;22,115;21,999;21,96;21,88;21,893;100,00;100,00;100,00;100,00;100,00;100,00
22,185;22,045;21,776;21,892;21,749;21,829;100,00;100,00;100,00;100,00;100,00;100,00
22,213;21,838;21,82;21,66;21,685;21,692;100,00;100,00;100,00;100,00;100,00;100,00
22,139;21,954;21,899;21,753;21,816;21,804;100,00;100,00;100,00;100,00;100,00;100,00
22,406;22,175;22,012;21,983;22,023;21,993;100,00;100,00;100,00;100,00;100,00;100,00
22,56;22,276;22,188;22,075;22,163;22,044;100,00;100,00;100,00;100,00;100,00;100,00
22,543;22,563;22,327;22,446;22,481;22,497;100,00;100,00;100,00;100,00;100,00;100,00
22,354;22,575;22,36;22,409;22,409;22,334;100,00;100,00;100,00;100,00;100,00;100,00
22,392;22,898;22,625;22,612;22,567;22,646;100,00;99,30;100,00;100,00;100,00;94,57
22,527;23,067;22,91;22,608;22,741;22,781;100,00;98,70;100,00;100,00;100,00;90,22
22,549;23,167;23,082;22,88;22,938;23,25;100,00;98,40;100,00;100,00;100,00;89,62
22,546;23,29;23,157;23,068;23,071;23,69;100,00;90,65;99,97;100,00;100,00;86,85
22,489;23,513;23,869;23,169;23,203;23,966;100,00;88,30;92,05;100,00;100,00;82,27
22,364;23,97;23,952;23,767;23,821;24,124;100,00;85,95;87,35;100,00;100,00;82,87
23,148;24,112;24,252;24,252;24,555;24,753;100,00;82,75;86,40;100,00;99,85;78,65
22,436;24,881;24,945;24,376;25,497;24,975;100,00;80,15;79,00;100,00;93,67;77,75
22,379;25,078;25,077;24,957;25,389;25,397;100,00;80,15;77,47;99,75;78,02;75,35
22,509;25,632;25,461;25,33;25,942;25,645;100,00;77,55;74,75;80,47;75,37;73,55
22,569;25,911;25,74;25,228;25,827;25,69;100,00;73,85;75,05;78,40;74,50;73,85
22,609;26,014;25,639;25,566;25,817;25,859;100,00;73,57;73,55;76,60;73,60;72,95
22,434;25,93;25,879;25,047;25,67;25,505;100,00;72,72;73,22;79,87;74,50;74,15
22,788;26,06;26,319;25,485;26,051;25,781;100,00;74,70;71,12;73,92;71,57;72,07
22,624;26,21;26,06;24,986;25,933;25,841;100,00;71,02;72,62;75,70;72,72;71,47
22,721;26,186;26,475;25,136;26,14;25,962;100,00;72,72;71,12;78,97;72,72;71,47
22,922;26,701;27,209;25,679;26,578;26,389;100,00;70,45;69,32;76,90;70,40;70,00
23,603;28,153;28,059;26,126;27,107;27,025;100,00;66,80;67,55;76,00;67,22;68,82
23,648;28,156;27,901;26,375;27,301;27,18;100,00;65,70;67,25;73,05;67,50;67,65
23,767;27,97;27,694;26,413;27,351;27,475;100,00;67,65;70,22;74,52;68,07;67,95
23,856;27,7;27,918;26,39;27,577;27,9;100,00;66,52;66,65;71,57;65,77;65,30
23,719;28,006;28,156;27,462;27,822;27,928;100,00;64,02;63,70;71,27;64,35;65,30
23,835;28,193;28,475;27,584;28,115;28,107;100,00;63,75;63,70;71,00;62,32;64,45
23,943;28,651;29,338;27,727;28,489;28,276;100,00;62,92;62,22;68,07;62,32;63,57
24,234;29,11;28,796;28,09;28,416;28,383;100,00;61,55;62,80;66,60;62,62;63,57
24,259;28,774;28,776;28,264;28,774;28,593;100,00;61,00;62,80;68,95;60,92;61,55
24,549;28,834;29,056;28,337;28,628;29,006;100,00;62,65;63,10;68,65;61,77;63,57
24,511;28,861;29,021;28,367;28,879;28,941;100,00;62,37;63,10;67,20;60,35;61,25
24,823;29,189;29,618;28,813;29,045;28,897;100,00;62,65;60,47;62,85;59,77;62,40
24,892;29,236;29,701;28,977;29,129;29,164;100,00;60,45;59,30;61,97;60,05;60,97
24,91;29,399;29,666;29,143;29,374;29,268;100,00;57,17;59,87;59,12;56,95;57,80
24,998;29,65;29,741;29,399;29,596;29,369;100,00;58,52;60,17;60,27;58,65;59,22
25,065;29,868;29,98;29,498;29,614;29,603;99,82;60,17;59,30;60,85;58,92;60,10
25,098;29,789;29,817;29,561;29,517;29,452;100,00;56,90;58,72;57,97;57,22;58,95
25,212;29,731;29,848;29,77;29,595;29,84;93,92;57,72;57,85;57,97;57,80;57,80
25,331;29,924;30,069;29,988;29,859;29,731;96,40;57,45;56,40;57,97;56,40;58,37
25,43;30,053;30,327;30,001;29,848;30,213;95,77;56,07;55,82;56,85;56,40;56,37
25,322;30,12;30,368;30,378;30,148;30,287;90,52;56,35;57,27;55,42;55,82;55,80
25,322;30,004;30,362;30,156;30,072;30,074;92,37;56,07;56,97;55,15;55,82;56,37
25,407;30,157;30,394;30,506;30,029;30,356;95,47;56,35;56,67;55,15;55,55;56,37
25,4;30,218;30,304;30,236;30,09;30,539;98,27;57,97;55,82;56,55;55,55;55,25
25,337;29,674;30,276;30,981;30,117;30,686;94,22;59,90;56,40;54,30;55,82;54,67
25,488;29,255;30,458;30,396;30,524;30,104;99,52;71,30;56,97;55,15;55,00;56,10
25,214;29,358;30,402;30,844;30,277;30,344;100,00;64,57;59,00;54,30;55,00;55,25
25,048;28,752;30,376;31,399;30,923;30,859;100,00;76,42;57,27;53,45;54,15;55,25
25,118;28,654;30,178;32,179;31,025;30,635;100,00;79,27;64,27;53,72;53,32;56,67
25,116;29,257;30,481;32,218;30,864;30,706;100,00;61,82;57,55;56,27;54,70;55,52
24,987;28,535;29,633;30,798;31,18;30,635;100,00;79,85;75,35;54,57;54,15;55,25
24,954;28,272;29,61;30,574;30,441;31,203;100,00;77,55;70,82;60,55;56,10;54,95
24,993;28,223;30,522;30,282;30,492;30,674;100,00;80,72;70,82;58,55;56,95;57,52
25,156;27,791;28,946;30,822;30,555;31,006;100,00;83,32;78,70;55,70;56,95;56,10
25,161;27,666;28,835;29,696;30,625;31,427;100,00;83,62;77,17;71,00;57,52;60,37
25,103;27,479;28,538;29,699;30,154;31,067;100,00;84,50;80,85;71,27;65,77;63,27
25,024;27,469;28,588;29,609;30,348;30,725;100,00;85,07;81,45;71,57;62,05;63,27
25,086;27,448;28,482;29,816;29,793;30,728;100,00;85,07;81,77;70,70;69,52;65,30
25,112;27,504;28,566;29,825;29,895;30,01;100,00;83,90;80,85;70,40;67,22;69,12
25,145;27,562;27,982;30,048;30,285;30,537;100,00;84,50;83,92;67,20;71,57;65,30
24,998;27,106;27,506;29,154;29,312;29,703;100,00;87,12;86,72;70,40;70,40;68,82
24,825;26,7;26,923;28,392;28,733;29,219;100,00;89,47;89,22;80,77;72,45;73,85
24,726;26,359;27,115;27,475;28,529;28,629;100,00;90,35;88,27;85,00;74,50;75,65
24,728;26,678;27,354;28,309;29,325;29,266;100,00;89,17;87,35;79,27;72,15;73,85
24,811;26,92;27,306;28,568;29,186;29,707;100,00;88,00;87,35;81,37;73,32;72,07
24,761;26,556;26,826;28,084;28,226;29,08;100,00;89,77;89,52;81,07;80,10;73,55
24,702;26,207;26,624;27,484;27,845;28,29;100,00;90,95;90,15;82,87;76,25;75,95
24,563;26,031;26,75;28,342;28,315;28,675;100,00;90,05;89,52;79,87;74,77;72,95
24,523;26,17;27,365;27,833;28,351;28,598;100,00;90,35;85,47;77,80;73,32;72,95
24,49;26,197;27,155;28,358;28,716;28,533;100,00;90,95;87,35;76,00;71,85;73,55
24,451;26,046;27,192;28,276;28,533;28,709;100,00;89,77;87,02;76,00;71,27;72,67
24,385;26,172;27,616;28,023;27,946;28,306;100,00;90,35;82,70;73,35;74,77;74,45
24,29;26,075;27,455;28,179;27,492;27,967;100,00;90,35;83,30;75,12;76,25;75,65
24,363;25,986;27,382;27,777;27,448;27,828;100,00;90,65;82,70;76,60;75,67;76,85
24,437;26,286;27,334;27,714;27,73;27,666;100,00;89,17;84,55;77,50;75,67;75,95
24,354;25,783;26,752;27,971;27,781;27,786;100,00;91,82;88,27;74,22;74,20;75,05
24,275;25,668;26,353;28,192;27,57;27,939;100,00;90,35;87,02;74,82;78,62;75,35
24,237;25,604;26,098;27,036;27,118;27,719;100,00;89,77;88,27;80,17;76,85;76,85
24,172;25,253;25,697;26,721;27,113;27,483;100,00;91,55;90,77;80,17;78,02;77,15
24,056;25,086;25,336;26,223;26,607;27,092;100,00;91,55;91,72;85,90;79,50;79,25
24,009;25,022;25,455;25,856;26,115;26,599;100,00;93,62;92,35;88,05;81,90;80,75
23,993;24,91;25,313;25,954;25,93;26,364;100,00;94,80;90,77;84,70;82,77;81,05
23,94;24,936;25,491;25,68;25,633;25,833;100,00;93,92;88,27;83,80;83,37;83,47
23,857;25,1;25,535;25,5;25,429;25,575;100,00;88,87;87,02;85,30;84,57;84,40
23,783;25,018;25,305;25,471;25,531;25,319;100,00;90,95;88,60;84,40;83,37;85,32
23,678;24,863;25,066;25,296;25,589;25,749;100,00;90,65;89,85;85,90;82,50;81,35
23,595;24,613;24,902;25,078;25,168;25,45;100,00;91,82;89,85;86,52;84,87;84,10
23,607;24,599;24,823;25,012;24,797;24,919;100,00;90,95;89,52;85,60;86,10;86,22
23,576;24,561;24,605;24,694;24,491;24,69;100,00;89,77;91,10;87,42;88,50;87,77
23,51;24,352;24,452;24,419;24,508;24,463;100,00;90,95;91,72;89,25;88,20;88,37
23,437;24,242;24,242;24,517;24,57;24,726;100,00;91,55;92,67;88,35;87,60;86,55
23,34;24,031;24,089;24,255;24,414;24,669;100,00;92,72;93,30;89,87;87,90;88,07
23,293;23,994;24,126;24,209;24,304;24,289;100,00;92,42;92,35;89,25;87,90;88,70
23,232;23,91;23,964;24,185;24,047;24,035;100,00;92,72;93,62;89,57;90,02;90,55
23,185;23,824;23,844;24,129;24,215;24,159;100,00;93,62;94,25;89,25;88,50;88,70
23,178;23,746;23,898;23,957;23,911;23,991;100,00;93,92;93,62;90,17;90,62;89,62
23,154;23,749;23,785;24,025;24,186;24,292;100,00;93,32;94,25;90,77;89,42;88,70
23,056;23,633;23,684;23,806;23,686;23,922;100,00;93,92;94,57;91,70;91,55;90,85
23,061;23,6;23,785;23,674;23,696;23,654;100,00;93,62;93,92;91,40;90,62;91,15
23,019;23,556;23,705;23,809;24,005;23,862;100,00;94,20;95,20;91,10;88,80;90,55
22,974;23,398;23,462;23,976;23,788;23,951;100,00;96,00;96,47;89,25;90,02;88,70
22,916;23,212;23,322;23,465;23,484;23,583;100,00;97,20;96,80;92,92;92,15;91,77
22,899;23,116;23,301;23,38;24,079;23,52;100,00;98,10;96,80;93,55;88,20;92,70
22,878;23,113;23,2;23,672;23,729;24,463;100,00;97,20;97,75;91,70;90,92;85,92
22,853;23,043;23,242;23,404;23,719;23,82;100,00;97,80;97,10;92,62;89,42;89,62
22,826;23,026;23,112;23,45;23,457;23,671;100,00;98,10;97,42;92,32;91,55;90,55
22,83;22,952;22,992;23,364;23,329;23,547;100,00;99,00;99,35;92,92;92,77;91,47
22,803;22,892;22,917;23,206;23,229;23,416;100,00;99,30;98,70;94,17;93,07;92,70
22,742;22,817;22,935;23,121;23,263;23,308;100,00;99,60;98,37;94,47;92,45;92,70
22,706;22,796;22,883;23,188;22,999;23,409;100,00;99,30;98,07;93,25;94,30;92,40
22,675;22,764;23,034;23,041;23,038;23,107;100,00;98,70;95,82;94,17;93,37;93,32
22,643;22,791;22,886;23,226;23,523;23,462;100,00;99,30;98,07;92,32;90,02;90,55
22,616;22,682;22,688;23,109;23,134;24,005;100,00;100,00;99,67;93,55;93,37;86,85
22,555;22,573;22,612;22,824;22,956;23,085;100,00;100,00;99,97;95,72;94,30;93,02
22,531;22,542;22,576;22,869;23,004;23,248;100,00;100,00;100,00;95,10;93,67;91,15
22,461;22,487;22,588;22,974;23,022;23,163;100,00;100,00;99,97;94,47;93,67;93,02
22,506;22,476;22,506;22,845;23,014;23,089;100,00;100,00;100,00;95,40;93,37;93,95
22,461;22,437;22,527;22,733;22,985;22,959;100,00;100,00;100,00;97,27;93,37;93,65
22,488;22,439;22,41;22,82;22,884;23,023;100,00;100,00;100,00;95,10;94,30;93,95
22,439;22,433;22,416;22,633;22,794;22,952;100,00;100,00;100,00;96,95;94,90;94,27
22,412;22,394;22,41;22,675;22,875;23,529;100,00;100,00;100,00;96,95;94,60;88,70
22,446;22,509;22,51;22,769;23,741;23,259;100,00;99,60;100,00;95,72;87,90;91,15
22,431;22,391;22,436;22,705;22,89;23,038;100,00;100,00;100,00;96,02;94,30;93,32
22,375;22,366;22,449;22,576;22,922;22,934;100,00;100,00;100,00;97,27;93,67;93,65
22,389;22,367;22,445;22,827;22,842;23,08;100,00;100,00;100,00;95,72;94,60;93,32
22,376;22,391;22,451;22,845;23,323;23,175;100,00;100,00;100,00;95,10;90,32;92,10
22,376;22,391;22,428;22,675;23,589;23,504;100,00;100,00;100,00;96,02;89,10;88,70
22,379;22,389;22,412;22,844;23,067;23,519;100,00;100,00;100,00;94,77;93,07;88,70
22,357;22,306;22,281;22,736;23,46;23,874;100,00;100,00;100,00;96,32;90,02;87,15
22,258;22,187;22,282;22,4;22,785;23,028;100,00;100,00;100,00;97,87;94,90;93,02
22,288;22,243;22,276;22,717;22,862;23,163;100,00;100,00;100,00;96,02;94,30;93,32
22,306;22,221;22,322;22,421;22,738;22,892;100,00;100,00;100,00;97,57;94,90;93,65
22,278;22,222;22,2;22,733;22,646;22,874;100,00;100,00;100,00;95,72;95,22;93,95
22,27;22,131;22,191;22,276;22,711;22,627;100,00;100,00;100,00;98,50;94,60;95,20
22,257;22,16;22,081;22,513;22,616;23,753;100,00;100,00;100,00;96,95;96,15;86,22
22,206;22,085;22,103;22,364;22,866;22,884;100,00;100,00;100,00;97,87;93,07;93,32
22,228;22,053;22,036;22,252;22,442;23,149;100,00;100,00;100,00;98,50;96,75;93,02
22,191;22,082;22,134;22,46;23,017;22,884;100,00;100,00;100,00;96,65;91,85;93,95
22,129;22,05;22,133;22,304;22,676;22,751;100,00;100,00;100,00;97,87;94,60;93,95
22,142;22,035;22,014;22,545;22,696;23,567;100,00;100,00;100,00;97,27;95,52;89,00
22,127;21,997;22,073;22,494;22,616;23,468;100,00;100,00;100,00;96,32;95,22;90,22
22,12;21,984;22,318;22,364;22,518;23,001;100,00;100,00;99,67;96,95;95,22;90,85
22,19;22,073;22,067;22,397;22,558;22,814;100,00;100,00;100,00;96,95;95,52;93,95
22,121;21,996;21,966;22,252;22,676;22,799;100,00;100,00;100,00;97,87;94,00;94,27
22,054;21,954;22,115;22,258;23,389;22,714;100,00;100,00;100,00;97,87;89,10;93,95
22,085;21,947;21,914;22,36;22,616;23,253;100,00;100,00;100,00;97,27;95,82;89,30
22,108;21,828;21,901;23,035;22,732;23,845;100,00;100,00;100,00;92,02;95,52;85,92
22,066;21,91;22,038;22,345;22,676;23,139;100,00;100,00;100,00;97,27;94,30;90,22
22,082;21,999;22,105;22,336;22,521;22,794;100,00;100,00;100,00;97,27;95,52;92,70
22,087;21,893;21,99;22,31;22,313;22,527;100,00;100,00;100,00;97,27;96,45;94,57
22,039;21,859;21,889;22,239;22,208;22,306;100,00;100,00;100,00;97,57;97,07;96,77
22,035;21,859;21,825;22,1;22,16;22,249;100,00;100,00;100,00;98,50;97,07;96,77
21,991;21,862;21,953;22,036;22,163;22,123;100,00;100,00;100,00;98,50;97,37;97,70
21,988;21,852;21,838;22,021;22,088;22,131;100,00;100,00;100,00;99,12;98,00;97,07
21,988;21,826;21,773;22,273;22,581;23,425;100,00;100,00;100,00;97,87;95,82;87,45
21,944;21,715;21,849;21,893;22,06;22,273;100,00;100,00;100,00;100,00;98,30;97,40
21,935;21,765;21,801;21,994;22,106;22,285;100,00;100,00;100,00;99,45;97,67;96,45
21,996;21,703;21,799;22,015;22,039;22,325;100,00;100,00;100,00;98,82;99,22;95,82
21,874;21,776;22,048;21,975;22,073;22,184;100,00;100,00;100,00;99,75;97,37;97,40
21,933;21,794;21,765;21,919;22,021;22,208;100,00;100,00;100,00;99,45;98,30;97,07
21,92;21,77;21,785;21,852;22,047;22,357;100,00;100,00;100,00;99,75;98,30;93,95
21,087;20,879;20,708;20,706;20,669;20,693;100,00;100,00;100,00;100,00;100,00;100,00
21,167;20,736;20,736;20,678;20,613;20,678;100,00;100,00;100,00;100,00;100,00;100,00
21,062;20,712;20,68;20,62;20,549;20,598;100,00;100,00;100,00;100,00;100,00;100,00
21,105;20,715;20,706;20,594;20,552;20,603;100,00;100,00;100,00;100,00;100,00;100,00
20,988;20,847;20,734;20,634;20,606;20,613;100,00;100,00;100,00;100,00;100,00;100,00
21,109;20,706;20,635;20,591;20,549;20,586;100,00;100,00;100,00;100,00;100,00;100,00
21,025;20,649;20,65;20,549;20,575;20,549;100,00;100,00;100,00;100,00;100,00;100,00
21,065;20,792;20,7;20,564;20,498;20,542;100,00;100,00;100,00;100,00;100,00;100,00
20,99;20,779;20,632;20,526;20,474;20,527;100,00;100,00;100,00;100,00;100,00;100,00
20,943;20,694;20,619;20,53;20,518;20,521;100,00;100,00;100,00;100,00;100,00;100,00
21,025;20,585;20,585;20,515;20,478;20,489;100,00;100,00;100,00;100,00;100,00;100,00
20,962;20,594;20,582;20,514;20,58;20,49;100,00;100,00;100,00;100,00;100,00;100,00
20,891;20,725;20,567;20,498;20,422;20,492;100,00;100,00;100,00;100,00;100,00;100,00
21,044;20,566;20,517;20,467;20,443;20,427;100,00;100,00;100,00;100,00;100,00;100,00
21,014;20,554;20,586;20,45;20,467;20,447;100,00;100,00;100,00;100,00;100,00;100,00
21,016;20,583;20,585;20,496;20,455;20,462;100,00;100,00;100,00;100,00;100,00;100,00
20,927;20,666;20,638;20,496;20,495;20,461;100,00;100,00;100,00;100,00;100,00;100,00
21,011;20,736;20,678;20,541;20,589;20,545;100,00;100,00;100,00;100,00;100,00;100,00
20,906;20,712;20,616;20,589;20,564;20,549;100,00;100,00;100,00;100,00;100,00;100,00
21,026;20,623;20,586;20,578;20,569;20,634;100,00;100,00;100,00;100,00;100,00;100,00
20,913;20,751;20,644;20,527;20,52;20,551;100,00;100,00;100,00;100,00;100,00;100,00
20,952;20,708;20,58;20,502;20,495;20,532;100,00;100,00;100,00;100,00;100,00;100,00
20,955;20,566;20,544;20,505;20,492;20,498;100,00;100,00;100,00;100,00;100,00;100,00
20,971;20,566;20,523;20,504;20,515;20,526;100,00;100,00;100,00;100,00;100,00;100,00
20,859;20,669;20,535;20,456;20,405;20,444;100,00;100,00;100,00;100,00;100,00;100,00
20,976;20,561;20,495;20,483;20,468;20,521;100,00;100,00;100,00;100,00;100,00;100,00
21,004;20,644;20,493;20,419;20,402;20,409;100,00;100,00;100,00;100,00;100,00;100,00
20,876;20,552;20,535;20,421;20,434;20,453;100,00;100,00;100,00;100,00;100,00;100,00
21,028;20,601;20,518;20,468;20,455;20,443;100,00;100,00;100,00;100,00;100,00;100,00
20,918;20,588;20,511;20,436;20,41;20,422;100,00;100,00;100,00;100,00;100,00;100,00
20,881;20,53;20,52;20,419;20,396;20,371;100,00;100,00;100,00;100,00;100,00;100,00
20,868;20,512;20,505;20,419;20,374;20,374;100,00;100,00;100,00;100,00;100,00;100,00
20,915;20,572;20,542;20,422;20,39;20,453;100,00;100,00;100,00;100,00;100,00;100,00
20,903;20,628;20,616;20,452;20,433;20,437;100,00;100,00;100,00;100,00;100,00;100,00
20,884;20,68;20,65;20,496;20,464;20,452;100,00;100,00;100,00;100,00;100,00;100,00
20,976;20,767;20,606;20,512;20,449;20,453;100,00;100,00;100,00;100,00;100,00;100,00
20,976;20,622;20,595;20,507;20,434;20,418;100,00;100,00;100,00;100,00;100,00;100,00
20,982;20,595;20,585;20,507;20,496;20,452;100,00;100,00;100,00;100,00;100,00;100,00
20,885;20,529;20,542;20,563;20,464;20,461;100,00;100,00;100,00;100,00;100,00;100,00
20,915;20,582;20,541;20,471;20,427;20,381;100,00;100,00;100,00;100,00;100,00;100,00
20,918;20,643;20,512;20,449;20,4;20,406;100,00;100,00;100,00;100,00;100,00;100,00
20,999;20,499;20,483;20,434;20,385;20,385;100,00;100,00;100,00;100,00;100,00;100,00
20,9;20,518;20,514;20,402;20,353;20,329;100,00;100,00;100,00;100,00;100,00;100,00
20,952;20,526;20,48;20,405;20,362;20,345;100,00;100,00;100,00;100,00;100,00;100,00
20,89;20,499;20,486;20,387;20,374;20,353;100,00;100,00;100,00;100,00;100,00;100,00
20,908;20,502;20,496;20,434;20,394;20,371;100,00;100,00;100,00;100,00;100,00;100,00
20,961;20,517;20,52;20,437;20,375;20,36;100,00;100,00;100,00;100,00;100,00;100,00
20,847;20,572;20,563;20,421;20,387;20,343;100,00;100,00;100,00;100,00;100,00;100,00
20,903;20,714;20,597;20,446;20,456;20,402;100,00;100,00;100,00;100,00;100,00;100,00
20,887;20,628;20,521;20,468;20,433;20,452;100,00;100,00;100,00;100,00;100,00;100,00
20,73;20,607;20,524;20,437;20,382;20,397;100,00;100,00;100,00;100,00;100,00;100,00
20,946;20,649;20,526;20,418;20,415;20,4;100,00;100,00;100,00;100,00;100,00;100,00
20,82;20,638;20,526;20,447;20,422;20,436;100,00;100,00;100,00;100,00;100,00;100,00
20,814;20,643;20,504;20,442;20,496;20,49;100,00;100,00;100,00;100,00;100,00;100,00
20,77;20,644;20,52;20,464;20,424;20,433;100,00;100,00;100,00;100,00;100,00;100,00
20,838;20,663;20,517;20,439;20,418;20,369;100,00;100,00;100,00;100,00;100,00;100,00
20,82;20,594;20,595;20,498;20,478;20,471;100,00;100,00;100,00;100,00;100,00;100,00
20,826;20,637;20,579;20,484;20,456;20,446;100,00;100,00;100,00;100,00;100,00;100,00
20,801;20,659;20,582;20,498;20,496;20,471;100,00;100,00;100,00;100,00;100,00;100,00
20,906;20,567;20,545;20,434;20,372;20,433;100,00;100,00;100,00;100,00;100,00;100,00
20,796;20,632;20,533;20,397;20,422;20,371;100,00;100,00;100,00;100,00;100,00;100,00
20,847;20,598;20,557;20,465;20,434;20,385;100,00;100,00;100,00;100,00;100,00;100,00
20,808;20,597;20,603;20,512;20,529;20,473;100,00;100,00;100,00;100,00;100,00;100,00
20,81;20,643;20,554;20,548;20,532;20,64;100,00;100,00;100,00;100,00;100,00;100,00
20,908;20,566;20,412;20,473;20,419;20,554;100,00;100,00;100,00;100,00;100,00;100,00
20,794;20,43;20,413;20,35;20,323;20,371;100,00;100,00;100,00;100,00;100,00;100,00
20,823;20,45;20,443;20,348;20,393;20,351;100,00;100,00;100,00;100,00;100,00;100,00
20,9;20,453;20,365;20,353;20,272;20,329;100,00;100,00;100,00;100,00;100,00;100,00
20,785;20,434;20,353;20,266;20,214;20,214;100,00;100,00;100,00;100,00;100,00;100,00
20,62;20,397;20,403;20,236;20,245;20,227;100,00;100,00;100,00;100,00;100,00;100,00
20,808;20,455;20,427;20,331;20,3;20,31;100,00;100,00;100,00;100,00;100,00;100,00
20,848;20,396;20,341;20,338;20,282;20,289;100,00;100,00;100,00;100,00;100,00;100,00
20,802;20,344;20,328;20,273;20,227;20,202;100,00;100,00;100,00;100,00;100,00;100,00
20,816;20,356;20,413;20,303;20,374;20,278;100,00;100,00;100,00;100,00;100,00;100,00
20,838;20,422;20,416;20,369;20,421;20,416;100,00;100,00;100,00;100,00;100,00;100,00
20,804;20,4;20,292;20,34;20,235;20,314;100,00;100,00;100,00;100,00;100,00;100,00
20,802;20,35;20,314;20,23;20,18;20,192;100,00;100,00;100,00;100,00;100,00;100,00
20,804;20,35;20,323;20,223;20,186;20,202;100,00;100,00;100,00;100,00;100,00;100,00
20,722;20,468;20,362;20,254;20,244;20,252;100,00;100,00;100,00;100,00;100,00;100,00
20,823;20,357;20,313;20,285;20,27;20,306;100,00;100,00;100,00;100,00;100,00;100,00
20,759;20,403;20,424;20,332;20,353;20,345;100,00;100,00;100,00;100,00;100,00;100,00
20,856;20,499;20,476;20,43;20,484;20,492;100,00;100,00;100,00;100,00;100,00;100,00
20,913;20,567;20,521;20,512;20,546;20,495;100,00;100,00;100,00;100,00;100,00;100,00
20,844;20,666;20,595;20,61;20,709;20,644;100,00;100,00;100,00;100,00;100,00;100,00
20,841;20,802;20,768;20,733;20,887;20,909;100,00;100,00;100,00;100,00;100,00;100,00
20,912;20,909;20,866;20,771;20,825;21,039;100,00;100,00;100,00;100,00;100,00;100,00
20,97;20,973;20,925;20,776;20,905;20,927;100,00;100,00;100,00;100,00;100,00;100,00
21,063;21,002;20,979;20,854;20,962;21,188;100,00;100,00;100,00;100,00;100,00;100,00
21,032;21,068;20,976;20,903;20,993;21,173;100,00;100,00;100,00;100,00;100,00;100,00
21,103;21,118;21,054;21,017;21,085;21,234;100,00;100,00;100,00;100,00;100,00;100,00
21,186;21,119;21,131;21,134;21,177;21,277;100,00;100,00;100,00;100,00;100,00;100,00
21,097;21,182;21,182;21,231;21,299;21,455;100,00;100,00;100,00;100,00;100,00;100,00
21,17;21,204;21,271;21,294;21,437;21,67;100,00;100,00;100,00;100,00;100,00;100,00
21,323;21,274;21,202;21,309;21,444;21,785;100,00;100,00;100,00;100,00;100,00;99,27
21,349;21,501;21,329;21,386;21,544;21,905;100,00;100,00;100,00;100,00;99,55;98,35
21,449;21,354;21,425;21,556;21,727;22,002;100,00;100,00;100,00;100,00;100,00;99,27
21,486;21,522;21,422;21,649;22,018;22,194;100,00;100,00;100,00;99,45;98,30;96,45
21,559;21,648;21,75;21,875;22,129;22,53;100,00;100,00;100,00;99,12;98,92;95,82
21,664;21,938;21,926;21,93;22,279;22,848;100,00;100,00;100,00;100,00;97,67;95,20
21,692;22,102;22,015;21,933;22,158;22,886;100,00;100,00;100,00;99,75;96,75;94,27
21,747;22,199;22,106;21,863;22,275;22,844;100,00;100,00;100,00;99,75;96,75;94,57
21,82;22,309;22,158;21,975;22,276;22,911;100,00;100,00;100,00;99,12;95,82;93,65
21,929;22,373;22,003;22,146;22,69;23,274;100,00;100,00;100,00;97,57;94,00;90,85
22,047;22,142;22,23;22,702;23,053;24,044;100,00;100,00;100,00;95,72;95,22;86,85
22,047;22,416;22,455;22,694;23,295;23,374;100,00;100,00;100,00;96,02;94,90;92,40
22,14;22,599;22,572;22,947;23,398;23,505;100,00;100,00;100,00;95,10;94,00;91,47
22,117;22,354;22,504;22,947;23,292;23,486;100,00;100,00;100,00;96,65;94,60;92,40
22,179;22,479;22,573;22,776;22,97;23,137;100,00;100,00;100,00;97,27;97,07;93,65
22,021;22,549;22,616;22,907;23,316;23,188;100,00;100,00;100,00;96,65;94,60;93,02
22,072;22,548;22,69;23,017;23,486;23,808;100,00;100,00;100,00;97,27;95,22;92,10
22,222;22,569;22,844;23,068;23,955;23,92;100,00;100,00;100,00;96,02;91,25;91,15
22,342;22,902;22,717;23,149;23,388;23,583;100,00;100,00;100,00;94,47;94,60;93,32
22,546;23,031;23,139;23,463;23,75;23,669;100,00;100,00;100,00;93,55;95,22;92,40
22,666;23,4;23,223;23,619;24,29;24,292;100,00;100,00;100,00;96,32;90,62;89,62
22,711;23,368;23,419;23,753;24,325;24,351;100,00;100,00;100,00;93,85;90,02;89,62
22,781;23,571;23,576;24,207;24,887;24,851;100,00;100,00;100,00;93,25;88,80;86,22
22,97;23,538;23,832;24,203;25,59;25,059;100,00;100,00;100,00;90,77;85,17;86,22
23,043;23,808;23,433;24,609;25,433;25,164;100,00;99,90;100,00;90,17;86,40;84,70
22,988;23,565;24,484;24,775;25,81;25,33;100,00;100,00;97,10;88,65;82,77;85,00
23,196;23,723;23,934;24,772;26,207;25,543;100,00;100,00;97,10;88,65;80,10;83,17
23,392;24,165;24,398;25,068;27,172;25,965;100,00;99,90;94,57;86,52;75,95;79,85
23,472;24,234;23,984;25,228;26,003;25,91;100,00;96,90;96,80;84,10;81,00;81,65
23,427;24,237;24,72;24,825;26,356;25,584;100,00;99,90;95,20;88,65;82,20;81,05
23,63;24,901;24,485;25,927;26,22;26,547;100,00;100,00;93,62;86,22;80,10;76,85
23,765;24,588;25,048;25,363;26,309;26,039;100,00;99,90;96,80;84,40;83,37;81,05
23,863;24,681;25,348;25,979;26,891;26,178;100,00;93,92;90,77;85,00;78,02;79,85
24,091;24,961;26,083;26,23;26,723;26,332;100,00;94,80;91,42;81,37;77,72;79,55
24,142;25,202;25,862;26,281;26,841;26,655;100,00;95,70;90,47;82,27;77,72;77,75
23,949;24,585;25,792;26,273;26,814;26,292;100,00;90,05;83,30;81,37;77,72;78,65
24,129;24,7;25,57;26,183;26,306;26,987;100,00;97,20;88,60;85,00;78,62;77,45
24,056;24,622;25,673;26,086;26,336;26,372;100,00;96,00;83,92;82,87;79,50;78,65
24,281;25,298;26,507;26,055;27,574;26,281;100,00;94,50;80,85;82,87;78,32;81,65
24,454;25,548;26,959;26,359;28,046;26,837;100,00;94,80;79,00;81,97;73,02;78,35
24,513;25,317;26,88;26,636;28,117;26,828;100,00;94,50;79,62;81,07;73,32;76,55
24,514;25,208;27,103;26,869;27,893;27,403;100,00;86,82;77,17;79,57;74,20;76,85
25,042;25,474;26,963;27,185;28,571;26,945;100,00;87,42;79,00;77,50;73,02;75,65
25,919;25,896;26,993;27,439;28,568;27,845;100,00;89,77;79,32;76,30;73,60;74,15
25,986;25,913;27,138;27,52;29,2;27,626;100,00;90,35;75,95;74,82;70,40;73,55
25,22;26,361;27,248;27,987;28,971;27,833;100,00;89,47;76,87;73,05;68,95;71,77
25,162;25,867;27,282;28,15;28,275;27,822;100,00;90,05;76,27;71,87;71,27;72,07
25,252;26,282;27,43;28,425;28,914;28,164;100,00;89,17;77,77;70,10;69,82;70,30
25,342;26,444;27,371;28,254;28,739;28,301;100,00;83,32;79,92;71,87;70,40;69,40
25,331;27,055;27,82;28,65;29,249;28,835;100,00;87,12;74,15;70,10;66,35;67,65
25,768;26,942;27,747;28,79;29,49;28,785;100,00;86,82;75,05;70,10;66,92;67,35
25,954;26,877;28,212;29,19;29,028;29,838;100,00;86,25;72,32;68,35;66,62;65,90
26,264;27,781;28,559;29,365;29,42;29,733;100,00;85,37;72,32;67,77;67,50;63,57
26,221;28,128;29,157;29,393;29,591;29,455;100,00;85,07;80,55;66,32;64,35;64,15
25,647;29,388;30,596;30,559;29,607;29,848;100,00;79,85;74,75;62,27;65,47;60,97
25,29;29,948;28,5;29,504;28,334;30,01;100,00;72,42;67,25;65,45;65,77;63,27
25,018;28,364;27,982;28,192;28,031;28,53;100,00;66,80;67,85;66,32;65,47;65,90
24,945;28,211;28,132;28,375;28,317;28,834;100,00;66,25;66,65;64,87;64,62;64,45
24,74;28,135;28,115;28,173;28,101;28,505;99,82;65,42;66,05;64,57;64,35;65,02
24,644;28,153;27,535;28,131;27,607;28,436;100,00;65,42;67,85;64,57;66,05;65,02
24,719;28,046;27,826;27,973;27,781;28,089;90,82;65,42;66,35;64,30;65,47;65,60
25,11;28,917;28,543;28,198;28,273;28,431;91,45;63,47;63,70;64,00;62,90;64,45
25,497;28,758;28;28,647;28,137;28,651;95,77;63,47;66,35;63,15;64,35;63,85
25,151;27,873;27,699;27,762;27,616;27,773;91,75;65,15;66,05;64,30;64,62;65,02
25,077;27,73;27,705;27,523;27,734;27,688;91,45;64,30;66,35;64,87;63,77;64,45
25,053;27,833;27,875;27,688;27,72;27,731;92,67;64,57;66,05;64,87;64,90;65,30
24,998;28,025;27,794;27,879;27,791;27,833;94,52;65,15;66,95;65,15;64,62;65,60
24,796;27,607;27,403;27,537;27,366;27,43;92,07;66,80;67,85;66,02;66,05;66,77
24,854;27,427;27,428;27,437;27,295;27,388;93,00;66,80;68,15;66,32;66,05;66,77
24,503;27,332;27,282;27,585;27,354;27,315;95,77;68,20;68,72;66,32;66,35;67,07
24,366;27,284;27,095;27,219;27,098;27,237;95,47;68,50;69,92;67,20;68,07;68,22
24,245;27,024;26,985;27,03;26,928;26,976;96,07;70,17;69,92;68,65;68,65;69,12
24,216;27,022;26,934;27,072;26,892;26,982;96,07;70,45;71,42;68,65;69,52;69,40
24,387;26,936;26,888;26,789;26,723;26,695;93,92;69,90;71,42;70,10;69,82;70,87
24,57;27,234;27,524;27,216;27,397;27,055;93,92;69,60;68,45;69,22;66,35;69,40
24,694;27,542;27,385;27,632;27,16;27,448;95,77;66,52;69,02;66,32;68,65;66,77
25,091;27,636;27,602;27,425;27,469;27,535;94,22;67,10;68,15;67,20;66,35;68,52
25,229;27,831;27,691;27,812;27,254;27,574;92,67;67,92;67,85;66,32;66,62;67,35
25,763;27,535;27,643;27,814;27,414;27,688;85,35;66,25;68,15;65,75;66,62;66,17
25,566;27,753;27,476;27,573;27,54;27,566;92,07;67,10;69,02;67,20;66,05;67,35
25,813;27,719;27,961;27,914;27,598;27,514;85,95;66,52;67,55;66,32;66,35;67,65
25,516;28,135;27,85;28,09;27,78;27,777;94,52;66,25;66,65;65,75;65,77;66,77
25,74;28,129;27,783;28,256;27,682;27,809;85,95;64,02;66,95;64,00;65,47;65,30
25,945;27,987;28,051;27,957;27,719;27,716;84,12;65,42;67,25;64,57;65,77;67,35
25,725;27,989;28,283;27,817;27,658;27,946;91,15;66,80;66,35;66,02;65,47;66,17
25,763;28,253;28,159;28,092;28,112;28,315;85,65;64,87;65,77;65,15;63,77;64,45
25,578;28,502;28,33;28,156;28,031;28,204;93,60;63,75;65,47;63,42;64,05;64,45
25,476;28,565;28,289;28,193;28,075;28,381;96,07;63,47;65,17;63,72;63,20;63,85
25,694;28,425;28,592;28,131;28,176;28,339;89,60;64,02;64,87;64,00;64,05;64,45
25,499;28,366;28,408;28,392;28,154;28,95;96,40;64,87;65,47;64,00;64,90;63,27
25,674;28,366;28,297;28,279;28,057;28,408;92,37;64,57;65,77;64,87;64,62;65,30
25,627;28,326;28,35;28,378;28,073;28,362;88,37;64,57;65,77;64,30;64,62;64,45
25,295;28,222;28,126;28,29;28,262;28,167;98,57;71,57;66,65;65,15;64,62;65,60
25,088;27,925;28,486;28,461;28,145;28,457;97,65;75,55;68,45;64,87;64,90;65,60
24,913;27,323;28,272;28,714;28,175;28,592;99,52;79,85;67,25;64,30;66,35;65,90
24,776;27,254;28,408;29,081;28,229;28,588;100,00;80,72;69,32;64,00;65,47;65,02
24,717;26,903;27,85;28,98;28,502;28,463;100,00;83,02;78,10;64,30;65,47;65,60
24,661;26,569;27,343;28,521;28,5;28,621;100,00;84,20;80,85;66,90;65,77;65,90
24,616;26,436;27,179;28,43;28,344;28,763;100,00;85,37;83,30;67,77;67,50;65,02
24,659;26,353;27,035;28,092;28,383;28,905;100,00;86,82;83,92;69,22;69,52;66,17
24,629;26,272;26,86;27,711;28,414;28,854;100,00;86,52;84,85;76,90;75,37;69,12
24,584;26,256;26,743;27,63;28,073;28,651;100,00;86,82;85,80;79,57;76,55;74,75
24,508;25,985;26,581;27,355;27,696;28,225;100,00;88,60;87,02;81,37;78,92;76,55
24,485;25,896;26,447;27,205;27,425;27,713;100,00;89,47;88,27;79,87;77,72;76,25
24,467;25,696;26,37;27,375;27,535;27,806;100,00;90,35;88,60;82,57;80,10;76,55
24,419;25,609;26,289;27,084;27,487;28,009;100,00;91,25;88,90;82,87;75,95;77,15
24,396;25,557;26,137;27,163;27,219;27,734;100,00;91,25;90,15;79,57;79,50;76,55
24,319;25,541;26,149;27,11;27,188;27,366;100,00;91,25;89,85;81,07;79,50;79,85
24,339;25,488;26,091;26,902;26,789;27,158;100,00;91,55;91,42;81,37;80,70;79,25
24,346;25,471;25,977;27,182;27,131;27,148;100,00;91,82;90,77;81,67;79,20;80,75
24,343;25,58;26,003;27,014;27,282;27,271;100,00;90,95;91,10;81,97;78,92;79,25
24,355;25,506;25,898;26,905;27,265;27,458;100,00;91,82;92,05;82,57;78,62;77,45
24,363;25,362;25,69;26,524;26,774;27,118;100,00;92,42;92,67;84,10;81,90;81,05
24,305;25,215;25,456;26,123;26,256;26,817;100,00;93,92;93,62;88,35;87,60;84,40
24,192;25,161;25,298;25,775;26,175;26,541;100,00;93,92;94,57;89,25;86,10;83,17
24,106;24,911;25,04;25,574;25,697;25,983;100,00;95,10;95,82;89,87;88,50;88,07
24,022;24,75;24,937;25,519;25,563;25,72;100,00;96,30;97,10;90,77;88,80;88,70
23,943;24,587;24,899;25,482;25,593;25,769;100,00;97,50;96,80;90,47;88,50;87,45
23,902;24,484;24,826;25,412;25,43;25,739;100,00;98,10;96,80;90,47;90,62;87,45
23,86;24,364;24,613;25,107;25,158;25,645;100,00;98,40;98,37;92,92;91,85;87,45
23,767;24,342;24,596;24,923;25,154;25,49;100,00;98,40;98,07;93,25;90,92;89,30
23,747;24,281;24,561;24,91;24,866;25,056;100,00;98,40;97,75;92,92;92,77;92,40
23,663;24,166;24,528;24,826;24,758;24,913;100,00;99,00;98,07;93,25;93,67;92,70
23,582;24,085;24,357;24,599;24,608;25,141;100,00;99,00;98,70;94,77;94,30;89,92
23,558;24,18;24,34;24,534;24,396;24,599;100,00;98,10;98,37;95,10;95,22;94,57
23,558;24,195;24,296;24,454;24,556;24,569;100,00;97,50;97,75;94,77;93,07;93,32
23,537;24,129;24,108;24,525;24,54;24,653;100,00;97,50;99,02;93,55;93,07;92,10
23,451;23,896;23,946;24,108;24,101;24,482;100,00;98,70;99,97;96,32;95,82;93,65
23,407;23,707;23,838;23,972;24,408;24,263;100,00;99,90;99,97;96,95;92,45;93,65
23,331;23,645;23,765;23,976;24,255;24,366;100,00;99,90;100,00;96,65;92,77;93,65
23,298;23,604;23,728;23,863;24,009;24,062;100,00;99,60;99,97;97,27;94,30;94,90
23,307;23,576;23,654;23,893;24,129;24,228;100,00;99,30;100,00;96,02;92,77;92,70
23,253;23,552;23,613;24,011;24,336;24,473;100,00;99,00;99,97;94,47;90,92;90,55
23,184;23,439;23,588;23,66;23,773;23,854;100,00;99,60;99,67;97,57;95,82;96,15
23,22;23,607;23,851;23,934;23,967;23,907;100,00;97,80;97,75;94,77;94,30;95,20
23,193;23,465;23,513;23,898;24,08;24,266;100,00;99,60;100,00;95,10;92,77;91,15
23,118;23,25;23,377;23,591;23,886;24,165;100,00;100,00;100,00;96,95;94,00;91,47
23,086;23,232;23,358;23,481;23,92;24,012;100,00;100,00;100,00;97,27;92,45;93,02
23,074;23,211;23,289;23,618;23,565;23,975;100,00;99,90;100,00;96,02;96,15;92,40
23,056;23,182;23,257;23,45;23,52;23,69;100,00;99,90;100,00;96,95;96,15;95,20
23,022;23,134;23,38;23,43;24,169;23,942;100,00;100,00;99,97;96,95;90,32;92,10
22,98;23,079;23,181;23,585;24,215;24,236;100,00;100,00;100,00;95,72;90,02;90,22
22,956;23,071;23,163;23,395;23,451;23,927;100,00;100,00;100,00;96,95;95,52;91,15
22,937;23,02;23,086;23,454;23,613;23,693;100,00;100,00;100,00;96,02;94,00;94,57
22,938;22,958;23,055;23,331;23,263;23,403;100,00;100,00;100,00;96,65;96,45;96,15
22,877;22,859;22,976;23,206;23,817;23,945;100,00;100,00;100,00;97,57;91,85;90,55
22,83;22,838;22,946;23,896;23,863;24,026;100,00;100,00;100,00;91,40;91,55;90,85
22,812;22,793;22,836;23,275;23,25;23,585;100,00;100,00;100,00;96,65;96,45;94,27
22,79;22,776;22,785;23,022;23,205;23,202;100,00;100,00;100,00;98,20;96,15;96,77
22,779;22,72;22,736;22,926;23,047;23,089;100,00;100,00;100,00;98,82;97,07;97,40
22,759;22,688;22,767;22,869;22,964;23,182;100,00;100,00;100,00;99,45;97,67;96,77
22,715;22,697;22,727;23,17;23,119;23,445;100,00;100,00;100,00;96,65;96,45;95,20
22,727;22,67;22,826;22,983;23,023;23,193;100,00;100,00;100,00;97,57;96,75;96,15
22,732;22,679;22,744;23,026;22,98;23,25;100,00;100,00;100,00;97,27;97,07;95,52
22,699;22,652;22,788;22,911;23,238;23,115;100,00;100,00;100,00;97,87;94,60;96,15
22,681;22,636;22,676;23,292;23,23;23,97;100,00;100,00;100,00;94,77;95,52;89,00
22,661;22,616;22,645;23,044;23,005;23,481;100,00;100,00;100,00;96,65;96,45;93,02
22,636;22,533;22,661;22,977;23,041;23,203;100,00;100,00;100,00;96,65;95,82;94,90
22,578;22,479;22,555;22,797;23,053;23,293;100,00;100,00;100,00;98,20;95,82;94,57
22,548;22,481;22,608;22,839;22,995;23,2;100,00;100,00;100,00;97,57;95,82;94,90
22,56;22,469;22,487;23,038;23,371;23,728;100,00;100,00;100,00;96,32;93,67;90,22
22,515;22,394;22,41;23,392;23,361;23,85;100,00;100,00;100,00;92,62;94,00;89,30
22,475;22,388;22,391;22,773;22,982;23,001;100,00;100,00;100,00;97,87;95,22;95,82
22,469;22,354;22,385;22,8;22,898;22,967;100,00;100,00;100,00;97,27;95,82;95,82
22,472;22,349;22,352;22,652;22,863;23,704;100,00;100,00;100,00;97,87;96,75;89,30
22,473;22,307;22,279;22,605;22,642;23,083;100,00;100,00;100,00;98,50;97,67;94,90
22,412;22,264;22,222;22,492;22,59;23,019;100,00;100,00;100,00;99,12;97,67;94,27
22,412;22,194;22,145;22,304;22,593;22,648;100,00;100,00;100,00;100,00;97,07;97,70
22,36;22,145;22,173;22,272;22,481;22,637;100,00;100,00;100,00;100,00;98,00;97,40
22,397;22,14;22,105;22,309;22,676;22,76;100,00;100,00;100,00;100,00;96,45;96,77
22,33;22,145;22,142;22,397;22,805;22,827;100,00;100,00;100,00;99,12;95,52;95,82
22,34;22,154;22,094;22,348;22,679;23,439;100,00;100,00;100,00;100,00;96,75;90,22
22,266;22,136;22,185;22,255;22,685;22,748;100,00;100,00;100,00;100,00;96,15;96,45
22,33;22,17;22,148;22,513;22,5;23,22;100,00;100,00;100,00;99,45;98,00;93,65
22,273;22,143;22,136;22,436;22,542;22,679;100,00;100,00;100,00;98,50;97,37;96,77
22,287;22,14;22,252;22,434;22,663;22,718;100,00;100,00;100,00;99,45;95,82;96,45
22,352;22,161;22,209;22,524;22,489;22,769;100,00;100,00;100,00;98,20;98,30;95,82
22,319;22,275;22,288;22,564;22,856;23,308;100,00;100,00;100,00;97,57;95,52;90,55
22,36;22,221;22,24;22,56;23,603;23,663;100,00;100,00;100,00;98,50;88,80;88,37
22,322;22,188;22,476;22,904;23,489;23,731;100,00;100,00;100,00;94,47;90,02;88,07
22,325;22,181;22,285;23,344;23,398;23,728;100,00;100,00;100,00;91,10;91,25;88,07
22,288;22,23;22,422;23,02;23,622;23,695;100,00;100,00;100,00;93,85;88,50;88,07
22,313;22,199;22,29;22,992;23,75;23,711;100,00;100,00;100,00;95,10;87,00;87,45
22,309;22,188;22,196;22,914;23,134;23,634;100,00;100,00;100,00;94,77;93,67;88,07
22,313;22,203;22,442;22,437;22,806;23,02;100,00;100,00;100,00;98,50;94,60;93,32
22,361;22,23;22,245;22,79;22,847;23,504;100,00;100,00;100,00;94,47;95,52;88,70
22,342;22,175;22,272;22,398;22,537;22,827;100,00;100,00;100,00;98,82;97,37;93,95
22,307;22,178;22,384;22,389;22,518;22,651;100,00;100,00;100,00;99,45;96,15;96,45
22,331;22,202;22,2;22,702;22,616;23,401;100,00;100,00;100,00;95,40;97,37;90,55
22,294;22,197;22,258;22,386;22,409;22,693;100,00;100,00;100,00;98,82;98,00;95,82
22,321;22,143;22,231;22,382;22,46;22,868;100,00;100,00;100,00;99,75;98,00;96,15
22,293;22,175;22,215;22,303;22,37;22,548;100,00;100,00;100,00;99,45;98,30;97,07
22,288;22,117;22,205;22,327;22,343;22,6;100,00;100,00;100,00;98,20;98,00;96,15
22,246;22,117;22,196;22,348;22,328;22,455;100,00;100,00;100,00;99,45;98,00;97,40
22,255;22,088;22,106;22,354;22,386;22,664;100,00;100,00;100,00;98,20;97,67;95,82
22,213;22,081;22,008;22,276;22,569;23,023;100,00;100,00;100,00;98,82;95,82;91,47
22,169;22,008;22,005;22,048;22,279;22,599;100,00;100,00;100,00;100,00;98,30;97,07
22,188;21,993;22,017;22,118;22,246;22,378;100,00;100,00;100,00;100,00;98,30;97,40
22,205;21,953;21,932;22,157;22,194;22,37;100,00;100,00;100,00;100,00;99,85;97,40
22,17;21,968;22,105;21,99;22,14;22,218;100,00;100,00;100,00;100,00;98,92;98,35
22,164;22,045;22,084;22,109;22,298;22,202;100,00;100,00;100,00;100,00;96,15;98,02
22,124;21,98;21,99;22,053;22,167;22,322;100,00;100,00;100,00;100,00;98,92;97,70
22,149;21,898;21,895;21,95;22,295;22,83;100,00;100,00;100,00;100,00;98,60;91,47
22,129;21,878;21,911;21,93;22,188;22,293;100,00;100,00;100,00;100,00;97,37;97,40
22,087;21,868;21,855;22,047;22,278;22,306;100,00;100,00;100,00;99,75;96,15;97,40
22,109;21,786;21,81;21,978;22,143;22,809;100,00;100,00;100,00;100,00;99,22;94,27
22,005;21,792;22,008;21,889;22,045;22,182;100,00;100,00;100,00;100,00;98,00;97,70
22,006;21,823;21,887;21,921;21,947;22,136;100,00;100,00;100,00;100,00;98,60;97,70
22,053;21,75;21,715;21,899;21,831;22,05;100,00;100,00;100,00;100,00;100,00;98,02
21,96;21,679;21,737;21,825;21,947;21,907;100,00;100,00;100,00;99,45;98,30;98,65
21,92;21,548;21,578;21,783;21,652;21,744;100,00;100,00;100,00;100,00;100,00;100,00
21,849;21,627;21,649;21,593;21,579;21,62;100,00;100,00;100,00;100,00;100,00;100,00
21,875;21,566;21,603;21,603;21,52;21,562;100,00;100,00;100,00;100,00;100,00;100,00
21,823;21,547;21,576;21,487;21,499;21,475;100,00;100,00;100,00;100,00;100,00;100,00
21,811;21,513;21,462;21,483;21,582;21,563;100,00;100,00;100,00;100,00;100,00;100,00
21,753;21,495;21,422;21,507;21,571;21,673;100,00;100,00;100,00;100,00;100,00;99,60
21,758;21,474;21,468;21,44;21,471;21,554;100,00;100,00;100,00;100,00;100,00;100,00
21,822;21,532;21,397;21,437;21,45;21,511;100,00;100,00;100,00;100,00;100,00;100,00
21,758;21,533;21,574;21,426;21,633;21,664;100,00;100,00;100,00;100,00;99,55;98,97
21,725;21,489;21,428;21,599;21,602;21,683;100,00;100,00;100,00;100,00;100,00;99,60
21,678;21,493;21,395;21,456;21,73;21,63;100,00;100,00;100,00;100,00;98,60;99,92
21,744;21,45;21,367;21,471;21,553;21,689;100,00;100,00;100,00;100,00;100,00;100,00
21,667;21,464;21,382;21,524;21,579;21,633;100,00;100,00;100,00;100,00;99,85;99,92
21,697;21,452;21,428;21,484;21,502;21,584;100,00;100,00;100,00;100,00;100,00;100,00
21,707;21,462;21,484;21,533;21,545;21,578;100,00;100,00;100,00;100,00;99,85;99,92
21,701;21,449;21,406;21,532;21,602;21,655;100,00;100,00;100,00;100,00;99,85;98,97
21,663;21,397;21,453;21,514;21,768;21,594;100,00;100,00;100,00;100,00;97,07;99,27
21,721;21,391;21,343;21,532;21,855;22,269;100,00;100,00;100,00;100,00;98,92;96,15
21,703;21,37;21,358;21,406;21,517;21,777;100,00;100,00;100,00;100,00;99,55;98,02
21,685;21,36;21,382;21,471;21,569;21,658;100,00;100,00;100,00;100,00;99,22;98,97
21,719;21,284;21,302;21,762;21,599;21,993;100,00;100,00;100,00;97,27;99,55;95,52
21,645;21,235;21,323;21,363;21,348;21,419;100,00;100,00;100,00;100,00;100,00;100,00
21,633;21,284;21,312;21,337;21,317;21,441;100,00;100,00;100,00;100,00;100,00;100,00
21,631;21,329;21,278;21,213;21,3;21,326;100,00;100,00;100,00;100,00;100,00;100,00
21,666;21,278;21,343;21,202;21,26;21,397;100,00;100,00;100,00;100,00;100,00;100,00
21,66;21,326;21,351;21,285;21,435;21,652;100,00;100,00;100,00;100,00;100,00;98,02
21,556;21,299;21,305;21,283;21,386;21,428;100,00;100,00;100,00;100,00;100,00;100,00
21,657;21,245;21,186;21,217;21,268;21,294;100,00;100,00;100,00;100,00;100,00;100,00
21,53;21,223;21,283;21,156;21,278;21,323;100,00;100,00;100,00;100,00;100,00;100,00
21,523;21,234;21,269;21,241;21,334;21,311;100,00;100,00;100,00;100,00;99,85;100,00
21,495;21,272;21,164;21,216;21,297;21,305;100,00;100,00;100,00;100,00;100,00;100,00
21,571;21,216;21,168;21,156;21,165;21,213;100,00;100,00;100,00;100,00;100,00;100,00
21,55;21,116;21,091;21,213;21,167;21,21;100,00;100,00;100,00;100,00;100,00;100,00
21,481;21,111;21,091;21,124;21,099;21,194;100,00;100,00;100,00;100,00;100,00;100,00
21,499;21,168;21,033;21,073;21,057;21,076;100,00;100,00;100,00;100,00;100,00;100,00
21,504;21,078;21,076;21,014;21,042;21,057;100,00;100,00;100,00;100,00;100,00;100,00
21,508;21,155;21,076;21,033;21,06;21,063;100,00;100,00;100,00;100,00;100,00;100,00
21,444;21,099;21,081;21,094;21,051;21,242;100,00;100,00;100,00;100,00;100,00;100,00
21,386;21,18;21,108;21,109;21,24;21,343;100,00;100,00;100,00;100,00;100,00;99,27
21,434;21,17;21,004;21,182;21,149;21,293;100,00;100,00;100,00;100,00;100,00;99,92
21,434;21,004;21,02;20,973;21,121;21,121;100,00;100,00;100,00;100,00;100,00;100,00
21,334;21,113;21,014;21,205;21,179;21,18;100,00;100,00;100,00;100,00;100,00;100,00
21,413;21,038;20,964;21,063;21,52;21,148;100,00;100,00;100,00;100,00;96,75;100,00
21,395;21,036;20,925;20,982;21,079;21,238;100,00;100,00;100,00;100,00;100,00;100,00
21,416;20,976;21,07;20,927;21,133;21,131;100,00;100,00;100,00;100,00;100,00;100,00
21,432;21,005;21,017;21,091;21,079;21,164;100,00;100,00;100,00;100,00;100,00;100,00
21,418;20,958;20,934;21,189;21,183;21,274;100,00;100,00;100,00;100,00;99,85;98,97
21,421;20,943;20,891;21,066;21,081;21,293;100,00;100,00;100,00;100,00;100,00;98,97
21,418;20,94;20,936;20,909;20,908;20,953;100,00;100,00;100,00;100,00;100,00;100,00
21,385;20,928;20,934;20,893;20,918;20,881;100,00;100,00;100,00;100,00;100,00;100,00
21,375;21,026;21,029;20,945;21,182;20,988;100,00;100,00;100,00;100,00;100,00;100,00
21,305;21,002;20,962;20,946;20,949;21,079;100,00;100,00;100,00;100,00;100,00;100,00
21,271;21,029;21,041;20,91;20,913;20,946;100,00;100,00;100,00;100,00;100,00;100,00
21,323;21,075;20,983;20,996;21,002;21,011;100,00;100,00;100,00;100,00;100,00;100,00
21,259;21,096;21,075;21,017;21,185;21,108;100,00;100,00;100,00;100,00;100,00;100,00
21,272;21,066;20,989;21,118;21,122;21,256;100,00;100,00;100,00;100,00;100,00;100,00
21,363;21,051;20,973;21,091;21,09;21,121;100,00;100,00;100,00;100,00;100,00;100,00
21,397;20,971;20,962;21,017;21,014;21,076;100,00;100,00;100,00;100,00;100,00;100,00
21,339;21,002;20,996;20,996;21,05;21,053;100,00;100,00;100,00;100,00;100,00;100,00
21,245;21,038;21,01;21,063;21,097;21,152;100,00;100,00;100,00;100,00;100,00;100,00
21,336;21,038;20,973;21,013;21,014;21,06;100,00;100,00;100,00;100,00;100,00;100,00
21,244;21,075;20,995;21,014;21,164;21,108;100,00;100,00;100,00;100,00;100,00;100,00
21,337;20,998;20,925;21,048;21,038;21,164;100,00;100,00;100,00;100,00;100,00;100,00
21,305;21,047;21,068;20,952;21,084;21,106;100,00;100,00;100,00;100,00;100,00;100,00
21,326;21,111;21,066;21,118;21,131;21,192;100,00;100,00;100,00;100,00;100,00;100,00
21,363;21,059;21,032;21,14;21,259;21,56;100,00;100,00;100,00;100,00;100,00;96,77
21,358;21,065;21,179;21,085;21,275;21,373;100,00;100,00;100,00;100,00;99,55;99,60
21,415;21,133;21,161;21,137;21,149;21,296;100,00;100,00;100,00;100,00;100,00;99,60
21,434;21,115;21,075;21,22;21,308;21,334;100,00;100,00;100,00;100,00;99,55;99,27
21,36;21,099;21,207;21,237;21,386;21,382;100,00;100,00;100,00;100,00;98,30;98,65
21,449;21,217;21,297;21,449;21,594;21,574;100,00;100,00;100,00;98,82;97,37;97,70
21,434;21,376;21,363;21,471;21,517;21,739;100,00;100,00;100,00;100,00;98,92;97,40
21,464;21,459;21,446;21,438;21,623;21,694;100,00;100,00;100,00;100,00;97,67;98,02
21,578;21,522;21,438;21,713;21,893;21,994;100,00;100,00;100,00;99,45;95,82;95,52
21,581;21,477;21,599;21,765;22,011;22,13;100,00;100,00;100,00;99,75;96,15;96,15
21,727;21,703;21,868;21,886;22,193;22,401;100,00;100,00;100,00;99,45;95,52;96,45
21,794;22;22,202;22,182;22,208;22,558;100,00;100,00;98,70;96,32;94,90;94,57
21,901;22,023;22,127;22,443;22,591;22,866;100,00;100,00;100,00;94,47;93,67;92,10
21,993;22,205;22,451;22,419;22,739;22,851;100,00;99,90;99,67;97,27;94,00;90,85
22,109;22,487;22,655;22,754;22,92;23,274;100,00;99,60;99,02;96,02;94,00;92,40
22,227;22,794;22,937;22,775;23,149;23,41;100,00;96,30;98,37;95,40;91,55;90,85
22,31;22,721;22,868;23,23;23,145;23,582;100,00;96,60;96,80;92,92;91,55;87,77
22,366;22,703;22,757;22,98;23,232;23,559;100,00;97,50;99,02;94,17;92,15;90,85
22,337;22,736;22,911;22,943;23,095;23,332;100,00;99,30;97,75;96,65;93,67;91,77
22,461;22,817;23,016;23,169;23,116;23,362;100,00;98,40;96,47;93,55;91,55;91,47
22,546;23,025;23,175;23,239;23,45;23,415;100,00;96,90;99,02;95,40;96,15;92,40
22,64;23,377;23,658;23,589;24,049;23,987;100,00;96,60;95,52;94,17;90,92;91,77
22,865;23,761;23,809;23,898;24,098;24,466;100,00;94,20;93,92;92,62;91,55;91,47
22,905;23,695;23,63;23,779;24,215;24,505;100,00;94,80;96,80;92,02;90,92;88,70
23,002;23,743;23,878;23,952;24,385;24,349;100,00;96,90;93,00;90,47;89,10;88,37
23,14;23,994;24,115;24,255;24,514;24,729;100,00;96,30;96,47;89,87;87,90;85,92
23,217;24,082;23,964;24,419;24,408;25,069;100,00;95,10;94,25;89,87;86,10;85,32
23,202;24,038;24,044;23,966;24,299;24,322;100,00;93,02;96,80;94,47;90,92;90,55
23,349;24,34;24,432;24,428;24,558;24,849;100,00;94,80;95,20;91,70;86,40;88,37
23,431;24,378;24,702;24,984;25,273;25,144;100,00;92,12;93,00;88,35;86,10;84,70
23,453;24,505;24,597;24,981;25,086;25,256;100,00;92,42;92,67;88,65;85,17;85,32
23,462;24,587;24,71;24,738;25,103;24,942;100,00;91,25;87,35;86,82;82,20;83,17
23,456;24,919;24,863;25,224;25,11;25,664;99,82;85,65;88,90;81,07;81,90;78,65
23,57;24,857;24,831;25,016;25,211;25,846;100,00;85,95;87,65;85,00;83,97;78,95
23,746;25,072;25,171;25,258;25,824;25,757;100,00;87,70;87,65;83,80;81,00;79,55
23,85;25,078;25,275;25,485;25,858;26,212;99,52;89,47;87,35;87,12;86,10;82,57
23,907;25,27;25,548;26,104;26,091;26,527;98,57;82,75;83,92;82,27;82,50;79,55
23,925;25,183;25,74;26,298;26,229;26,419;98,57;84,20;83,62;80,77;81,30;80,45
23,952;25,255;25,896;26,206;26,415;26,493;99,52;87,42;84,25;81,07;78,92;80,15
24,035;25,444;25,806;26,309;26,541;26,94;99,52;85,07;83,62;80,17;76,55;75,95
24,162;25,555;25,953;26,22;26,439;26,724;100,00;88,30;84,25;81,97;83,07;72,95
24,351;25,627;26,198;26,378;27,115;27,166;100,00;88,00;83,62;82,27;78,92;79,85
24,431;26,074;26,421;26,8;27,079;27,013;99,52;84,50;82,70;78,70;76,85;77,15
24,464;26,197;26,318;26,852;27,101;27,123;100,00;85,37;85,17;79,87;74,20;75,95
24,517;26,14;26,57;26,994;27,417;27,45;99,52;86,25;85,17;78,40;76,85;73,85
24,469;26,854;27,083;26,39;27,271;27,886;99,20;83,32;81,77;75,70;71,27;70,87
24,895;26,931;26,875;26,552;27,921;28,954;99,20;82,45;83,62;72,45;69,25;65,02
25,154;27,296;27,265;27,32;27,608;28,573;99,52;82,45;84,55;75,12;73,32;68,82
25,293;27,093;27,107;27,853;27,473;28,54;98,90;86,52;83,62;76,00;74,77;76,25
25,374;27,007;27,568;27,332;28,007;28,612;97,02;82,17;77,77;77,80;69,82;71,17
25,38;26,706;27,081;27,45;28,336;28,705;99,20;85,37;82,70;74,52;69,82;68,22
25,603;27,045;27,759;27,713;28,516;28,507;98,57;83,02;78,40;71,27;69,82;66,77
25,827;27,556;27,767;28,201;28,497;28,681;97,65;81,30;79,00;69,52;68,65;68,82
25,911;27,632;27,671;27,879;28,829;28,502;97,65;77,85;76,57;75,12;66,05;67,95
26,083;28,165;27,82;28,504;29,159;29,089;97,32;79,57;83,30;68,35;64,90;66,17
26,309;28,275;28,209;28,771;29,825;28,735;96,07;79,00;68,72;64,00;60,62;63,57
26,525;28,087;27,756;28,859;29,2;28,584;93,60;81,60;71,72;65,15;64,90;65,30
26,706;27,831;28,323;28,648;29,591;28,3;92,67;82,17;76,87;67,20;64,62;67,95
26,581;28,026;28,184;29,255;30,05;28,884;92,07;79,00;72,92;66,32;64,05;65,30
26,578;27,632;28,175;28,925;29,149;28,637;96,07;80,72;76,87;67,77;68,07;67,95
26,684;28,153;28,405;29,029;30,165;29,138;95,77;77,85;73,22;68,95;65,20;67,65
26,686;28,414;28,375;29,04;29,86;29,717;96,70;78,12;73,55;70,40;67,80;67,35
26,73;28,24;28,587;29,086;29,376;29,078;96,07;80,72;71,12;69,52;68,37;68,82
26,659;28,53;28,779;29,268;29,687;28,906;97,02;76,42;70,82;69,22;65,47;68,52
27,062;28,225;28,842;29,539;29,685;29,282;96,07;78,12;70,82;67,77;66,05;66,17
27,248;28,326;29,317;29,334;29,868;29,582;95,77;75,85;67,85;66,60;65,20;63,27
27,436;28,689;29,277;30,02;29,568;29,63;94,52;77,27;68,45;65,75;67,80;65,60
27,267;28,548;29,328;29,723;29,803;29,954;95,77;80,42;72,32;66,02;68,37;66,17
26,88;28,414;29,887;29,65;30,157;29,87;95,15;79,57;68,72;66,32;65,77;66,77
27,031;28,804;29,124;29,698;30,463;30,245;95,47;76,70;71,72;69,22;62,05;63,27
27,448;28,943;29,126;29,736;30,453;30,071;94,85;73,85;69,32;62,55;61,20;63,27
27,078;29,047;29,801;29,884;30,248;29,812;96,40;71,02;64,27;67,20;64,90;60,97
26,928;29,281;29,833;30,236;30,943;30,125;97,02;74,70;64,87;64,30;60,05;61,55
26,993;29,556;29,66;30,481;30,661;30,566;92,67;70,17;65,47;63,15;62,05;59,80
26,804;29,668;30,127;30,421;30,735;30,117;95,77;67,92;64,27;63,15;62,05;62,40
26,97;29,717;29,757;30,894;30,547;30,794;96,70;72,42;65,47;61,70;61,47;59,80
27,451;29,464;30,527;30,561;31,29;30,487;95,47;72,42;61,65;59,97;56,10;59,22
27,148;29,228;30,026;30,756;30,701;30,375;96,40;74,70;62,22;59,12;58,07;58,95
26,832;29,001;30,116;31,015;30,701;30,402;97,65;79,57;65,77;59,40;59,50;61,55
26,857;29,061;29,943;30,685;30,876;30,693;96,40;73,00;65,17;59,97;58,37;58,67
26,882;29,168;30,394;30,703;31,116;30,793;95,47;69,60;63,10;62,85;56,95;56,67
26,962;29,55;30,439;31,159;31,563;31,031;96,70;68,77;62,22;57,42;56,40;56,95
26,841;29,325;30,555;30,856;31,273;30,633;97,32;72,72;63,70;59,70;56,95;55,80
27,027;29,138;30,005;31,019;31,467;30,714;95,77;75,27;71,12;57,42;56,67;57,80
26,903;29,216;30,854;31,216;31,393;30,772;97,65;73,57;59,60;57,42;55,55;54,95
26,942;29,587;30,682;31,5;31,459;30,606;96,40;71,30;64,27;59,40;56,40;56,37
26,951;29,092;30,255;31,148;31,697;31,305;97,65;80,15;70,82;57,12;56,40;55,80
26,709;29,309;30,429;31,264;30,885;30,989;97,65;75,55;61,92;57,97;62,05;54,40
26,838;29,325;30,545;31,578;31,346;31,219;98,90;71,87;59,00;56,00;56,95;54,10
26,55;28,776;29,859;31,193;31,597;31,427;97,32;74,97;69,32;56,85;56,10;55,80
26,525;29,066;30,202;31,453;31,542;31,099;99,82;75,85;59,87;55,42;53,87;54,95
26,545;28,862;30,047;31,271;31,667;30,878;98,57;76,12;64,57;59,40;53,32;55,25
26,686;29,164;31,195;31,342;31,529;31,098;98,57;74,12;60,47;55,15;53,87;53,82
26,698;29,239;30,825;31,508;31,697;31,185;98,27;77,55;71,42;63,72;56,40;53,25
26,45;28,711;29,954;31,166;31,594;31,08;98,57;79,57;62,52;63,42;54,15;56,37
26,442;28,941;29,993;31,901;31,759;31,315;98,90;72,42;68,45;54,30;52,75;54,40
26,356;29,157;30,02;31,221;31,355;30,946;99,20;74,42;70,52;64,57;53,02;54,40
26,389;28,848;29,993;30,505;31,778;31,035;98,27;79,00;71,42;64,30;54,15;54,95
26,304;28,599;29,636;30,722;31,378;31,368;97,95;77,55;75,05;62,85;57,22;53,55
26,206;28,392;29,312;30,287;31,274;30,944;98,90;77,55;74,15;66,02;61,47;62,40
26,17;28,342;29,401;30,215;31,012;31,248;97,95;80,72;69,92;68,07;62,62;60,97
26,042;27,965;29,534;30,13;30,962;31,209;98,90;81,87;75,65;65,45;60,62;60,10
26;27,801;29,727;29,699;30,778;31,04;99,82;83,62;75,05;69,52;64,05;59,22
26,072;27,931;28,557;30,02;30,478;30,841;99,52;82,45;78,40;71,57;67,22;68,22
25,988;27,769;28,736;29,647;30,445;30,907;99,20;83,02;78,70;73,35;68,95;66,77
25,91;27,728;28,416;29,723;30,45;30,794;99,82;84,50;81,15;73,65;69,82;66,17
25,836;27,688;28,253;29,731;29,883;30,575;100,00;85,07;80,85;73,92;72,72;67,95
25,653;27,417;28,331;29,642;29,647;30,476;100,00;85,37;80,55;72,17;70,70;67,95
25,752;27,405;28,283;30,296;29,625;30,611;100,00;86,25;80,22;69,82;71,57;68,52
25,619;27,127;28,284;29,501;29,746;30,188;100,00;85,07;81,45;73,92;70,70;71,17
25,519;27,093;27,953;29,537;29,252;29,921;100,00;87,42;83,92;72,17;76,25;71,17
25,471;27,044;27,602;28,64;29,141;29,841;100,00;89,17;84,85;77,20;75,95;70,60
25,468;26,903;27,655;28,351;29,132;29,975;100,00;86,52;83,30;76,90;75,07;72,37
25,39;26,74;27,562;28,905;29,032;29,677;100,00;88,30;83,92;76,60;75,37;73,55
25,349;26,684;27,406;28,413;28,236;29,51;100,00;88,87;86,10;78,10;79,50;75,35
25,247;26,538;27,168;27,964;28,598;29,186;100,00;90,65;87,02;81,67;76,85;75,35
25,173;26,292;26,892;27,911;28,214;28,675;100,00;90,95;86,72;80,47;79,80;77,15
25,01;26,197;26,621;27,668;27,948;28,367;100,00;90,05;88,90;80,47;79,80;78,95
24,884;25,85;26,642;27,076;27,739;27,873;100,00;90,35;85,47;81,67;75,67;78,65
24,931;25,916;26,595;27,747;27,703;28,159;100,00;91,55;87,35;77,50;78,02;75,95
24,835;25,76;26,325;27,095;27,574;28,145;100,00;92,42;88,90;84,10;81,30;77,75
24,697;25,438;26,02;27,183;27,172;27,706;100,00;91,82;88,60;82,27;82,20;81,05
24,609;25,325;25,817;27,151;26,956;27,554;100,00;93,02;92,05;83,80;83,37;83,47
24,609;25,331;25,684;26,499;26,994;27,377;100,00;93,62;92,05;85,60;83,97;82,57
24,581;25,188;25,451;26,221;26,642;27,169;100,00;95,10;94,25;88,95;85,80;83,17
24,532;25,086;25,348;25,997;26,492;26,846;100,00;95,70;94,87;89,25;84,87;84,10
24,452;24,987;25,199;25,876;26,266;26,545;100,00;96,60;95,82;90,47;85,47;85,00
24,419;24,834;25,009;25,803;26,1;26,367;100,00;96,60;97,10;89,87;85,17;84,70
24,384;24,725;24,911;25,763;25,82;26,178;100,00;97,20;97,42;88,95;87,00;85,92
24,331;24,656;24,741;25,407;25,725;26,003;100,00;97,50;98,07;91,40;87,30;85,92
24,289;24,57;24,867;25,522;25,459;25,777;100,00;97,80;96,47;89,25;89,10;87,77
24,237;24,561;24,845;25,441;25,735;25,702;100,00;97,50;96,47;89,57;86,10;87,45
24,18;24,443;24,722;25,164;25,281;25,661;100,00;98,40;96,15;90,77;88,20;86,85
24,098;24,408;24,764;25,333;25,282;25,535;100,00;96,90;94,25;88,05;87,90;86,85
24,082;24,437;24,635;25,264;25,186;25,448;100,00;96,00;94,87;88,05;87,90;86,85
23,999;24,236;24,484;24,854;24,882;25,104;100,00;97,80;94,57;90,77;89,42;88,07
23,939;24,311;24,647;24,843;24,852;24,876;100,00;94,20;93,30;90,17;89,10;90,55
23,908;24,32;24,54;24,776;24,825;24,805;100,00;94,20;93,92;89,87;89,10;90,85
23,85;24,237;24,314;24,637;24,914;24,936;100,00;94,80;94,87;90,47;87,60;88,70
23,782;24,12;24,302;24,582;24,44;24,867;100,00;94,20;93,62;89,87;90,32;88,07
23,741;24,014;24,225;24,316;24,239;24,378;100,00;94,20;93,00;91,70;90,62;90,55
23,648;23,937;24,171;24,233;24,263;24,21;100,00;94,20;94,25;91,70;90,02;92,70
23,585;23,898;24,046;24,135;23,958;24,358;100,00;94,50;95,20;92,02;93,37;89,92
23,541;23,811;23,884;24,059;23,949;24,29;100,00;95,10;95,52;92,02;92,45;89,92
23,523;23,811;23,931;23,899;23,832;24,017;100,00;94,20;94,57;92,62;92,45;91,77
23,462;23,698;23,872;23,854;23,782;23,913;100,00;94,50;94,87;92,32;92,77;92,10
23,428;23,607;23,675;23,717;23,728;23,917;100,00;95,70;96,15;92,92;91,85;89,92
23,361;23,517;23,612;23,665;23,648;23,788;100,00;94,50;95,52;92,92;92,15;90,85
23,307;23,478;23,622;23,535;23,559;23,594;100,00;94,50;94,57;93,25;92,15;92,70
23,239;23,328;23,409;23,594;23,556;23,591;100,00;96,60;96,15;92,02;91,85;91,77
23,199;23,232;23,313;23,35;23,308;23,415;100,00;96,90;96,47;93,55;93,37;93,02
23,127;23,166;23,328;23,296;23,308;23,412;100,00;96,30;96,15;93,85;93,07;92,70
23,095;23,176;23,292;23,364;23,338;23,407;100,00;96,60;96,15;92,92;92,45;92,10
23,032;22,996;23,179;23,253;23,143;23,28;100,00;97,80;96,15;93,25;93,07;93,02
22,992;22,996;23,062;23,11;23,026;23,098;100,00;98,70;97,42;93,85;93,37;93,65
22,931;22,95;23,1;22,988;23,05;23,089;100,00;96,60;96,15;94,17;93,67;93,95
22,868;22,823;22,92;23,085;23,119;23,094;100,00;99,30;97,75;93,25;92,45;93,02
22,821;22,748;22,788;22,97;22,946;23,074;100,00;98,70;99,02;93,85;93,37;93,02
22,75;22,681;22,711;22,872;22,853;22,992;100,00;99,60;99,35;94,47;94,00;93,32
22,727;22,721;22,832;22,815;23,095;22,937;100,00;98,40;97,10;94,47;91,85;93,02
22,705;22,631;22,699;22,856;22,95;22,99;100,00;99,60;98,70;93,55;91,85;92,40
22,609;22,478;22,561;22,8;22,7;22,856;100,00;99,90;99,35;93,55;93,67;93,02
22,525;22,328;22,406;22,706;22,756;22,772;100,00;100,00;100,00;94,77;93,07;93,32
22,5;22,252;22,321;22,581;22,787;22,797;100,00;100,00;100,00;95,40;93,07;93,32
22,446;22,278;22,384;22,599;22,658;22,785;100,00;100,00;100,00;94,77;93,37;93,02
22,437;22,218;22,227;22,543;22,63;22,811;100,00;99,90;100,00;96,32;93,07;91,77
22,422;22,222;22,398;22,585;22,612;22,869;100,00;100,00;97,42;94,47;92,45;90,85
22,427;22,191;22,115;22,587;22,548;22,823;100,00;100,00;100,00;93,85;94,00;92,70
22,394;22,02;21,975;22,29;22,464;22,66;100,00;99,90;100,00;96,32;94,00;93,32
22,248;22,048;21,986;22,419;22,5;22,814;100,00;100,00;100,00;94,47;93,37;91,47
22,255;21,994;21,898;22,216;22,521;22,94;100,00;100,00;100,00;98,50;94,60;89,92
22,255;21,953;21,866;22,096;22,582;22,998;100,00;100,00;100,00;97,87;93,07;90,22
22,179;21,91;21,987;22,208;22,446;22,625;100,00;100,00;100,00;95,72;93,67;92,40
22,199;21,887;21,817;22,407;22,636;22,763;100,00;100,00;100,00;94,77;91,85;91,47
22,124;21,869;22,225;22,176;22,625;22,588;100,00;99,90;99,67;95,72;92,15;92,40
22,121;21,841;21,856;22,131;22,345;22,515;100,00;100,00;100,00;97,57;93,67;95,20
22,072;21,826;21,838;22,099;22,331;22,421;100,00;100,00;100,00;97,27;94,00;93,65
22,041;21,792;21,664;22,053;22,389;22,44;100,00;100,00;100,00;97,57;93,37;93,02
22,05;21,683;21,682;21,831;22,382;22,36;100,00;100,00;100,00;98,50;92,45;93,32
22,006;21,688;21,715;22,053;22,225;22,327;100,00;100,00;100,00;95,72;94,30;93,32
21,966;21,654;21,962;21,978;22,081;22,184;100,00;100,00;98,70;96,95;95,52;95,52
22,003;21,804;21,698;22,164;22,081;22,419;100,00;100,00;100,00;95,72;95,52;92,70
21,96;21,739;21,755;21,957;22,261;22,273;100,00;100,00;100,00;96,65;93,67;93,95
21,921;21,634;21,692;21,825;22,008;22,27;100,00;100,00;100,00;98,20;95,82;93,65
21,978;21,648;21,575;21,921;22,09;22,169;100,00;100,00;100,00;97,57;94,30;94,57
21,945;21,657;21,532;21,838;22,091;22,249;100,00;100,00;100,00;98,82;95,52;93,95
21,884;21,605;21,517;21,837;21,907;22,219;100,00;100,00;100,00;97,87;96,15;94,27
21,789;21,633;21,648;21,868;22,023;22,112;100,00;100,00;100,00;97,27;94,60;94,90
21,84;21,615;21,523;21,847;21,963;22,555;100,00;100,00;100,00;98,20;95,82;92,70
21,865;21,634;21,563;21,954;22,112;22,255;100,00;100,00;100,00;96,32;94,90;93,32
21,819;21,572;21,533;22,005;22,111;22,797;100,00;100,00;100,00;96,02;95,22;87,45
21,782;21,609;21,612;22,021;22,078;22,379;100,00;100,00;100,00;96,02;94,60;93,02
21,863;21,633;21,686;21,944;22,078;22,208;100,00;100,00;100,00;96,32;94,60;93,95
21,866;21,621;21,843;21,95;22,1;22,276;100,00;100,00;99,97;97,27;94,00;93,32
21,991;21,646;21,746;21,892;21,932;22,09;100,00;100,00;100,00;97,57;94,90;95,20
21,877;21,499;21,612;21,855;21,749;22,033;100,00;100,00;100,00;97,27;97,07;95,20
21,907;21,456;21,51;21,685;21,636;21,736;100,00;100,00;100,00;97,27;96,75;96,77
21,895;21,354;21,419;21,492;21,426;21,6;100,00;100,00;100,00;99,12;99,22;98,65
21,774;21,464;21,498;21,406;21,48;21,424;100,00;100,00;100,00;99,75;98,60;99,60
21,774;21,369;21,41;21,527;21,475;21,486;100,00;100,00;100,00;98,82;98,60;98,97
21,852;21,343;21,238;21,535;21,404;21,473;100,00;100,00;100,00;98,82;99,85;99,27
21,704;21,284;21,308;21,189;21,238;21,216;100,00;100,00;100,00;100,00;100,00;100,00
21,631;21,323;21,214;21,231;21,189;21,342;100,00;100,00;100,00;100,00;100,00;99,92
21,739;21,245;21,248;21,219;21,146;21,302;100,00;100,00;100,00;100,00;100,00;100,00
21,64;21,245;21,195;21,213;21,192;21,25;100,00;100,00;100,00;100,00;100,00;100,00
21,694;21,225;21,127;21,159;21,131;21,271;100,00;100,00;100,00;100,00;100,00;100,00
21,502;21,274;21,237;21,167;21,378;21,309;100,00;100,00;100,00;100,00;99,55;100,00
21,581;21,22;21,017;21,188;21,146;21,366;100,00;100,00;100,00;100,00;100,00;99,92
21,517;21,25;21,056;21,035;21,208;21,302;100,00;100,00;100,00;100,00;99,55;99,60
21,563;21,125;20,993;21,183;21,242;21,311;100,00;100,00;100,00;100,00;99,55;98,65
21,45;21,1;20,958;21,253;21,22;21,336;100,00;100,00;100,00;100,00;99,22;98,65
21,422;21,068;20,936;21,106;21,232;21,306;100,00;100,00;100,00;100,00;98,60;98,65
21,425;21,159;20,918;21,21;21,185;21,418;100,00;100,00;100,00;99,45;99,85;96,45
21,481;21,017;20,825;21,048;21,091;21,223;100,00;100,00;100,00;100,00;100,00;98,65
21,389;20,869;20,794;20,859;21,007;21,044;100,00;100,00;100,00;100,00;99,85;99,92
21,41;20,759;20,651;20,73;20,672;20,792;100,00;100,00;100,00;100,00;100,00;100,00
21,333;20,712;20,632;20,576;20,686;20,668;100,00;100,00;100,00;100,00;100,00;100,00
21,326;20,709;20,672;20,578;20,56;20,563;100,00;100,00;100,00;100,00;100,00;100,00
21,284;20,666;20,785;20,746;20,662;20,613;100,00;100,00;100,00;100,00;100,00;100,00
21,232;20,666;20,743;20,745;20,603;20,635;100,00;100,00;100,00;100,00;100,00;100,00
21,152;20,748;20,783;20,622;20,588;20,545;100,00;100,00;100,00;100,00;100,00;100,00
21,191;20,804;20,903;20,66;20,646;20,567;100,00;100,00;100,00;100,00;100,00;100,00
21,278;20,871;20,826;20,854;20,681;20,674;100,00;100,00;100,00;100,00;100,00;100,00
21,257;20,708;20,733;20,662;20,561;20,532;100,00;100,00;100,00;100,00;100,00;100,00
21,245;20,734;20,697;20,541;20,588;20,629;100,00;100,00;100,00;100,00;100,00;100,00
21,245;20,637;20,468;20,597;20,517;20,595;100,00;100,00;100,00;100,00;100,00;100,00
21,185;20,688;20,483;20,406;20,297;20,343;100,00;100,00;100,00;100,00;100,00;100,00
21,149;20,715;20,51;20,331;20,289;20,285;100,00;100,00;100,00;100,00;100,00;100,00
21,028;20,709;20,477;20,348;20,34;20,36;100,00;100,00;100,00;100,00;100,00;100,00
21,091;20,666;20,409;20,397;20,27;20,343;100,00;100,00;100,00;100,00;100,00;100,00
20,931;20,501;20,334;20,27;20,279;20,347;100,00;100,00;100,00;100,00;100,00;100,00
21,041;20,381;20,313;20,199;20,185;20,239;100,00;100,00;100,00;100,00;100,00;100,00
21,063;20,328;20,282;20,249;20,224;20,244;100,00;100,00;100,00;100,00;100,00;100,00
20,967;20,332;20,229;20,226;20,084;20,096;100,00;100,00;100,00;100,00;100,00;100,00
20,985;20,377;20,211;20,096;20,027;20,078;100,00;100,00;100,00;100,00;100,00;100,00
20,949;20,255;20,165;20,068;20,025;19,99;100,00;100,00;100,00;100,00;100,00;100,00
20,899;20,189;20,143;20,093;20,121;20,027;100,00;100,00;100,00;100,00;100,00;100,00
20,845;20,152;20,087;20,069;19,935;19,947;100,00;100,00;100,00;100,00;100,00;100,00
20,813;20,205;20,118;19,954;19,878;19,885;100,00;100,00;100,00;100,00;100,00;100,00
20,796;20,165;20,059;19,913;19,86;19,882;100,00;100,00;100,00;100,00;100,00;100,00
20,757;20,114;20,065;19,94;19,981;19,872;100,00;100,00;100,00;100,00;100,00;100,00
20,795;20,081;20,024;19,95;19,848;19,864;100,00;100,00;100,00;100,00;100,00;100,00
20,779;20,202;20,013;19,886;19,817;19,813;100,00;100,00;100,00;100,00;100,00;100,00
20,774;20,003;19,968;19,948;19,816;19,841;100,00;100,00;100,00;100,00;100,00;100,00
20,737;20,004;19,923;19,826;19,743;19,822;100,00;100,00;100,00;100,00;100,00;100,00
20,715;20,035;19,903;19,767;19,736;19,78;100,00;100,00;100,00;100,00;100,00;100,00
20,708;20,052;19,895;19,766;19,692;19,689;100,00;100,00;100,00;100,00;100,00;100,00
20,647;19,94;19,882;19,73;19,71;19,816;100,00;100,00;100,00;100,00;100,00;100,00
20,591;19,982;19,87;19,689;19,741;19,702;100,00;100,00;100,00;100,00;100,00;100,00
20,641;20,053;19,895;19,721;19,766;19,723;100,00;100,00;100,00;100,00;100,00;100,00
20,521;20,075;19,894;19,802;19,646;19,751;100,00;100,00;100,00;100,00;100,00;100,00
20,65;20,099;19,842;19,718;19,583;19,717;100,00;100,00;100,00;100,00;100,00;100,00
20,554;19,863;19,808;19,648;19,584;19,574;100,00;100,00;100,00;100,00;100,00;100,00
20,603;19,789;19,692;19,69;19,578;19,636;100,00;100,00;100,00;100,00;100,00;100,00
20,538;19,757;19,646;19,556;19,487;19,584;100,00;100,00;100,00;100,00;100,00;100,00
20,484;19,785;19,69;19,511;19,459;19,467;100,00;100,00;100,00;100,00;100,00;100,00
20,446;19,758;19,634;19,568;19,436;19,436;100,00;100,00;100,00;100,00;100,00;100,00
20,449;19,795;19,63;19,483;19,424;19,381;100,00;100,00;100,00;100,00;100,00;100,00
20,478;19,708;19,568;19,439;19,469;19,575;100,00;100,00;100,00;100,00;100,00;100,00
20,48;19,662;19,497;19,512;19,368;19,434;100,00;100,00;100,00;100,00;100,00;100,00
20,276;19,665;19,53;19,405;19,306;19,337;100,00;100,00;100,00;100,00;100,00;100,00
20,444;19,584;19,484;19,381;19,3;19,33;100,00;100,00;100,00;100,00;100,00;100,00
20,314;19,531;19,472;19,306;19,235;19,274;100,00;100,00;100,00;100,00;100,00;100,00
20,357;19,624;19,437;19,327;19,218;19,259;100,00;100,00;100,00;100,00;100,00;100,00
20,328;19,626;19,428;19,278;19,255;19,231;100,00;100,00;100,00;100,00;100,00;100,00
20,26;19,599;19,474;19,297;19,216;19,237;100,00;100,00;100,00;100,00;100,00;100,00
20,213;19,509;19,428;19,256;19,231;19,234;100,00;100,00;100,00;100,00;100,00;100,00
20,192;19,595;19,446;19,288;19,206;19,207;100,00;100,00;100,00;100,00;100,00;100,00
20,105;19,627;19,439;19,281;19,181;19,188;100,00;100,00;100,00;100,00;100,00;100,00
20,314;19,615;19,467;19,26;19,162;19,169;100,00;100,00;100,00;100,00;100,00;100,00
20,238;19,665;19,45;19,293;19,178;19,15;100,00;100,00;100,00;100,00;100,00;100,00
20,278;19,631;19,446;19,252;19,182;19,188;100,00;100,00;100,00;100,00;100,00;100,00
20,278;19,661;19,553;19,285;19,2;19,194;100,00;100,00;100,00;100,00;100,00;100,00
20,365;19,68;19,456;19,305;19,202;19,193;100,00;100,00;100,00;100,00;100,00;100,00
20,31;19,71;19,477;19,271;19,2;19,188;100,00;100,00;100,00;100,00;100,00;100,00
20,316;19,58;19,489;19,266;19,18;19,19;100,00;100,00;100,00;100,00;100,00;100,00
20,26;19,586;19,446;19,278;19,171;19,175;100,00;100,00;100,00;100,00;100,00;100,00
20,345;19,683;19,467;19,262;19,172;19,168;100,00;100,00;100,00;100,00;100,00;100,00
20,254;19,626;19,434;19,255;19,128;19,163;100,00;100,00;100,00;100,00;100,00;100,00
20,229;19,52;19,433;19,225;19,143;19,132;100,00;100,00;100,00;100,00;100,00;100,00
20,255;19,558;19,4;19,252;19,149;19,135;100,00;100,00;100,00;100,00;100,00;100,00
20,145;19,627;19,441;19,238;19,121;19,119;100,00;100,00;100,00;100,00;100,00;100,00
20,165;19,623;19,343;19,316;19,09;19,062;100,00;100,00;100,00;100,00;100,00;100,00
20,249;19,478;19,31;19,169;19,081;19,078;100,00;100,00;100,00;100,00;100,00;100,00
20,182;19,601;19,335;19,155;19,094;19,077;100,00;100,00;100,00;100,00;100,00;100,00
20,295;19,478;19,331;19,156;19,079;19,079;100,00;100,00;100,00;100,00;100,00;100,00
20,183;19,608;19,353;19,181;19,1;19,091;100,00;100,00;100,00;100,00;100,00;100,00
20,261;19,517;19,386;19,19;19,118;19,109;100,00;100,00;100,00;100,00;100,00;100,00
20,213;19,467;19,428;19,205;19,143;19,15;100,00;100,00;100,00;100,00;100,00;100,00
20,266;19,598;19,509;19,278;19,202;19,178;100,00;100,00;100,00;100,00;100,00;100,00
20,341;19,549;19,484;19,316;19,228;19,228;100,00;100,00;100,00;100,00;100,00;100,00
20,314;19,631;19,5;19,361;19,234;19,274;100,00;100,00;100,00;100,00;100,00;100,00
20,276;19,835;19,531;19,369;19,306;19,308;100,00;100,00;100,00;100,00;100,00;100,00
20,368;19,891;19,642;19,418;19,434;19,344;100,00;100,00;100,00;100,00;100,00;100,00
20,431;19,704;19,726;19,434;19,471;19,422;100,00;100,00;100,00;100,00;100,00;100,00
20,431;19,867;19,763;19,578;19,537;19,539;100,00;100,00;100,00;100,00;100,00;100,00
20,536;19,956;19,879;19,602;19,611;19,553;100,00;100,00;100,00;100,00;100,00;100,00
20,366;20,086;19,888;19,668;19,715;19,705;100,00;100,00;100,00;100,00;100,00;100,00
20,403;20,177;20,14;19,792;19,956;19,866;100,00;100,00;100,00;100,00;100,00;100,00
20,356;20,213;20,164;19,941;20,03;20,035;100,00;100,00;100,00;100,00;100,00;100,00
20,461;20,34;20,134;19,988;20;20,03;100,00;100,00;100,00;100,00;100,00;100,00
20,557;20,329;20,399;20,059;20,183;20,235;100,00;100,00;100,00;100,00;100,00;100,00
20,532;20,496;20,521;20,244;20,378;20,338;100,00;100,00;100,00;100,00;100,00;100,00
20,647;20,517;20,496;20,3;20,301;20,552;100,00;100,00;100,00;100,00;100,00;100,00
20,629;20,378;20,628;20,409;20,421;20,662;100,00;100,00;100,00;100,00;100,00;100,00
20,699;20,62;20,77;20,563;20,835;20,807;100,00;100,00;100,00;100,00;98,92;99,92
20,893;20,805;20,958;20,634;21,001;21,204;100,00;99,90;100,00;100,00;98,60;98,65
20,804;20,759;20,913;20,933;20,979;21,421;100,00;99,30;100,00;98,82;96,15;95,52
20,982;20,974;21,116;21,108;21,306;21,893;100,00;98,70;99,35;96,32;94,30;86,85
21,029;21,094;21,234;21,305;21,776;22,118;100,00;94,80;99,35;90,77;87,30;85,00
21,119;21,151;21,679;21,648;22,02;22,354;100,00;96,60;89,52;88,65;86,40;83,17
21,156;21,437;21,801;21,905;22,154;22,631;100,00;91,25;93,00;87,72;84,87;80,75
21,207;21,413;21,889;22,005;22,328;23,281;100,00;97,20;90,15;88,65;84,57;82,27
21,259;21,545;22,233;22,179;22,419;23,181;100,00;90,65;87,35;91,40;94,00;89,62
21,343;21,795;22,386;22,222;22,661;23,035;96,40;88,30;90,77;94,17;92,77;90,85
21,36;21,956;22,561;22,491;22,983;23,987;96,07;89,47;91,72;92,02;89,72;85,92
21,522;22,364;22,863;22,77;22,848;23,991;97,95;87,12;88,90;90,77;89,10;85,92
21,652;22,667;23,188;23,116;23,507;24,062;96,70;85,65;83,92;85,60;78,92;81,65
21,838;22,76;23,389;23,603;24,129;24,807;96,07;82,75;80,55;80,77;74,77;76,85
21,96;23,118;23,69;24,209;24,322;25,103;97,65;81,60;78,70;74,22;73,90;71,47
22,099;23,41;24,062;24,323;24,685;26,587;97,02;79,85;77,47;74,22;72,15;68,22
22,391;23,616;24,567;24,553;25,027;25,473;90,52;79,00;74,45;72,75;69,52;70,87
22,495;24;24,475;25,145;26,453;26,845;92,07;76,12;75,65;69,22;64,35;66,17
22,645;23,814;24,617;26,661;29,157;28,821;93,30;79,00;75,35;64,87;60,35;60,10
22,836;24,357;25,285;26,003;26,676;29,771;93,30;76,97;75,35;71,27;74,50;57,52
22,932;24,385;25,58;26,15;28,081;28,837;94,22;81,30;76,87;73,65;70,70;64,72
23,077;24,457;25,939;26,06;28,236;27,392;95,47;82,45;72,62;70,40;66,35;69,70
23,23;24,641;26,646;25,752;27,437;26,764;94,85;83,02;76,27;75,42;66,92;68,22
23,606;24,993;27,005;26,264;28,369;28,636;92,37;81,87;70,22;73,35;66,05;60,37
23,854;25,609;27,182;26,86;28,254;28,43;90,52;78,70;71,12;67,20;62,90;58,95
23,785;25,777;27,42;26,233;28,513;28,048;92,07;77,85;68,72;73,65;66,05;61,55
23,883;26,206;28,475;27,004;28,96;29,83;89,30;72,42;62,80;66,02;58,65;54,40
24,219;26,028;27,803;27,259;29,859;28,681;88,70;73,27;66,35;65,45;55,00;56,37
24,893;27,126;28,665;27,194;28,744;28,408;85,02;70,75;62,52;66,60;66,05;57,80
24,719;26,332;27,577;27,138;28,776;29,258;86,25;73,27;71,72;65,45;61,47;55,52
25,054;26,404;27,264;27,372;28,783;30,021;86,55;73,57;73,22;61,70;59,50;53,55
26,019;26,55;28,079;27,447;28,697;29,811;83,22;73,57;68,15;61,97;56,40;54,40
26,27;27,647;28,518;27,825;29,314;30,548;80,80;66,80;62,80;62,85;54,42;50,18
26,204;28,254;28,491;27,65;28,694;30,396;84,42;69,05;67,85;68,65;56,40;47,65
26,097;28,032;28,488;28,231;30,45;29,701;81,70;67,92;65,77;56,55;51,65;52,97
25,519;28,65;28,854;28,794;31,041;31,041;82,92;65,42;62,52;57,70;50,83;47,93
25,237;29,36;28,625;29,107;30,072;31,179;85,35;65,42;65,17;61,97;59,77;47,10
25,467;29,415;28,075;29,399;30,012;30,748;83,22;64,30;64,57;55,70;55,27;47,10
28,087;28,549;28,373;29,11;32,103;31,203;74,25;64,30;59,87;57,70;47,23;47,65
29,119;28,977;28,059;29,506;31,237;30,372;69,52;64,30;68,15;55,42;50,53;50,73
29,822;29,096;28,292;29,558;30,183;30,132;67,17;65,15;66,35;63,42;52,47;53,82
27,624;28,279;28,802;29,707;30,592;30,828;73,95;69,60;63,40;54,85;53,60;49,05
27,27;28,348;28,87;30,13;29,766;30,279;79,00;71,30;60,17;54,57;54,42;52,70
27,095;28,309;28,999;29,977;30,603;31,172;79,30;68,50;59,00;54,30;58,07;49,60
27,16;28,314;28,968;30,253;30,526;30,694;80,50;68,77;59,30;55,15;55,55;51,85
26,278;28,5;28,996;29,479;30,441;31,609;85,95;69,60;64,57;56,27;52,47;49,60
27,064;28,672;29,167;30,304;31,036;31,362;82,62;68,20;67,55;54,85;52,20;51,58
27,515;28,717;29,663;30,375;30,906;31,653;79,30;73,00;56,67;53,72;50,53;48,20
27,237;28,977;30,308;30,608;30,956;31,819;80,50;62,92;59,87;52,33;50,25;49,60
27,315;29,504;30,765;31,243;31,022;32,305;82,62;68,50;54,37;51,48;52,47;46,55
27,022;28,637;30,474;30,253;31,158;33,229;87,47;68,50;55,82;55,42;49,15;44,05
26,917;29,545;30,425;30,64;31,858;33,354;81,70;58,52;54,37;51,20;51,10;44,60
27,135;30,143;29,542;30,796;32,144;32,944;83,52;65,70;67,85;51,78;49,15;45,43
27,506;29,29;29,986;30,665;32,74;33,414;80,50;70,45;56,97;51,20;46,68;42,95
27,433;29,441;30,058;31,006;32,801;33,063;84,72;66,25;63,40;50,65;46,95;47,10
27,299;29,528;30,431;31,323;32,113;33,093;85,65;69,32;56,67;50,93;47,78;44,88
27,244;29,425;30,825;31,3;32,758;33,576;81,40;69,32;52,08;52,90;46,40;43,50
27,171;31,575;31,054;31,566;32,859;32,686;85,95;60,72;52,08;51,20;49,70;45,98
27,279;29,943;30,559;30,841;33,246;33,487;86,55;62,65;58,12;56,00;46,40;42,95
27,708;29,637;31,099;31,456;32,226;33,708;80,80;67,65;58,12;48,98;49,70;42,95
27,389;29,895;31,036;31,902;32,775;33,511;88,37;65,15;57,27;50,08;46,95;44,33
26,926;29,525;30,968;31,584;32,143;33,231;89,30;73,85;54,95;55,42;48,60;45,70
26,807;30,021;31,111;31,793;32,054;33,481;90,22;65,97;52,95;50,08;49,15;44,88
26,888;29,908;31,36;32,031;32,653;33,462;87,77;62,92;55,82;50,08;48,88;44,05
26,991;29,558;31,679;32,313;32,238;33,056;87,47;70,75;56,97;49,25;48,60;45,43
27,09;29,86;31,632;32,476;32,47;33,852;89,60;69,60;59,87;48,13;49,70;43,23
26,704;29,867;31,101;32,128;32,577;34,101;92,37;70,75;57,27;53,72;47,78;43,23
26,885;29,499;30,865;32,244;33,309;33,736;90,22;65,97;58,42;49,53;44,78;41,85
26,633;29,461;30,799;32,547;33,531;32,891;92,37;69,05;57,27;47,03;43,40;42,13
26,696;29,671;30,577;32,338;33,284;34,171;93,00;71,87;59,60;47,30;45,85;41,03
26,883;29,892;30,717;32,671;33,304;34,723;91,75;66,52;62,52;46,48;45,05;40,23
26,807;29,544;30,261;32,771;33,592;34,082;93,30;73,57;60,75;47,58;45,33;41,30
26,75;29,295;30,202;31,581;32,417;33,968;93,00;69,60;61,92;54,85;48,33;39,40
26,777;29,202;30,205;32,302;33,201;33,342;90,52;70,45;66,35;44,55;42,60;42,40
26,761;28,957;30,466;32,358;33,392;33,653;91,45;74,42;58,42;45,93;40,43;42,68
26,755;29,365;30,204;32,304;33,076;33,512;92,67;71,02;62,52;50,93;43,13;41,30
26,609;29,195;30,772;32,73;33,272;33,542;92,67;71,30;53,22;47,03;45,85;41,58
26,562;29,048;30,801;32,335;32,809;32,957;93,60;71,57;59,30;49,25;45,58;44,05
26,733;29,399;30,324;32,386;33,246;33,835;93,00;71,30;62,22;51,48;43,95;40,48
26,485;29,233;30,096;32,217;32,857;34,129;94,22;75,55;66,95;47,30;43,68;40,75
26,287;28,793;29,819;31,448;32,638;32,73;95,47;73,00;70,52;57,97;43,13;42,68
26,284;28,513;29,706;31,607;32,565;33,093;95,15;77,27;73,85;49,80;48,05;43,50
26,124;28,309;29,303;31,446;32,401;32,866;95,47;78,42;74,45;48,98;47,78;45,98
26,141;28,455;29,715;30,469;31,806;32,712;96,07;78,42;73,55;66,60;55,27;44,05
26,098;28,095;29,701;30,649;30,781;32,654;95,15;79,57;72,32;65,15;56,95;53,55
26,034;27,995;28,903;30,386;31,736;32,704;95,15;78,42;72,32;69,82;60,35;47,65
25,993;27,781;28,753;29,927;32,051;32,582;93,92;74,12;73,85;67,47;59,77;52,13
25,96;27,812;28,848;30,14;32,364;32,315;93,30;78,12;74,75;66,02;51,38;49,60
25,765;27,643;28,399;30,873;31,796;31,829;94,85;76,42;75,05;56,55;59,50;55,52
25,826;27,273;28,446;29,929;30,16;31,141;90,82;79,85;74,15;69,22;65,47;64,45
25,702;27,155;28,112;29,879;29,658;31,324;93,92;81,60;76,27;69,22;69,52;61,55
25,641;27,371;28,301;30,667;29,851;30,751;96,40;76,42;73,22;64,00;66,05;62,12
25,546;27,365;28,068;30,545;29,457;30,226;96,70;79,57;75,35;64,57;63,20;62,12
25,455;27,352;28,009;30,05;29,426;30,002;96,70;79,85;73,85;63,15;65,47;63,27
25,426;26,956;27,546;29,01;28,974;30,12;97,02;80,42;77,47;67,20;70,40;62,70
25,256;26,727;27,487;28,645;29,355;29,951;97,32;81,60;78,40;71,87;63,20;65,02
25,109;26,616;27,369;28,728;28,963;29,899;97,02;81,00;71,72;66,32;66,35;61,55
25,051;26,501;27,247;28,395;28,61;29,468;97,65;83,90;76,87;67,47;63,77;62,40
24,942;26,014;26,74;28,012;28,84;29,49;97,95;87,12;79,62;72,45;66,05;66,17
24,822;25,852;26,696;27,769;28,452;28,946;97,02;86,52;76,87;72,45;69,82;68,82
24,738;25,78;26,547;27,789;27,797;28,736;97,32;86,52;80,85;71,87;72,15;68,52
24,609;25,453;26,17;27,239;27,126;28,519;96,70;87,42;81,77;76,60;75,37;70,30
24,514;25,231;25,787;27,217;27,183;28,315;97,32;89,47;84,25;75,12;73,32;70,60
24,385;25,018;25,647;26,895;26,892;27,795;97,02;88,60;85,47;77,20;75,37;71,77
24,265;24,705;25,159;26,492;26,829;27,59;97,95;90,65;86,72;80,47;75,67;70,60
24,165;24,67;25,129;26,865;26,415;27,222;98,57;91,55;87,97;77,20;73,32;71,47
24,012;24,402;24,681;26,18;26,207;26,897;98,90;91,82;91,10;77,20;73,90;70,60
23,945;24,259;24,372;25,777;26,278;26,724;99,20;93,32;92,05;81,67;72,45;70,00
23,86;24,104;24,284;25,567;25,925;26,582;98,27;90,95;90,77;78,10;74,50;70,30
23,801;23,987;24,015;25,197;25,8;26,189;99,52;90,95;94,25;80,77;73,32;71,47
23,704;23,847;23,92;25,237;25,775;26,155;99,52;93,92;93,00;77,20;71,85;70,00
23,558;23,973;24,478;25,235;25,494;25,688;98,27;85,37;82,37;75,70;71,85;74,15
23,505;23,788;24,053;25,06;25,441;25,732;98,90;92,72;88,60;76,60;71,57;70,60
23,398;23,719;24,389;24,986;25,223;25,413;97,65;88,00;80,55;75,42;71,85;71,77
23,398;23,892;24,206;25,091;25,022;25,209;97,65;86,25;83,62;73,35;73,02;71,77
23,328;23,655;24,076;24,472;24,423;24,797;99,20;86,82;82,07;77,80;76,85;74,75
23,238;23,755;23,973;24,36;24,564;24,485;96,70;85,65;83,30;78,40;74,50;76,25
23,098;23,395;23,776;24,148;24,008;24,478;98,57;88,30;83,30;77,80;80,10;75,65
23,05;23,496;23,866;23,907;23,767;23,997;95,77;83,32;82,37;81,37;81,30;79,85
23,028;23,538;23,692;23,767;23,933;23,82;92,37;82,17;81,45;79,87;75,95;80,15
22,901;23,377;23,649;23,615;23,507;23,642;93,30;82,17;79,62;80,77;80,70;80,75
22,839;23,331;23,553;23,511;23,57;23,496;93,92;81,60;80,85;80,77;77,42;80,45
22,741;23,166;23,296;23,564;23,558;23,54;94,22;83,02;81,77;77,50;77,42;75,95
22,645;22,94;23,049;23,444;23,233;23,444;93,92;82,17;82,37;75,42;76,55;75,05
22,558;22,835;23,091;23,025;22,905;23,151;93,60;83,02;81,77;81,97;82,20;80,75
22,503;22,802;22,952;22,958;22,69;22,902;93,30;83,02;83,30;80,47;82,50;81,65
22,446;22,687;22,788;22,717;22,781;22,726;94,22;83,62;83,92;83,50;80,40;81,65
22,366;22,57;22,706;22,669;22,616;22,72;94,85;84,77;84,55;82,57;82,20;81,97
22,294;22,443;22,793;22,539;22,509;22,621;95,47;85,65;82,37;83,20;82,50;82,87
22,2;22,421;22,563;22,679;22,484;22,576;96,40;87,42;84,85;80,17;81,60;81,35
22,149;22,181;22,301;22,504;22,369;22,729;96,07;90,35;86,72;81,37;82,77;79,25
22,067;22,173;22,325;22,275;22,316;22,439;95,77;88,00;86,40;84,10;82,20;80,45
22,081;22,117;22,263;22,218;22,2;22,413;97,32;88,60;86,10;83,80;83,07;81,05
21,963;22,026;22,197;22,251;22,102;22,309;96,40;89,47;86,10;83,20;83,97;82,57
21,948;21,965;22,058;22,02;22,21;22,212;96,40;90,35;87,02;85,30;82,20;82,57
21,862;21,823;21,951;22,184;22,139;22,284;96,40;90,95;87,65;82,87;83,37;82,27
21,795;21,759;21,905;22,084;22,057;22,208;99,20;94,80;89,22;84,40;82,77;82,27
21,773;21,777;21,771;22,085;22,261;22,424;98,90;92,72;90,47;83,50;81,00;79,55
21,743;21,762;21,808;22,097;22,205;22,309;98,57;90,95;90,15;83,20;81,00;81,05
21,747;21,621;21,542;21,85;22,05;22,047;97,02;95,40;95,52;87,42;82,50;82,57
21,663;21,538;21,522;21,807;21,997;21,996;98,57;94,20;94,25;85,90;82,77;82,87
21,642;21,426;21,38;21,874;22,09;22,054;98,90;96,30;96,80;85,30;81,90;82,27
21,597;21,354;21,34;21,765;22,108;22,075;99,52;97,20;96,80;86,52;81,60;81,97
21,468;21,309;21,416;21,761;22,193;22,291;98,90;96,30;95,20;85,30;80,40;81,05
21,514;21,254;21,314;21,82;22,182;22,796;99,82;96,60;93,92;85,60;81,00;77,75
21,496;21,257;21,269;21,921;22,124;22,263;99,20;97,50;96,15;84,10;81,30;80,15
21,429;21,18;21,248;21,681;22,078;22,158;98,90;96,30;94,25;87,12;82,20;81,65
21,452;21,173;21,136;21,828;22,063;22,257;99,52;96,60;95,20;84,70;82,50;80,45
21,401;21,118;21,121;21,838;21,88;22,206;99,52;96,90;97,10;85,00;84,57;80,75
21,36;21,111;21,091;21,652;21,981;22,041;99,20;98,40;97,42;87,12;82,50;82,87
21,366;21,075;21,079;21,758;22,063;22,117;100,00;97,50;94,87;85,60;82,77;80,75
21,293;21,155;21,068;21,779;21,91;23,056;100,00;97,80;97,10;85,60;84,27;74,75
21,263;21,053;21,057;21,767;22,154;23,182;99,82;97,50;96,80;87,12;83,67;75,95
21,309;20,919;21,038;21,588;21,907;22,546;100,00;97,50;94,57;88,05;85,17;80,45
21,205;20,971;21,042;21,706;21,92;22,209;99,52;97,20;95,52;86,22;82,77;81,35
21,199;21,002;21,041;21,805;21,905;22,184;100,00;97,20;97,10;85,00;83,97;81,35
21,18;20,924;21,075;21,403;21,823;22,051;98,90;96,60;95,20;89,57;85,80;84,10
21,194;20,887;20,896;21,406;21,667;22,039;99,20;97,20;97,42;90,17;85,80;83,80
21,189;20,871;20,862;21,74;21,658;22,084;100,00;97,20;98,07;86,52;87,00;82,57
21,127;20,95;20,986;21,652;21,609;21,914;100,00;98,40;96,80;87,42;87,30;84,70
21,109;20,871;20,817;21,403;21,727;22,054;100,00;98,70;98,07;91,70;85,80;82,87
21,106;20,801;20,977;21,303;21,837;22,066;100,00;99,00;96,15;91,70;84,87;84,10
21,085;20,795;20,832;21,434;21,73;22,337;99,52;98,10;97,75;92,02;86,10;83,80
21,134;20,77;20,841;21,311;22,56;21,947;99,20;97,20;99,02;92,02;79,80;85,32
21,1;20,736;20,816;21,336;21,883;22,331;100,00;98,10;99,02;90,17;84,87;82,87
21,124;20,714;20,817;21,37;21,7;22,587;100,00;98,40;98,07;89,87;86,40;80,45
21,154;20,684;20,893;21,355;21,568;21,802;100,00;98,40;96,47;89,87;87,30;85,92
21,133;20,687;20,853;21,493;21,464;21,889;100,00;98,40;98,37;88,95;88,50;84,70
21,097;20,724;20,794;21,406;21,655;21,78;100,00;98,40;98,70;89,87;86,40;85,62
21,149;20,688;20,808;21,208;21,346;21,667;100,00;98,70;98,37;92,32;89,10;87,45
20,999;20,734;20,916;21,231;22,41;21,554;100,00;98,40;96,80;91,10;82,20;86,85
20,973;20,722;21,075;21,094;21,502;21,698;100,00;97,80;94,57;92,62;87,60;86,55
21,134;20,743;20,85;21,373;21,237;21,968;100,00;98,10;96,80;88,95;90,02;85,00
21,041;20,728;20,776;21,069;21,185;21,464;100,00;99,00;97,75;92,62;90,02;89,00
20,936;20,66;20,702;21,091;21,32;21,434;100,00;99,00;99,02;92,62;89,42;88,37
20,971;20,616;20,641;21,099;21,265;21,642;100,00;99,30;99,67;92,02;89,42;86,85
20,952;20,579;20,557;20,988;21,407;21,424;100,00;98,70;99,97;93,55;89,10;88,37
20,993;20,545;20,561;20,903;21,097;21,453;100,00;99,90;99,97;94,17;91,25;88,70
20,916;20,585;20,572;21,323;21,755;21,608;100,00;99,60;100,00;90,17;87,00;86,85
20,953;20,541;20,443;20,832;21,413;21,939;100,00;99,60;100,00;96,65;91,55;85,62
20,884;20,474;20,828;20,876;21,265;21,535;100,00;100,00;98,37;94,17;89,72;87,77
20,838;20,538;20,56;20,866;22,09;21,728;100,00;100,00;99,97;95,40;85,80;88,37
20,925;20,455;20,424;20,865;20,988;21,822;100,00;99,00;100,00;94,47;92,77;87,45
20,872;20,53;20,575;20,857;21,047;21,837;100,00;100,00;99,67;95,10;93,07;86,22
20,882;20,665;20,656;21,001;21,199;21,251;100,00;95,10;99,97;92,02;89,10;89,30
20,903;20,328;20,326;21,047;20,745;21,186;100,00;98,10;99,67;92,02;94,30;89,30
20,757;20,304;20,242;20,443;20,341;20,53;100,00;99,60;100,00;96,32;96,15;95,52
20,799;20,266;20,218;20,496;20,362;20,487;100,00;99,60;100,00;95,10;95,82;94,90
20,759;20,173;20,137;20,233;20,174;20,452;100,00;99,60;100,00;97,57;97,37;95,20
20,631;20,199;20,131;20,049;20,155;20,092;100,00;99,60;100,00;99,12;97,37;98,35
20,589;20,158;20,114;20,03;20,22;20,165;100,00;99,00;100,00;99,12;95,52;96,77
20,74;20,053;19,991;20,05;20,038;20,205;100,00;100,00;100,00;98,50;97,37;96,45
20,526;20,115;20,077;20,062;20,249;20,071;100,00;100,00;100,00;98,20;96,45;97,07
20,651;20,142;19,99;20,003;20,105;20,328;100,00;100,00;100,00;99,12;97,07;95,82
20,603;20,041;20,165;19,973;20,4;20,241;100,00;100,00;100,00;98,82;95,22;96,45
20,588;20,096;20,094;20,112;20,375;20,393;100,00;100,00;100,00;98,50;94,90;95,52
20,643;20,041;19,978;20,183;20,39;20,471;100,00;100,00;100,00;98,82;95,82;94,57
20,629;20,109;20,013;20,198;20,439;20,918;100,00;100,00;100,00;97,87;95,52;90,55
20,617;20,097;20;20,118;20,353;20,649;100,00;100,00;100,00;98,20;95,82;93,02
20,487;20,112;20,146;20,154;20,56;20,563;100,00;100,00;100,00;97,57;94,00;93,65
20,422;20,081;20,056;20,176;20,541;20,409;100,00;100,00;100,00;98,50;95,52;96,15
20,502;20,156;20,002;20,106;20,227;20,72;100,00;100,00;100,00;99,45;98,00;93,02
20,468;19,985;20,171;20,052;20,394;20,511;100,00;100,00;100,00;99,45;94,90;93,65
20,554;19,988;20,058;20,12;20,072;20,409;100,00;100,00;100,00;99,75;98,00;96,77
20,49;20,081;19,944;20,052;20,004;20,208;100,00;100,00;100,00;99,45;98,60;97,40
20,433;19,923;19,904;20,041;19,976;20,093;100,00;100,00;100,00;99,12;98,30;97,70
20,433;19,791;19,724;19,858;19,717;20,069;100,00;100,00;100,00;100,00;100,00;97,40
20,424;19,786;19,621;19,715;19,943;19,867;100,00;100,00;100,00;100,00;98,00;98,97
20,292;19,686;19,548;19,64;19,605;19,94;100,00;100,00;100,00;100,00;100,00;98,35
20,399;19,606;19,486;19,443;19,531;19,679;100,00;100,00;100,00;100,00;100,00;100,00
20,279;19,465;19,461;19,356;19,358;19,533;100,00;100,00;100,00;100,00;100,00;100,00
20,21;19,522;19,428;19,337;19,283;19,411;100,00;100,00;100,00;100,00;100,00;100,00
20,242;19,437;19,5;19,347;19,433;19,381;100,00;100,00;100,00;100,00;100,00;100,00
20,267;19,355;19,327;19,327;19,277;19,366;100,00;100,00;100,00;100,00;100,00;100,00
20,115;19,359;19,403;19,328;19,406;19,411;100,00;100,00;100,00;100,00;100,00;100,00
20,143;19,377;19,312;19,449;19,449;19,645;100,00;100,00;100,00;100,00;100,00;98,97
19,999;19,406;19,319;19,365;19,343;19,531;100,00;100,00;100,00;100,00;100,00;100,00
20,102;19,374;19,397;19,271;19,614;19,341;100,00;100,00;100,00;100,00;98,00;100,00
19,962;19,447;19,505;19,399;19,82;19,437;100,00;100,00;100,00;100,00;96,45;100,00
19,99;19,461;19,537;19,515;19,742;19,841;100,00;100,00;100,00;100,00;97,37;97,70
20,099;19,497;19,431;19,586;19,748;19,922;100,00;100,00;100,00;100,00;97,67;96,45
19,943;19,603;19,531;19,646;19,764;19,947;100,00;100,00;100,00;99,75;98,92;96,77
19,937;19,52;19,702;19,662;19,854;20,125;100,00;100,00;100,00;100,00;97,37;95,82
19,963;19,565;19,427;19,813;20,121;20,592;100,00;100,00;100,00;98,82;96,45;93,02
20,04;19,515;19,399;19,475;19,842;20,868;100,00;100,00;100,00;100,00;98,00;87,45
19,982;19,567;19,509;19,599;20,084;20,252;100,00;100,00;100,00;100,00;95,22;94,90
20,139;19,514;19,422;19,661;19,652;19,963;100,00;100,00;100,00;100,00;98,92;97,40
20,162;19,552;19,527;19,746;20,168;20,096;100,00;100,00;100,00;99,12;94,30;95,82
19,972;19,49;19,386;19,687;19,771;20,267;100,00;100,00;100,00;99,45;97,67;92,70
20,041;19,359;19,468;19,461;19,822;20,068;100,00;100,00;100,00;100,00;95,82;95,20
20,027;19,478;19,578;19,618;19,864;19,797;100,00;100,00;100,00;99,12;95,22;96,45
20,087;19,34;19,414;19,587;19,509;19,914;100,00;100,00;100,00;98,82;98,92;95,20
20,077;19,302;19,235;19,602;19,537;19,833;100,00;100,00;100,00;97,27;98,60;94,90
19,895;19,268;19,163;19,253;19,811;19,556;100,00;100,00;100,00;100,00;94,60;97,07
19,836;19,222;19,215;19,194;19,185;19,371;100,00;100,00;100,00;100,00;99,85;99,27
19,917;19,157;19,11;19,205;19,116;19,424;100,00;100,00;100,00;100,00;100,00;98,97
19,898;19,175;19,093;19,144;19,196;19,187;100,00;100,00;100,00;100,00;100,00;100,00
19,999;19,177;18,985;18,962;18,987;19,168;100,00;100,00;100,00;100,00;100,00;100,00
19,892;19,057;18,947;18,947;19,128;19,043;100,00;100,00;100,00;100,00;100,00;100,00
19,736;18,988;18,93;18,891;18,863;19,007;100,00;100,00;100,00;100,00;100,00;100,00
19,752;19,178;18,891;18,868;18,816;18,984;100,00;100,00;100,00;100,00;100,00;100,00
19,704;18,89;18,862;18,759;18,664;18,805;100,00;100,00;100,00;100,00;100,00;100,00
19,674;18,925;18,872;18,758;18,699;18,758;100,00;100,00;100,00;100,00;100,00;100,00
19,702;19,057;18,844;18,766;18,681;18,75;100,00;100,00;100,00;100,00;100,00;100,00
19,568;18,916;18,837;18,734;18,649;18,677;100,00;100,00;100,00;100,00;100,00;100,00
19,645;18,888;18,853;18,722;18,686;18,796;100,00;100,00;100,00;100,00;100,00;100,00
19,553;18,994;18,827;18,712;18,675;18,794;100,00;100,00;100,00;100,00;100,00;100,00
19,5;19,027;18,841;18,733;19,237;18,938;100,00;100,00;100,00;100,00;98,60;100,00
19,589;18,909;18,865;18,781;18,83;19,143;100,00;100,00;100,00;100,00;100,00;100,00
19,431;19,029;18,907;18,856;19,159;19,146;100,00;100,00;100,00;100,00;100,00;100,00
19,615;18,924;18,965;18,827;18,84;18,959;100,00;100,00;100,00;100,00;100,00;100,00
19,549;19,038;18,975;18,874;18,953;18,96;100,00;100,00;100,00;100,00;100,00;100,00
19,571;19,053;18,932;19,028;19,333;19,624;100,00;100,00;100,00;100,00;98,92;97,07
19,693;19,084;18,921;19,054;19,187;20,002;100,00;100,00;100,00;100,00;100,00;91,47
19,559;18,99;18,963;18,881;19,009;19,127;100,00;100,00;100,00;100,00;100,00;100,00
19,642;18,931;18,85;18,99;18,994;19,079;100,00;100,00;100,00;100,00;100,00;99,92
19,633;18,872;18,799;18,824;18,918;19,093;100,00;100,00;100,00;100,00;100,00;99,27
19,598;18,794;18,802;18,827;18,853;19,121;100,00;100,00;100,00;100,00;100,00;98,97
19,63;18,891;18,813;18,893;18,896;19,109;100,00;100,00;100,00;100,00;100,00;99,27
19,559;18,906;18,818;18,89;18,852;18,996;100,00;100,00;100,00;100,00;100,00;100,00
19,575;18,846;18,781;18,89;18,84;18,959;100,00;100,00;100,00;100,00;100,00;100,00
19,595;18,761;18,793;18,927;18,891;19,074;100,00;100,00;100,00;100,00;100,00;98,97
19,506;18,784;18,844;18,977;19,068;19,808;100,00;100,00;100,00;100,00;98,92;94,57
19,522;18,737;18,756;18,874;18,85;19,093;100,00;100,00;100,00;100,00;100,00;99,27
19,549;18,816;18,664;19,077;18,852;19,005;100,00;100,00;100,00;99,12;100,00;98,97
19,459;18,784;18,668;18,65;18,618;18,744;100,00;100,00;100,00;100,00;100,00;100,00
19,477;18,777;18,642;18,677;18,722;18,813;100,00;100,00;100,00;100,00;100,00;100,00
19,531;18,855;18,678;18,564;18,568;18,731;100,00;100,00;100,00;100,00;100,00;100,00
19,465;18,78;18,583;18,561;18,665;18,705;100,00;100,00;100,00;100,00;100,00;100,00
19,458;18,855;18,63;18,603;18,706;18,791;100,00;100,00;100,00;100,00;100,00;100,00
19,525;18,753;18,697;18,624;18,686;19,191;100,00;100,00;100,00;100,00;100,00;99,92
19,49;18,809;18,672;18,75;18,759;18,972;100,00;100,00;100,00;100,00;100,00;99,60
19,55;18,924;18,766;18,653;19,078;18,793;100,00;100,00;100,00;100,00;97,37;100,00
19,584;18,8;18,805;18,808;18,885;19,024;100,00;100,00;100,00;100,00;100,00;100,00
19,534;18,885;18,931;18,716;18,919;18,919;100,00;100,00;100,00;100,00;100,00;100,00
19,534;19,065;18,955;19,002;19,013;19,121;100,00;100,00;100,00;100,00;100,00;99,60
19,542;19,102;19,021;19,031;19,221;19,813;100,00;100,00;100,00;100,00;99,22;95,82
19,665;19,093;19,041;19,135;19,895;19,577;100,00;100,00;100,00;100,00;93,07;96,77
19,568;18,841;18,878;19,175;19,285;19,213;100,00;100,00;100,00;100,00;99,22;100,00
19,553;18,871;18,996;19,29;19,811;19,144;100,00;100,00;100,00;100,00;94,90;100,00
19,621;18,981;19,118;19,319;19,9;19,717;100,00;100,00;100,00;100,00;95,52;93,95
19,655;19,022;19,213;19,565;21,078;20,617;100,00;100,00;100,00;99,12;84,87;86,22
19,693;19,162;19,85;20,03;21,508;20,61;100,00;100,00;100,00;96,95;81,00;91,15
19,845;19,592;20,964;21,1;21,704;21,571;100,00;96,00;99,02;87,12;80,10;80,75
20,015;19,867;21,712;21,874;22,126;22,05;100,00;93,32;93,00;79,57;76,55;78,35
20,137;19,783;21,516;21,904;21,919;22,202;100,00;99,00;87,65;80,17;79,50;77,45
20,275;20,111;22,133;22,219;22,202;22,395;100,00;98,40;79,62;77,50;77,15;75,95
20,378;20,674;22,51;22,466;22,463;22,573;100,00;90,95;77,77;76,00;75,67;75,05
20,601;21,41;22,14;22,522;22,66;22,685;97,95;78,42;86,40;75,70;74,50;74,15
20,656;21,287;22,584;22,522;22,697;22,738;99,52;81,60;77,17;76,60;74,20;74,75
20,822;22,539;22,854;22,818;22,818;22,949;96,70;76,12;76,87;74,52;73,60;73,25
20,786;22,045;22,712;22,794;22,893;22,92;97,32;81,00;79,62;75,70;73,60;74,15
20,912;22,339;22,797;23,041;23,122;23,149;97,95;78,70;77,17;73,65;72,45;73,55
20,999;22,333;22,546;22,925;23,146;23,263;99,20;83,32;80,55;76,00;72,72;72,67
21,208;22,579;23,118;23,164;23,241;23,337;96,07;78,12;75,35;72,75;71,85;72,37
21,171;22,278;22,802;23,398;23,386;23,78;96,40;81,00;78,70;72,45;71,57;71,47
21,334;22,705;23,065;23,038;23,69;23,761;97,32;80,15;75,65;75,70;70,40;71,17
21,496;23,013;23,1;23,631;23,851;24,05;95,15;76,70;76,57;72,17;69,82;70,30
21,612;23,184;23,371;23,498;23,779;24,139;92,37;76,12;75,65;76,90;74,77;70,00
21,807;23,468;23,442;23,804;24,429;24,277;93,60;75,55;76,57;71,57;69,82;69,40
21,96;23,468;24,15;24,33;24,401;24,532;87,77;73,57;70,22;70,10;66,92;68,22
22,213;24,074;24,476;24,493;24,535;25,06;87,17;70,17;69,62;67,77;66,92;67,07
22,276;24,352;24,609;25,199;25,416;26,092;88,70;69,90;67,85;66,02;63,47;63,57
22,31;24,505;24,845;25,132;26,206;25,421;90,52;67,65;67,55;64,00;60,92;64,45
22,599;24,747;24,974;25,398;26,421;26,029;84,12;67,10;67,55;64,30;60,35;63,57
22,976;24,613;25,126;27,093;27,747;26,875;83,22;68,20;67,85;59,12;56,95;61,82
22,964;24,775;25,31;27,205;28,311;28,389;83,52;67,65;67,25;63,15;60,05;60,67
22,917;24,84;26,462;27,683;29,012;28,691;88,37;69,60;63,10;60,85;56,10;57,22
23,188;25,098;26,902;28,65;29,186;28,204;83,22;68,20;62,52;56,85;54,42;58,37
23,486;25,302;27,89;27,242;28,566;29,393;81,10;66,52;58,72;63,72;58,92;54,67
23,489;25,725;27,907;28,153;28,879;30,149;81,70;68,20;60,17;59,70;57,52;51,85
23,869;26,058;28,779;28,112;28,01;30,133;82,30;65,15;58,72;60,55;57,80;50,45
23,738;25,818;28,214;29,439;28,599;30,777;85,02;65,70;57,55;53,72;54,15;48,78
23,643;26,137;29,649;28,716;28,526;30,627;84,42;65,15;54,37;54,30;55,82;48,48
23,75;26,507;29,295;28,889;29,902;30,667;84,42;62,92;57,85;56,55;53,02;51,58
24,138;26,418;30,396;28,477;28,673;30,088;83,22;67,37;54,10;60,27;57,22;55,52
24,343;27,045;30,17;28,777;29,669;29,758;84,12;64,02;56,67;61,12;55,55;54,67
24,454;26,626;30,047;28,73;30,593;29,558;82,30;65,70;56,67;58,82;55,00;54,67
24,631;26,974;29,404;28,879;30,828;29,781;84,12;67,65;59,87;61,12;54,15;57,52
25,789;27,106;29,032;28,648;30,17;30,506;81,40;68,20;57,55;61,40;52,75;53,25
26,854;27,161;29,232;28,733;28,979;32,348;79,30;70,75;61,92;63,72;63,77;46,83
27,641;28,643;30,425;28,949;30,285;31,137;77,50;65,70;59,87;58,27;55,27;50,73
26,552;28,678;30,172;28,731;29,733;31,078;79,90;68,20;56,10;60,27;57,80;50,73
25,885;28,57;29,822;28,961;29,585;31,453;84,42;71,87;57,27;58,82;54,70;48,78
25,485;28,713;29,606;29,05;30,261;31,324;87,77;69,05;55,25;57,12;54,15;50,18
26,721;28,356;29,631;29,544;29,897;30,881;81,40;68,50;56,97;55,70;56,10;49,88
29,2;29,001;29,091;29,564;30,362;30,566;74,52;67,37;58,42;57,42;56,67;54,10
29,838;28,883;29,047;29,452;30,023;31,256;71,00;73,00;59,87;57,97;59,77;52,70
30,399;28,673;28,461;29,746;31,49;31,308;68,92;69,90;65,77;57,97;55,82;53,55
28,289;28,258;29,05;29,789;30,818;30,822;76,92;72,42;61,65;57,97;54,42;54,10
27,747;27,801;28,993;29,835;30,885;31,052;81,70;72,72;60,47;57,12;55,27;52,70
27,382;28,031;29,781;30,012;30,431;31,75;82,00;68,50;57,55;56,00;56,10;50,45
27,629;28,939;29,876;30,28;31,579;31,752;81,40;66,80;59,00;57,12;53,87;51,28
27,312;28,689;29,458;30,055;30,781;32,944;83,52;70,75;66,05;56,27;55,82;48,48
27,228;29,637;29,926;30,545;31,894;33,649;84,12;64,57;58,12;54,57;53,32;46,25
27,23;29,591;30,301;30,58;31,211;32,443;83,82;66,25;59,00;55,42;56,67;49,60
27,335;29,357;30,788;30,612;31,091;32,185;83,82;69,05;57,55;55,42;57,22;50,73
27,638;29,501;30,986;30,793;30,917;32,644;83,22;71,57;55,25;56,27;55,27;49,88
27,565;30,192;31,311;31,214;31,772;33,813;84,42;67,92;53,80;55,42;52,20;46,83
27,174;30,474;31,459;31,375;31,698;34,015;85,95;65,15;59,60;54,30;53,60;46,25
27,302;29,657;30,542;31,044;31,979;33,251;87,77;69,60;57,55;52,90;53,32;47,65
27,436;29,782;30,897;31,492;32,468;33,461;86,85;69,60;55,25;53,72;50,83;47,38
27,808;29,72;30,909;31,607;32,305;33,202;84,72;68,20;57,27;52,90;51,10;48,20
27,492;30,055;30,786;31,674;32,677;33,792;87,17;67,37;64,27;53,45;50,53;47,38
27,382;30,37;31,605;31,601;32,289;33,99;87,47;68,20;54,95;54,85;52,20;47,10
27,654;31,033;31,009;32,512;33,158;34,355;85,35;61,55;62,52;53,45;49,15;45,43
27,663;30,18;32,371;32,005;32,738;35,048;87,17;68,77;52,38;52,60;50,25;44,33
27,619;29,875;32,085;32,069;32,867;34,352;88,37;70,17;53,52;51,48;50,25;45,98
27,335;29,809;31,871;32,272;32,76;34,059;88,70;66,80;52,38;50,38;49,15;45,43
27,245;30,018;31,453;32,397;32,829;33,84;88,37;63,47;55,25;48,98;48,33;45,43
27,312;30,3;31,586;32,445;32,705;34,079;88,70;67,37;54,95;52,90;48,33;45,15
27,571;31,256;31,428;32,341;33,259;34,817;85,65;56,07;59,87;50,93;47,23;41,85
27,784;29,937;32,335;32,611;33,011;34,694;86,25;71,87;50,08;50,38;48,33;41,85
27,741;30,601;32,57;32,803;33,212;35,545;86,55;61,27;49,23;46,75;45,58;39,95
27,51;30,426;31,904;32,857;32,992;35,047;87,77;67,92;54,10;48,13;45,05;41,30
27,312;30,514;32,545;33,537;33,296;34,946;89,00;65,15;50,95;46,75;45,33;40,23
27,354;30,095;32,359;32,826;32,953;35,026;88,07;69,32;50,95;46,75;48,05;41,85
26,929;30,346;31,448;33,342;33,847;35,326;90,82;58,25;58,12;46,75;44,50;42,68
26,649;30,356;31,5;33,053;35,178;35,838;92,37;71,02;54,95;50,93;41,25;40,75
26,541;30,29;31,685;33,546;35,384;35,947;92,67;71,57;54,95;42,90;45,85;36,70
26,484;30,252;30,543;32,71;33,502;35,642;93,60;70,75;67,25;51,48;46,68;38,58
26,544;29,838;31,401;33,151;34,467;34,943;93,00;70,45;58,42;45,10;41,25;39,68
26,559;30,466;32,017;33,252;34,939;35,154;93,30;66,52;48,68;48,13;39,90;39,68
26,579;30,221;32,015;33,289;33,855;35,279;93,00;67,37;51,23;44,83;44,50;39,13
26,553;30,625;31,093;33,777;34,767;35,547;92,37;67,37;65,77;43,73;42,05;38,30
26,498;29,93;30,719;33,181;33,844;35,074;93,00;73,27;65,17;50,65;48,05;43,23
26,441;29,649;30,91;32,96;33,367;35,331;93,60;72,42;65,77;50,65;50,25;43,78
26,422;29,647;30,812;32,776;34,119;35,142;94,22;71,57;66,05;50,93;49,15;44,33
26,375;29,224;30,388;32,126;34,128;34,905;94,22;74,42;70,82;56,85;46,68;42,13
26,286;29,045;30,124;31,866;33,229;35,678;94,52;76,42;69,92;57,97;52,47;43,50
26,289;29,07;29,962;31,529;32,323;34,96;94,85;77,55;73,22;59,12;56,95;44,88
26,193;28,829;29,636;30,711;31,858;35,279;94,85;78,12;75,65;69,82;62,32;49,88
26,141;28,761;29,437;30,847;31,61;34,914;95,77;79,57;74,75;66,60;63,77;45,98
26,101;28,483;29,342;30,344;30,901;34,303;96,07;80,42;74,15;70,10;68,07;52,40
26,042;28,348;29,314;29,996;30,841;33,586;96,07;80,42;74,75;69,52;65,20;57,22
25,991;28,301;29,62;30,221;31,036;32,849;96,07;77,85;72,92;66,60;62,62;57,22
25,933;28,176;29,171;31,459;31,094;32,458;96,40;81,00;73,85;61,70;64,05;60,37
25,885;28,173;29,276;31,061;30,944;32,544;96,40;78,42;73,85;61,12;64,05;56,67
25,835;28,045;29,051;30,261;30,441;31,786;96,40;80,42;74,75;69,52;66,35;62,12
25,772;28,007;28,549;31,654;30,579;32,033;96,70;81,30;75,95;65,45;67,22;61,25
25,68;27,692;28,642;30,409;30,276;31,666;97,02;83,32;77,77;68,65;67,80;64,15
25,584;27,762;28,683;30,711;30,175;31,609;97,32;82,75;77,77;67,20;69,52;61,55
25,499;27,641;28,54;29,712;29,852;31,676;97,65;82,75;78,40;69,52;67,50;61,82
25,451;27,424;28,356;29,544;29,926;31,316;97,95;83,90;79,32;72,17;67,50;62,97
25,374;27,213;28,153;29,483;29,806;31,397;98,27;83,90;78,70;71,87;68,07;62,97
25,276;27,044;27,893;28,771;29,111;30,972;98,27;85,37;80,22;75,70;71,57;65,02
25,208;26,937;27,563;28,771;29,066;30,516;98,57;85,65;81,77;72,45;72,72;62,70
25,132;26,795;27,447;28,881;28,857;30,076;98,90;85,37;81,45;73,05;69,25;67,35
25,024;26,515;26,851;27,822;28,618;29,838;99,20;86,25;82,07;78,70;73,60;66,47
24,925;26,279;27,05;27,875;28,04;29,712;99,52;87,42;82,70;76,90;75,37;66,77
24,899;26,226;26,875;27,669;27,797;29,547;99,82;87,70;83,92;79,27;77,15;68,52
24,851;26,003;26,675;28,11;28,054;29,069;99,82;86,82;83,62;72,45;72,72;67,95
24,779;25,858;26,452;27,655;27,921;28,278;100,00;88,00;84,85;76,00;73,32;70,30
24,681;25,754;26,226;27,797;27,778;28,319;100,00;88,60;85,80;76,00;73,90;71,47
24,632;25,567;25,999;27,52;27,861;28,377;100,00;88,87;86,72;76,90;73,32;70,00
24,594;25,433;25,821;26,917;27,29;28,212;100,00;91,55;87,65;81,07;74,77;71,47
24,534;25,326;25,615;27,045;27,211;27,425;100,00;91,82;90,15;76,60;74,20;73,25
24,466;25,141;25,523;26,801;27,189;27,366;100,00;91,82;90,15;78,70;73,32;72,95
24,426;25,04;25,299;26,467;26,99;27,445;100,00;93,62;89,85;80,17;74,77;70,87
24,363;24,901;25,091;26,361;26,638;27,233;100,00;92,72;91,72;80,47;78,02;71,17
24,32;24,785;25,179;26,074;26,465;26,655;100,00;93,92;88,90;80,17;76,25;76,55
24,219;24,755;25,224;26,058;26,289;26,84;100,00;93,02;86,72;80,17;77,42;73,25
24,124;24,866;25,497;26,226;26,026;26,418;100,00;89,17;84,55;77,20;78,32;75,05
24,094;24,869;25,191;25,934;25,896;26,293;100,00;88,87;87,02;79,87;78,62;75,35
24,038;24,708;25,057;25,566;25,869;26,037;100,00;89,77;86,40;81,37;79,20;77,75
23,945;24,593;25,104;25,403;25,72;25,827;100,00;90,05;85,47;81,97;78,92;78,05
23,89;24,623;25,208;25,333;25,224;25,751;99,82;88,30;84,55;81,67;81,30;77,75
23,836;24,56;24,998;25,302;25,218;25,406;99,20;89,47;86,10;81,97;81,60;80,45
23,789;24,376;24,819;25,103;25,004;25,193;100,00;90,05;87,02;82,87;83,07;81,97
23,75;24,266;24,758;24,882;24,72;24,922;100,00;90,35;87,35;84,40;84,57;83,47
23,701;24,249;24,65;24,77;24,72;24,814;100,00;90,05;87,65;84,70;84,27;83,80
23,643;24,139;24,407;24,835;24,816;25,012;100,00;90,65;89,22;83,80;82,50;80,75
23,574;24,046;24,296;24,584;24,767;24,945;99,52;90,35;88,90;84,70;82,50;81,05
23,531;23,999;24,389;24,423;24,508;24,541;99,52;90,95;88,27;86,22;84,57;85,00
23,507;23,937;24,074;24,36;24,734;25,004;100,00;90,95;90,47;86,22;82,50;79,85
23,471;23,764;23,969;24,215;24,225;24,606;100,00;92,12;90,47;87,12;86,10;84,10
23,424;23,683;23,916;24,16;24,097;24,581;100,00;92,12;90,77;87,12;86,70;81,05
23,329;23,544;23,89;24,08;24,422;24,246;99,82;93,32;90,77;87,42;84,27;85,32
23,286;23,519;23,914;24,07;24,114;24,497;100,00;93,32;90,47;87,72;85,47;82,57
23,278;23,475;23,773;23,863;24,848;24,212;100,00;93,32;90,77;88,35;78,02;85,00
23,233;23,374;23,618;23,808;24,123;24,964;100,00;93,62;91,42;87,72;83,37;78,05
23,193;23,317;23,504;23,887;23,839;24,355;100,00;94,20;91,72;87,42;86,70;84,10
23,154;23,247;23,448;23,803;24,231;24,327;100,00;93,32;93,00;87,42;83,67;81,05
23,106;23,188;23,401;23,814;24,376;24,602;100,00;93,62;91,42;86,52;81,60;80,75
23,074;23,127;23,352;23,695;24,162;24,215;100,00;94,80;92,05;87,72;83,07;82,87
23,04;23,086;23,253;23,696;23,848;24,381;100,00;94,50;92,35;87,12;84,57;80,45
23,017;23,004;23,146;23,683;23,738;24,094;100,00;94,80;93,00;86,52;85,17;82,27
22,992;22,995;23,317;23,547;24,049;23,951;100,00;95,40;90,77;87,12;82,50;83,17
22,989;22,955;23,322;23,696;23,788;24,469;100,00;96,00;90,77;85,90;84,57;80,75
22,949;22,925;23,145;23,851;24,077;24,861;100,00;95,40;93,00;84,70;82,50;75,95
22,964;22,848;22,893;23,562;23,765;24,112;100,00;96,90;94,87;86,22;83,97;82,27
22,925;22,817;22,844;23,498;23,526;23,747;100,00;96,30;95,82;86,52;85,47;84,10
22,863;22,732;22,759;23,356;23,425;23,853;100,00;97,20;95,52;87,12;85,47;83,17
22,818;22,711;22,738;23,463;23,832;24,056;100,00;96,30;95,52;86,22;82,77;80,15
22,805;22,631;22,773;23,121;24,181;23,622;100,00;96,60;95,52;88,65;79,80;84,70
22,767;22,588;22,554;23,704;23,356;23,963;100,00;99,00;98,07;84,40;86,10;80,45
22,724;22,478;22,479;23,041;23,19;23,459;100,00;98,40;98,07;88,65;86,40;85,00
22,706;22,446;22,375;22,925;23,902;23,621;100,00;98,70;99,02;89,57;80,40;82,57
22,649;22,389;22,293;22,775;23,475;24,508;100,00;99,00;98,37;90,47;85,17;76,55
22,618;22,306;22,252;22,928;23,361;23,621;100,00;98,40;98,70;89,57;86,70;82,87
22,578;22,278;22,494;22,72;23,062;23,214;100,00;96,60;96,47;90,47;85,47;85,00
22,546;22,221;22,491;22,841;23,005;22,892;100,00;97,50;95,82;89,25;86,10;85,92
22,498;22,191;22,407;22,676;22,998;22,605;100,00;98,10;95,82;88,95;85,47;88,07
22,481;22,569;22,669;22,996;23,232;22,851;100,00;89,47;93,62;86,22;83,67;84,40
22,376;22,306;22,492;22,832;22,724;23,149;100,00;97,20;93,92;88,05;89,42;84,70
22,422;22,169;22,154;22,838;23,248;23,284;100,00;98,40;99,02;89,25;83,97;85,32
22,364;22,149;22,106;22,369;23,025;23,107;100,00;98,70;98,07;92,32;84,87;85,00
22,378;22,137;22,14;22,699;22,845;22,971;100,00;99,30;96,15;88,35;86,40;85,62
22,375;22,117;21,968;22,757;23,178;23,275;100,00;100,00;99,67;87,72;83,37;83,47
22,34;21,98;22,058;22,484;23,034;22,85;100,00;98,10;97,75;89,87;84,27;86,55
22,327;21,957;21,975;22,53;23,178;23,011;100,00;98,70;98,37;89,25;83,97;85,32
22,284;21,917;22,047;22,658;23,444;23,085;100,00;97,80;98,07;88,05;81,00;84,10
22,258;21,898;21,858;22,357;22,742;23,046;100,00;100,00;99,02;91,40;86,70;85,32
22,258;21,896;21,838;22,599;22,863;23,492;100,00;99,60;97,42;88,05;85,47;81,35
22,245;21,913;21,816;22,545;23,418;23,737;100,00;100,00;99,35;88,95;81,30;78,35
22,246;21,838;21,779;22,355;23,145;23,26;100,00;98,40;100,00;90,17;84,27;81,05
22,155;21,849;21,658;22,228;22,448;23,032;100,00;99,90;99,67;91,10;88,80;83,80
22,129;21,739;21,731;22,346;22,603;22,95;100,00;99,30;99,35;89,57;87,30;83,47
22,099;21,721;22,005;22,23;22,69;22,907;100,00;99,90;95,20;92,02;85,80;84,40
22,066;21,724;21,773;22,391;22,597;23,194;100,00;99,60;98,07;90,17;87,00;84,10
22,084;21,795;21,648;22,388;22,467;23,013;100,00;99,90;100,00;89,25;87,60;81,97
22,078;21,697;21,695;22,24;23,322;22,702;100,00;99,60;98,70;90,17;79,50;85,32
22,066;21,655;21,646;22,328;23,556;23,633;100,00;100,00;97,75;90,17;79,50;78,95
22,087;21,639;21,756;23,434;23,459;23,711;100,00;99,60;98,70;80,77;80,40;78,35
22,011;21,581;21,499;22,449;23,337;23,637;100,00;100,00;99,67;90,47;82,20;78,65
22,003;21,562;21,55;22,419;22,67;23,489;100,00;99,90;98,07;87,42;86,40;78,95
21,962;21,579;21,49;22,252;22,386;22,869;100,00;100,00;99,35;89,25;87,30;84,10
21,902;21,562;21,435;22,3;22,533;22,999;100,00;100,00;98,37;89,25;86,70;82,27
21,907;21,532;21,575;22,21;22,291;22,931;100,00;100,00;96,47;89,57;88,20;84,10
21,866;21,524;21,499;22,099;22,224;22,959;100,00;100,00;98,70;91,40;87,90;84,70
21,905;21,499;21,489;21,941;22,336;22,466;100,00;100,00;98,07;91,40;87,30;86,85
21,887;21,52;21,47;22,085;22,202;22,982;100,00;100,00;97,10;90,17;89,42;81,35
21,847;21,38;21,327;21,612;22,148;22,744;100,00;100,00;98,37;94,77;88,80;85,32
21,849;21,443;21,297;21,938;22,137;22,476;100,00;100,00;100,00;91,10;89,72;85,92
21,799;21,351;21,516;21,698;22,521;22,255;100,00;99,90;98,07;92,92;85,47;88,07
21,776;21,364;21,473;21,791;22,422;22,663;100,00;99,90;98,70;93,85;86,40;87,45
21,804;21,342;21,523;21,935;22,621;22,342;100,00;99,30;99,35;90,77;84,27;86,55
21,789;21,4;21,299;21,892;22,012;22,83;100,00;100,00;99,35;91,70;89,72;83,47
21,756;21,404;21,291;22,056;22,495;22,869;100,00;100,00;100,00;89,87;86,40;82,27
21,761;21,348;21,275;21,838;22,079;22,53;100,00;100,00;98,07;91,40;88,80;85,00
21,683;21,354;21,329;21,869;21,756;22,136;100,00;100,00;97,42;91,10;90,92;88,70
21,685;21,312;21,195;21,871;22,075;22,923;100,00;100,00;100,00;90,77;89,10;81,35
21,63;21,284;21,422;21,519;21,938;22,219;100,00;100,00;98,07;93,85;89,42;88,37
21,701;21,245;21,208;21,82;21,761;21,932;100,00;100,00;100,00;91,40;90,62;89,62
21,664;21,314;21,185;21,829;22,044;21,913;100,00;100,00;99,02;91,10;89,42;88,07
21,599;21,223;21,237;21,554;21,81;22,463;100,00;100,00;99,02;94,17;90,02;86,55
21,582;21,245;21,108;21,576;21,774;22,358;100,00;100,00;99,35;93,25;90,92;86,22
21,596;21,111;21,084;21,473;21,805;21,895;100,00;100,00;100,00;93,85;90,32;89,30
21,597;21,094;21,054;21,538;22,703;22,859;100,00;100,00;100,00;93,55;83,07;81,97
21,6;21,112;21,127;21,349;21,825;22,27;100,00;100,00;99,67;94,47;89,42;86,55
21,508;21,116;21,111;21,596;21,698;22,169;100,00;100,00;99,67;92,32;90,32;86,22
21,504;21,084;21,183;21,47;21,75;22,066;100,00;100,00;99,02;93,55;90,02;88,37
21,499;21,075;20,945;21,395;21,988;22,136;100,00;100,00;100,00;94,77;88,20;87,77
21,501;21,073;20,964;21,367;21,849;22,322;100,00;100,00;100,00;93,85;90,02;85,00
21,499;21,087;20,974;21,526;22,181;22,998;100,00;100,00;100,00;94,17;87,30;80,45
21,444;21,022;21,167;21,736;21,91;22,797;100,00;100,00;97,75;91,70;88,50;84,40
21,446;21,051;21,05;21,585;21,739;22,042;100,00;100,00;100,00;92,02;90,02;86,85
21,426;21,054;20,897;21,3;22,567;22,137;100,00;100,00;100,00;95,40;84,57;87,15
21,462;21,062;20,899;22,151;21,823;22,676;100,00;100,00;100,00;87,42;89,42;83,47
21,446;21,007;20,986;21,274;21,663;22,325;100,00;100,00;100,00;94,47;90,32;87,15
21,426;21,103;21,171;21,526;22,216;22,419;100,00;98,40;98,37;91,70;87,00;83,17
21,446;21,057;21,063;21,395;21,776;22,709;100,00;100,00;100,00;93,55;89,72;82,87
21,429;21,088;21,036;21,34;21,63;22,152;100,00;100,00;98,07;93,55;90,32;87,45
21,415;21,062;21,204;21,459;21,606;22,015;100,00;100,00;97,75;93,55;90,02;87,77
21,376;21,016;20,988;21,652;21,85;22,721;100,00;100,00;99,35;91,40;90,32;81,65
21,343;20,948;21,09;21,477;21,913;22,648;100,00;100,00;98,37;92,32;88,50;82,27
21,364;20,948;20,924;21,59;22,018;22,37;100,00;100,00;99,35;91,70;89,42;84,40
21,382;20,996;21,186;21,395;21,828;21,874;100,00;100,00;97,75;92,02;88,50;87,45
21,354;20,868;21,008;21,366;21,746;22,304;100,00;100,00;99,97;93,55;90,02;84,10
21,334;20,967;21,275;21,366;21,478;21,84;100,00;100,00;98,07;92,32;90,02;88,37
21,345;20,899;21,575;21,545;22,54;22,418;100,00;100,00;94,57;91,40;82,50;84,10
21,3;20,949;20,922;21,652;21,678;22,576;100,00;100,00;98,07;92,02;89,72;82,27
21,303;20,814;20,896;21,096;21,284;21,636;100,00;99,60;99,97;94,17;92,15;89,92
21,244;20,816;20,962;21,151;21,421;21,56;100,00;98,40;98,07;93,55;90,02;88,37
21,235;20,751;20,718;21,112;21,846;21,462;100,00;100,00;99,67;94,17;87,60;90,55
21,168;20,773;20,646;21,791;22,067;22,452;100,00;100,00;100,00;89,25;88,20;82,27
21,151;20,696;20,785;21,149;21,256;21,66;100,00;100,00;100,00;93,55;91,55;88,70
21,222;20,782;20,677;21,105;21,179;21,242;100,00;100,00;100,00;94,17;92,15;91,47
21,167;20,758;21,014;21,116;21,361;21,256;100,00;100,00;98,37;93,25;90,92;90,55
21,118;20,643;20,754;21,057;21,25;21,688;100,00;100,00;99,97;94,17;91,25;89,00
21,103;20,724;20,754;21,116;21,257;21,486;100,00;100,00;100,00;92,32;91,55;88,37
21,145;20,663;20,65;20,913;21,22;21,182;100,00;100,00;100,00;95,72;90,62;90,22
21,106;20,65;20,795;20,875;21,081;20,909;100,00;100,00;99,02;94,47;91,85;93,65
21,094;20,579;20,526;21,038;20,915;21,401;100,00;100,00;100,00;93,25;94,00;89,92
21,048;20,505;20,388;20,638;20,758;20,906;100,00;100,00;100,00;96,65;94,30;93,32
20,983;20,473;20,374;20,66;20,665;20,688;100,00;100,00;100,00;96,02;94,60;94,90
20,885;20,375;20,402;20,622;20,629;20,77;100,00;100,00;100,00;96,65;96,45;93,32
20,853;20,298;20,247;20,533;20,549;20,567;100,00;100,00;100,00;97,57;96,75;96,15
20,859;20,4;20,207;20,343;20,374;20,443;100,00;100,00;100,00;98,82;98,00;97,07
20,893;20,334;20,149;20,201;20,322;20,408;100,00;100,00;100,00;99,75;97,07;97,07
20,836;20,354;20,179;20,266;20,288;20,31;100,00;100,00;100,00;97,87;97,37;97,07
20,724;20,229;20,345;20,238;20,32;20,187;100,00;100,00;99,97;99,45;97,67;99,60
20,822;20,385;20,179;20,351;20,374;20,377;100,00;100,00;100,00;98,20;96,75;97,07
20,836;20,278;20,134;20,198;20,374;20,304;100,00;100,00;100,00;99,12;97,37;97,70
20,822;20,255;20,179;20,161;20,663;20,502;100,00;100,00;100,00;99,75;94,90;95,20
20,768;20,229;20,137;20,235;20,403;20,632;100,00;100,00;100,00;99,45;97,37;96,15
20,737;20,314;20,106;20,328;20,353;20,44;100,00;100,00;100,00;99,12;97,37;96,77
20,717;20,239;20,056;20,229;20,279;20,345;100,00;100,00;100,00;100,00;98,00;96,77
20,717;20,102;20,056;20,347;20,437;20,292;100,00;100,00;100,00;98,20;96,45;97,40
20,759;20,136;19,976;20,165;20,207;20,282;100,00;100,00;100,00;100,00;98,00;97,40
20,687;20,139;20,087;20,01;20,131;20,182;100,00;100,00;100,00;100,00;98,30;98,35
20,709;20,097;19,96;20,096;20,223;20,084;100,00;100,00;100,00;100,00;97,67;98,97
20,558;19,957;19,802;20,182;20;20,202;100,00;100,00;100,00;100,00;100,00;98,35
20,583;19,913;19,895;19,807;19,758;19,786;100,00;100,00;100,00;100,00;100,00;100,00
20,592;19,953;19,909;19,853;19,788;19,685;100,00;100,00;100,00;100,00;100,00;100,00
20,607;19,991;19,901;19,833;19,82;19,736;100,00;100,00;100,00;100,00;100,00;100,00
20,612;20,003;19,888;19,817;19,858;19,696;100,00;100,00;100,00;100,00;100,00;100,00
20,551;20,078;19,825;19,805;19,726;19,685;100,00;100,00;100,00;100,00;100,00;100,00
20,563;20,087;19,808;19,742;19,752;19,689;100,00;100,00;100,00;100,00;100,00;100,00
20,552;20,002;19,851;19,746;19,729;19,611;100,00;100,00;100,00;100,00;100,00;100,00
20,538;19,917;19,767;19,764;19,689;19,62;100,00;100,00;100,00;100,00;100,00;100,00
20,541;19,987;19,782;19,754;19,745;19,769;100,00;100,00;100,00;100,00;100,00;100,00
20,51;19,909;19,799;19,782;19,733;19,713;100,00;100,00;100,00;100,00;100,00;100,00
20,473;19,919;19,742;19,705;19,651;19,64;100,00;100,00;100,00;100,00;100,00;100,00
20,521;19,914;19,795;19,662;19,651;19,568;100,00;100,00;100,00;100,00;100,00;100,00
20,557;20,111;19,832;19,727;19,749;19,689;100,00;100,00;100,00;100,00;100,00;100,00
20,523;20,032;19,842;19,754;19,931;19,847;100,00;100,00;100,00;100,00;100,00;100,00
20,588;20,003;20,081;19,86;19,996;20,019;100,00;100,00;100,00;100,00;100,00;100,00
20,649;20,187;20,066;20,041;20,062;20,193;100,00;100,00;100,00;100,00;100,00;99,92
20,649;20,235;20,115;20,009;20,176;20,283;100,00;100,00;100,00;100,00;99,85;99,60
20,728;20,372;20,158;20,072;20,857;20,471;100,00;100,00;100,00;100,00;94,30;97,40
20,73;20,425;20,182;20,294;20,478;21,044;100,00;100,00;100,00;100,00;98,92;95,52
20,722;20,405;20,377;20,242;21,139;21,664;100,00;100,00;100,00;100,00;93,07;87,15
20,817;20,532;20,811;21,73;21,856;21,978;100,00;100,00;100,00;87,12;85,80;85,32
20,872;20,646;21,886;21,807;22,017;21,994;100,00;100,00;87,02;86,82;84,57;85,00
20,977;20,839;22,19;22,142;22,131;22,176;100,00;100,00;85,80;84,40;83,67;83,80
21,053;21,075;22,196;22,281;22,194;22,221;100,00;99,30;85,47;83,80;83,07;83,80
21,171;21,535;22,3;22,345;22,212;22,315;100,00;90,95;85,47;83,20;83,37;83,17
21,284;21,701;22,328;22,306;22,236;22,316;100,00;88,87;86,10;83,80;83,37;83,17
21,327;21,825;22,619;22,44;22,342;22,519;100,00;88,87;83,30;82,57;82,50;81,97
21,306;22,203;22,811;22,61;22,652;22,549;99,52;86,25;82,07;81,67;80,70;81,65
21,41;22,413;22,91;22,77;22,693;22,818;100,00;86,82;81,15;80,47;80,40;80,15
21,419;22,702;23,008;22,871;22,691;22,811;100,00;83,62;80,85;79,87;80,70;80,45
21,56;22,775;23,034;23,008;22,817;23,019;97,02;82,75;81,15;78,70;79,80;78,95
21,701;22,91;23,167;22,887;22,95;23,029;97,02;81,30;79,92;80,47;78,62;79,25
21,933;22,844;23,29;23,047;23,052;23,092;92,67;83,02;79,32;79,27;78,32;78,95
21,926;22,956;23,344;23,19;23,112;23,322;94,22;82,75;79,00;78,40;78,02;77,75
22,167;23,209;23,48;23,356;23,337;23,346;91,45;79,00;78,70;77,20;76,25;77,15
22,121;23,386;23,692;23,475;23,437;23,627;93,30;80,42;77,47;76,90;76,25;75,35
22,412;23,628;23,732;23,6;23,519;23,702;88,07;77,55;77,17;76,30;75,95;75,95
22,458;23,746;23,889;23,759;23,678;23,86;88,37;75,55;76,27;75,12;75,37;74,15
23,199;23,854;24,074;23,869;23,786;23,969;83,22;76,70;75,35;74,82;74,50;74,75
23,447;23,988;24,144;24,014;23,877;24,237;81,40;76,42;75,05;73,92;74,20;73,25
23,702;24,108;24,354;24,148;24,133;24,431;79,90;74,42;74,15;73,65;72,45;72,67
23,355;24,26;24,381;24,384;24,185;24,659;83,22;74,70;73,55;72,45;72,45;72,37
23,498;24,434;24,556;24,454;24,797;24,743;80,80;73,57;72,92;71,87;70,10;71,17
23,595;24,57;24,669;24,638;24,605;25,072;81,70;73,00;72,92;71,27;70,97;70,30
23,808;24,763;24,814;24,831;24,761;24,917;80,20;71,87;72,32;70,40;70,70;70,60
23,762;24,857;25,109;24,923;24,831;25,208;81,10;72,72;71,12;70,70;69,82;70,00
23,844;25,129;25,293;25,47;25,154;26,298;81,10;72,42;70,22;68,65;68,37;66,17
24,034;25,439;25,421;25,609;25,595;26,564;81,70;69,32;70,22;67,47;66,92;64,72
23,987;25,815;25,595;26,197;25,798;26,401;79,60;69,32;68,45;66,02;65,47;65,60
24,037;26,172;25,729;26,459;26,249;27,256;80,80;67,10;68,72;64,30;63,47;61,82
23,798;25,999;26;27,196;26,266;26,815;83,82;69,05;67,55;62,27;63,77;63,57
23,78;25,817;26,319;28,059;26,974;28,637;82,30;70,45;65,47;59,97;61,20;58,10
23,832;26,247;27,103;28,684;26,902;28,087;82,30;68,50;63,40;57,42;62,05;58,67
23,872;26,432;27,483;28,7;26,8;29,2;84,42;66,52;61,35;56,00;61,77;54,10
23,904;26,704;27,784;29,175;28,229;30,093;82,62;65,97;62,52;55,15;56,40;52,13
23,901;26,957;28,117;29,135;28,963;29,798;85,02;64,57;61,92;56,85;55,00;55,25
23,887;27,7;28,16;28,889;28,73;31,209;86,85;65,70;63,40;57,42;55,82;49,05
24,112;28,562;28,253;29,776;29,879;30,806;85,02;64,30;61,35;56,27;53,32;53,55
24,354;28,667;28,153;28,853;28,805;30,216;85,95;65,42;67,25;60,85;60,05;54,67
24,416;29,115;28,577;29,703;29,08;29,785;85,95;63,20;65,47;60,55;59,77;54,10
24,33;29,444;29,081;29,946;30,253;29,135;85,95;65,15;62,80;59,40;54,15;57,52
24,473;29,574;29,393;29,422;30,042;30,566;88,37;63,20;62,22;62,55;56,40;57,22
24,644;29,333;29,062;29,514;29,661;30,24;88,07;62,92;64,27;61,40;58,65;57,52
25,313;30,728;29,258;29,82;29,9;29,555;89,00;62,92;62,22;59,70;56,67;57,52
27,163;31,315;28,686;29,138;30,598;29,012;79,60;60,17;69,92;64,57;58,37;60,97
27,861;31,206;28,843;29,742;30,109;29,183;79,30;64,57;67,55;61,70;59,50;61,25
26,659;30,555;28,876;29,714;30,092;29,355;84,72;67,10;68,15;63,15;60,05;62,12
26,467;31,454;29,099;29,626;30,662;29,719;86,25;62,37;64,87;63,72;60,05;60,10
26,186;29,946;29,496;29,969;31,125;30,167;87,17;65,70;63,70;62,27;56,95;59,80
29,075;30,592;29,48;30,197;30,58;30,762;79,60;64,57;63,40;61,70;60,05;58,37
31,166;31,328;29,27;30,293;31,402;29,93;69,52;67,65;66,35;61,70;56,67;61,55
32,839;31,853;29,797;30,34;31,187;29,87;67,47;61,00;66,05;61,40;56,10;61,25
33,367;31,106;29,563;30,279;30,683;29,863;66,30;64,02;65,17;63,15;61,20;61,55
31,42;32,038;29,942;30,471;31,453;30,087;66,90;64,30;65,17;61,40;57,52;61,55
30,444;30,1;30,138;30,425;30,725;30,192;76,32;69,90;63,70;61,70;61,77;60,97
30,68;30,344;30,92;30,814;31,415;30,367;73,65;64,30;62,80;60,55;58,07;60,37
29,593;29,883;31,101;30,823;31,656;30,81;77,50;73,00;60,17;61,12;57,80;59,22
28,419;30,245;30,672;31,3;31,594;30,781;82,30;68,50;63,70;58,82;57,52;59,52
27,967;30,271;30,665;31,661;31,837;30,985;84,42;68,50;61,92;58,27;56,40;59,80
28,373;30,375;31,324;31,737;31,795;30,886;84,12;62,65;60,47;59,12;56,40;59,22
28,062;30,653;31,035;31,706;32,302;31,213;85,95;62,37;61,92;58,55;55,27;58,37
28,24;30,585;31,627;32,136;31,955;31,866;84,42;68,77;59,60;55,42;56,67;57,22
27,825;31,093;31,793;32,554;32,154;31,711;87,17;62,10;59,30;54,85;55,00;56,10
27,65;30,579;31,093;32,425;32,241;32,565;87,77;68,50;59,30;56,27;56,10;55,25
28,128;31,414;31,71;32,719;32,697;31,31;87,77;59,90;57,27;53,45;53,02;56,37
28,25;30,449;31,357;32,507;32,816;32,012;85,35;68,50;59,30;55,70;52,47;55,25
28,496;31,221;31,674;32,707;32,919;32,194;84,72;61,55;59,60;54,57;53,60;56,10
28,178;30,864;31,588;33,133;32,274;31,868;88,07;65,15;58,12;53,72;54,70;55,80
28,577;31,375;32,274;33,189;32,24;32,2;84,12;59,35;55,52;52,05;53,87;54,40
28,159;31,35;31,959;32,97;33,82;32,907;85,65;58,25;56,97;54,85;49,98;54,40
27,957;31,394;32,526;33,206;33,81;33,227;87,77;67,37;55,82;54,02;50,53;53,55
27,971;31,799;32,415;33,44;34,288;32,615;86,85;57,45;55,52;52,60;49,43;53,25
28,003;32,452;32,335;33,409;33,763;32,392;83,82;56,07;59,00;52,05;51,65;54,67
28,034;31,778;32,496;33,84;33,031;33,322;85,02;64,87;55,82;54,02;52,20;51,85
28,139;32,486;32,084;33,554;33,479;32,864;84,12;55,55;59,87;51,78;52,47;52,70
27,984;31,933;32,338;33,968;33,82;32,757;85,02;61,55;58,12;50,38;49,98;52,70
27,998;31,799;32,796;34,193;33,725;32,583;87,77;61,27;54,95;50,38;51,10;53,25
27,917;32,131;32,891;34,371;34;32,997;88,70;58,52;53,52;49,53;50,25;51,58
27,897;31,809;32,823;33,834;33,656;32,882;89,92;61,00;54,37;51,48;51,38;53,25
27,783;32,407;32,57;34,308;33,661;33,108;87,77;59,07;59,87;50,93;51,65;51,85
27,811;32,018;32,686;33,854;34,086;33,254;89,30;64,87;56,97;50,65;50,25;52,13
27,817;31,799;33,212;33,951;33,756;33,277;88,70;68,77;52,95;51,48;49,43;50,73
27,925;32,027;32,509;34,776;33,845;33,481;89,92;63,75;56,40;48,43;49,98;51,58
27,917;31,649;32,732;33,86;33,835;33,461;87,17;60,72;55,25;50,65;51,10;50,18
27,697;31,943;32,686;33,75;34,037;33,106;89,92;64,57;53,80;49,53;48,60;50,18
27,739;31,933;33,121;34,025;33,472;33,091;90,52;56,62;58,12;49,53;50,83;50,73
27,691;31,739;32,277;33,862;33,402;33,456;91,15;63,47;58,12;54,02;52,47;52,13
27,668;31,677;32,433;33,445;33,72;32,762;91,45;65,70;56,67;51,48;51,38;53,25
27,752;31,383;32,537;33,511;33,596;33,073;91,15;64,57;56,67;52,33;49,98;52,40
27,741;31,354;31,752;33,835;33,522;33,489;89,92;65,70;64,27;50,93;52,20;52,13
27,766;31,209;31,963;33,425;33,4;33,239;90,82;67,92;60,75;52,90;51,10;51,85
27,702;31,151;31,77;33,306;33,511;33,204;91,75;71,02;62,52;54,02;51,38;52,70
27,736;30,912;31,816;33,104;33,414;32,752;90,52;69,05;68,45;55,15;52,20;55,25
27,63;30,922;31,654;33,161;33,634;33,045;93,30;74,97;70,22;57,97;51,10;52,40
27,57;30,694;31,488;33,307;33,818;33,015;93,30;75,85;63,70;56,55;50,53;52,97
27,469;30,563;31,112;33,547;34,492;33,108;94,22;72,72;70,52;57,97;51,93;53,55
27,484;30,322;30,767;33,065;34,793;32,867;93,00;77,55;75,65;58,27;49,98;54,95
27,396;30,066;30,738;33,099;34,323;32,953;93,92;77,55;76,27;55,42;50,25;52,13
27,25;30,037;30,553;32,995;34,188;33,417;94,85;77,85;76,87;60,55;53,60;55,25
27,137;30,007;30,293;33,176;32,73;33,247;95,15;75,27;77,17;63,15;64,90;56,37
27,03;29,814;29,95;32,228;33,317;32,674;95,15;74,97;74,15;65,45;59,22;55,25
26,905;29,564;29,954;31,557;32,231;32,327;94,85;76,42;75,65;67,47;64,90;63,85
26,832;29,499;29,798;31,692;31,932;31,57;94,85;76,42;79,62;65,75;64,62;64,72
26,713;29,312;29,614;31,313;31,506;31,79;95,77;78,42;77,17;68,07;66,35;65,90
26,684;29,067;29,649;31,488;31,376;31,739;96,07;79,57;76,27;66,60;69,52;65,60
26,61;29,148;29,312;31,464;31,261;31,839;96,40;80,42;78,70;69,22;69,82;63,57
26,555;29,111;29,115;30,983;30,943;31,545;96,07;79,57;80,55;69,52;71,27;67,07
26,485;28,843;28,966;30,881;30,473;31,248;96,07;81,60;80,55;71,00;71,85;70,00
26,419;28,508;28,621;30,012;30,138;30,735;96,40;82,75;82,70;76,00;72,45;70,00
26,332;28,294;28,425;29,533;30,041;30,3;96,70;83,62;83,62;78,97;72,45;70,60
26,227;28,132;28,292;29,403;29,564;30,175;97,02;84,50;84,85;78,70;76,55;73,85
26,198;27,967;28,117;29,239;29,238;29,849;97,65;85,95;86,10;78,97;79,80;75,35
26,101;27,73;27,868;29,021;29,018;29,633;97,65;87,70;87,35;80,47;79,50;76,55
26,032;27,613;27,669;28,79;29,07;29,355;97,65;86,82;87,65;80,17;76,55;75,35
25,985;27,487;27,596;28,527;29,078;29,338;98,27;87,42;87,97;83,50;77,15;76,25
26,012;27,33;27,5;28,733;28,944;29,32;98,90;87,70;87,65;80,17;77,72;75,65
25,973;27,374;27,515;28,684;28,698;28,971;98,27;88,00;89,85;80,47;79,20;77,75
25,887;27,183;27,329;28,351;28,609;28,824;98,90;89,17;89,52;81,97;79,20;77,75
25,813;26,984;27,132;28,032;28,325;28,725;98,57;90,35;90,47;82,57;80,70;78,65
25,714;26,77;26,926;28,046;28,195;28,457;99,20;91,55;91,10;81,67;79,80;79,25
25,739;26,624;26,831;27,702;27,739;28,284;100,00;91,82;91,72;85,00;83,97;80,15
25,723;26,527;26,663;27,05;27,31;27,675;99,52;91,55;91,42;88,35;86,40;85,32
25,63;26,473;26,912;27,166;27,276;27,399;99,82;92,12;90,15;86,82;86,10;85,92
25,572;26,576;26,809;27,306;27,396;27,612;99,82;91,82;91,42;86,82;85,80;85,00
25,516;26,555;26,733;27,282;27,458;27,59;99,82;92,72;92,05;87,12;85,80;85,32
25,474;26,442;26,681;27,16;27,354;27,688;99,52;92,42;92,35;87,72;84,57;85,00
25,436;26,455;26,872;27,166;27,117;27,394;99,82;93,02;91,10;85,30;85,80;84,70
25,357;26,15;26,415;27,144;27,067;27,298;99,52;93,02;93,62;87,42;85,80;85,00
25,313;26,032;26,261;26,894;26,757;27,205;100,00;93,92;94,25;87,72;88,50;85,00
25,253;25,959;26,085;26,63;26,826;27,175;100,00;93,92;95,20;88,95;86,70;85,00
25,199;25,794;25,993;26,39;26,681;26,922;100,00;95,40;94,57;90,17;87,90;85,62
25,145;25,612;25,812;26,23;26,224;26,77;100,00;95,70;95,82;91,10;91,25;86,55
25,092;25,445;25,777;25,933;26,055;26,229;100,00;95,70;96,15;93,25;90,32;90,22
25,036;25,423;25,656;25,97;26,057;26,399;100,00;96,00;96,15;92,92;91,85;88,37
24,975;25,317;25,567;25,807;25,898;26,349;100,00;96,60;96,47;93,25;91,85;88,07
24,931;25,252;25,435;25,791;26,075;26,183;100,00;96,90;96,47;91,40;87,60;86,85
24,878;25,186;25,598;25,921;25,989;26,069;100,00;96,90;92,35;88,65;87,90;88,07
24,851;25,11;25,47;26,172;26,286;26,286;100,00;95,10;91,72;84,70;84,87;86,55
24,811;25,04;25,543;26,057;26,137;26,201;100,00;93,62;90,15;86,52;83,97;85,32
24,761;25,182;25,522;26,132;26,137;26,169;100,00;93,32;91,42;85,90;84,27;85,62
24,726;25,024;25,258;25,916;25,774;26,089;100,00;93,02;93,00;87,42;88,20;85,62
24,702;24,899;25,147;25,644;25,635;25,801;100,00;94,80;93,92;89,87;89,10;88,70
24,676;24,848;25,246;25,618;25,931;25,887;100,00;95,40;92,67;89,57;85,47;86,85
24,641;24,826;25,336;25,801;25,615;25,893;100,00;94,20;91,72;87,72;87,90;86,85
24,602;24,898;25,278;25,641;25,823;25,801;100,00;94,20;92,67;87,42;85,47;85,62
24,588;24,811;25,168;25,516;25,575;25,761;100,00;94,20;92,05;87,42;86,40;86,55
24,547;24,781;25,243;25,384;25,419;25,551;100,00;93,02;92,05;90,47;88,50;89,30
24,5;24,928;25,249;25,824;25,911;25,791;100,00;90,95;91,10;85,00;84,87;86,55
24,466;24,749;25,028;25,249;25,334;25,731;100,00;93,32;92,67;89,57;88,50;84,70
24,41;24,703;25,223;25,333;25,333;25,464;100,00;91,55;89,52;89,87;87,90;87,15
24,396;24,75;25,221;25,266;25,416;25,358;100,00;90,95;89,85;88,35;85,80;87,45
24,355;24,646;24,987;25,234;25,464;25,448;100,00;91,82;91,10;86,52;84,87;85,92
24,328;24,596;24,869;25,158;25,406;25,711;100,00;91,55;92,05;86,52;86,40;86,55
24,242;24,505;24,875;25,065;25,01;25,325;100,00;92,12;93,62;90,47;89,10;88,07
24,219;24,523;25,191;24,996;25,256;25,051;100,00;93,02;87,65;89,25;85,17;89,00
24,237;24,552;24,934;25,448;25,598;25,514;100,00;91,82;91,10;86,22;83,37;85,00
24,186;24,458;24,713;25,185;25,199;25,322;100,00;92,42;92,05;87,12;87,60;89,00
24,154;24,414;24,629;25,237;25,27;25,502;100,00;90,95;91,72;86,22;86,70;86,55
24,086;24,302;24,549;24,77;24,829;25,189;100,00;91,82;93,00;91,40;88,80;87,15
24,038;24,192;24,434;24,694;24,738;24,939;100,00;93,62;93,62;90,77;88,80;88,07
24,068;24,12;24,41;24,699;24,908;24,893;100,00;94,80;93,30;89,25;86,40;87,15
24,038;24,061;24,451;24,775;24,62;24,899;100,00;94,20;92,05;88,05;88,50;87,15
24,023;24,142;24,711;24,694;24,625;24,77;100,00;93,32;90,15;88,35;88,50;88,07
24,022;24,201;24,705;24,694;24,588;24,619;100,00;93,32;90,77;88,65;90,02;90,22
24;24,195;24,5;24,71;24,555;24,802;100,00;94,20;93,00;88,95;90,02;88,07
23,981;24,109;24,422;24,553;24,507;24,817;100,00;93,92;93,00;89,87;89,72;87,45
23,964;24,089;24,49;24,52;24,6;24,599;100,00;93,62;92,05;90,17;88,50;89,30
23,957;24,153;24,496;24,511;24,337;24,508;100,00;93,32;92,35;90,77;91,55;90,22
23,933;24,079;24,541;24,379;24,422;24,381;100,00;93,92;91,72;91,10;90,02;91,15
23,925;24,106;24,529;24,555;24,622;24,543;100,00;93,02;91,72;90,17;87,60;89,92
23,895;24,13;24,354;24,659;24,761;25,25;100,00;93,32;93,92;88,65;88,50;85,92
23,89;24,015;24,18;24,334;24,451;24,599;100,00;95,40;95,20;92,92;90,32;90,22
23,907;23,946;24,168;24,373;24,534;24,59;100,00;95,70;95,52;91,70;90,02;90,22
23,817;23,851;23,949;24,32;24,209;24,537;100,00;96,60;97,10;92,92;93,07;90,55
23,811;23,833;24,091;24,08;24,37;24,413;100,00;96,60;96,15;93,25;91,25;91,47
23,839;23,803;23,97;24,274;24,349;24,534;100,00;97,20;97,42;92,62;91,55;91,15
23,833;23,722;24,082;24,26;24,422;24,455;100,00;97,50;95,82;92,62;90,32;91,15
23,835;23,749;23,917;24,416;24,325;24,479;100,00;97,80;98,37;91,40;90,92;90,22
23,836;23,613;23,877;24,074;24,162;24,197;100,00;98,70;96,80;94,17;92,15;92,40
23,794;23,613;24,025;24,233;24,325;24,46;100,00;97,80;95,82;92,32;91,25;90,85
23,767;23,633;23,933;24,198;24,112;24,283;100,00;97,80;96,80;92,32;92,15;91,47
23,762;23,583;23,949;24,104;24,163;24,127;100,00;98,40;95,82;92,92;91,55;92,10
23,735;23,561;23,785;24,218;24,103;24,499;100,00;98,10;98,37;92,02;92,45;89,62
23,726;23,49;23,726;24,018;24,022;24,127;100,00;99,30;97,42;93,25;92,45;92,70
23,705;23,492;23,824;24,022;24,038;24,018;100,00;98,40;96,80;92,62;92,15;93,02
23,687;23,469;23,714;24,035;24,041;24,056;100,00;98,70;97,75;92,32;91,25;92,10
23,665;23,451;23,693;24,003;23,955;24,086;100,00;99,30;96,47;92,62;91,85;91,47
23,652;23,415;23,957;23,991;24,114;23,97;100,00;98,10;94,25;92,02;90,62;92,10
23,624;23,568;23,914;24,014;24,037;24,065;100,00;96,90;95,20;92,32;91,85;91,77
23,619;23,508;23,928;23,934;23,904;23,981;100,00;97,50;93,92;92,62;91,85;92,10
23,613;23,522;23,896;23,946;23,916;23,942;100,00;96,90;94,87;92,02;91,55;91,47
23,607;23,505;23,786;23,868;23,881;23,902;100,00;97,80;95,82;92,32;90,92;91,77
23,582;23,445;23,717;23,818;23,872;23,925;100,00;97,80;96,47;92,32;91,25;91,47
23,571;23,419;23,612;23,851;23,875;24;100,00;98,40;97,10;91,70;91,55;90,22
23,553;23,376;23,562;23,789;23,848;23,875;100,00;99,30;97,42;92,32;90,92;91,77
23,541;23,314;23,801;23,808;23,875;23,902;100,00;98,70;94,57;92,02;90,92;91,47
23,504;23,347;23,597;23,984;23,914;23,961;100,00;98,10;97,75;91,10;90,62;91,15
23,513;23,301;23,465;23,752;23,854;23,872;100,00;99,90;98,70;93,25;91,55;91,47
23,511;23,299;23,451;23,853;23,924;23,907;100,00;99,60;98,37;92,02;90,92;91,47
23,49;23,271;23,451;23,768;23,913;24,018;100,00;99,30;98,07;93,25;91,55;91,15
23,475;23,23;23,441;23,698;23,812;23,994;100,00;99,00;98,07;93,55;92,77;91,47
23,463;23,245;23,394;23,779;23,848;23,936;100,00;99,30;98,37;93,25;91,85;91,77
23,428;23,152;23,389;23,678;23,686;23,967;100,00;99,00;98,37;94,17;93,07;92,10
23,418;23,076;23,253;23,637;23,74;23,791;100,00;99,60;99,97;94,77;91,85;92,40
23,404;23,029;23,241;23,579;23,776;23,821;100,00;100,00;99,97;94,47;91,55;91,77
23,383;22,993;23,208;23,681;23,836;23,927;100,00;100,00;99,67;94,17;91,25;91,15
23,371;22,976;23,214;23,511;23,832;23,824;100,00;100,00;99,67;94,47;91,25;91,77
23,349;22,962;23,247;23,609;23,734;23,824;100,00;100,00;99,02;93,55;92,45;92,10
23,328;22,952;23,32;23,68;23,579;23,753;100,00;100,00;97,42;92,92;92,77;92,40
23,325;22,932;23,238;23,753;23,795;23,969;100,00;100,00;99,35;91,70;91,55;90,55
23,307;22,884;23,133;23,501;23,729;23,732;100,00;100,00;100,00;93,85;90,92;91,15
23,31;22,848;23,014;23,353;23,453;23,585;100,00;100,00;100,00;95,72;93,07;92,40
23,256;22,841;23,155;23,346;23,517;23,582;100,00;100,00;98,37;95,72;92,15;92,40
23,269;22,886;23,22;23,456;23,535;23,708;100,00;100,00;97,75;94,77;92,45;91,47
23,274;22,919;23,073;23,484;23,49;23,77;100,00;100,00;99,67;94,17;94,30;91,47
23,247;22,902;23,071;23,397;23,462;23,708;100,00;100,00;100,00;94,47;94,30;91,77
23,256;22,928;23,05;23,226;23,511;23,597;100,00;100,00;99,97;96,32;93,37;92,40
23,241;22,853;23,305;23,337;23,723;23,559;100,00;100,00;98,70;95,40;89,72;92,10
23,217;22,827;23,169;23,317;23,49;23,714;100,00;100,00;99,67;94,47;92,45;90,85
23,217;22,764;22,947;23,166;23,251;23,519;100,00;100,00;100,00;96,32;94,90;92,40
23,169;22,693;23,013;23,089;23,26;23,41;100,00;100,00;99,97;95,40;93,67;92,70
23,04;22,654;22,893;23,094;23,197;23,38;100,00;100,00;100,00;96,32;94,30;93,65
23,059;22,657;22,784;22,949;23,059;23,227;100,00;100,00;100,00;97,57;95,52;94,27
22,958;22,548;22,664;22,775;22,788;22,914;100,00;100,00;100,00;98,20;97,37;97,07
22,971;22,487;22,618;22,655;22,696;22,773;100,00;100,00;100,00;98,82;97,67;98,02
23,017;22,46;22,622;22,741;22,842;22,904;100,00;100,00;100,00;98,20;97,07;96,77
22,982;22,44;22,56;22,654;22,761;22,97;100,00;100,00;100,00;98,82;97,67;96,45
22,976;22,478;22,628;22,61;22,757;22,812;100,00;100,00;100,00;99,12;97,67;97,70
22,955;22,422;22,466;22,637;22,69;22,829;100,00;100,00;100,00;99,12;97,67;96,77
22,866;22,333;22,452;22,397;22,533;22,709;100,00;100,00;100,00;100,00;99,22;98,02
22,893;22,319;22,473;22,466;22,518;22,633;100,00;100,00;100,00;100,00;98,92;98,65
22,811;22,27;22,336;22,472;22,342;22,578;100,00;100,00;100,00;100,00;100,00;98,65
22,823;22,194;22,309;22,273;22,3;22,37;100,00;100,00;100,00;100,00;99,85;100,00
22,763;22,184;22,297;22,273;22,297;22,378;100,00;100,00;100,00;100,00;100,00;99,60
22,738;22,179;22,291;22,307;22,349;22,384;100,00;100,00;100,00;100,00;100,00;100,00
22,759;22,222;22,245;22,258;22,3;22,337;100,00;100,00;100,00;100,00;100,00;100,00
22,747;22,234;22,255;22,239;22,231;22,218;100,00;100,00;100,00;100,00;100,00;100,00
22,741;22,307;22,319;22,273;22,342;22,497;100,00;100,00;100,00;100,00;100,00;98,65
22,742;22,321;22,392;22,304;22,337;22,357;100,00;100,00;100,00;100,00;100,00;100,00
22,753;22,334;22,433;22,345;22,386;22,395;100,00;100,00;100,00;100,00;99,85;100,00
22,824;22,343;22,336;22,313;22,252;22,316;100,00;100,00;100,00;100,00;100,00;100,00
22,83;22,298;22,316;22,281;22,218;22,228;100,00;100,00;100,00;100,00;100,00;100,00
22,788;22,279;22,342;22,221;22,243;22,236;100,00;100,00;100,00;100,00;100,00;100,00
22,747;22,243;22,357;22,304;22,236;22,254;100,00;100,00;100,00;100,00;100,00;100,00
22,681;22,251;22,284;22,367;22,418;22,528;100,00;100,00;100,00;100,00;99,22;98,35
22,733;22,193;22,298;22,388;22,328;22,386;100,00;100,00;100,00;99,45;99,55;99,60
22,753;22,197;22,239;22,219;22,155;22,115;100,00;100,00;100,00;100,00;100,00;100,00
22,678;22,219;22,29;22,175;22,19;22,21;100,00;100,00;100,00;100,00;100,00;100,00
22,694;22,221;22,239;22,222;22,157;22,154;100,00;100,00;100,00;100,00;100,00;100,00
22,684;22,193;22,248;22,196;22,26;22,221;100,00;100,00;100,00;100,00;100,00;100,00
22,691;22,163;22,212;22,188;22,166;22,193;100,00;100,00;100,00;100,00;100,00;100,00
22,693;22,173;22,313;22,149;22,193;22,185;100,00;100,00;100,00;100,00;100,00;100,00
22,703;22,152;22,31;22,228;22,175;22,315;100,00;100,00;100,00;100,00;100,00;100,00
22,693;22,117;22,281;22,234;22,218;22,316;100,00;100,00;100,00;100,00;100,00;99,92
22,669;22,099;22,105;22,184;22,137;22,231;100,00;100,00;100,00;100,00;100,00;100,00
22,489;22,024;22,063;22,027;22,176;22,169;100,00;100,00;100,00;100,00;100,00;100,00
22,543;21,984;22,035;22,035;21,968;22,057;100,00;100,00;100,00;100,00;100,00;100,00
22,576;21,98;22,081;21,95;21,938;21,936;100,00;100,00;100,00;100,00;100,00;100,00
22,569;22,018;22,072;22,047;22,047;22,078;100,00;100,00;100,00;100,00;100,00;100,00
22,519;22;22,032;22,078;22,048;22,118;100,00;100,00;100,00;100,00;100,00;100,00
22,418;21,963;22,035;21,98;21,929;21,95;100,00;100,00;100,00;100,00;100,00;100,00
22,446;21,98;22,012;21,895;21,849;21,865;100,00;100,00;100,00;100,00;100,00;100,00
22,543;21,986;21,99;21,866;21,776;21,779;100,00;100,00;100,00;100,00;100,00;100,00
22,472;21,983;22,021;21,908;21,883;21,865;100,00;100,00;100,00;100,00;100,00;100,00
22,448;21,951;22,039;21,923;21,898;21,868;100,00;100,00;100,00;100,00;100,00;100,00
22,433;21,993;22,103;21,933;21,892;21,841;100,00;100,00;100,00;100,00;100,00;100,00
22,488;21,963;22,039;22,015;21,959;22,006;100,00;100,00;100,00;100,00;100,00;100,00
22,491;21,938;22,005;21,962;21,855;21,822;100,00;100,00;100,00;100,00;100,00;100,00
22,428;21,939;22,094;21,923;21,901;21,866;100,00;100,00;100,00;100,00;100,00;100,00
22,467;21,939;22,178;21,993;21,948;21,939;100,00;100,00;100,00;100,00;100,00;100,00
22,472;21,962;22,057;22,054;21,983;22,035;100,00;100,00;100,00;100,00;100,00;100,00
22,357;21,878;22,029;21,89;21,849;21,89;100,00;100,00;100,00;100,00;100,00;100,00
22,367;21,855;21,974;21,887;21,968;21,959;100,00;100,00;100,00;100,00;100,00;100,00
22,333;21,762;21,942;21,862;22,03;21,884;100,00;100,00;100,00;100,00;99,85;100,00
22,212;21,666;21,758;21,84;21,701;21,844;100,00;100,00;100,00;100,00;100,00;100,00
22,29;21,639;21,698;21,554;21,517;21,587;100,00;100,00;100,00;100,00;100,00;100,00
22,342;21,6;22,023;21,557;21,704;21,626;100,00;100,00;100,00;100,00;100,00;100,00
22,243;21,826;22,06;22,005;21,975;22,069;100,00;100,00;100,00;99,75;99,55;99,60
22,297;21,727;21,773;21,983;21,814;22,123;100,00;100,00;100,00;100,00;100,00;98,65
22,242;21,676;21,805;21,703;21,7;21,764;100,00;100,00;100,00;100,00;100,00;100,00
22,321;21,73;21,844;21,762;21,734;21,816;100,00;100,00;100,00;100,00;100,00;100,00
22,339;21,719;21,802;21,782;21,731;21,853;100,00;100,00;100,00;100,00;100,00;100,00
22,37;21,802;21,908;21,855;21,898;21,929;100,00;100,00;100,00;100,00;98,60;99,60
22,243;21,82;21,737;22,023;21,898;22,13;100,00;100,00;100,00;100,00;100,00;98,97
22,276;21,823;21,948;21,913;21,977;22,131;100,00;100,00;100,00;100,00;97,67;98,65
22,369;22,054;21,953;22,026;22,206;22,34;100,00;100,00;100,00;99,12;97,07;95,82
22,394;22,079;22,102;21,877;22,176;22,252;100,00;100,00;100,00;100,00;96,75;97,70
22,384;22,048;22,044;22,328;22,218;22,83;100,00;100,00;100,00;96,65;97,67;93,65
22,425;22,066;22,014;22,117;22,057;22,202;100,00;100,00;100,00;100,00;99,85;99,27
22,461;22,187;22,117;22,053;22,114;22,096;100,00;100,00;100,00;100,00;99,85;100,00
22,461;22,298;22,264;22,188;22,193;22,231;100,00;99,90;100,00;100,00;98,92;99,60
22,427;22,412;22,561;22,53;22,76;22,751;100,00;98,70;99,67;96,32;94,30;93,95
22,436;22,388;22,488;22,47;22,787;22,874;100,00;99,90;100,00;98,20;95,52;94,27
22,555;22,515;22,506;22,709;22,847;22,99;100,00;100,00;100,00;97,87;96,15;95,20
22,633;22,545;22,66;22,875;22,995;23,127;100,00;99,30;100,00;96,95;95,82;94,27
22,663;22,712;22,741;22,757;22,901;22,949;100,00;98,40;100,00;96,95;94,90;95,52
22,754;22,857;22,619;23,154;22,916;23,154;100,00;99,00;100,00;96,02;96,45;95,52
22,747;22,634;22,788;22,672;22,815;22,667;100,00;100,00;100,00;99,12;97,67;98,35
22,817;22,832;22,895;22,919;22,856;22,812;100,00;98,40;99,97;97,57;96,75;98,02
22,901;23,047;23,017;23,274;23,151;23,068;100,00;98,10;98,07;96,02;95,22;96,77
22,946;23,215;23,284;23,197;23,379;23,149;100,00;96,30;99,02;95,40;94,30;96,15
23,034;23,314;23,295;23,642;23,591;23,398;100,00;98,40;98,07;94,47;94,00;95,52
23,076;23,428;23,358;23,704;23,598;23,441;100,00;98,10;97,10;93,85;93,07;95,82
23,218;23,469;23,413;23,591;23,57;23,302;100,00;97,20;99,35;94,17;94,30;95,52
23,28;23,68;23,646;23,874;23,948;23,809;100,00;98,40;98,70;94,17;93,37;94,27
23,34;23,878;23,789;24,139;24,222;24,245;100,00;97,20;98,70;93,25;91,85;89,92
23,376;23,928;23,801;24,21;24,225;24,587;100,00;97,50;98,70;92,92;91,25;90,85
23,419;24,018;23,868;24,015;24,511;24,846;100,00;96,90;97,10;95,40;90,62;89,92
23,495;24,058;24,05;24,379;24,569;24,805;100,00;96,00;97,10;92,62;90,32;89,92
23,555;24,313;24,245;24,719;24,805;24,838;100,00;96,00;97,10;90,47;87,90;83,17
23,625;24,236;24,323;24,986;25,165;25,016;100,00;96,30;96,47;91,40;81,90;81,05
23,606;24,451;24,825;24,951;25,132;25,154;100,00;93,32;83,00;81,97;79,50;80,15
23,594;24,55;24,861;25,249;25,217;25,103;100,00;91,55;90,77;79,87;80,10;80,15
23,558;24,523;25,185;25,161;25,313;25,291;99,52;89,77;80,55;81,67;78,32;78,35
23,574;24,846;25,412;25,467;25,464;25,432;97,95;82,17;80,85;77,80;77,42;76,85
23,654;24,691;25,129;25,869;25,687;25,557;100,00;85,07;83,30;76,00;76,85;76,85
23,764;25,009;25,627;25,925;25,775;25,76;98,90;85,65;81,45;76,60;76,55;76,55
23,853;25,072;25,665;25,891;25,775;25,732;99,82;89,77;77,77;76,90;75,95;76,55
23,812;25,409;25,671;25,902;25,896;25,864;100,00;81,60;78,40;76,30;75,67;75,95
23,893;25,153;25,729;26,281;26,22;26,016;100,00;87,42;81,77;74,52;74,50;74,45
23,958;25,182;25,965;26,316;26,098;26,22;97,32;88,60;76,57;75,70;74,50;74,75
24,061;25,281;25,87;26,438;26,372;26,438;98,90;89,17;81,15;76,00;74,77;73,55
24,201;25,795;26,1;26,681;27,104;26,585;98,27;82,75;81,45;74,82;73,32;74,15
24,473;26,175;25,927;26,716;26,616;26,841;98,57;85,07;82,70;76,00;73,02;73,55
24,641;26,258;26,244;26,985;27,329;26,877;99,52;87,42;84,25;72,75;72,45;72,67
24,617;26,243;26,456;26,848;27,315;27,964;99,20;84,50;82,70;74,22;72,72;68,22
24,549;26,513;26,272;26,809;26,777;27,337;97,32;78,12;79,92;73,35;72,15;70,30
24,629;26,427;26,147;27,115;27,134;27,24;97,65;81,30;85,80;72,45;75,95;72,07
24,804;26,803;26,681;27,32;28,035;27,495;98,57;80,72;77,17;79,87;68,95;75,95
25,086;27,126;27,183;27,834;28,596;27,965;98,57;85,07;83,30;74,22;73,02;72,37
25,276;27,501;27,475;27,847;28,236;28,515;98,27;82,17;77,17;77,20;70,70;70,30
25,38;27,521;27,643;28,112;28,958;28,554;97,95;83,02;74,45;71,00;66,05;67,65
25,313;27,43;27,476;28,062;28,442;28,95;97,02;81,30;81,77;70,70;67,22;65,30
25,314;27,448;27,315;27,967;28,573;29,2;98,27;85,65;83,92;76,00;70,40;63,57
25,383;27,528;27,368;27,925;28,601;29,042;98,27;84,50;83,30;75,70;70,97;67,07
25,453;27,194;26,979;27,883;29,029;28,868;98,27;84,50;86,72;80,47;72,72;68,82
25,418;27,327;27,365;27,959;28,714;28,595;98,27;86,25;82,70;71,87;68,95;70,00
25,387;27,208;27,214;27,878;28,763;28,05;98,27;85,95;83,92;72,75;68,07;72,67
25,333;27,131;26,959;28,093;28,694;28,025;98,57;85,65;85,47;72,45;68,95;71,77
25,339;26,835;27,027;27,992;28,757;27,842;98,57;85,37;85,80;75,12;69,82;71,47
25,342;27,008;27,177;27,722;28,783;27,968;98,90;85,95;83,92;78,70;70,10;72,37
25,65;27,355;27,42;28,134;28,744;28,304;99,20;85,65;83,30;73,65;71,85;72,67
26,516;28,057;28,106;28,397;29,58;28,82;98,27;81,30;83,30;71,87;66,92;68,52
26,352;28,095;28,222;28,753;29,65;29,281;96,70;83,02;76,87;73,92;67,22;66,17
26,081;27,911;27,815;28,839;29,217;29,171;93,60;84,77;81,15;68,95;67,50;65,02
26,235;28,025;28,181;28,744;29,33;29,263;96,40;83,32;80,22;71,57;68,37;67,07
26,127;27,903;28,156;28,998;29,189;28,719;96,07;84,77;69,32;73,05;68,37;67,07
26,207;28,193;27,987;29,431;29,579;29,434;96,70;81,30;80,22;65,75;69,52;65,60
26,315;28,1;27,756;28,998;29,736;29,211;96,40;82,45;85,17;76,60;66,92;67,65
26,381;27,918;28,311;28,957;29,86;28,673;96,40;82,75;79,00;70,40;66,92;70,00
26,838;28,333;29,514;29,544;31,109;29,916;94,22;83,02;68,72;67,77;60,62;66,17
27,124;29,258;30,694;29,946;30,722;30,111;94,52;71,87;65,17;66,02;62,62;63,85
27,41;29,399;29,585;31,141;31,402;31,591;93,30;70,75;68,45;62,27;61,20;60,10
28,362;29,469;29,62;30,53;30,669;31,25;91,45;69,90;67,55;64,57;62,62;59,52
27,59;29,365;29,495;30,635;30,675;29,948;90,82;73,00;68,45;63,42;61,47;63,27
27,377;29,51;29,692;30,417;30,867;30,343;92,37;73,85;70,52;62,27;57,22;59,22
27,803;29,254;30,103;30,646;31,162;30,449;90,82;73,85;63,10;58,82;57,52;59,80
27,512;29,526;29,905;31,015;31,132;30,659;91,45;68,50;69,32;58,55;58,65;58,95
27,392;29,39;29,961;30,789;31,098;30,359;91,75;69,90;63,40;60,27;58,07;58,95
26,985;29,241;29,48;30,216;30,993;30,421;92,37;75,55;66,65;62,27;58,37;58,95
26,565;28,776;28,845;30,25;30,417;30,284;92,67;80,15;75,95;60,55;60,62;59,80
26,299;28,207;28,549;29,663;29,886;29,881;95,15;80,42;79,32;64,57;64,62;64,15
26,068;27,99;28,187;29,344;29,606;29,591;95,47;81,87;79,92;70,40;70,10;63,85
25,899;27,506;26,761;28,793;28,457;29,411;98,57;86,52;93,00;72,75;75,67;70,60
25,29;25,636;25,755;26,829;26,576;26,928;100,00;95,70;98,07;90,47;90,02;91,15
25,018;25,081;25,189;26,048;25,919;25,612;100,00;96,30;100,00;90,77;89,72;95,52
24,957;25,01;25,115;25,989;25,907;25,599;100,00;100,00;100,00;92,02;92,45;95,82
24,922;25,119;25,072;25,778;25,859;25,976;100,00;100,00;100,00;95,40;95,22;95,82
24,89;24,884;24,94;25,633;25,933;26,085;100,00;99,90;100,00;96,95;94,30;94,57
24,899;25,085;25,188;25,774;26,177;26,273;100,00;100,00;100,00;93,55;91,55;91,77
24,937;25,255;25,211;25,934;26,204;26,542;100,00;98,70;100,00;94,77;92,15;90,55
25,01;25,395;25,317;26,046;26,644;26,455;100,00;98,40;100,00;93,85;90,92;92,70
25,097;25,809;25,708;26,545;26,747;27,214;100,00;96,90;99,67;91,70;91,25;88,70
25,113;25,878;25,789;26,664;27,189;27,36;100,00;94,50;99,67;91,70;87,60;88,70
25,218;25,858;26,51;26,412;27,309;27,29;100,00;96,30;97,42;91,10;86,70;89,00
25,343;26,65;27,163;27,33;28,145;28,373;100,00;93,32;92,67;90,47;82,77;82,57
25,451;27,209;27,469;28,131;28,637;29,282;100,00;89,77;92,35;81,97;79,80;77,75
25,38;27,338;27,001;28,301;28,618;28,957;100,00;89,77;88,60;84,70;80,70;80,75
25,406;26,849;27,019;28,064;28,73;27,982;100,00;93,62;91,72;81,07;78,62;81,35
25,333;26,894;26,86;28,062;28,029;27,912;100,00;93,02;93,30;81,67;82,50;84,10
25,256;26,644;26,561;27,483;27,61;27,437;100,00;93,62;93,92;87,42;85,17;85,92
25,293;26,362;26,718;27,203;27,052;26,906;100,00;93,32;92,05;87,12;85,80;87,77
25,301;26,204;25,954;26,811;26,561;26,585;100,00;96,60;98,70;90,47;91,85;91,47
24,986;25,214;24,936;26,029;24,531;25,644;100,00;98,40;100,00;93,85;97,67;91,47
24,454;24,207;24,328;24,348;23,978;24,103;100,00;100,00;100,00;99,45;100,00;100,00
24,327;24,109;23,839;24,08;23,558;23,839;100,00;100,00;100,00;100,00;100,00;100,00
24,408;23,845;23,678;23,191;23,163;22,964;100,00;100,00;100,00;100,00;100,00;100,00
24,34;23,911;23,786;23,425;23,082;23,041;100,00;100,00;100,00;100,00;100,00;100,00
24,33;23,841;23,705;23,284;23,382;23,22;100,00;100,00;100,00;100,00;100,00;100,00
24,168;23,567;23,495;23,534;23,45;23,465;100,00;100,00;100,00;100,00;100,00;100,00
23,996;23,484;23,281;23,269;23,094;23,154;100,00;100,00;100,00;100,00;100,00;100,00
23,829;23,538;23,397;23,307;23,149;23,136;100,00;100,00;100,00;100,00;100,00;100,00
24,009;23,507;23,52;23,406;23,4;23,346;100,00;100,00;100,00;100,00;100,00;100,00
24,047;23,631;23,516;23,465;23,46;23,519;100,00;100,00;100,00;100,00;100,00;100,00
24,056;23,687;23,537;23,466;23,462;23,547;100,00;100,00;100,00;100,00;100,00;100,00
23,86;23,601;23,54;23,444;23,352;23,334;100,00;100,00;100,00;100,00;100,00;100,00
23,934;23,567;23,48;23,444;23,349;23,386;100,00;100,00;100,00;100,00;100,00;100,00
23,92;23,534;23,472;23,394;23,32;23,317;100,00;100,00;100,00;100,00;100,00;100,00
23,744;23,588;23,555;23,395;23,395;23,353;100,00;100,00;100,00;100,00;100,00;100,00
23,939;23,64;23,573;23,441;23,31;23,355;100,00;100,00;100,00;100,00;100,00;100,00
24,098;23,785;23,657;23,543;23,628;23,314;100,00;100,00;100,00;100,00;100,00;100,00
23,981;23,537;23,442;23,696;23,535;23,68;100,00;100,00;100,00;100,00;100,00;100,00
23,969;23,415;23,299;23,371;23,212;23,277;100,00;100,00;100,00;100,00;100,00;100,00
23,833;23,331;23,161;23,214;23,016;23,098;100,00;100,00;100,00;100,00;100,00;100,00
23,797;23,194;23,167;23,113;23,023;23,079;100,00;100,00;100,00;100,00;100,00;100,00
23,8;23,178;23,128;23,088;23,037;23,073;100,00;100,00;100,00;100,00;100,00;100,00
23,686;23,161;23,035;23,008;22,925;22,989;100,00;100,00;100,00;100,00;100,00;100,00
23,598;22,949;22,871;22,947;22,86;22,967;100,00;100,00;100,00;100,00;100,00;100,00
23,454;22,756;22,651;22,821;22,788;22,794;100,00;100,00;100,00;100,00;100,00;100,00
23,25;22,6;22,561;22,63;22,537;22,708;100,00;100,00;100,00;100,00;100,00;100,00
23,382;22,672;22,521;22,504;22,454;22,546;100,00;100,00;100,00;100,00;100,00;100,00
23,265;22,63;22,558;22,494;22,479;22,516;100,00;100,00;100,00;100,00;100,00;100,00
23,251;22,61;22,554;22,588;22,549;22,498;100,00;100,00;100,00;100,00;100,00;100,00
23,304;22,642;22,528;22,457;22,5;22,549;100,00;100,00;100,00;100,00;100,00;100,00
23,34;22,775;22,666;22,534;22,57;22,531;100,00;100,00;100,00;100,00;100,00;100,00
23,298;22,715;22,654;22,457;22,46;22,569;100,00;100,00;100,00;100,00;100,00;100,00
23,304;22,739;22,75;22,599;22,582;22,603;100,00;100,00;100,00;100,00;100,00;100,00
23,307;22,85;22,649;22,591;22,533;22,622;100,00;100,00;100,00;100,00;100,00;100,00
23,359;22,851;22,576;22,534;22,457;22,579;100,00;100,00;100,00;100,00;100,00;100,00
23,335;22,842;22,513;22,464;22,388;22,484;100,00;100,00;100,00;100,00;100,00;100,00
23,278;22,717;22,524;22,409;22,304;22,389;100,00;100,00;100,00;100,00;100,00;100,00
23,151;22,551;22,484;22,43;22,306;22,303;100,00;100,00;100,00;100,00;100,00;100,00
23,146;22,57;22,537;22,415;22,3;22,285;100,00;100,00;100,00;100,00;100,00;100,00
23,137;22,572;22,479;22,363;22,321;22,315;100,00;100,00;100,00;100,00;100,00;100,00
23,029;22,478;22,466;22,384;22,293;22,295;100,00;100,00;100,00;100,00;100,00;100,00
23,002;22,448;22,384;22,388;22,316;22,361;100,00;100,00;100,00;100,00;100,00;100,00
22,599;22,324;22,375;22,279;22,269;22,255;100,00;100,00;100,00;100,00;100,00;100,00
22,992;22,421;22,252;22,318;22,279;22,3;100,00;100,00;100,00;100,00;100,00;100,00
22,83;22,221;22,258;22,181;22,158;22,12;100,00;100,00;100,00;100,00;100,00;100,00
22,958;22,355;22,257;22,175;22,137;22,139;100,00;100,00;100,00;100,00;100,00;100,00
22,974;22,461;22,333;22,151;22,218;22,19;100,00;100,00;100,00;100,00;100,00;100,00
23,007;22,451;22,37;22,252;22,206;22,248;100,00;100,00;100,00;100,00;100,00;100,00
22,937;22,439;22,33;22,202;22,118;22,182;100,00;100,00;100,00;100,00;100,00;100,00
22,974;22,473;22,294;22,139;22,056;22,103;100,00;100,00;100,00;100,00;100,00;100,00
22,965;22,324;22,304;22,105;22,05;22,067;100,00;100,00;100,00;100,00;100,00;100,00
22,917;22,372;22,178;22,073;22,047;22,033;100,00;100,00;100,00;100,00;100,00;100,00
22,886;22,313;22,157;22,044;22,011;22,039;100,00;100,00;100,00;100,00;100,00;100,00
22,857;22,272;22,224;22,053;22,106;22,134;100,00;100,00;100,00;100,00;100,00;100,00
22,865;22,205;22,182;22,085;22,14;22,137;100,00;100,00;100,00;100,00;100,00;100,00
22,857;22,209;22,167;22,048;22,018;22,148;100,00;100,00;100,00;100,00;100,00;100,00
22,839;22,102;22,053;21,924;21,866;21,895;100,00;100,00;100,00;100,00;100,00;100,00
22,596;22,139;22,07;21,887;21,844;21,804;100,00;100,00;100,00;100,00;100,00;100,00
22,678;21,908;21,802;21,874;21,75;21,685;100,00;100,00;100,00;100,00;100,00;100,00
22,681;21,977;21,908;21,673;21,799;21,588;100,00;100,00;100,00;100,00;100,00;100,00
22,652;22,084;21,956;21,835;21,788;21,785;100,00;100,00;100,00;100,00;100,00;100,00
22,657;22,102;21,959;21,822;21,789;21,801;100,00;100,00;100,00;100,00;100,00;100,00
22,679;21,929;21,816;21,758;21,664;21,694;100,00;100,00;100,00;100,00;100,00;100,00
22,469;21,825;21,724;21,733;21,695;21,612;100,00;100,00;100,00;100,00;100,00;100,00
22,497;21,728;21,593;21,666;21,545;21,649;100,00;100,00;100,00;100,00;100,00;100,00
22,431;21,597;21,618;21,526;21,437;21,446;100,00;100,00;100,00;100,00;100,00;100,00
22,224;21,755;21,666;21,516;21,533;21,449;100,00;100,00;100,00;100,00;100,00;100,00
22,349;21,724;21,703;21,575;21,562;21,553;100,00;100,00;100,00;100,00;100,00;100,00
22,488;21,866;21,74;21,623;21,579;21,569;100,00;100,00;100,00;100,00;100,00;100,00
22,503;21,799;21,733;21,637;21,581;21,566;100,00;100,00;100,00;100,00;100,00;100,00
22,476;21,859;21,746;21,6;21,582;21,574;100,00;100,00;100,00;100,00;100,00;100,00
22,466;21,874;21,701;21,603;21,541;21,554;100,00;100,00;100,00;100,00;100,00;100,00
22,472;21,764;21,707;21,599;21,535;21,56;100,00;100,00;100,00;100,00;100,00;100,00
22,452;21,776;21,698;21,559;21,498;21,493;100,00;100,00;100,00;100,00;100,00;100,00
22,446;21,84;21,664;21,541;21,522;21,499;100,00;100,00;100,00;100,00;100,00;100,00
22,422;21,841;21,651;21,554;21,535;21,538;100,00;100,00;100,00;100,00;100,00;100,00
22,443;21,706;21,637;21,541;21,468;21,475;100,00;100,00;100,00;100,00;100,00;100,00
22,294;21,676;21,666;21,49;21,52;21,477;100,00;100,00;100,00;100,00;100,00;100,00
22,386;21,811;21,658;21,553;21,615;21,501;100,00;100,00;100,00;100,00;100,00;100,00
22,389;21,832;21,704;21,672;21,704;21,617;100,00;100,00;100,00;100,00;100,00;100,00
22,394;21,704;21,685;21,673;21,56;21,566;100,00;100,00;100,00;100,00;100,00;100,00
22,388;21,75;21,624;21,527;21,522;21,45;100,00;100,00;100,00;100,00;100,00;100,00
22,375;21,741;21,64;21,603;21,724;21,694;100,00;100,00;100,00;100,00;100,00;100,00
22,376;21,634;21,585;21,576;21,47;21,51;100,00;100,00;100,00;100,00;100,00;100,00
22,339;21,559;21,533;21,44;21,385;21,38;100,00;100,00;100,00;100,00;100,00;100,00
22,164;21,522;21,541;21,438;21,363;21,34;100,00;100,00;100,00;100,00;100,00;100,00
22,222;21,489;21,477;21,452;21,4;21,392;100,00;100,00;100,00;100,00;100,00;100,00
22,118;21,37;21,357;21,372;21,281;21,321;100,00;100,00;100,00;100,00;100,00;100,00
22,033;21,38;21,308;21,403;21,345;21,376;100,00;100,00;100,00;100,00;100,00;100,00
22,015;21,317;21,288;21,251;21,223;21,204;100,00;100,00;100,00;100,00;100,00;100,00
22,027;21,34;21,296;21,242;21,158;21,219;100,00;100,00;100,00;100,00;100,00;100,00
22,006;21,413;21,397;21,265;21,241;21,217;100,00;100,00;100,00;100,00;100,00;100,00
21,791;21,394;21,351;21,283;21,238;21,259;100,00;100,00;100,00;100,00;100,00;100,00
21,975;21,461;21,425;21,314;21,278;21,293;100,00;100,00;100,00;100,00;100,00;100,00
22,041;21,468;21,409;21,357;21,296;21,303;100,00;100,00;100,00;100,00;100,00;100,00
22,057;21,461;21,444;21,348;21,302;21,299;100,00;100,00;100,00;100,00;100,00;100,00
22,133;21,581;21,499;21,351;21,346;21,302;100,00;100,00;100,00;100,00;100,00;100,00
22,176;21,645;21,533;21,437;21,431;21,367;100,00;100,00;100,00;100,00;100,00;100,00
22,191;21,574;21,605;21,496;21,434;21,438;100,00;100,00;100,00;100,00;100,00;100,00
22,205;21,704;21,614;21,492;21,45;21,422;100,00;100,00;100,00;100,00;100,00;100,00
22,197;21,722;21,62;21,522;21,465;21,44;100,00;100,00;100,00;100,00;100,00;100,00
22,227;21,686;21,593;21,504;21,432;21,425;100,00;100,00;100,00;100,00;100,00;100,00
22,23;21,704;21,575;21,459;21,413;21,406;100,00;100,00;100,00;100,00;100,00;100,00
22,182;21,727;21,575;21,449;21,375;21,392;100,00;100,00;100,00;100,00;100,00;100,00
22,129;21,56;21,562;21,493;21,398;21,34;100,00;100,00;100,00;100,00;100,00;100,00
22,191;21,636;21,578;21,49;21,462;21,529;100,00;100,00;100,00;100,00;100,00;100,00
22,23;21,526;21,458;21,474;21,389;21,416;100,00;100,00;100,00;100,00;100,00;100,00
21,878;21,461;21,49;21,406;21,366;21,343;100,00;100,00;100,00;100,00;100,00;100,00
22,003;21,504;21,455;21,435;21,421;21,382;100,00;100,00;100,00;100,00;100,00;100,00
22,163;21,477;21,415;21,41;21,321;21,34;100,00;100,00;100,00;100,00;100,00;100,00
22,02;21,455;21,422;21,36;21,266;21,259;100,00;100,00;100,00;100,00;100,00;100,00
22,097;21,532;21,422;21,32;21,265;21,256;100,00;100,00;100,00;100,00;100,00;100,00
22,105;21,557;21,413;21,317;21,225;21,223;100,00;100,00;100,00;100,00;100,00;100,00
22,136;21,473;21,415;21,294;21,229;21,213;100,00;100,00;100,00;100,00;100,00;100,00
21,988;21,437;21,397;21,314;21,244;21,229;100,00;100,00;100,00;100,00;100,00;100,00
21,872;21,354;21,326;21,293;21,186;21,189;100,00;100,00;100,00;100,00;100,00;100,00
21,85;21,38;21,357;21,268;21,222;21,21;100,00;100,00;100,00;100,00;100,00;100,00
22,039;21,404;21,342;21,265;21,155;21,164;100,00;100,00;100,00;100,00;100,00;100,00
22,054;21,364;21,337;21,214;21,151;21,151;100,00;100,00;100,00;100,00;100,00;100,00
21,892;21,326;21,268;21,191;21,103;21,116;100,00;100,00;100,00;100,00;100,00;100,00
21,881;21,352;21,324;21,159;21,131;21,128;100,00;100,00;100,00;100,00;100,00;100,00
22,009;21,337;21,256;21,195;21,133;21,164;100,00;100,00;100,00;100,00;100,00;100,00
21,871;21,253;21,234;21,118;21,085;21,081;100,00;100,00;100,00;100,00;100,00;100,00
21,935;21,285;21,238;21,142;21,081;21,091;100,00;100,00;100,00;100,00;100,00;100,00
21,923;21,277;21,222;21,13;21,082;21,103;100,00;100,00;100,00;100,00;100,00;100,00
21,99;21,317;21,237;21,093;21,051;21,026;100,00;100,00;100,00;100,00;100,00;100,00
21,966;21,26;21,232;21,093;21,038;21,029;100,00;100,00;100,00;100,00;100,00;100,00
21,965;21,36;21,274;21,1;21,079;21,108;100,00;100,00;100,00;100,00;100,00;100,00
21,988;21,263;21,247;21,119;21,075;21,059;100,00;100,00;100,00;100,00;100,00;100,00
21,959;21,217;21,186;21,105;21,081;21,079;100,00;100,00;100,00;100,00;100,00;100,00
21,92;21,167;21,148;21,072;20,988;21,008;100,00;100,00;100,00;100,00;100,00;100,00
21,838;21,238;21,205;21,047;21,014;21,029;100,00;100,00;100,00;100,00;100,00;100,00
21,866;21,234;21,041;21,113;20,986;21,029;100,00;100,00;100,00;100,00;100,00;100,00
21,81;21,122;21,059;20,983;20,885;20,953;100,00;100,00;100,00;100,00;100,00;100,00
21,762;21,093;20,998;20,924;20,819;20,912;100,00;100,00;100,00;100,00;100,00;100,00
21,823;21,155;21,041;20,865;20,819;20,845;100,00;100,00;100,00;100,00;100,00;100,00
21,858;21,062;20,961;20,924;20,832;20,799;100,00;100,00;100,00;100,00;100,00;100,00
21,581;20,93;20,881;20,832;20,752;20,799;100,00;100,00;100,00;100,00;100,00;100,00
21,652;20,915;20,832;20,779;20,752;20,825;100,00;100,00;100,00;100,00;100,00;100,00
21,45;20,838;20,833;20,758;20,74;20,786;100,00;100,00;100,00;100,00;100,00;100,00
21,496;20,884;20,82;20,711;20,641;20,659;100,00;100,00;100,00;100,00;100,00;100,00
21,658;20,992;20,958;20,691;20,742;20,746;100,00;100,00;100,00;100,00;100,00;100,00
21,722;21,085;21,013;20,853;20,773;20,819;100,00;100,00;100,00;100,00;100,00;100,00
21,737;21,072;20,985;20,876;20,785;20,804;100,00;100,00;100,00;100,00;100,00;100,00
21,584;20,866;20,882;20,879;20,752;20,743;100,00;100,00;100,00;100,00;100,00;100,00
21,658;20,949;20,933;20,869;20,792;20,836;100,00;100,00;100,00;100,00;100,00;100,00
21,701;20,882;20,897;20,851;20,811;20,825;100,00;100,00;100,00;100,00;100,00;100,00
21,679;20,891;20,85;20,745;20,727;20,759;100,00;100,00;100,00;100,00;100,00;100,00
21,582;20,859;20,77;20,786;20,72;20,721;100,00;100,00;100,00;100,00;100,00;100,00
21,45;20,758;20,773;20,721;20,644;20,675;100,00;100,00;100,00;100,00;100,00;100,00
21,579;20,906;20,86;20,708;20,684;20,718;100,00;100,00;100,00;100,00;100,00;100,00
21,606;20,903;20,813;20,749;20,711;20,709;100,00;100,00;100,00;100,00;100,00;100,00
21,541;20,742;20,705;20,684;20,606;20,694;100,00;100,00;100,00;100,00;100,00;100,00
21,434;20,751;20,649;20,628;20,617;20,663;100,00;100,00;100,00;100,00;100,00;100,00
21,376;20,619;20,591;20,601;20,493;20,527;100,00;100,00;100,00;100,00;100,00;100,00
21,096;20,696;20,606;20,498;20,4;20,391;100,00;100,00;100,00;100,00;100,00;100,00
21,435;20,669;20,641;20,45;20,4;20,359;100,00;100,00;100,00;100,00;100,00;100,00
21,477;20,728;20,641;20,456;20,394;20,462;100,00;100,00;100,00;100,00;100,00;100,00
21,274;20,548;20,536;20,468;20,375;20,393;100,00;100,00;100,00;100,00;100,00;100,00
21,116;20,592;20,579;20,484;20,498;20,48;100,00;100,00;100,00;100,00;100,00;100,00
21,413;20,736;20,669;20,514;20,468;20,49;100,00;100,00;100,00;100,00;100,00;100,00
21,449;20,691;20,678;20,512;20,495;20,471;100,00;100,00;100,00;100,00;100,00;100,00
21,47;20,881;20,764;20,585;20,576;20,558;100,00;100,00;100,00;100,00;100,00;100,00
21,522;20,977;20,831;20,668;20,606;20,576;100,00;100,00;100,00;100,00;100,00;100,00
21,542;20,733;20,697;20,688;20,613;20,567;100,00;100,00;100,00;100,00;100,00;100,00
21,389;20,712;20,662;20,607;20,566;20,586;100,00;100,00;100,00;100,00;100,00;100,00
21,47;20,905;20,767;20,597;20,551;20,542;100,00;100,00;100,00;100,00;100,00;100,00
21,542;21,004;20,764;20,62;20,554;20,521;100,00;100,00;100,00;100,00;100,00;100,00
21,541;20,953;20,848;20,626;20,628;20,594;100,00;100,00;100,00;100,00;100,00;100,00
21,541;20,868;20,705;20,709;20,683;20,694;100,00;100,00;100,00;100,00;100,00;100,00
21,474;20,751;20,711;20,646;20,564;20,539;100,00;100,00;100,00;100,00;100,00;100,00
21,516;20,928;20,776;20,62;20,709;20,541;100,00;100,00;100,00;100,00;100,00;100,00
21,52;20,908;20,777;20,708;20,786;20,691;100,00;100,00;100,00;100,00;100,00;100,00
21,524;20,833;20,786;20,674;20,768;20,699;100,00;100,00;100,00;100,00;100,00;100,00
21,524;20,836;20,796;20,762;20,702;20,66;100,00;100,00;100,00;100,00;100,00;100,00
21,474;20,875;20,805;20,711;20,654;20,765;100,00;100,00;100,00;100,00;100,00;100,00
21,507;20,863;20,724;20,592;20,579;20,592;100,00;100,00;100,00;100,00;100,00;100,00
21,499;20,779;20,656;20,604;20,625;20,594;100,00;100,00;100,00;100,00;100,00;100,00
21,449;20,66;20,616;20,546;20,483;20,453;100,00;100,00;100,00;100,00;100,00;100,00
21,421;20,709;20,641;20,529;20,615;20,462;100,00;100,00;100,00;100,00;100,00;100,00
21,403;20,708;20,616;20,561;20,539;20,585;100,00;100,00;100,00;100,00;100,00;100,00
21,401;20,665;20,58;20,419;20,374;20,444;100,00;100,00;100,00;100,00;100,00;100,00
21,413;20,688;20,496;20,421;20,465;20,377;100,00;100,00;100,00;100,00;100,00;100,00
21,378;20,6;20,499;20,45;20,351;20,354;100,00;100,00;100,00;100,00;100,00;100,00
21,357;20,634;20,552;20,415;20,422;20,368;100,00;100,00;100,00;100,00;100,00;100,00
21,213;20,545;20,425;20,452;20,393;20,353;100,00;100,00;100,00;100,00;100,00;100,00
21,016;20,421;20,422;20,326;20,394;20,356;100,00;100,00;100,00;100,00;100,00;100,00
21,257;20,572;20,484;20,43;20,468;20,444;100,00;100,00;100,00;100,00;100,00;100,00
21,213;20,595;20,527;20,471;20,521;20,464;100,00;100,00;100,00;100,00;100,00;100,00
21,336;20,69;20,717;20,549;20,683;20,453;100,00;100,00;100,00;100,00;100,00;100,00
21,428;20,93;20,572;20,603;20,737;20,696;100,00;100,00;100,00;100,00;100,00;100,00
21,406;20,721;20,697;20,711;20,817;20,552;100,00;100,00;100,00;100,00;100,00;100,00
21,467;20,968;20,714;20,724;20,86;20,684;100,00;100,00;100,00;100,00;100,00;100,00
21,434;20,863;20,879;20,896;20,936;20,884;100,00;100,00;100,00;100,00;100,00;100,00
21,24;20,811;20,77;20,968;20,973;21,09;100,00;100,00;100,00;100,00;100,00;100,00
21,274;20,835;20,91;20,91;20,996;20,873;100,00;100,00;100,00;100,00;100,00;100,00
21,284;20,948;21,016;20,945;21,204;20,899;100,00;100,00;100,00;100,00;100,00;100,00
21,48;21,285;20,976;21,119;21,386;21,346;100,00;100,00;100,00;100,00;100,00;100,00
21,538;21,391;21,176;21,32;21,471;21,554;100,00;100,00;100,00;100,00;100,00;100,00
21,621;21,461;21,248;21,296;21,4;21,45;100,00;100,00;100,00;100,00;99,55;100,00
21,707;21,446;21,471;21,398;21,646;21,434;100,00;100,00;100,00;100,00;99,55;100,00
21,719;21,501;21,458;21,524;21,901;21,776;100,00;100,00;100,00;100,00;100,00;100,00
21,837;21,648;21,643;21,45;21,966;21,953;100,00;100,00;100,00;100,00;98,92;100,00
21,737;21,452;21,538;21,786;22,205;22,251;100,00;100,00;100,00;100,00;100,00;100,00
21,962;21,856;21,646;21,856;22,381;22,278;100,00;100,00;100,00;100,00;98,92;100,00
22,056;21,944;21,841;22,029;22,458;22,421;100,00;100,00;100,00;100,00;99,22;100,00
22,14;21,826;22,039;22,02;22,164;22,584;100,00;100,00;100,00;100,00;97,07;100,00
22,03;21,727;22,038;21,933;22,252;22,263;100,00;100,00;100,00;96,95;96,15;100,00
22,085;21,835;21,737;22,054;22,37;22,218;100,00;100,00;100,00;96,65;90,62;100,00
21,797;21,688;21,649;22,158;22,591;22,355;100,00;100,00;97,75;90,17;89,72;100,00
21,849;21,631;21,924;22,445;22,766;22,796;100,00;100,00;94,87;92,62;90,62;100,00
21,822;21,739;22,005;22,531;22,904;23,125;100,00;100,00;95,82;90,47;89,42;100,00
22,009;21,898;22,154;22,791;24,449;23,568;100,00;100,00;95,20;88,35;83,07;85,00
22,061;21,883;22,06;22,99;25,27;23,949;100,00;100,00;96,80;86,22;79,50;82,57
22,063;21,936;22,413;23,451;24,895;24,881;100,00;100,00;92,05;89,57;83,07;77,75
21,905;22,137;22,679;23,112;25,503;24,142;100,00;100,00;94,87;90,17;86,40;88,37
21,942;22,309;23,331;24,564;25,024;25,567;100,00;100,00;94,57;83,80;85,17;82,87
21,965;22,569;23,263;25,04;25,077;25,959;100,00;100,00;93,00;88,95;85,17;82,27
22,445;23,031;23,675;24,441;25,993;26,137;100,00;100,00;91,10;88,05;80,40;81,97
22,875;23,618;23,844;24,379;27,066;25,49;100,00;100,00;94,25;89,25;81,60;82,57
23,083;23,773;23,964;25,387;27,461;25,778;100,00;100,00;93,00;87,72;77,15;83,80
23,002;22,895;23,892;24,649;25,272;24,634;100,00;100,00;93,30;87,42;82,77;85,32
23,313;23,277;23,701;25,168;25,223;24,725;100,00;100,00;93,30;85,60;82,50;85,00
23,242;22,887;23,692;24,738;25,153;24,414;100,00;100,00;94,87;86,82;83,97;86,22
23,211;22,82;23,708;24,437;24,706;24,277;100,00;100,00;92,05;87,12;83,97;87,15
23,236;22,881;23,785;24,482;24,893;24,334;100,00;100,00;94,87;87,12;84,57;87,45
23,308;22,99;23,767;24,422;25,004;24,355;100,00;100,00;96,80;88,65;85,47;86,85
23,513;23,218;24,327;24,652;25,328;24,616;100,00;100,00;92,05;88,05;82,20;85,92
23,886;23,753;24,252;25,101;25,763;25,386;100,00;100,00;95,52;85,00;81,90;83,17
24,111;23,789;24,596;25,284;26,032;25,455;100,00;100,00;93,92;84,40;83,97;84,40
24,236;24,2;24,725;25,397;26,573;25,456;100,00;100,00;90,77;85,90;77,15;80,75
24,531;24,585;25,034;25,904;26,258;25,853;100,00;100,00;88,60;80,47;78,92;79,25
24,59;24,561;25,118;25,856;26,472;25,847;100,00;100,00;88,60;79,27;75,37;79,25
24,635;24,516;24,974;26,026;26,295;25,882;100,00;100,00;88,60;79,87;77,42;78,65
24,485;24,494;24,772;25,884;25,832;25,641;100,00;100,00;93,00;78,40;82,77;79,85
24,274;24,234;24,752;25,679;26,127;25,537;100,00;98,70;93,30;81,07;78,62;83,47
24,314;24,268;24,958;25,647;26,075;25,499;100,00;94,50;89,52;81,67;78,92;81,65
24,414;24,552;25,196;25,722;26,467;25,746;100,00;97,80;89,52;81,37;78,02;78,05
24,457;24,655;24,925;26,025;26,203;25,691;100,00;97,80;94,25;78,97;78,02;80,15
24,298;24,407;24,82;25,835;26,226;25,789;100,00;98,40;96,80;82,87;78,32;79,85
24,319;24,529;24,885;25,74;26,235;25,982;100,00;99,60;96,47;82,57;82,20;80,75
24,308;24,523;24,98;25,742;26,424;26,089;100,00;97,50;96,47;89,57;82,20;78,65
24,466;24,606;25,238;26,051;26,609;26,613;100,00;96,90;89,22;82,27;81,30;78,65
24,606;24,729;25,412;26,077;26,683;26,028;100,00;95,40;89,85;82,27;76,55;77,15
24,852;24,905;25,39;26,108;26,965;26,195;100,00;96,00;90,15;84,40;75,37;77,15
24,807;24,813;25,593;26,369;26,897;26,21;100,00;96,00;83,00;79,57;75,07;76,85
24,694;24,967;25,567;26,296;26,906;26,108;100,00;94,20;87,35;79,27;76,25;77,75
24,74;25,04;25,523;26,442;26,707;26,137;100,00;94,50;90,77;79,57;77,42;80,15
24,741;25,284;25,502;26,473;26,937;26,527;100,00;95,40;89,52;77,20;75,67;77,45
24,702;25,397;25,485;26,553;26,862;26,379;100,00;94,20;90,15;78,40;75,37;77,45
24,663;25,043;25,348;26,441;27,036;26,2;100,00;97,20;96,15;79,27;76,85;78,05
24,646;25,138;25,167;26,155;26,976;26,567;100,00;96,60;97,10;89,25;80,70;77,75
24,72;25,241;25,404;26,197;26,892;26,778;100,00;96,00;96,47;88,05;82,20;80,15
24,825;25,363;25,625;26,347;26,903;26,977;100,00;96,00;96,47;89,25;86,40;78,35
24,943;25,439;25,855;26,435;27,076;27,16;100,00;97,20;93,62;90,47;86,70;79,85
25,033;25,613;26,121;26,732;27,8;27,478;100,00;96,30;93,30;87,42;81,60;84,40
25,062;25,731;26,173;26,7;27,459;27,582;100,00;95,40;93,62;87,42;83,37;81,65
25,068;25,936;26,187;27,033;27,674;28,034;100,00;95,10;94,25;87,12;81,00;72,37
25,069;25,924;26,164;26,835;27,705;27,773;100,00;95,40;94,87;90,17;82,77;83,17
25,223;25,948;26,43;27,079;27,903;28,254;100,00;95,40;92,67;88,65;77,15;75,95
25,348;26,247;26,532;27,52;28,436;27,616;100,00;93,32;90,77;82,27;72,15;75,35
25,487;26,023;26,914;27,394;28,344;27,654;99,20;92,12;82,37;79,27;70,10;79,85
25,921;26,752;27,43;27,791;28,568;27,622;98,27;83,02;81,77;73,92;73,90;70,30
26,17;26,871;28,079;28,557;28,812;28,186;97,65;79,00;70,82;68,35;64,62;66,77
26,269;27,155;27,708;28,609;28,826;28,182;96,40;77,27;75,35;65,45;66,05;65,60
26,108;26,829;27,358;28,112;28,755;28,078;97,65;81,30;76,27;71,87;67,22;69,70
26,138;26,767;27,456;28,617;28,738;28,051;97,32;78,42;75,65;69,82;68,37;69,40
26,132;27,041;28,067;28,486;29,001;28,218;97,32;81,87;73,22;68,65;67,22;68,22
26,29;27,27;28,181;28,856;29,1;28,112;97,02;76,42;71,42;66,32;67,50;68,52
26,356;27,408;27,819;28,839;29,315;28,424;96,07;75,85;73,22;68,35;65,20;66,47
26,264;27,253;27,747;29,157;29,184;28,453;96,70;81,87;71,42;67,20;64,05;66,77
26,146;27,141;27,602;28,815;29,246;28,617;97,65;85,07;74,15;66,60;65,77;67,95
26,072;27,163;27,82;28,601;29,192;28,99;98,57;81,87;71,72;66,60;65,77;64,72
26,152;27,392;27,851;28,625;29,372;28,963;97,32;81,00;74,75;67,77;65,77;66,47
25,833;27,092;27,898;28,839;28,875;28,298;98,57;80,42;74,75;67,47;67,22;67,65
25,919;27,126;27,661;28,686;29,205;28,268;98,57;84,50;75,95;68,35;67,22;68,82
26,005;27,2;27,724;28,59;29,474;28,595;98,57;83,62;75,05;69,52;65,20;68,22
26,029;27,225;27,962;28,848;29,447;28,593;97,95;80,42;73,22;68,65;66,35;67,95
26,06;27,307;27,664;28,648;29,469;28,603;99,52;83,32;82,07;67,77;64,62;69,40
26,097;27,352;27,655;28,782;29,122;28,799;98,27;82,17;78,70;69,22;66,35;66,77
25,986;27,341;27,842;28,788;29,16;28,262;99,82;84,50;74,45;67,47;66,35;73,55
25,983;27,405;27,643;28,771;29,49;28,474;100,00;82,17;84,25;67,20;66,35;67,35
25,997;26,971;27,733;28,917;28,985;28,419;99,52;89,47;79,32;70,70;70,40;69,40
25,939;26,878;27,422;28,824;29,549;28,537;99,82;90,95;88,27;69,82;64,90;68,52
26,008;27,14;27,216;29,138;29,738;29,317;99,82;90,65;88,90;71,57;68,37;65,60
26,058;27,151;28,268;29,113;30,037;28,979;99,82;88,30;82,70;68,35;64,90;70,00
26,043;27,191;28,264;29,498;29,84;29,007;99,82;85,37;71,12;68,07;62,32;68,52
25,919;27,318;28,413;29,398;29,943;28,834;99,52;82,75;74,45;66,90;61,20;66,77
26,063;27,465;28,164;29,642;29,93;29,417;98,57;80,15;77,17;67,47;63,20;65,30
26,114;27,264;28,207;30,104;30,045;29,246;97,95;82,45;76,57;62,27;62,90;66,17
26,117;27,191;28,15;29,79;29,579;29,449;97,95;82,45;74,45;65,45;63,77;67,35
26,204;27,486;28,599;29,649;29,985;29,482;97,95;82,45;71,42;63,72;64,35;62,70
26,252;27,427;28,783;29,703;30,368;29,385;97,95;82,75;68,45;65,15;61,47;65,02
26,051;27,157;28,774;29,593;30,24;29,246;98,90;82,45;70,82;63,72;59,50;66,47
25,901;27,302;28,311;29,339;29,871;28,995;98,57;82,17;75,65;63,72;61,47;67,07
25,789;27,152;28,164;29,672;30,184;29,195;99,82;84,20;77,77;63,72;61,77;63,85
25,706;27,134;28,355;29,393;30,111;29,569;99,82;83,90;74,75;69,52;61,77;63,27
25,595;27,036;27,926;29,32;29,867;29,431;99,82;84,77;78,70;67,20;62,05;62,97
25,439;26,764;27,341;29,449;29,985;29,146;100,00;85,37;81,45;65,15;64,05;64,72
25,407;26,744;27,893;29,197;30,068;29,107;100,00;88,00;74,15;67,77;63,20;65,60
25,38;26,811;27,643;29,73;30,013;29,097;100,00;87,12;79,32;64,00;63,47;65,30
25,263;26,516;27,459;29,782;29,84;29,176;100,00;90,65;83,30;65,15;65,20;66,77
25,165;26,372;27,149;30,101;29,151;28,798;100,00;89,47;82,70;67,47;68,07;68,82
25,133;26,282;27,323;28,917;29,129;28,468;100,00;88,60;79,62;70,40;66,05;69,40
25,031;26,207;27,217;28,115;28,757;28,319;100,00;89,77;79,62;76,30;69,82;72,07
24,966;26,072;27,101;28,475;28,598;28,162;100,00;88,87;79,00;71,00;69,52;71,77
24,999;26,27;27,23;28,397;28,676;28,236;100,00;88,87;82,07;71,27;68,95;69,12
24,917;26,005;26,828;27,928;28,275;27,951;100,00;91,55;83,62;73,92;71,27;71,47
24,934;25,901;26,598;27,375;28,029;27,794;100,00;91,82;87,02;78,97;72,45;76,55
24,837;25,693;26,464;28,206;28,342;27,775;100,00;93,02;88,60;74,22;69,82;74,45
24,81;25,731;26,094;28,667;28,521;27,739;100,00;92,12;89,85;71,27;69,52;74,15
24,725;25,336;25,794;27,084;27,95;27,613;100,00;94,20;93,30;82,57;74,77;74,75
24,65;25,135;25,587;26,349;27,143;27,222;100,00;96,00;93,00;87,42;80,10;77,15
24,52;24,972;25,349;25,999;26,498;26,933;100,00;95,70;92,35;85,00;81,30;77,75
24,449;24,849;25,221;25,934;26,282;26,335;100,00;94,80;92,35;85,90;82,50;82,27
24,399;24,807;25,167;25,711;25,896;25,965;100,00;94,20;94,87;87,12;87,00;86,55
24,323;24,649;24,835;25,479;25,43;25,861;100,00;95,10;95,20;90,47;88,20;85,92
24,197;24,544;24,796;25,031;25,244;25,566;100,00;96,30;95,82;90,17;87,30;87,15
24,186;24,434;24,629;25,03;25,173;25,383;100,00;96,90;96,80;89,25;86,70;89,00
24,098;24,346;24,51;24,866;25,05;25,369;100,00;98,40;97,75;93,55;91,55;89,92
24,067;24,185;24,363;24,576;24,766;25,167;100,00;97,80;97,42;94,47;92,77;91,77
24,022;24,109;24,248;24,514;24,59;24,864;100,00;98,70;99,02;94,77;94,30;93,32
23,933;24,062;24,15;24,369;24,508;24,688;100,00;100,00;99,67;95,72;94,30;94,27
23,865;23,972;23,978;24,357;24,556;24,738;100,00;99,30;100,00;96,02;93,37;93,02
23,8;23,886;23,866;24,376;24,384;24,596;100,00;100,00;100,00;95,72;94,60;93,95
23,767;23,768;23,783;24,346;24,336;24,57;100,00;100,00;100,00;95,10;94,60;93,02
23,72;23,663;23,737;24,16;24,382;24,398;100,00;100,00;100,00;95,40;92,77;93,32
23,702;23,66;23,66;24,2;24,186;24,358;100,00;100,00;100,00;95,10;94,30;93,95
23,649;23,631;23,628;24,076;24,046;24,31;100,00;100,00;100,00;95,72;94,60;93,65
23,579;23,565;23,583;23,878;23,954;24,088;100,00;100,00;100,00;96,95;95,82;95,52
23,57;23,454;23,511;23,862;23,916;24,029;100,00;100,00;100,00;95,72;94,90;95,52
23,495;23,425;23,412;23,652;23,851;23,988;100,00;100,00;100,00;96,32;94,60;94,90
23,475;23,395;23,343;23,752;23,86;24,047;100,00;100,00;100,00;95,72;94,90;94,57
23,442;23,352;23,404;23,66;23,588;23,777;100,00;100,00;100,00;97,27;97,07;96,45
23,386;23,311;23,486;23,609;23,555;23,669;100,00;100,00;100,00;96,95;97,07;97,07
23,317;23,169;23,238;23,624;23,434;23,613;100,00;100,00;100,00;96,95;98,00;97,07
23,302;23,104;23,136;23,151;23,367;23,505;100,00;100,00;100,00;100,00;97,07;97,40
23,302;23,139;23,416;23,349;23,418;23,456;100,00;100,00;99,97;98,20;96,75;97,70
23,214;23,112;23,143;23,41;23,29;23,427;100,00;100,00;100,00;97,27;97,67;97,40
23,175;22,929;22,947;23,058;23,131;23,19;100,00;100,00;100,00;100,00;98,60;98,65
23,043;22,835;22,824;23,071;23,026;23,224;100,00;100,00;100,00;99,75;99,85;98,35
23,001;22,766;22,772;22,773;22,857;23,064;100,00;100,00;100,00;100,00;100,00;98,65
23,026;22,763;22,764;22,679;22,845;23,02;100,00;100,00;100,00;100,00;99,85;98,65
23,07;22,833;22,759;22,869;23,016;23,056;100,00;100,00;100,00;99,75;97,07;97,07
23,05;22,839;22,791;23,038;22,95;23,08;100,00;100,00;100,00;97,87;97,67;98,02
22,878;22,699;22,667;22,92;22,914;22,937;100,00;100,00;100,00;98,50;96,75;98,02
22,86;22,576;22,576;22,947;22,929;22,92;100,00;100,00;100,00;98,20;96,45;97,07
22,818;22,497;22,491;22,905;22,759;22,853;100,00;100,00;100,00;97,87;97,37;97,40
22,82;22,573;22,606;22,811;22,797;22,757;100,00;100,00;100,00;97,57;96,45;97,07
22,809;22,591;22,563;22,901;22,833;22,839;100,00;100,00;100,00;96,32;95,52;95,82
22,67;22,44;22,452;22,791;22,732;22,776;100,00;100,00;100,00;97,87;96,15;96,77
22,697;22,425;22,602;22,666;22,67;22,726;100,00;100,00;100,00;97,27;95,82;96,45
22,684;22,475;22,687;22,67;22,654;22,658;100,00;100,00;99,67;96,65;96,15;96,77
22,599;22,388;22,437;22,835;22,799;22,844;100,00;100,00;100,00;95,72;95,52;95,52
22,551;22,285;22,431;22,585;22,555;22,622;100,00;100,00;100,00;97,27;96,45;97,40
22,567;22,331;22,434;22,537;22,46;22,612;100,00;100,00;100,00;96,95;96,75;96,45
22,56;22,306;22,489;22,455;22,582;22,576;100,00;100,00;99,97;97,57;95,82;96,77
22,567;22,307;22,418;22,534;22,454;22,546;100,00;100,00;100,00;96,65;96,75;96,77
22,513;22,264;22,337;22,473;22,446;22,464;100,00;100,00;100,00;97,27;96,45;97,07
22,51;22,222;22,307;22,41;22,348;22,421;100,00;100,00;100,00;97,57;97,07;97,70
22,489;22,191;22,208;22,388;22,372;22,403;100,00;100,00;100,00;97,57;97,07;97,40
22,293;21,977;22,069;22,24;22,243;22,275;100,00;100,00;100,00;99,45;98,00;98,35
22,313;21,926;21,974;22,306;22,342;22,406;100,00;100,00;100,00;98,50;97,67;98,02
22,34;21,929;21,972;22,237;22,23;22,337;100,00;100,00;100,00;98,82;98,00;98,02
22,205;21,875;21,892;22,228;22,219;22,248;100,00;100,00;100,00;99,12;98,60;98,65
22,213;21,764;21,841;22,047;22,185;22,219;100,00;100,00;100,00;100,00;98,92;98,65
22,245;21,877;21,883;22,254;22,245;22,322;100,00;100,00;100,00;97,87;97,37;97,70
22,225;21,82;21,933;22,123;22,134;22,17;100,00;100,00;100,00;99,12;97,37;98,35
22,246;21,828;21,81;22,131;22,143;22,181;100,00;100,00;100,00;99,12;97,67;98,02
22,181;21,776;21,81;22,064;22,221;22,169;100,00;100,00;100,00;98,82;97,37;98,35
22,191;21,752;21,752;21,905;22,045;22,117;100,00;100,00;100,00;100,00;98,30;98,35
22,158;21,722;21,73;22,02;22,227;22,316;100,00;100,00;100,00;99,75;96,45;98,02
22,109;21,707;21,67;22,127;22,184;22,373;100,00;100,00;100,00;98,20;97,67;97,07
22,109;21,666;21,686;21,893;22,07;22,184;100,00;100,00;100,00;100,00;97,67;98,02
22,115;21,664;21,631;22,081;22,023;22,202;100,00;100,00;100,00;98,82;98,00;97,70
22,011;21,574;21,574;21,929;21,993;22,154;100,00;100,00;100,00;99,45;98,60;98,02
21,96;21,557;21,64;21,685;21,731;21,91;100,00;100,00;100,00;100,00;100,00;99,60
21,932;21,522;21,498;21,673;21,791;21,963;100,00;100,00;100,00;100,00;100,00;98,97
21,884;21,391;21,443;21,544;21,481;21,676;100,00;100,00;100,00;100,00;100,00;100,00
21,847;21,443;21,444;21,493;21,496;21,566;100,00;100,00;100,00;100,00;100,00;100,00
21,963;21,428;21,389;21,404;21,333;21,412;100,00;100,00;100,00;100,00;100,00;100,00
21,875;21,403;21,337;21,349;21,373;21,375;100,00;100,00;100,00;100,00;100,00;100,00
21,805;21,312;21,37;21,391;21,34;21,415;100,00;100,00;100,00;100,00;100,00;100,00
21,896;21,343;21,297;21,36;21,283;21,416;100,00;100,00;100,00;100,00;100,00;100,00
21,753;21,284;21,337;21,265;21,241;21,272;100,00;100,00;100,00;100,00;100,00;100,00
21,724;21,299;21,262;21,326;21,29;21,378;100,00;100,00;100,00;100,00;100,00;100,00
21,822;21,277;21,197;21,155;21,06;21,119;100,00;100,00;100,00;100,00;100,00;100,00
21,709;21,259;21,205;21,093;21,115;21,146;100,00;100,00;100,00;100,00;100,00;100,00
21,639;21,143;21,197;21,159;21,142;21,185;100,00;100,00;100,00;100,00;100,00;100,00
21,707;21,232;21,234;21,155;21,062;21,097;100,00;100,00;100,00;100,00;100,00;100,00
21,747;21,188;21,197;21,188;21,054;21,21;100,00;100,00;100,00;100,00;100,00;100,00
21,719;21,139;21,124;21,121;21,065;21,189;100,00;100,00;100,00;100,00;100,00;100,00
21,681;21,111;21,033;21,14;21,059;21,145;100,00;100,00;100,00;100,00;100,00;100,00
21,55;21,078;21,068;21,059;21,001;21,091;100,00;100,00;100,00;100,00;100,00;100,00
21,623;21,1;21,139;20,959;20,885;20,872;100,00;100,00;100,00;100,00;100,00;100,00
21,654;21,155;21,122;21,161;21,038;21,059;100,00;100,00;100,00;100,00;100,00;100,00
21,48;21,087;21,111;21,048;20,931;20,952;100,00;100,00;100,00;100,00;100,00;100,00
21,52;21,151;21,167;21,002;20,936;20,999;100,00;100,00;100,00;100,00;100,00;100,00
21,584;21,115;21,133;21,014;20,953;20,985;100,00;100,00;100,00;100,00;100,00;100,00
21,541;21,155;21,032;21,072;21,039;21,068;100,00;100,00;100,00;100,00;100,00;100,00
21,631;21,039;20,977;20,937;20,799;20,896;100,00;100,00;100,00;100,00;100,00;100,00
21,581;21,128;20,992;20,813;20,739;20,788;100,00;100,00;100,00;100,00;100,00;100,00
21,539;21,025;20,973;20,833;20,786;20,796;100,00;100,00;100,00;100,00;100,00;100,00
21,62;21,082;20,996;20,773;20,823;20,786;100,00;100,00;100,00;100,00;100,00;100,00
21,56;21,116;21,041;20,909;20,902;20,919;100,00;100,00;100,00;100,00;100,00;100,00
21,532;21,017;20,847;20,924;20,848;20,865;100,00;100,00;100,00;100,00;100,00;100,00
21,397;20,839;20,785;20,742;20,783;20,82;100,00;100,00;100,00;100,00;100,00;100,00
21,308;20,838;20,745;20,681;20,731;20,779;100,00;100,00;100,00;100,00;100,00;100,00
21,326;20,802;20,73;20,626;20,597;20,662;100,00;100,00;100,00;100,00;100,00;100,00
21,426;20,845;20,768;20,635;20,561;20,62;100,00;100,00;100,00;100,00;100,00;100,00
21,418;20,878;20,748;20,595;20,496;20,557;100,00;100,00;100,00;100,00;100,00;100,00
21,376;20,808;20,789;20,582;20,527;20,585;100,00;100,00;100,00;100,00;100,00;100,00
21,428;20,913;20,768;20,622;20,595;20,649;100,00;100,00;100,00;100,00;100,00;100,00
21,424;20,916;20,77;20,715;20,739;20,77;100,00;100,00;100,00;100,00;100,00;100,00
21,378;20,945;20,773;20,722;20,688;20,767;100,00;100,00;100,00;100,00;100,00;100,00
21,339;20,844;20,839;20,728;20,659;20,687;100,00;100,00;100,00;100,00;100,00;100,00
21,369;20,794;20,728;20,761;20,688;20,828;100,00;100,00;100,00;100,00;100,00;100,00
21,372;20,829;20,731;20,721;20,669;20,678;100,00;100,00;100,00;100,00;100,00;100,00
21,339;20,767;20,684;20,696;20,696;20,598;100,00;100,00;100,00;100,00;100,00;100,00
21,13;20,532;20,554;20,561;20,517;20,601;100,00;100,00;100,00;100,00;100,00;100,00
21,217;20,578;20,521;20,478;20,561;20,592;100,00;100,00;100,00;100,00;100,00;100,00
21,228;20,567;20,45;20,47;20,498;20,481;100,00;100,00;100,00;100,00;100,00;100,00
21,105;20,45;20,515;20,347;20,477;20,477;100,00;100,00;100,00;100,00;100,00;100,00
21,164;20,48;20,413;20,468;20,462;20,541;100,00;100,00;100,00;100,00;100,00;100,00
21,022;20,335;20,412;20,393;20,341;20,444;100,00;100,00;100,00;100,00;100,00;100,00
21,096;20,527;20,39;20,396;20,465;20,557;100,00;100,00;100,00;100,00;100,00;100,00
21,013;20,351;20,285;20,269;20,211;20,223;100,00;100,00;100,00;100,00;100,00;100,00
20,924;20,298;20,297;20,204;20,121;20,128;100,00;100,00;100,00;100,00;100,00;100,00
21,06;20,465;20,32;20,192;20,102;20,103;100,00;100,00;100,00;100,00;100,00;100,00
20,983;20,382;20,328;20,218;20,134;20,173;100,00;100,00;100,00;100,00;100,00;100,00
20,928;20,399;20,354;20,208;20,137;20,154;100,00;100,00;100,00;100,00;100,00;100,00
20,913;20,34;20,313;20,21;20,137;20,154;100,00;100,00;100,00;100,00;100,00;100,00
20,838;20,303;20,316;20,202;20,131;20,134;100,00;100,00;100,00;100,00;100,00;100,00
20,865;20,368;20,307;20,207;20,13;20,105;100,00;100,00;100,00;100,00;100,00;100,00
21,035;20,492;20,402;20,223;20,174;20,133;100,00;100,00;100,00;100,00;100,00;100,00
20,995;20,471;20,377;20,241;20,151;20,152;100,00;100,00;100,00;100,00;100,00;100,00
21,186;20,569;20,388;20,266;20,173;20,182;100,00;100,00;100,00;100,00;100,00;100,00
21,22;20,499;20,387;20,252;20,187;20,173;100,00;100,00;100,00;100,00;100,00;100,00
21,151;20,529;20,387;20,251;20,167;20,154;100,00;100,00;100,00;100,00;100,00;100,00
21,174;20,492;20,377;20,242;20,146;20,149;100,00;100,00;100,00;100,00;100,00;100,00
21,013;20,449;20,374;20,241;20,155;20,146;100,00;100,00;100,00;100,00;100,00;100,00
21,128;20,443;20,356;20,227;20,12;20,131;100,00;100,00;100,00;100,00;100,00;100,00
21,059;20,512;20,39;20,171;20,118;20,081;100,00;100,00;100,00;100,00;100,00;100,00
20,967;20,41;20,291;20,173;20,093;20,097;100,00;100,00;100,00;100,00;100,00;100,00
21,103;20,381;20,291;20,154;20,058;20,061;100,00;100,00;100,00;100,00;100,00;100,00
20,952;20,356;20,223;20,111;20,013;20,032;100,00;100,00;100,00;100,00;100,00;100,00
20,933;20,314;20,213;20,093;20,028;20,018;100,00;100,00;100,00;100,00;100,00;100,00
20,937;20,28;20,227;20,096;20,027;20,031;100,00;100,00;100,00;100,00;100,00;100,00
20,976;20,317;20,213;20,094;20,027;20,024;100,00;100,00;100,00;100,00;100,00;100,00
21,029;20,294;20,211;20,075;20,025;20,018;100,00;100,00;100,00;100,00;100,00;100,00
21,045;20,331;20,211;20,093;20,01;20,015;100,00;100,00;100,00;100,00;100,00;100,00
21,01;20,332;20,266;20,062;20;19,985;100,00;100,00;100,00;100,00;100,00;100,00
21,075;20,471;20,314;20,097;20;19,987;100,00;100,00;100,00;100,00;100,00;100,00
20,866;20,4;20,235;20,093;19,981;19,971;100,00;100,00;100,00;100,00;100,00;100,00
21,011;20,351;20,26;20,096;19,963;19,965;100,00;100,00;100,00;100,00;100,00;100,00
21,063;20,354;20,233;20,072;19,94;19,926;100,00;100,00;100,00;100,00;100,00;100,00
21,008;20,399;20,27;20,05;19,937;19,913;100,00;100,00;100,00;100,00;100,00;100,00
21,028;20,473;20,26;20,038;19,904;19,9;100,00;100,00;100,00;100,00;100,00;100,00
20,97;20,399;20,258;20,007;19,892;19,841;100,00;100,00;100,00;100,00;100,00;100,00
20,915;20,4;20,208;20,002;19,894;19,863;100,00;100,00;100,00;100,00;100,00;100,00
20,714;20,221;20,071;20,027;19,854;19,788;100,00;100,00;100,00;100,00;100,00;100,00
20,816;20,161;20,055;19,953;19,804;19,708;100,00;100,00;100,00;100,00;100,00;100,00
20,631;20,053;20,019;19,886;19,742;19,718;100,00;100,00;100,00;100,00;100,00;100,00
20,757;20,143;20,05;19,808;19,711;19,674;100,00;100,00;100,00;100,00;100,00;100,00
20,82;20,124;20,006;19,829;19,738;19,617;100,00;100,00;100,00;100,00;100,00;100,00
20,666;19,941;19,879;19,866;19,674;19,738;100,00;100,00;100,00;100,00;100,00;100,00
20,57;19,87;19,826;19,73;19,654;19,639;100,00;100,00;100,00;100,00;100,00;100,00
20,501;19,804;19,82;19,702;19,655;19,64;100,00;100,00;100,00;100,00;100,00;100,00
20,487;19,833;19,853;19,715;19,69;19,686;100,00;100,00;100,00;100,00;100,00;100,00
20,607;19,886;19,895;19,743;19,674;19,64;100,00;100,00;100,00;100,00;100,00;100,00
20,65;19,966;19,928;19,746;19,685;19,667;100,00;100,00;100,00;100,00;100,00;100,00
20,626;19,985;19,94;19,788;19,708;19,687;100,00;100,00;100,00;100,00;100,00;100,00
20,694;20,04;20,002;19,813;19,738;19,687;100,00;100,00;100,00;100,00;100,00;100,00
20,78;20,065;20,013;19,886;19,786;19,717;100,00;100,00;100,00;100,00;100,00;100,00
20,795;20,133;20,018;19,894;19,805;19,707;100,00;100,00;100,00;100,00;100,00;100,00
20,801;20,189;20,065;19,926;19,853;19,76;100,00;100,00;100,00;100,00;100,00;100,00
20,85;20,306;20,112;19,941;19,885;19,858;100,00;100,00;100,00;100,00;100,00;100,00
20,841;20,306;20,161;19,987;19,95;19,847;100,00;100,00;100,00;100,00;100,00;100,00
20,816;20,275;20,123;20,043;20,032;19,956;100,00;100,00;100,00;100,00;100,00;100,00
20,728;20,127;20,136;20,096;20,044;19,999;100,00;100,00;100,00;100,00;100,00;100,00
20,755;20,192;20,176;20,12;20,159;20,133;100,00;100,00;100,00;100,00;100,00;100,00
20,662;20,208;20,202;20,158;20,136;20,154;100,00;100,00;100,00;100,00;100,00;100,00
20,888;20,353;20,343;20,211;20,247;20,285;100,00;100,00;100,00;100,00;100,00;100,00
20,906;20,483;20,444;20,314;20,375;20,34;100,00;100,00;100,00;100,00;100,00;100,00
20,903;20,546;20,437;20,354;20,496;20,606;100,00;100,00;100,00;100,00;100,00;100,00
21,041;20,666;20,597;20,578;20,604;20,675;100,00;100,00;100,00;100,00;100,00;100,00
21,084;20,759;20,641;20,678;20,736;20,961;100,00;100,00;100,00;100,00;100,00;100,00
21,094;20,74;20,767;20,857;20,86;21,039;100,00;100,00;100,00;100,00;100,00;100,00
21,213;20,915;20,811;20,946;20,869;21,113;100,00;100,00;100,00;100,00;100,00;100,00
21,214;20,814;20,967;20,973;21,069;21,073;100,00;100,00;100,00;100,00;99,22;100,00
21,326;20,992;21,081;21,066;21,139;21,228;100,00;100,00;100,00;100,00;99,85;99,60
21,376;21,041;21,112;21,26;21,222;21,195;100,00;100,00;100,00;100,00;98,60;100,00
21,391;21,133;21,161;21,183;21,415;21,306;100,00;100,00;100,00;100,00;100,00;100,00
21,426;21,355;21,299;21,474;21,358;21,819;100,00;100,00;100,00;100,00;99,55;98,35
21,444;21,459;21,285;21,471;21,477;21,85;100,00;100,00;100,00;100,00;99,22;97,70
21,447;21,438;21,428;21,435;21,75;21,574;100,00;100,00;100,00;100,00;97,37;98,65
21,483;21,544;21,575;21,759;21,749;21,855;100,00;99,60;100,00;97,87;97,07;96,45
21,579;21,727;21,535;21,996;21,941;22,342;100,00;100,00;100,00;97,57;96,75;94,90
21,694;21,706;21,713;21,831;22,07;22,185;100,00;100,00;100,00;98,82;95,52;95,20
21,765;21,987;21,959;22,352;22,584;23,94;100,00;100,00;99,02;94,47;94,60;85,92
21,907;22,161;22,227;22,509;25,27;24,269;100,00;98,10;96,80;93,85;84,87;86,85
21,902;22,364;22,498;22,691;25,406;23,869;100,00;96,00;95,82;93,25;82,50;88,37
21,963;22,549;22,857;23,316;26,126;24,693;100,00;92,72;93,00;90,17;77,72;84,70
22,03;22,733;23,232;23,549;26,312;24,608;100,00;93,32;90,47;90,17;79,80;84,40
21,994;22,983;23,6;25,846;25,054;25,266;98,27;90,65;88,60;80,17;83,97;81,97
22,109;23,376;23,773;27,076;26,415;27,144;97,02;89,47;89,22;76,60;76,25;72,95
22,224;24,867;24,132;25,25;27,406;26,545;97,95;83,02;85,80;80,47;75,67;75,65
22,23;25,985;24,026;24,613;27,117;25,939;98,90;77,55;88,60;82,57;76,25;78,65
22,375;26,031;24,198;26,928;28,812;27,29;98,90;77,55;87,02;79,27;70,40;72,95
22,515;25,288;24,398;27,481;28,519;27,932;98,57;80,42;87,35;73,35;72,45;71,47
22,723;24,259;24,46;27,24;27,165;26,209;97,65;83,90;87,97;76,30;74,50;77,45
22,905;24,21;24,998;27,035;25,959;27,036;96,70;87,12;87,65;78,97;77,42;73,25
23,029;24,367;25,543;27,115;26;26,549;97,32;87,12;83,92;79,27;79,80;74,75
23,184;24,541;25,957;26,809;26,51;27,005;97,65;86,25;83,00;80,77;76,55;73,55
23,323;24,473;26,138;27,047;27,007;26,817;97,32;88,30;83,30;73,92;73,60;71,77
23,499;25,101;26,663;26,696;27,093;27,092;97,02;84,50;80,55;80,47;75,95;70,60
23,555;29,116;26,673;27,237;27,686;27,629;96,07;70,17;80,22;76,90;68,95;70,30
23,651;30,922;26,974;28,04;28,939;28,596;97,02;63,20;75,05;73,35;67,22;67,07
23,809;31,641;28,337;28,093;29,512;28,676;94,52;59,90;70,22;69,22;63,47;65,60
24,044;30,542;27,819;28,5;29,445;28,491;93,60;65,15;72,32;66,90;63,20;65,30
24,209;31,601;27,416;28,772;30,045;29,001;93,92;61,55;71,42;67,20;63,47;63,57
25,956;30,985;28,356;28,736;30,789;28,821;88,07;63,20;69,62;65,45;60,35;65,02
26,009;30,954;28,356;29,107;30,691;28,659;88,07;63,20;66,65;64,57;58,65;64,72
26,905;31,182;28,521;28,85;30,944;28,519;84,72;62,92;67,85;65,45;59,77;65,02
29,946;30,469;28,654;29,126;29,693;29,023;73,95;67,10;66,05;64,30;61,77;64,15
30,641;30,151;28,7;29,281;30,627;29,428;75,12;67,37;65,47;63,42;59,22;62,70
29,222;29,485;28,409;28,839;29,981;28,829;77,20;71,02;69,32;66,90;60,92;61,55
27,649;29,198;29,032;29,247;30,287;29,349;82,62;72,42;68,15;64,57;58,07;60,67
27,096;28,857;29,277;29,287;30,324;28,982;85,02;74,70;62,80;59,97;57,52;60,37
29,028;29,116;29,075;29,482;30,138;29,252;78,70;71,57;65,17;61,40;58,07;61,25
31,513;29,685;29,365;29,892;30,567;29,361;73,65;68,50;67,85;60,27;60,05;61,55
33,262;29,647;29,62;29,768;30,386;29,929;68,92;69,60;67,25;65,45;59,22;63,27
33,869;29,905;29,742;30,112;30,731;29,641;67,77;70,75;64,00;61,70;59,22;60,67
34,21;30,482;29,805;30,095;30,627;29,934;64,00;68,50;62,52;61,70;58,37;60,37
31,662;29,897;30,06;30,534;30,433;30,005;72,75;65,97;59,87;60,85;58,92;59,22
29,999;29,555;31,419;30,252;31,023;29,658;78,70;61,82;55,82;58,55;57,22;59,22
29,175;29,104;30,619;30,261;31,205;30,143;79,90;65,97;65,17;58,55;56,40;58,10
28,103;29,26;30,341;30,704;30,956;30,175;85,02;64,02;58,72;59,40;58,65;58,95
28,07;29,529;30,571;31,006;31,195;30,957;82,30;70,45;58,72;57,70;56,95;58,67
27,708;29,913;30,596;31,028;31,419;31,107;83,52;62,65;60,17;54,85;55,82;56,37
28,763;29,539;31,297;31,446;31,289;31,848;85,65;67,92;58,12;54,57;54,42;54,95
29,603;29,948;31,367;31,62;31,863;31,83;78,70;64,02;56,97;54,02;53,32;53,82
29,507;29,426;31,754;31,902;31,604;31,498;79,30;64,02;63,40;54,30;53,02;54,67
28,851;30,748;31,654;31,337;31,889;31,461;81,10;57,72;54,37;54,30;53,02;54,67
28,485;30,228;31,479;31,602;31,658;31,501;79,00;67,37;55,52;52,90;52,47;52,70
29,665;30,25;31,501;31,581;32,374;31,566;81,10;61,00;55,82;52,90;49,98;52,70
28,908;30,237;31,888;31,78;32,618;31,959;82,92;63,20;53,52;52,90;51,10;52,97
28,664;30,46;32,249;32,605;32,568;31,94;81,70;65,70;52,65;52,60;51,65;52,40
28,344;30,595;32,506;32,218;32,307;32,112;86,25;60,17;52,38;54,02;52,20;52,70
28,507;30,722;32,856;32,684;32,577;32,277;81,40;57,45;51,23;50,93;50,53;50,73
28,176;30,343;32;32,659;32,44;32,466;87,47;64,57;54,67;52,05;56,10;52,40
28;30,356;32,929;33,083;33,078;32,333;89,00;61,82;49,23;50,08;48,60;50,73
28,106;30,781;32,465;32,791;33,011;32,686;87,47;64,87;52,95;49,53;50,83;50,18
28,009;30,62;32,266;32,714;32,94;32,601;89,00;60,17;52,95;50,93;50,83;51,00
28,034;31,161;31,728;33,392;33,099;32,452;87,47;53,37;54,37;48,98;51,65;49,88
27,904;31,08;32,012;33,399;33,166;32,695;88,70;57,45;54,10;47,58;49,43;49,05
27,918;30,904;32,448;33,849;33,522;32,935;86,25;65,15;50,95;45,93;45,58;47,38
27,931;30,92;32,973;33,731;33,397;33,055;87,47;61,27;48,68;45,38;46,13;46,55
28,007;31,166;32,727;34,227;33,817;33,281;88,37;58,25;49,53;43,45;45,58;45,70
27,923;31,749;31,861;34,112;33,529;33,108;88,07;53,37;58,12;45,65;46,95;49,05
27,853;31,229;33,002;32,935;33,713;33,021;91,15;62,92;49,23;48,98;46,13;47,93
28,084;31,597;32,567;33,442;33,519;33,106;88,07;55,55;49,53;47,58;46,40;47,10
28,037;31,75;32,618;33,706;33,302;32,705;86,55;53,37;51,80;46,75;46,13;46,55
28,101;31,83;32,889;34,438;34,23;32,953;83,52;52,85;46,68;43,73;44,78;46,55
28,034;31,724;32,079;34,52;34,07;33,38;86,25;61,82;56,10;42,90;46,68;45,98
27,946;30,698;32,107;33,97;34,032;33,359;88,70;65,97;52,08;45,93;47,23;47,65
27,895;30,783;32,753;33,869;33,756;33,124;86,85;63,47;52,08;45,93;46,95;47,65
28,014;31,027;32,56;33,633;33,567;32,97;87,17;57,97;48,68;47,30;45,05;46,83
28,093;31,242;32,611;33,579;33,922;33,656;87,77;59,35;50,08;44,55;44,50;44,88
27,992;31,49;32,824;33,581;33,587;33,299;87,47;56,90;48,68;44,28;44,50;43,78
27,9;31,56;32,804;34,109;33,808;34,097;89,60;62,10;53,22;43,18;45,85;42,95
27,577;30,827;32,341;33,046;33,541;33,204;91,45;67,37;52,08;53,17;45,05;46,83
27,956;31,397;33,103;33,287;33,921;33,196;89,30;52,03;47,53;47,85;43,13;46,25
27,945;31,151;32,308;34,15;33,934;34,092;88,07;67,92;54,37;44,55;51,10;42,40
27,981;31,01;32,356;33,852;34,448;34,005;88,07;67,65;63,10;43,45;41,78;42,95
27,661;30,306;31,583;33,524;34,325;33,139;91,75;70,17;57,85;49,25;41,50;47,93
27,761;30,152;31,968;33,511;34,547;33,688;86,55;65,15;62,80;48,70;42,60;43,50
27,705;30,45;32,054;33,621;34,747;33,766;90,82;68,20;62,52;54,85;42,88;44,60
27,691;30,421;30,674;34,138;34,961;33,793;91,75;70,75;61,92;48,43;41,78;44,88
27,335;29,615;31,736;33,084;34,049;33,081;85,95;67,10;54,37;50,93;42,88;50,45
27,383;30,341;31,708;32,437;34,694;33,237;91,45;70,17;61,65;55,42;43,95;44,60
27,416;30,136;31,37;33,176;33,564;34,107;93,00;72,15;67,25;51,48;54,15;42,68
27,216;29,679;30,939;32,552;33,425;33,579;93,60;72,42;64,87;56,27;49,15;49,60
27,115;29,754;30,789;32,724;33,402;33,311;92,37;72,15;68,45;54,02;53,60;44,33
26,962;29,254;30,367;31,84;32,867;33,414;93,92;72,15;62,52;62,27;51,93;47,65
26,923;29,092;30,394;31,268;32,889;32,221;91,45;73,57;69,02;62,27;51,38;54,40
26,841;29,023;29,86;31,842;32,601;32,289;94,22;75,85;71,72;56,55;51,93;53,55
26,602;28,645;29,35;31,075;32,072;32,11;96,70;79,00;73,22;66,02;60,35;60,37
26,602;28,609;29,509;31,29;31,703;31,513;95,15;78,70;72,02;61,97;55,82;57,80
26,432;28,193;29,026;31,217;31,617;31,433;96,70;80,42;75,65;64,87;59,22;61,55
26,329;27,9;28,943;31,349;31,277;30,909;96,40;80,72;73,55;63,72;60,92;64,15
26,258;27,878;28,839;30,999;30,772;31,206;96,40;79,85;77,47;63,42;65,20;57,52
26,173;27,598;28,738;29,964;30,572;30,825;97,02;84,20;77,47;64,87;60,05;58,37
26,035;27,445;28,488;29,835;30,344;31,098;96,40;82,45;74,15;66,60;64,62;60,37
25,962;27,254;28,157;30,106;30,042;30,706;97,32;80,42;73,85;64,87;65,47;63,57
25,82;27,093;28,075;29,876;29,625;30,428;97,65;83,32;76,27;64,87;68,37;63,85
25,775;26,858;27,772;30,096;29,347;30,364;97,95;82,75;79,92;66,02;69,82;64,15
25,728;26,72;27,394;30,762;29,179;29,959;97,32;85,07;79,92;65,15;70,40;67,95
25,584;26,501;27,202;30,759;29,707;29,647;98,57;88,87;82,07;66,02;68,37;69,12
25,546;26,404;27,067;28,898;29,35;29,349;98,90;87,12;83,62;73,05;69,52;69,12
25,435;26,381;26,912;28,031;28,496;29,38;99,52;87,12;84,25;75,12;72,45;67,35
25,355;26,152;26,515;27,351;27,784;28,755;98,90;88,30;85,80;79,87;76,85;70,87
25,278;26,057;26,428;27,206;27,719;28,286;99,82;88,30;86,10;79,57;75,07;72,95
25,17;25,875;26,325;26,98;27,542;28,07;100,00;90,35;88,60;82,27;77,15;74,15
25,132;25,772;26,12;26,73;27,276;27,787;100,00;90,95;89,85;83,50;78,62;75,05
25,036;25,677;25,939;26,495;26,906;27,599;99,52;90,95;89,22;84,10;81,60;76,55
24,993;25,484;25,797;26,361;26,718;27,306;100,00;91,25;90,47;85,30;82,20;76,85
24,919;25,381;25,592;26,17;26,644;27,101;100,00;91,55;91,42;86,82;81,00;78,05
24,84;25,243;25,451;25,875;26,365;26,713;100,00;92,42;92,35;88,05;83,67;80,45
24,775;25,11;25,288;25,925;26,401;26,616;100,00;93,32;93,30;86,52;81,30;80,45
24,699;25,001;25,161;25,763;26,16;26,425;100,00;93,32;93,30;88,05;82,50;81,35
24,617;24,863;25,317;25,979;26,051;26,243;100,00;95,40;91,72;84,10;82,77;82,27
24,573;24,763;25,009;25,936;26;26,212;100,00;94,80;94,57;84,70;83,67;81,97
24,523;24,643;24,784;25,765;25,859;26,114;100,00;95,40;95,52;85,00;83,07;82,27
24,46;24,56;24,86;25,653;25,596;25,875;100,00;97,20;93,62;85,30;85,47;83,80
24,379;24,485;25,197;25,532;25,491;25,599;100,00;96,00;89,22;85,90;84,87;85,32
24,349;24,578;25,145;25,554;25,493;25,603;100,00;94,20;90,47;85,00;84,87;84,70
24,286;24,528;24,913;25,34;25,357;25,59;100,00;94,50;91,42;86,22;85,17;84,70
24,265;24,49;25,199;25,186;25,22;25,352;100,00;93,02;88,60;87,12;86,40;85,62
24,207;24,51;24,98;25,288;25,189;25,497;100,00;93,62;89,85;85,30;86,10;84,10
24,189;24,485;25,05;25,012;25,027;25,08;100,00;93,02;88,90;87,42;86,70;87,15
24,135;24,493;24,914;25,098;25,04;25,435;100,00;91,82;88,90;85,90;86,40;82,87
24,092;24,517;24,845;24,846;24,933;25,18;100,00;90,95;88,90;87,72;85,47;83,80
24,079;24,435;24,82;24,772;24,725;24,831;99,52;90,65;88,90;88,05;85,80;87,77
24,028;24,343;24,649;24,778;24,767;24,676;100,00;92,12;90,15;87,12;84,87;88,07
23,939;24,165;24,461;24,553;24,646;24,769;100,00;92,42;90,47;88,35;86,70;85,92
23,866;24,114;24,479;24,488;24,479;24,616;99,20;91,82;90,47;88,95;87,00;87,15
23,86;24,138;24,494;24,469;24,373;24,573;99,82;92,12;89,52;88,35;87,90;88,37
23,841;24,08;24,39;24,311;24,455;24,287;100,00;91,55;90,15;89,25;85,47;89,30
23,797;24,049;24,334;24,296;24,381;24,496;100,00;90,95;89,52;88,35;86,40;85,92
23,749;23,939;24,151;24,331;24,259;24,419;100,00;93,02;91,10;87,42;87,60;86,22
23,702;23,764;24,111;24,106;24,041;24,209;100,00;93,92;91,42;90,17;88,80;89,00
23,663;23,729;24,022;24,252;24,132;24,262;100,00;93,92;90,47;86,52;87,30;86,85
23,603;23,649;23,966;24,088;24,103;24,18;100,00;94,50;90,77;87,72;86,70;87,15
23,538;23,592;23,973;23,945;23,919;24,076;99,52;93,32;90,77;89,25;88,50;88,37
23,519;23,598;23,848;23,857;23,914;23,997;100,00;93,62;91,42;88,95;87,60;87,77
23,469;23,49;23,785;23,88;23,945;24,009;100,00;93,92;91,10;88,35;86,70;87,45
23,439;23,474;23,783;23,82;23,976;23,993;100,00;93,92;91,10;88,95;86,10;86,85
23,4;23,385;23,669;23,824;24,04;23,919;99,82;94,80;91,42;88,35;84,27;87,45
23,382;23,337;23,577;23,85;23,996;24,109;100,00;94,80;92,35;87,42;85,80;85,32
23,343;23,268;23,478;23,943;23,993;24,262;100,00;95,70;92,35;86,52;85,47;84,10
23,34;23,214;23,448;23,964;24,541;24,563;100,00;96,00;93,00;85,90;82,20;81,35
23,283;23,211;23,456;23,964;23,887;24,649;100,00;94,20;91,72;85,90;85,80;81,65
23,317;23,211;23,48;23,728;23,746;24,227;100,00;96,60;92,05;87,42;86,40;83,80
23,241;23,179;23,466;23,723;23,848;24,127;100,00;95,40;91,72;87,12;85,47;83,80
23,209;23,113;23,299;23,652;23,615;23,856;100,00;94,50;94,25;87,42;86,70;85,92
23,175;23,046;23,193;23,519;23,671;23,746;100,00;97,80;95,52;88,05;86,10;86,22
23,137;22,993;23,02;23,585;23,564;23,75;100,00;98,10;97,75;87,72;87,30;86,22
23,095;22,928;22,955;23,403;23,544;23,936;100,00;98,70;98,37;88,65;87,90;85,00
22,958;22,778;22,872;23,453;23,403;23,746;100,00;98,10;96,15;88,35;89,10;86,85
22,953;22,655;22,8;23,194;23,232;23,522;100,00;96,90;97,42;91,40;90,02;88,37
22,92;22,669;22,753;23,247;23,301;23,519;100,00;98,10;97,42;89,87;90,32;88,07
22,854;22,579;22,8;22,993;23,194;23,337;100,00;97,20;97,75;93,25;90,02;89,62
22,83;22,591;22,899;23,07;23,448;23,32;100,00;98,70;97,42;92,62;87,90;89,62
22,868;22,609;22,736;23,106;23,46;23,878;100,00;97,80;97,75;91,40;88,20;84,70
22,803;22,618;22,865;22,98;23,397;23,468;100,00;98,70;96,47;93,85;89,10;89,92
22,889;22,744;22,895;23,439;23,23;23,502;100,00;98,70;97,10;89,57;89,72;88,70
22,809;22,572;22,729;23,251;23,14;23,338;100,00;98,40;96,80;90,17;90,32;89,30
22,766;22,497;22,652;23,157;23,319;23,335;100,00;98,70;99,67;90,77;88,50;89,00
22,751;22,513;22,64;23,241;23,292;23,475;100,00;98,70;98,37;90,77;89,72;88,37
22,824;22,631;22,712;23,284;23,412;23,795;100,00;99,00;99,02;89,87;89,42;86,22
22,847;22,685;22,808;23,193;23,689;23,764;100,00;99,00;98,07;91,10;87,90;87,45
22,836;22,702;22,88;23,483;23,911;23,868;100,00;98,70;98,07;88,65;85,47;86,22
22,848;22,741;22,884;23,356;23,636;23,803;100,00;98,70;98,07;89,87;87,30;86,85
22,821;22,741;22,872;23,412;23,589;23,61;100,00;99,00;98,70;89,87;87,90;88,70
22,892;22,764;22,916;23,427;23,795;23,639;100,00;99,30;97,10;89,57;86,40;88,37
22,911;22,773;22,853;23,419;23,459;23,878;100,00;97,80;97,42;91,40;89,42;87,15
22,875;22,77;22,802;23,397;23,556;24,111;100,00;98,10;98,70;90,17;88,20;85,32
22,842;22,693;22,76;23,454;23,437;23,666;100,00;99,90;99,67;89,57;89,42;88,37
22,839;22,679;22,788;23,394;23,441;23,57;100,00;100,00;97,75;90,17;88,80;88,70
22,854;22,669;22,735;23,434;24,172;24,219;100,00;98,10;97,75;89,57;83,67;84,40
22,785;22,655;22,802;23,531;24,423;24,529;100,00;99,90;96,80;89,87;82,77;82,57
22,767;22,636;22,705;23,535;23,406;23,726;100,00;98,70;98,70;89,57;89,42;88,07
22,76;22,572;22,648;23,154;23,301;23,532;100,00;99,90;100,00;92,02;89,72;89,00
22,73;22,591;22,727;23,118;23,657;23,389;100,00;99,60;98,37;91,70;86,70;89,92
22,782;22,582;22,633;22,977;23,238;23,678;100,00;100,00;99,97;93,25;90,62;87,77
22,747;22,602;22,856;23,149;23,463;23,376;100,00;100,00;97,10;91,70;88,50;89,92
22,799;22,649;22,77;23,299;23,665;23,85;100,00;99,60;98,70;90,47;87,60;86,55
22,82;22,67;22,759;23,768;24,098;24,482;100,00;99,00;98,07;86,52;85,47;82,57
22,8;22,655;22,811;23,404;23,978;24,011;100,00;99,90;98,70;89,87;85,47;85,62
22,712;22,636;22,751;23,278;23,743;23,808;100,00;99,30;99,02;91,10;86,70;87,15
22,747;22,609;22,709;23,208;23,738;24,008;100,00;99,90;99,67;91,10;86,40;85,62
22,741;22,593;22,696;23,164;24,157;24,138;100,00;99,00;98,37;91,40;83,07;84,40
22,694;22,539;22,736;23,125;23,359;23,658;100,00;100,00;98,07;92,02;89,42;89,00
22,688;22,533;22,646;23,137;23,305;23,658;100,00;99,90;99,02;92,02;89,72;88,37
22,729;22,497;22,612;23,095;23,094;23,465;100,00;99,60;100,00;92,32;91,85;89,62
22,742;22,497;22,488;22,898;23,167;23,358;100,00;100,00;100,00;94,17;90,62;89,92
22,679;22,457;22,481;22,979;23,238;23,349;100,00;100,00;99,67;92,62;90,02;89,92
22,6;22,413;22,67;22,844;23,092;23,316;100,00;100,00;98,70;94,47;91,25;90,55
22,587;22,427;22,524;22,775;23,071;23,202;100,00;99,60;99,97;96,02;91,25;92,10
22,616;22,424;22,479;22,829;23,07;23,23;100,00;100,00;100,00;96,32;91,55;91,47
22,631;22,391;22,506;22,898;23,02;23,235;100,00;100,00;99,97;93,55;91,85;90,85
22,548;22,422;22,515;22,979;22,982;23,127;100,00;100,00;99,67;92,92;92,15;91,77
22,64;22,452;22,467;22,98;23,061;23,368;100,00;99,30;100,00;93,85;92,45;89,62
22,64;22,448;22,449;22,938;23,286;23,456;100,00;100,00;100,00;93,25;90,02;89,92
22,679;22,44;22,584;22,781;23,517;23,289;100,00;100,00;99,67;95,40;87,60;90,85
22,591;22,478;22,555;22,996;23,502;24,031;100,00;100,00;100,00;94,77;89,42;85,62
22,667;22,498;22,536;22,827;23,151;23,496;100,00;100,00;100,00;94,77;91,25;89,62
22,684;22,513;22,608;23,115;23,283;23,454;100,00;100,00;100,00;92,62;90,32;89,62
22,708;22,533;22,739;23,244;23,844;23,817;100,00;100,00;99,35;91,10;86,10;86,55
22,703;22,591;22,859;23,298;23,713;23,645;100,00;100,00;98,07;91,40;87,00;88,70
22,663;22,516;22,649;23,453;23,681;24,249;100,00;99,60;99,67;92,92;89,42;84,10
22,699;22,464;22,619;23,767;23,731;24,333;100,00;99,30;99,97;87,12;90,02;83,47
22,655;22,5;22,591;22,995;23,121;23,534;100,00;100,00;99,67;94,17;91,85;89,92
22,658;22,437;22,555;22,976;22,958;23,519;100,00;99,60;99,35;93,85;94,00;89,92
22,682;22,519;22,554;22,848;22,824;23,48;100,00;99,00;100,00;95,10;94,60;90,85
22,691;22,452;22,458;22,566;22,606;22,922;100,00;100,00;100,00;97,57;96,15;94,57
22,664;22,41;22,516;22,522;22,558;22,706;100,00;100,00;99,67;97,57;96,45;96,15
22,642;22,413;22,403;22,652;22,646;23,133;100,00;99,90;100,00;97,27;96,45;93,65
22,57;22,348;22,364;22,464;22,569;22,769;100,00;99,60;100,00;97,87;96,45;95,52
22,489;22,278;22,322;22,457;22,545;22,621;100,00;100,00;100,00;97,87;96,45;96,77
22,561;22,293;22,23;22,367;22,5;22,6;100,00;100,00;100,00;98,82;96,75;96,45
22,501;22,197;22,187;22,267;22,212;22,476;100,00;100,00;100,00;99,45;98,92;98,02
22,491;22,182;22,155;22,219;22,158;22,373;100,00;100,00;100,00;99,75;99,55;98,35
22,451;22,145;22,097;22,087;22,109;22,172;100,00;100,00;100,00;100,00;99,55;99,92
22,375;22,082;22,081;22,082;22,042;22,038;100,00;100,00;100,00;99,75;99,55;100,00
22,412;22,032;22,102;22,079;22,021;22,073;100,00;100,00;100,00;99,75;99,55;99,60
22,351;22,114;22,21;22,131;22,16;22,169;100,00;100,00;100,00;99,12;98,30;98,97
22,315;22,057;22,005;22,166;22,108;22,185;100,00;100,00;100,00;99,12;98,92;98,97
22,304;22,018;22,064;21,993;21,975;21,91;100,00;100,00;100,00;100,00;99,55;100,00
22,348;22,108;22,094;22,035;22,009;22,021;100,00;100,00;100,00;99,75;99,22;99,92
22,333;22,108;22,067;22,085;22,208;22,188;100,00;100,00;100,00;99,75;98,00;98,65
22,276;21,993;21,929;22,023;21,916;22,057;100,00;100,00;100,00;100,00;100,00;100,00
22,31;21,996;21,953;21,889;21,846;21,884;100,00;100,00;100,00;100,00;100,00;100,00
22,233;21,896;21,893;21,884;21,843;21,886;100,00;100,00;100,00;100,00;100,00;100,00
22,275;21,927;21,954;21,808;21,865;21,936;100,00;100,00;100,00;100,00;100,00;99,92
22,279;21,957;21,908;21,822;21,822;21,869;100,00;100,00;100,00;100,00;100,00;100,00
22,191;21,994;21,947;21,887;21,963;22,008;100,00;100,00;100,00;100,00;99,55;99,92
22,2;21,88;21,819;21,91;21,868;22,129;100,00;100,00;100,00;100,00;100,00;99,92
22,196;21,843;21,936;21,855;21,974;22,035;100,00;100,00;100,00;100,00;100,00;100,00
22,258;21,868;21,841;21,996;21,957;22,073;100,00;100,00;100,00;100,00;100,00;99,92
22,181;21,84;21,849;21,814;21,837;21,902;100,00;100,00;100,00;100,00;100,00;100,00
22,196;21,789;21,762;21,822;21,758;21,868;100,00;100,00;100,00;100,00;100,00;100,00
22,191;21,759;21,758;21,663;21,628;21,683;100,00;100,00;100,00;100,00;100,00;100,00
22,184;21,777;21,767;21,673;21,581;21,588;100,00;100,00;100,00;100,00;100,00;100,00
22,173;21,831;21,902;21,712;21,703;21,688;100,00;100,00;100,00;100,00;100,00;100,00
22,081;21,795;21,791;21,814;21,774;21,808;100,00;100,00;100,00;100,00;100,00;100,00
22,038;21,727;21,722;21,712;21,612;21,64;100,00;100,00;100,00;100,00;100,00;100,00
22,011;21,74;21,694;21,602;21,578;21,562;100,00;100,00;100,00;100,00;100,00;100,00
21,996;21,755;21,681;21,636;21,56;21,608;100,00;100,00;100,00;100,00;100,00;100,00
22,041;21,762;21,716;21,587;21,574;21,64;100,00;100,00;100,00;100,00;100,00;100,00
22,097;21,725;21,667;21,576;21,579;21,557;100,00;100,00;100,00;100,00;100,00;100,00
21,986;21,768;21,679;21,591;21,614;21,618;100,00;100,00;100,00;100,00;100,00;100,00
21,978;21,686;21,575;21,636;21,578;21,661;100,00;100,00;100,00;100,00;100,00;100,00
21,987;21,655;21,571;21,52;21,612;21,691;100,00;100,00;100,00;100,00;100,00;100,00
21,999;21,623;21,544;21,493;21,617;21,698;100,00;100,00;100,00;100,00;100,00;100,00
21,968;21,542;21,498;21,511;21,483;21,581;100,00;100,00;100,00;100,00;100,00;100,00
21,868;21,455;21,401;21,443;21,426;21,478;100,00;100,00;100,00;100,00;100,00;100,00
21,862;21,49;21,428;21,34;21,256;21,29;100,00;100,00;100,00;100,00;100,00;100,00
21,92;21,461;21,382;21,366;21,3;21,519;100,00;100,00;100,00;100,00;100,00;100,00
21,823;21,37;21,37;21,244;21,226;21,25;100,00;100,00;100,00;100,00;100,00;100,00
21,758;21,352;21,324;21,253;21,189;21,266;100,00;100,00;100,00;100,00;100,00;100,00
21,683;21,317;21,285;21,222;21,162;21,237;100,00;100,00;100,00;100,00;100,00;100,00
21,755;21,337;21,317;21,219;21,202;21,24;100,00;100,00;100,00;100,00;100,00;100,00
21,741;21,34;21,197;21,177;21,099;21,119;100,00;100,00;100,00;100,00;100,00;100,00
21,709;21,234;21,251;21,094;21,068;21,059;100,00;100,00;100,00;100,00;100,00;100,00
21,752;21,34;21,245;21,159;21,09;21,096;100,00;100,00;100,00;100,00;100,00;100,00
21,676;21,277;21,211;21,18;21,146;21,136;100,00;100,00;100,00;100,00;100,00;100,00
21,694;21,189;21,197;21,192;21,134;21,154;100,00;100,00;100,00;100,00;100,00;100,00
21,786;21,339;21,272;21,254;21,244;21,323;100,00;100,00;100,00;100,00;100,00;100,00
21,764;21,309;21,297;21,229;21,285;21,327;100,00;100,00;100,00;100,00;100,00;100,00
21,786;21,388;21,366;21,259;21,296;21,397;100,00;100,00;100,00;100,00;100,00;100,00
21,752;21,519;21,367;21,312;21,389;21,538;100,00;100,00;100,00;100,00;100,00;100,00
21,799;21,426;21,299;21,354;21,361;21,581;100,00;100,00;100,00;100,00;100,00;100,00
21,771;21,363;21,327;21,302;21,409;21,34;100,00;100,00;100,00;100,00;100,00;100,00
21,855;21,404;21,357;21,351;21,376;21,281;100,00;100,00;100,00;100,00;100,00;100,00
21,865;21,459;21,452;21,409;21,45;21,397;100,00;100,00;100,00;100,00;100,00;100,00
21,896;21,557;21,547;21,495;21,502;21,4;100,00;100,00;100,00;100,00;100,00;100,00
21,945;21,663;21,636;21,588;21,551;21,574;100,00;100,00;100,00;100,00;100,00;100,00
21,929;21,651;21,648;21,545;21,645;21,524;100,00;100,00;100,00;100,00;100,00;100,00
21,947;21,777;21,646;21,698;21,789;21,904;100,00;100,00;100,00;100,00;100,00;100,00
22,018;21,825;21,822;21,782;21,785;22,07;100,00;100,00;100,00;100,00;100,00;99,60
22,081;21,892;21,883;21,93;22,042;22,124;100,00;100,00;100,00;100,00;99,22;99,60
22,048;21,953;21,969;22,053;22,076;22,164;100,00;100,00;100,00;100,00;99,55;99,92
22,166;22,091;22,197;22,061;22,224;22,111;100,00;100,00;100,00;100,00;99,22;100,00
22,319;22,358;22,385;22,333;22,634;22,643;100,00;100,00;100,00;99,12;97,37;97,40
22,448;22,636;22,593;22,625;22,856;22,796;100,00;98,70;100,00;97,87;96,75;97,40
22,585;22,739;22,735;22,904;23,016;23,062;100,00;98,40;98,70;96,65;95,52;96,15
22,723;22,973;23,04;23,208;23,553;23,714;100,00;97,20;97,75;94,47;93,67;91,77
22,878;23,403;23,472;23,675;23,875;24,437;100,00;95,70;95,82;93,25;90,92;87,77
23,079;23,627;23,6;23,814;24,194;25,016;100,00;96,00;96,15;91,40;89,10;85,00
23,203;23,613;23,672;24,121;24,669;24,832;100,00;93,62;93,62;90,47;85,47;84,10
23,293;24,025;24,065;24,358;24,664;24,984;100,00;93,02;93,00;88,35;83,37;82,87
23,298;24,083;24,293;24,558;24,908;24,879;100,00;90,95;90,15;84,70;81,90;82,27
23,215;24,284;24,528;24,852;25,098;25,238;100,00;88,87;87,35;83,50;81,30;80,45
23,182;24,472;24,705;24,969;24,971;25,161;99,82;86,52;85,47;81,67;81,90;80,75
23,571;24,678;24,846;24,87;24,832;25,174;93,00;84,20;83,62;82,57;82,50;80,15
23,792;24,832;25,08;25,057;25,263;27,725;91,45;83,62;82,37;81,07;79,50;68,52
23,795;25,039;25,377;25,439;27,987;28,128;94,52;82,45;80,22;78,70;71,57;67,07
23,704;25,194;25,47;25,719;28,059;29,437;94,22;81,60;80,55;78,10;72,45;61,25
23,833;25,404;25,862;26,012;28,212;27,073;93,30;81,87;77,77;77,80;69,52;72,37
23,928;25,606;26,572;27,083;27,635;29,159;92,07;79,57;74,45;72,75;68,65;61,25
24,098;25,865;26,875;28,463;27,867;28,573;91,45;77,55;74,15;69,52;68,95;64,15
24,396;26,515;27,822;28,497;28,286;29,937;89,00;74,70;70,82;70,40;68,95;60,37
24,482;28,581;26,991;27,798;29,376;29,314;89,60;67,10;73,22;69,52;66,62;62,12
24,452;30,738;27,016;29,072;29,568;29,899;90,52;59,07;73,22;67,20;65,47;60,10
24,556;30,444;27,354;29,924;30,609;29,558;89,00;60,45;72,02;63,72;61,77;60,67
24,681;29,572;27,385;30,537;31,375;31,78;89,60;64,30;72,32;63,42;58,92;53,25
24,829;28,001;27,787;32,2;29,836;31,955;89,30;70,75;71,12;55,15;62,05;56,95
25,027;27,58;28,782;30,368;29,945;31,935;89,30;73,00;69,02;63,72;65,47;57,22
25,126;27,777;30,343;31,051;29,929;31,881;89,92;72,42;65,17;63,42;62,62;56,10
25,313;27,668;30,325;31,958;30,883;30,669;88,70;73,27;64,87;60,27;61,20;61,82
25,465;28,115;30,37;31,104;31,705;30,635;89,92;73,00;64,00;64,00;59,50;61,82
25,622;28,524;30,503;31,531;31,221;30,952;92,07;73,00;66,35;61,12;62,62;60,10
25,849;32,601;30,865;31,448;31,94;31,363;89,00;59,62;66,05;62,85;59,77;60,97
25,815;33,768;30,962;32,071;33,87;31,445;89,60;56,90;65,17;61,12;55,55;60,97
25,922;32,269;30,696;31,562;32,386;31,467;91,45;59,07;65,47;63,42;61,77;60,97
26,034;30,146;30,368;31,519;32,631;31,049;91,45;72,42;68,45;62,85;58,37;60,97
26,359;29,744;31,508;30,833;33,557;31,641;90,22;73,00;59,87;65,15;55,82;59,80
27,699;30,407;30,696;31,432;32,96;31,558;86,55;66,52;65,77;61,97;58,65;61,55
28,601;29,803;30,698;31,397;32,621;31,477;84,42;72,15;64,87;65,15;59,22;60,37
28,839;30,085;30,999;31,441;32,217;31,359;82,92;71,30;63,40;60,27;57,80;60,10
30,039;30,26;31,456;31,344;31,901;31,62;79,30;70,75;60,75;60,27;59,50;60,67
31,749;30,295;31,384;31,635;32,929;31,109;77,80;67,37;60,75;60,55;56,40;60,67
31,731;30,429;31,402;31,643;32,712;31,482;75,72;70,75;60,47;60,27;57,52;59,80
30,468;31,001;31,035;31,531;33,028;31,188;78,40;65,42;66,35;59,40;55,27;59,22
29,488;30,423;31,959;31,581;33,099;31,519;82,30;67,10;57,55;59,40;55,27;60,10
32,335;31,242;31,495;31,971;32,671;31,384;73,65;61,00;59,30;58,27;57,80;59,52
34,308;31,339;32,038;32,164;33,447;31,536;72,17;59,62;57,85;58,27;55,82;58,37
35,296;32,128;32,117;32,447;33,447;32,379;65,72;65,42;58,72;57,97;57,22;56,95
37,676;32,99;32,628;32,158;33,299;31,829;52,00;54,20;57,27;56,27;54,42;57,80
35,537;32,987;32,384;32,841;33,562;32,618;59,67;60,17;60,75;56,85;53,02;55,52
34,909;31,563;33,011;32,889;32,955;32,747;63,12;68,20;53,80;53,17;54,15;54,40
34,953;31,861;33,207;33,151;33,432;32,2;65,15;59,07;53,80;55,42;54,15;55,80
32,302;31,505;32,925;33,056;33,094;32,887;72,17;61,27;55,52;55,42;55,55;55,80
30,431;31,397;34,521;33,045;33,879;32,481;79,60;60,17;51,23;55,42;52,75;56,37
29,964;31,777;33,068;33,8;33,224;33,207;74,52;66,25;54,67;53,72;53,60;55,52
29,922;32,442;33,231;32,9;33,601;32,453;80,80;64,87;57,85;56,85;52,20;55,25
30,167;31,995;33,404;32,912;33,274;32,62;81,10;58,80;51,80;54,85;53,32;54,67
31,203;32,117;33,775;33,312;33,176;33,219;77,20;57,72;50,95;54,02;52,75;54,10
33,554;32,195;34,45;33,456;33,607;32,985;69,52;56,07;48,95;52,90;51,93;53,55
32,392;32,686;35,026;33,317;33,735;32,895;69,82;53,65;46,68;53,17;51,38;53,82
30,651;32,717;34,676;33,909;34,18;33,364;77,50;55,27;50,08;51,48;50,53;52,40
32,126;32,694;33,783;34,193;34,973;33,236;70,10;55,00;56,40;51,20;48,88;52,70
31,295;33,317;34,367;33,978;34,866;33,477;74,82;57,45;53,52;50,93;50,25;52,97
30,566;32,96;34,102;34,472;34,22;33,567;78,40;56,90;52,08;50,38;51,10;52,40
30,132;32,692;34,129;34,102;33,877;33,594;82,62;57,45;49,80;51,48;51,38;51,85
30,26;32,963;34,811;34,503;34,313;33,469;81,40;53,92;47,53;49,53;48,88;51,28
29,922;32,75;34,165;34,388;34,67;33,743;78,40;53,92;48,68;49,80;48,60;51,58
30,301;33,461;34,849;34,377;34,82;34,102;74,52;52,30;48,68;49,80;48,60;50,45
30,01;32,654;34,001;35,033;34,528;34,072;81,70;57,17;49,53;48,13;48,33;49,88
29,509;33,161;33,995;34,256;34,054;33,499;82,62;51,78;50,08;48,98;48,88;49,33
29,848;33,209;34,156;34,876;34,281;34,246;79,90;51,78;48,95;47,30;46,95;48,48
29,843;33,377;34,247;34,919;34,53;34,557;77,20;54,45;47,25;47,03;45,85;46,55
29,887;33,319;35,098;35,094;34,888;34,178;79,60;51,50;46,13;46,20;45,85;46,55
30,178;34,027;35,019;35,992;35,153;34,409;76,02;49,63;49,80;42,90;46,95;46,55
29,647;33,557;34,079;35,42;34,759;34,693;83,52;50,70;46,40;45,38;45,58;46,55
29,768;33,674;34,028;34,779;34,786;33,917;80,50;49,38;47,25;44,28;45,33;45,98
30,029;33,964;34,878;34,874;35,65;34,276;70,70;46,45;44,45;45,10;42,33;45,15
30,63;34,445;35,089;35,711;35,156;35,778;74,25;49,10;45,28;42,90;44,50;42,68
29,875;34,033;34,286;37,111;35,514;35,642;81,10;53,10;48,38;39,08;45,33;42,95
29,314;33,066;34,286;34,926;34,808;34,121;81,70;48,83;45,28;45,65;43,13;45,98
29,999;34,027;34,509;35,509;35,894;34,521;78,40;48,30;48,10;42,35;41,78;44,60
29,773;33,823;34,591;35,454;36,308;34,907;77,50;46,98;45,00;42,08;40,70;42,95
29,707;33,874;34,543;35,298;35,63;35,432;78,10;50,98;47,25;42,90;44,50;42,95
29,593;33,392;34,109;34,44;35,475;34,693;79,00;56,35;47,53;46,48;41,25;42,95
29,445;32,957;34,752;34,951;35,435;34,55;79,00;53,92;44,15;42,35;41,50;42,68
29,51;33,728;34,197;35,173;35,195;35,011;80,50;52,57;44,73;41,53;45,05;42,13
29,474;33,412;34,409;35,219;35,65;35,363;79,30;56,62;49,23;42,90;41,25;42,13
29,606;33,579;34,745;35,398;35,614;34,96;78,40;48,83;42,20;43,45;40,15;41,85
29,588;34,012;34,793;35,269;35,963;34,919;78,70;45,93;45,85;41,80;40,15;41,85
29,257;32,345;33,733;34,723;35,284;34,898;80,80;61,55;45,00;47,85;39,35;43,50
29,409;32,897;34,298;35,226;36,112;35,276;81,10;56,62;42,48;39,08;38,55;39,40
29,317;33,068;33,449;35,852;36,254;35,471;81,40;60,17;51,80;39,63;40,70;40,23
29,111;32,333;33,857;35,286;36,279;34,8;80,50;57,45;46,98;42,35;38,28;42,13
29,184;32,511;32,871;35,916;36,57;35,451;84,12;59,90;56,40;40,15;41,78;41,03
29,037;31,995;33,166;35,492;36,866;34,677;81,70;63,75;56,67;44,00;38,03;41,85
28,698;31,305;32,549;33,207;33,822;34,443;87,17;62,92;50,65;56,85;51,93;43,23
28,607;31,37;32,299;34,102;35,291;34,342;87,17;64,87;57,55;47,03;41,50;46,83
28,725;31,752;32,9;34,382;34,835;34,594;86,55;64,30;54,95;42,90;42,33;42,95
28,653;31,636;32,601;34,703;35,088;34,743;88,07;66,80;61,92;43,18;43,40;42,68
28,464;31,247;31,884;34,706;34,386;34,955;89,00;64,87;57,85;54,02;46,95;49,05
28,278;30,801;31,35;33,763;34,052;34,53;88,70;74,12;61,65;51,20;49,15;47,65
28,106;30,537;31,578;33,38;34,203;34,141;90,22;67,65;64,27;54,02;49,15;49,33
28,009;30,404;31,333;33,307;34,288;33,654;91,45;69,60;67,25;56,55;51,65;50,73
27,837;30,199;31,117;32,948;33,098;33,931;90,82;70,75;67,25;57,97;57,80;53,55
27,797;30,085;30,893;32,79;32,638;33,619;90,52;70,45;65,77;58,27;58,92;56,95
27,692;29,838;30,506;32,598;32,318;33,182;91,45;72,42;68,72;57,97;59,77;56,95
27,5;29,558;30,391;32,128;32,241;32,715;91,75;72,15;69,02;61,12;59,77;58,95
27,307;29,252;30,026;31,614;31,795;32,517;93,30;76,42;70,82;64,87;61,77;59,80
27,194;29,096;29,961;30,519;31,417;31,901;93,92;76,70;72,92;66,60;61,20;62,70
27,138;28,774;29,811;30,941;31,477;32,028;93,30;78,12;72,92;65,75;62,62;62,40
27,041;28,518;29,542;30,677;31,02;31,542;94,52;82,17;71,12;67,47;65,47;63,85
26,933;28,337;29,145;30,789;30,383;31,586;95,15;80,15;75,95;64,87;68,95;64,15
26,778;28,125;28,692;31,323;30,535;31,357;95,47;80,42;77,77;67,47;68,37;62,97
26,707;27,686;28,159;30,917;29,943;30,931;95,47;81,60;79,92;67,77;70,70;62,40
26,676;27,629;28,168;30,98;30,1;30,535;95,47;82,75;81,45;65,45;68,07;66,77
26,482;27,411;27,87;29,07;30,21;30,849;96,70;84,77;82,37;74,82;69,82;63,85
26,41;27,284;27,622;28,612;29,411;30,033;96,70;85,65;83,00;74,22;69,25;66,77
26,352;27,047;27,51;28,369;29,002;29,736;95,77;86,25;83,30;77,20;73,32;68,22
26,25;27,041;27,371;28,279;29,132;29,303;97,32;87,42;84,55;76,90;68,65;70,00
26,16;26,855;27,151;27,92;28,662;29,232;96,70;87,70;86,40;80,47;72,72;69,12
26,069;26,767;27,035;28,242;28,444;28,935;97,65;88,87;86,10;75,12;73,32;71,47
26,002;26,635;26,763;28,171;28,359;28,565;97,65;88,00;87,97;75,12;72,72;72,67
25,861;26,512;27,118;27,939;28,496;28,703;97,65;88,60;82,07;76,00;70,40;70,87
25,861;26,663;27,117;28,243;28,359;28,394;98,57;86,52;83,30;73,35;70,97;72,37
25,815;26,396;26,777;27,99;27,752;28,171;98,27;88,30;86,40;75,12;75,07;73,55
25,729;26,235;26,681;27,638;27,672;28,081;98,27;89,17;85,47;76,30;76,25;72,67
25,613;26,143;26,809;27,183;27,453;27,563;97,65;87,70;82,07;78,97;75,95;76,25
25,59;26,382;27,081;27,431;27,219;27,531;97,32;84,50;80,22;76,30;77,15;76,25
25,577;26,495;27,081;27,231;27,168;27,302;97,65;83,32;80,22;77,50;77,72;77,45
25,549;26,539;26,883;27,1;27,191;27,455;97,02;83,62;82,37;78,40;76,25;74,75
25,464;26,246;26,332;27,172;26,963;27,329;96,70;86,25;86,40;77,20;79,20;76,25
25,462;25,931;26,149;26,51;26,709;26,976;97,65;88,60;88,60;82,57;80,70;78,05
25,38;25,787;25,963;26,224;26,658;26,832;97,95;90,65;88,60;84,10;79,20;79,25
25,355;25,685;26,029;26,616;26,452;26,738;98,27;90,65;87,35;80,77;81,00;80,15
25,363;25,586;26,419;26,392;26,598;26,521;98,57;91,82;81,77;82,27;79,50;81,05
25,237;25,574;25,982;26,78;26,777;26,996;98,90;89,77;87,97;78,70;78,02;76,85
25,025;25,066;26,134;26,349;26,464;26,629;98,57;92,42;85,47;82,27;80,40;80,15
25,01;25,168;25,69;26,304;26,124;26,322;100,00;91,82;90,15;82,27;83,07;82,27
25,034;25,224;25,482;25,95;26,097;26,259;100,00;92,12;91,42;85,30;82,50;82,27
24,996;25,168;25,333;26,057;26,077;26,298;99,82;93,32;91,72;82,87;82,50;81,65
24,978;24,971;25,252;25,954;25,96;26,134;99,52;93,62;93,92;83,80;83,67;82,87
24,945;24,933;25,194;25,916;25,861;25,979;100,00;95,10;91,10;83,80;84,27;84,10
24,87;24,978;25,383;26,014;25,962;26,14;99,82;92,42;90,15;83,50;83,37;82,57
24,855;25,161;25,684;25,752;25,761;25,791;98,90;89,77;87,97;85,60;84,57;85,62
24,879;25,255;25,523;25,947;25,827;26,178;99,52;90,35;89,52;83,20;83,97;82,27
24,788;25,065;25,194;25,696;25,581;26,097;99,20;91,82;92,67;85,60;86,10;82,57
24,747;24,863;25,092;25,186;25,497;25,622;99,52;94,20;91,72;89,25;85,47;86,22
24,761;24,96;25,348;25,61;25,985;25,887;99,52;91,55;89,22;85,30;80,70;82,57
24,747;24,917;25,334;25,566;25,618;25,69;99,52;92,72;87,97;85,30;83,67;84,10
24,659;24,873;25,228;25,702;26,057;26,081;99,20;91,55;89,85;83,50;79,80;80,15
24,608;24,855;24,998;25,593;25,474;26,408;99,52;91,25;91,72;83,80;84,87;78,65
24,581;24,746;24,893;25,107;25,403;25,482;97,95;93,02;92,05;87,72;84,27;85,00
24,576;24,697;24,749;25,252;25,27;25,423;98,57;91,55;93,92;85,90;84,87;84,70
24,549;24,57;24,72;25,037;25,132;25,276;99,52;96,00;92,67;87,72;85,80;85,62
24,517;24,529;24,676;25,173;25,313;25,43;99,82;94,80;93,30;86,22;83,97;84,70
24,37;24,378;24,5;24,863;24,753;25,193;100,00;95,10;93,92;90,17;89,42;85,92
24,385;24,345;24,46;24,603;24,989;24,983;100,00;96,00;95,20;90,47;85,80;87,15
24,385;24,301;24,399;24,584;24,796;25,004;100,00;96,00;96,47;91,10;87,60;87,77
24,372;24,245;24,323;24,687;24,971;25,021;100,00;96,60;96,15;90,77;86,40;86,85
24,307;24,171;24,283;24,734;24,936;25,171;100,00;96,90;96,15;88,65;86,70;85,32
24,263;24,154;24,363;24,785;24,822;24,866;100,00;96,90;94,25;88,05;87,00;87,45
24,274;24,168;24,266;24,828;24,801;25,001;100,00;96,30;95,82;88,05;87,00;86,22
24,236;24,124;24,198;24,702;24,685;24,851;100,00;96,60;96,15;88,05;87,60;87,15
24,218;24,076;24,302;24,64;24,937;24,837;100,00;97,20;94,25;88,05;84,87;86,55
24,183;24,049;24,396;24,845;24,822;24,94;100,00;96,60;93,30;86,82;86,70;85,92
24,156;24,028;24,531;24,62;24,584;24,766;100,00;96,30;90,77;88,35;87,60;87,15
24,162;24,12;24,502;24,647;24,834;24,793;99,52;94,20;92,05;87,72;85,17;86,85
24,114;24,052;24,325;24,584;24,531;24,864;100,00;96,00;93,30;88,35;88,20;86,22
24,079;23,978;24,188;24,547;24,523;24,655;100,00;96,30;94,25;88,35;87,90;87,77
24,079;23,946;24,18;24,414;24,59;24,609;100,00;97,20;94,87;89,57;86,70;87,15
24,041;23,893;24,195;24,561;24,494;24,741;100,00;97,80;92,67;88,05;87,60;86,55
24,026;23,868;24,215;24,398;24,361;24,494;100,00;95,40;93,00;89,25;88,80;89,00
24,022;23,88;24,141;24,28;24,496;24,782;100,00;96,00;93,00;89,87;87,60;86,85
24,022;23,853;24,112;24,428;24,549;24,611;100,00;96,30;93,92;88,35;86,70;86,85
23,997;23,812;24,083;24,401;24,28;24,463;100,00;96,60;93,30;88,65;89,10;88,37
23,981;23,812;24,008;24,389;24,94;25,141;100,00;96,60;95,52;88,65;84,57;84,40
23,957;23,77;24,003;24,702;24,805;25,697;100,00;95,40;94,25;86,52;86,10;81,65
23,914;23,771;23,976;24,414;24,503;24,723;100,00;96,30;95,82;88,35;86,70;86,55
23,871;23,755;23,853;24,275;24,293;24,416;100,00;97,50;95,52;89,57;88,50;88,07
23,877;23,695;24,129;24,166;25,081;24,79;100,00;97,20;92,67;89,87;83,67;86,55
23,889;23,773;23,957;25,355;25,511;25,548;100,00;96,60;95,82;82,57;81,30;81,65
23,854;23,716;23,827;24,817;25,127;25,412;100,00;98,10;95,82;87,42;83,67;82,57
23,851;23,686;23,829;24,42;24,602;24,84;100,00;97,80;95,52;88,05;86,40;85,92
23,842;23,663;23,776;24,319;24,438;24,688;100,00;96,30;96,15;89,87;87,90;87,15
23,795;23,654;23,949;24,28;24,358;24,478;100,00;97,50;93,92;89,57;87,90;88,37
23,841;23,755;23,967;24,419;24,597;24,793;100,00;96,90;95,52;88,05;87,00;86,22
23,72;23,663;23,801;24,266;24,278;24,543;100,00;97,20;96,47;89,25;88,50;87,77
23,762;23,58;23,669;24,141;24,178;24,317;100,00;98,10;98,07;90,17;89,42;89,00
23,716;23,513;23,705;23,94;24,083;24,141;100,00;98,70;95,52;91,40;89,42;90,22
23,743;23,511;23,654;23,987;24,231;24,825;100,00;98,70;97,10;91,40;90,02;85,62
23,669;23,466;23,585;24,082;24,132;24,336;100,00;98,70;97,10;90,17;89,10;88,70
23,652;23,466;23,583;24,08;24,192;24,429;100,00;97,80;97,42;90,17;89,10;88,07
23,639;23,453;23,576;23,994;24,154;24,479;100,00;98,40;96,15;91,40;89,10;87,77
23,652;23,409;23,607;24,005;23,99;24,467;100,00;98,40;96,15;90,47;90,02;87,77
23,595;23,404;23,607;23,975;24,458;24,21;100,00;98,70;97,10;90,77;86,70;89,30
23,595;23,415;23,478;24,141;24,52;24,802;100,00;98,40;99,02;90,77;86,40;86,22
23,556;23,352;23,421;23,803;23,934;24,573;100,00;99,30;98,37;92,32;90,62;87,15
23,525;23,313;23,373;23,696;23,836;23,997;100,00;99,60;98,07;92,62;90,62;90,55
23,516;23,253;23,346;23,591;23,788;23,883;100,00;99,60;99,02;95,10;90,92;91,15
23,489;23,206;23,241;23,753;23,695;23,913;100,00;99,30;100,00;92,02;91,85;91,15
23,447;23,182;23,235;23,492;23,704;23,704;100,00;99,90;100,00;93,85;90,92;92,10
23,38;23,166;23,203;23,564;23,762;23,768;100,00;100,00;99,97;92,62;91,25;91,47
23,344;23,127;23,214;23,51;23,532;23,746;100,00;99,90;99,67;93,55;92,77;91,77
23,376;23,095;23,104;23,505;23,683;23,878;100,00;99,30;100,00;93,55;91,55;90,55
23,397;23,113;23,146;23,592;23,71;23,824;100,00;100,00;99,02;92,32;91,25;91,15
23,398;23,125;23,241;23,595;24,156;24,448;100,00;99,90;98,37;92,62;88,50;87,15
23,359;23,14;23,206;23,552;23,677;24,153;100,00;99,30;98,37;93,25;91,55;89,30
23,338;23,125;23,253;23,528;23,646;23,677;100,00;99,00;97,75;93,25;91,25;92,10
23,34;23,125;23,247;23,606;23,621;23,808;100,00;99,60;98,70;92,62;91,85;90,85
23,371;23,131;23,257;23,675;23,519;23,794;100,00;99,30;98,37;91,70;92,45;90,85
23,379;23,13;23,206;23,451;24,26;24,402;100,00;99,90;98,70;93,25;87,30;86,85
23,338;23,116;23,212;23,534;24,213;24,395;100,00;99,90;99,02;93,25;87,60;87,15
23,329;23,071;23,086;23,397;23,658;23,878;100,00;98,70;100,00;94,17;91,25;90,85
23,275;23,043;23,071;23,347;23,613;23,666;100,00;99,90;100,00;94,47;91,25;91,77
23,277;22,982;23,004;23,424;23,543;23,702;100,00;100,00;99,97;93,55;92,15;91,47
23,29;23,001;23,025;23,341;23,469;24,076;100,00;99,90;100,00;94,47;92,77;88,37
23,283;23,049;23,52;23,543;24,514;24,478;100,00;99,30;98,37;92,62;85,80;86,22
23,284;23,029;23,214;23,448;23,875;24,08;100,00;100,00;99,02;94,17;89,42;89,92
23,217;23,025;23,104;23,451;23,654;23,984;100,00;100,00;98,70;93,85;91,55;89,92
23,275;23,061;23,302;23,49;23,765;23,8;100,00;99,90;98,70;92,92;90,62;90,85
23,223;23,088;23,157;23,514;23,657;23,768;100,00;99,90;99,67;93,55;92,15;91,77
23,239;22,996;23,092;23,395;23,493;23,686;100,00;98,70;98,70;94,47;93,37;92,40
23,29;23,005;23,337;23,313;23,487;23,582;100,00;100,00;97,75;94,77;92,77;92,70
23,22;23,068;23,175;23,463;23,535;23,612;100,00;98,40;99,35;94,77;92,45;92,40
23,281;23,074;23,086;23,463;23,535;23,627;100,00;99,00;99,67;93,85;92,77;92,70
23,25;23,032;23,014;23,149;23,541;23,633;100,00;100,00;100,00;96,95;93,07;93,02
23,269;22,98;23,01;23,268;23,559;23,615;100,00;99,60;100,00;96,32;91,85;93,32
23,266;23,002;22,999;23,275;23,478;23,565;100,00;99,90;100,00;96,32;93,07;93,32
23,251;23,013;23,088;23,268;23,573;23,537;100,00;100,00;100,00;95,40;92,15;93,32
23,253;22,992;22,986;23,331;23,433;23,555;100,00;99,60;100,00;95,72;93,67;93,32
23,146;22,902;22,923;23,311;23,4;23,463;100,00;99,90;100,00;95,40;93,67;93,95
23,202;22,931;22,995;23,268;23,462;23,41;100,00;100,00;100,00;95,10;92,77;93,95
23,17;22,952;22,962;23,313;23,35;23,52;100,00;100,00;100,00;96,32;94,00;93,65
23,16;22,949;22,968;23,395;23,46;23,4;100,00;100,00;100,00;94,17;93,07;94,27
23,152;22,898;22,875;23,272;23,395;23,427;100,00;100,00;100,00;95,72;93,67;93,95
23,106;22,812;22,941;23,182;23,197;23,332;100,00;100,00;100,00;97,57;96,15;94,90
23,164;22,832;23,026;23,086;23,256;23,278;100,00;100,00;100,00;97,57;94,60;95,20
23,191;22,934;22,993;23,19;23,326;23,394;100,00;100,00;100,00;97,27;94,00;94,27
23,19;22,977;22,961;23,284;23,403;23,8;100,00;100,00;100,00;95,40;94,00;92,10
23,188;22,922;22,993;23,206;23,212;23,472;100,00;100,00;99,97;96,02;95,22;93,65
23,161;22,938;23,041;23,19;23,43;23,416;100,00;100,00;100,00;95,40;93,07;93,65
23,127;22,932;22,95;23,454;23,391;23,431;100,00;100,00;100,00;93,85;93,67;93,95
23,146;22,922;22,893;23,215;23,386;23,753;100,00;100,00;100,00;95,72;94,60;91,15
23,076;22,8;22,881;23,047;23,133;23,627;100,00;100,00;100,00;97,57;95,52;93,32
23,065;22,763;22,895;22,98;23,08;23,232;100,00;100,00;100,00;97,57;95,82;95,52
23,044;22,718;22,853;22,99;23,245;23,253;100,00;100,00;100,00;97,27;94,60;94,90
23,074;22,79;22,83;22,845;23,014;23,154;100,00;100,00;100,00;98,20;96,45;95,82
23,086;22,85;22,91;22,946;23,005;23,083;100,00;100,00;100,00;97,57;96,15;96,45
23,079;22,821;22,833;23,007;23,014;23,119;100,00;100,00;100,00;97,57;95,82;96,77
23,023;22,844;22,844;22,941;23,122;23,146;100,00;100,00;100,00;98,20;95,52;96,15
23,083;22,85;22,965;23,176;23,053;23,143;100,00;100,00;99,97;95,72;96,15;95,82
23,088;22,875;22,866;23,125;23,023;23,065;100,00;100,00;100,00;96,32;96,15;96,45
23,005;22,735;22,753;23,031;23,037;23,149;100,00;100,00;100,00;97,57;96,75;95,82
22,931;22,648;22,709;22,775;22,985;23,001;100,00;100,00;100,00;99,45;96,45;97,07
22,932;22,657;22,684;22,687;22,848;22,974;100,00;100,00;100,00;99,75;97,37;97,07
22,964;22,699;22,609;22,857;22,865;22,923;100,00;100,00;100,00;98,20;97,07;97,40
22,91;22,597;22,596;22,769;22,802;22,907;100,00;100,00;100,00;100,00;97,67;97,40
22,931;22,633;22,561;22,742;22,871;22,917;100,00;100,00;100,00;99,75;96,75;97,07
22,941;22,676;22,605;22,922;22,863;22,937;100,00;100,00;100,00;96,95;97,07;96,77
22,908;22,625;22,569;22,824;22,733;22,772;100,00;100,00;100,00;98,20;98,00;98,35
22,886;22,599;22,525;22,73;22,676;22,714;100,00;100,00;100,00;98,50;98,30;98,65
22,829;22,527;22,416;22,673;22,642;22,72;100,00;100,00;100,00;98,82;98,00;98,35
22,727;22,351;22,346;22,475;22,346;22,56;100,00;100,00;100,00;100,00;100,00;99,27
22,693;22,297;22,321;22,279;22,298;22,355;100,00;100,00;100,00;100,00;100,00;100,00
22,664;22,252;22,279;22,233;22,278;22,231;100,00;100,00;100,00;100,00;100,00;100,00
22,715;22,348;22,309;22,267;22,208;22,295;100,00;100,00;100,00;100,00;100,00;100,00
22,721;22,378;22,327;22,188;22,17;22,221;100,00;100,00;100,00;100,00;100,00;100,00
22,782;22,451;22,372;22,234;22,21;22,257;100,00;100,00;100,00;100,00;100,00;100,00
22,753;22,47;22,357;22,269;22,342;22,373;100,00;100,00;100,00;100,00;100,00;100,00
22,703;22,437;22,37;22,348;22,43;22,461;100,00;100,00;100,00;100,00;99,55;100,00
22,729;22,543;22,452;22,437;22,498;22,519;100,00;100,00;100,00;100,00;98,92;99,60
22,769;22,463;22,431;22,504;22,454;22,463;100,00;100,00;100,00;100,00;99,22;99,92
22,784;22,458;22,4;22,388;22,484;22,463;100,00;100,00;100,00;100,00;99,85;100,00
22,682;22,404;22,384;22,434;22,515;22,688;100,00;100,00;100,00;100,00;99,22;98,02
22,742;22,481;22,412;22,449;22,57;22,628;100,00;100,00;100,00;100,00;98,60;98,65
22,706;22,385;22,249;22,566;22,386;22,573;100,00;100,00;100,00;99,45;100,00;99,27
22,664;22,297;22,29;22,294;22,348;22,237;100,00;100,00;100,00;100,00;100,00;100,00
22,699;22,41;22,448;22,375;22,506;22,518;100,00;100,00;100,00;100,00;99,85;100,00
22,685;22,525;22,537;22,461;22,558;22,702;100,00;100,00;100,00;100,00;99,85;99,60
22,726;22,612;22,608;22,543;22,612;22,735;100,00;100,00;100,00;100,00;99,22;98,97
22,884;22,682;22,682;22,654;22,744;22,848;100,00;100,00;100,00;99,45;98,30;98,65
22,908;22,718;22,75;22,794;22,886;22,989;100,00;100,00;100,00;99,12;97,67;97,40
22,914;22,775;22,676;22,91;22,98;23,104;100,00;100,00;100,00;98,20;97,07;96,77
22,988;22,717;22,724;22,848;23,017;23,221;100,00;100,00;100,00;99,75;98,60;96,77
23,02;22,799;22,808;22,901;23,091;23,377;100,00;100,00;100,00;99,12;97,67;97,07
23,062;22,85;22,898;22,931;23,137;23,353;100,00;100,00;100,00;99,12;96,75;96,77
23,151;22,941;23,067;23,127;23,404;23,29;100,00;100,00;100,00;98,50;97,07;97,07
23,248;23,155;23,208;23,32;23,459;23,61;100,00;100,00;100,00;98,20;96,75;96,15
23,265;23,269;23,188;23,484;23,513;23,658;100,00;99,60;100,00;97,27;96,75;96,15
23,347;23,259;23,323;23,349;23,335;23,661;100,00;98,10;99,97;96,95;96,75;96,15
23,406;23,332;23,382;23,481;23,615;23,853;100,00;99,60;100,00;97,27;96,15;94,90
23,37;23,434;23,462;23,489;23,592;23,904;100,00;100,00;100,00;97,87;97,07;94,27
23,38;23,454;23,454;23,594;23,782;24,127;100,00;99,30;100,00;97,27;95,22;93,02
23,413;23,486;23,453;23,803;24,041;24,174;100,00;98,70;99,97;96,32;94,90;93,02
23,496;23,437;23,594;23,696;24;24,52;100,00;99,00;99,67;96,95;94,60;92,40
23,633;23,588;23,776;23,758;24,086;24,541;100,00;98,40;98,70;96,65;94,30;92,40
23,702;23,871;24,003;24,219;24,423;24,669;100,00;98,70;97,42;93,85;93,07;91,77
23,794;24,017;24,135;24,482;24,72;25,001;100,00;95,70;96,47;92,62;91,55;90,22
23,936;24,061;24,34;24,444;24,664;24,457;100,00;96,30;96,80;93,55;93,37;94,27
24,115;24,419;24,617;24,974;25,412;25,29;100,00;97,50;96,15;92,92;90,02;90,85
24,28;24,744;25,107;25,381;25,648;25,803;100,00;96,00;93,92;91,10;87,30;87,77
24,57;25,199;25,468;25,76;26,054;27,172;100,00;93,92;90,15;86,82;84,87;79,55
24,773;25,465;25,45;25,867;25,986;26,402;100,00;91,25;91,42;86,52;84,27;82,87
24,529;25,109;25,095;25,885;25,8;26,135;100,00;92,72;92,05;85,00;85,47;85,00
24,479;24,914;24,984;25,333;25,8;25,812;100,00;94,20;92,35;89,57;86,10;86,22
24,49;24,917;25,224;25,197;25,937;25,731;100,00;92,12;91,10;88,95;85,47;85,62
24,694;25,482;25,63;26,008;26,325;26,687;100,00;90,35;87,97;84,70;82,50;82,27
24,767;25,512;25,69;26,221;26,392;26,82;100,00;91,25;87,97;82,57;82,77;80,45
24,697;25,435;25,599;26,155;26,356;26,472;100,00;93,02;91,10;85,30;83,37;83,17
24,62;25,333;25,563;25,905;26,21;26,535;100,00;92,42;92,05;88,05;85,47;83,47
24,622;25,299;25,567;26,034;26,127;26,444;100,00;93,92;92,67;88,95;87,30;86,55
24,687;25,416;25,835;25,869;26,644;26,663;100,00;93,32;92,05;88,35;83,37;81,65
25,15;26,49;26,532;27,089;29,566;29,108;99,20;89,17;87,65;83,50;71,85;69,40
25,208;29,254;27,293;29,227;30,876;31,826;98,27;73,27;80,55;76,00;68,37;59,80
25,858;27,78;27,798;29,962;28,676;32,489;93,92;76,42;77,77;71,87;71,57;56,95
25,887;27,447;28,665;30,513;29,309;31,737;93,00;79,27;75,65;71,57;70,97;59,22
25,91;27,535;28,02;29,657;28,344;29,805;91,15;78,70;78,10;69,52;70,10;65,60
26,014;27,375;27,901;29,099;29,824;29,862;92,37;78,42;78,70;71,27;67,22;65,30
26,43;27,826;28,831;29,262;29,728;29,495;92,67;80,15;78,10;72,17;68,65;68,82
26,803;28,311;29,403;31,148;30,244;30,348;92,07;79,27;74,75;69,22;68,37;66,47
26,612;30,856;29,862;31,01;30,925;30,604;93,00;69,05;70,82;68,35;66,62;66,17
26,444;31,466;30,28;30,947;32,125;31,13;93,00;65,97;72,32;67,77;63,47;62,97
26,507;31,214;30,486;31,051;31,941;30,731;93,60;67,65;73,22;70,40;60,92;63,85
26,587;31,571;30,266;30,949;33,209;31,14;93,60;67,92;70,82;72,75;56,95;63,27
26,982;31,381;31,172;31,3;34,438;31,069;89,92;68,50;64,27;60,55;52,47;60,37
27,801;33,297;30,733;32,555;33,808;31,984;86,85;61,27;67,55;55,42;54,15;57,52
30,274;32,725;31,596;31,816;33,683;31,775;77,50;64,02;56,67;54,57;50,25;54,95
30,228;32,988;30,657;31,806;33,362;32,507;74,82;61,82;67,55;52,05;48,60;50,45
30,657;32,458;31,458;31,767;31,91;31,713;74,52;61,00;54,95;53,45;53,02;53,55
33,026;33,207;31,427;32,29;34,025;32,1;68,92;56,07;57,27;53,45;49,15;50,73
32,353;32,962;32,125;32,164;33,875;32,366;68,92;62,65;52,38;54,30;48,33;52,13
30,738;32,217;31,627;32,463;32,103;32,067;76,02;54,20;54,37;52,60;53,32;53,25
30,322;33,282;31,703;32,028;34,209;31,76;76,02;51,78;56,10;52,90;49,15;53,55
33,733;32,414;32,189;32,455;33,187;31,772;68,92;54,72;51,80;51,48;49,70;53,25
35,982;31,995;31,448;32,488;33,97;32,149;63,12;54,20;54,67;51,78;49,15;51,85
32,01;30,696;31,096;31,777;32,545;31,558;72,75;57,17;62,80;52,60;51,10;53,55
35,939;32,924;31,542;32,071;32,917;31,901;62,55;57,45;56,10;52,05;50,53;52,97
36,975;32,453;32,605;32,596;32,489;31,912;59,10;53,10;51,23;50,93;49,15;50,45
35,489;32,419;32,437;32,167;32,578;31,516;54,82;50,18;51,23;52,05;49,70;51,28
35,238;31,49;31,976;32,6;32,824;32,354;61,40;56,35;52,65;50,08;49,15;51,00
30,021;31,166;31,125;31,783;31,539;31,49;72,47;53,92;55,52;51,20;51,38;51,28
29,399;30,409;31,889;31,192;32,103;31,282;73,05;58,80;55,52;55,15;49,43;52,97
29,317;30,993;33,011;32,475;33,141;32,993;78,10;62,65;50,95;55,42;48,88;49,33
29,159;31,412;33,078;33,319;33,746;33,103;79,30;59,07;48,95;48,13;47,23;48,78
29,835;32,084;32,94;33,099;33,267;33,021;73,05;51,50;52,65;47,85;47,23;47,93
31,423;32,094;33,706;33,118;33,522;33,324;68,92;57,72;47,25;46,48;45,85;46,25
30,01;31,806;32,667;33,454;32,354;32,363;73,35;52,03;46,40;46,48;48,33;47,65
30,735;32,628;35,449;33,229;33,879;33,242;70,40;46,45;43,88;45,10;43,68;45,43
30,396;33,201;34,603;34,489;33,906;33,86;74,52;55,80;42,20;44,28;45,33;44,60
30,933;31,974;34,276;34,101;34,278;33,8;74,82;54,45;43,33;44,83;43,68;44,60
30,354;32,258;33,656;33,537;33,855;33,156;78,10;49,10;44,73;45,93;45,85;46,83
30,524;32,661;34,837;33,765;34,202;33,307;65,45;45,65;41,65;44,83;43,40;44,88
30,801;32,847;34,531;34,876;34,229;34,252;58,52;47,78;43,05;44,28;43,13;44,60
30,434;32,56;34,555;34,944;34,818;34,43;76,32;48,83;44,73;42,63;42,05;42,13
30,372;33,154;34,096;34,701;35,65;34,486;68,92;50,43;45,55;44,55;41,25;42,95
30,085;33,021;34,631;34,332;35,724;33,37;75,42;44,35;41,10;42,63;39,63;43,78
30,16;33,301;34,956;34,772;35,177;34,415;72,17;43,83;42,75;42,63;42,05;42,13
29,91;32,91;34,381;35,331;35,153;34,489;76,32;48,03;41,65;41,80;40,43;42,40
30,13;33,111;35,004;35,37;35,934;34,91;63,70;50,43;39,15;40,15;36,40;41,30
30,33;33,837;33,886;34,721;35,033;35,24;73,65;41,73;46,40;39,90;40,70;39,13
30,989;33,663;35,571;35,705;35,079;35,312;53,12;41,20;39,70;37,45;39,35;38,58
30,351;33,412;34,059;35,597;34,973;34,303;66,30;45,13;41,93;38,53;39,35;41,58
30,088;33,621;33,862;34,647;35,185;34,839;71,57;44,60;45,28;41,25;40,98;40,48
29,843;32,917;34,141;35,852;35,518;34,552;76,92;49,90;46,13;40,98;43,40;44,88
29,693;33,561;33,966;36,024;35,618;34,868;76,32;47,78;48,38;42,35;42,88;43,50
29,507;33,023;33,332;34,813;33,901;34,45;79,90;52,57;47,83;43,45;45,85;45,43
28,862;31,471;32,327;33,758;33,008;33,325;83,22;57,97;54,37;47,85;51,93;48,20
28,842;31,44;32,161;32,952;33,297;32,818;80,50;58,25;53,80;50,93;47,78;50,73
29,009;31,428;32,859;32,808;33,452;32,973;78,40;60,17;49,53;52,33;45,33;49,60
29,099;31,801;32,753;33,602;33,487;33,554;80,80;62,92;52,38;48,13;48,88;48,78
29,309;31,835;32,732;34,138;33,87;34,409;82,00;63,47;53,52;50,38;49,15;48,78
28,996;31,762;32,038;33,136;33,139;33,02;83,52;58,80;59,30;52,05;50,83;50,73
28,607;31,101;31,49;32,877;33,259;33,03;85,65;67,92;63,70;52,05;51,38;51,85
28,417;30,506;31,035;32,401;32,438;32,138;87,17;71,30;63,40;56,27;54,15;55,80
27,989;30,22;31,24;31,584;31,636;31,821;89,30;66,80;57,27;57,42;55,82;56,95
27,803;30,399;31,057;31,643;31,75;31,777;84,42;62,37;59,60;56,27;55,55;54,67
27,89;30,38;30,566;31,547;31,737;31,946;84,72;64,02;65,47;57,70;55,82;54,40
26,962;29,698;29,471;30,972;30,765;31,684;91,75;72,42;73,55;59,97;65,20;57,80
27,039;29,053;28,823;29,905;30,204;30,727;92,67;74,97;79,92;68,07;69,25;66,77
27,052;28,625;28,897;29,545;29,836;29,795;91,75;78,42;79,00;72,75;68,65;70,30
27,267;28,323;29,227;29,79;30,279;30,844;89,92;81,00;75,35;74,22;64,62;60,67
27,306;28,579;29,514;29,903;30,604;30,674;92,67;82,17;66,35;72,45;60,92;62,40
27,411;29,506;30,959;30,789;31,242;31,065;85,35;67,92;58,12;60,27;56,10;58,67
27,4;30,277;30,952;31,334;31,558;31,446;89,92;67,10;60,75;56,27;56,10;55,80
27,434;29,29;29,657;31,175;31,378;31,685;88,37;76,70;75,65;59,70;61,77;55,80
27,487;29,165;29,533;30,529;31,195;31,258;91,15;74,42;76,57;71,27;66,62;63,85
27,234;28,996;29,028;30,418;30,21;31,318;92,37;79,00;80,55;72,45;76,25;58,37
27,24;28,694;29,047;29,571;29,561;30,234;93,00;81,87;80,22;77,80;74,20;70,87
27,172;28,577;29,137;29,382;29,23;29,637;93,30;80,42;78,70;76,60;77,15;75,05
27,146;28,3;28,711;29,29;29,387;29,382;94,52;83,02;82,37;77,20;77,15;76,25
27,083;28,182;28,27;29,028;29,17;29,491;92,67;84,20;86,10;78,70;77,72;75,95
26,962;27,833;28,173;28,771;29,086;29,295;94,22;85,95;85,80;82,27;79,50;78,05
26,801;27,953;28,276;28,843;28,746;29,197;96,07;85,95;85,80;81,67;79,20;77,75
26,76;27,959;28,347;28,642;28,662;28,968;96,40;86,25;84,85;81,07;79,80;78,35
26,866;27,903;28,228;28,796;28,631;28,954;96,07;87,12;85,80;80,17;80,10;78,65
26,894;27,805;27,817;28,687;28,4;28,889;94,85;87,42;88,27;82,27;83,07;79,85
26,877;27,655;27,875;28,278;28,667;28,868;96,07;87,12;87,97;83,80;81,00;79,85
26,738;27,632;27,817;28,384;28,516;28,955;97,02;87,70;87,97;83,50;81,00;78,35
26,723;27,535;27,71;28,298;28,472;28,673;97,02;87,70;88,90;82,57;83,07;80,75
26,698;27,503;27,73;28,17;28,595;28,744;97,02;89,17;89,52;86,22;82,77;80,45
26,698;27,473;27,761;28,265;28,518;28,785;97,02;89,47;89,22;85,90;83,67;81,97
26,585;27,509;27,654;28,207;28,35;28,777;97,65;89,77;89,85;85,60;81,00;79,85
26,562;27,441;27,728;28,151;28,248;28,637;97,32;89,47;89,85;81,97;81,30;79,25
26,516;27,209;27,54;28,279;28,362;28,395;97,02;90,35;90,15;81,97;81,60;81,35
26,432;27,225;27,467;27,945;28,215;28,541;100,00;90,35;90,77;84,70;82,20;81,05
26,243;27,141;27,295;28,04;28,267;28,441;100,00;91,82;91,42;83,80;81,30;80,75
26,193;26,97;27,089;27,914;27,957;28,204;100,00;92,42;91,72;83,80;82,50;81,05
26,243;26,828;27,083;27,702;27,901;28,01;100,00;91,82;93,00;86,52;83,37;82,27
26,207;26,787;26,922;27,545;27,68;28,087;100,00;92,72;93,62;87,42;86,70;82,27
26,143;26,686;26,781;27,337;27,506;27,865;100,00;93,32;94,25;88,95;87,00;82,87
26,144;26,558;26,824;27,084;27,391;27,408;99,52;93,32;93,62;88,95;86,70;87,15
26,066;26,49;26,681;27,174;27,324;27,535;100,00;93,92;94,57;87,12;87,60;85,32
26,014;26,436;26,542;26,985;27,078;27,289;100,00;93,92;94,87;90,77;87,30;88,07
25,916;26,319;26,467;26,752;26,903;27,18;100,00;93,92;94,87;91,10;88,20;87,45
25,804;26,173;26,325;26,562;26,727;26,888;100,00;94,20;94,87;91,70;87,00;87,45
25,746;26,045;26,023;26,7;26,642;26,78;100,00;94,80;96,47;88,35;88,50;87,15
25,679;25,777;25,959;26,39;26,316;26,635;100,00;95,70;96,47;90,77;89,42;88,37
25,65;25,795;25,826;26,144;26,316;26,532;100,00;95,70;97,10;91,70;89,10;88,70
25,535;25,665;25,676;25,928;26,046;26,272;100,00;95,70;97,42;93,85;90,62;89,30
25,512;25,511;25,569;25,821;25,973;26,246;100,00;96,90;98,07;92,62;89,72;88,37
25,438;25,448;25,426;25,839;25,879;26,209;100,00;96,60;98,70;91,40;90,02;88,07
25,387;25,346;25,844;25,627;25,839;25,999;100,00;96,60;92,05;92,62;90,62;88,70
25,264;25,374;25,766;25,957;26,006;26,046;100,00;95,10;92,05;89,57;88,50;89,30
25,205;25,276;25,365;25,957;25,714;26,095;100,00;95,40;96,80;88,95;90,02;87,45
25,193;25,238;25,314;25,743;25,673;25,879;100,00;95,70;97,42;89,87;90,32;88,37
25,091;25,135;25,343;25,436;25,813;25,667;99,82;96,60;94,25;92,92;88,20;91,77
25,116;25,15;25,333;25,841;25,847;25,98;100,00;96,60;96,80;89,25;88,20;88,37
25,033;25,089;25,203;25,552;25,519;25,714;99,82;96,00;96,47;91,40;91,25;90,55
25,025;25,071;25,253;25,555;25,566;25,621;100,00;96,30;95,20;91,10;90,62;91,15
25,047;25,104;25,54;25,54;25,464;25,549;99,82;95,70;92,67;91,40;91,55;91,47
24,995;25,01;25,074;25,58;25,333;25,757;100,00;96,60;97,10;90,17;92,15;88,37
25,039;24,934;25,243;25,161;25,255;25,238;99,82;96,90;95,52;93,85;92,15;93,02
25,057;24,969;25,147;25,266;25,246;25,247;100,00;97,20;97,10;93,55;93,37;93,65
25,002;24,987;25,221;25,188;25,374;25,342;100,00;97,50;95,82;93,55;90,92;92,70
24,974;25,009;25,281;25,33;25,319;25,465;100,00;97,20;94,25;92,02;91,55;90,85
24,989;25,033;25,253;25,355;25,461;25,528;100,00;96,30;95,20;92,02;90,32;90,22
24,971;25,019;25,351;25,333;25,365;25,506;100,00;96,30;93,00;92,02;90,92;90,22
24,939;24,922;24,952;25,421;25,275;25,487;100,00;96,90;97,75;91,10;92,77;90,55
24,939;24,867;25,148;25,034;25,15;25,173;100,00;96,90;95,20;94,77;91,85;93,32
24,907;24,899;24,974;25,15;25,24;25,287;100,00;97,20;97,75;92,92;91,25;91,77
24,873;24,843;24,851;25,106;25,118;25,162;100,00;97,50;98,37;93,25;92,45;92,70
24,813;24,693;24,87;24,952;24,957;25,062;100,00;97,80;96,47;95,40;93,37;93,32
24,834;24,702;24,82;25,04;25,156;25,135;100,00;98,10;99,02;93,25;91,55;92,70
24,797;24,667;24,643;25,066;25,071;25,319;100,00;98,10;99,67;93,55;93,37;90,85
24,738;24,502;24,655;24,653;24,957;24,966;100,00;99,00;99,02;96,95;93,07;94,27
24,732;24,569;24,605;24,926;24,923;25,138;100,00;98,40;99,67;93,85;93,37;92,10
24,69;24,519;24,494;24,766;24,823;24,964;100,00;98,40;100,00;95,40;94,30;93,65
24,629;24,408;24,419;24,688;24,663;24,793;100,00;99,60;100,00;95,72;95,22;94,90
24,569;24,387;24,437;24,416;24,663;24,743;100,00;99,30;100,00;98,50;95,22;95,52
24,616;24,484;24,519;24,653;24,703;24,723;100,00;99,60;99,67;95,72;94,90;95,20
24,602;24,511;24,434;24,72;24,711;24,729;100,00;99,00;100,00;95,40;94,60;95,52
24,55;24,367;24,322;24,569;24,493;24,664;100,00;99,60;100,00;97,27;96,75;95,82
24,544;24,311;24,378;24,36;24,546;24,711;100,00;99,30;100,00;98,20;96,45;95,52
24,579;24,417;24,466;24,502;24,678;24,694;100,00;99,60;100,00;96,95;94,90;95,52
24,552;24,382;24,323;24,544;24,496;24,659;100,00;99,90;100,00;97,27;96,75;95,82
24,481;24,272;24,268;24,225;24,231;24,401;100,00;99,90;100,00;99,45;98,60;98,65
24,531;24,32;24,325;24,328;24,444;24,525;100,00;99,60;100,00;98,50;96,15;96,77
24,502;24,314;24,296;24,254;24,399;24,479;100,00;99,90;100,00;99,12;96,75;97,40
24,479;24,316;24,354;24,402;24,552;24,44;100,00;99,60;99,97;97,57;95,52;97,70
24,467;24,301;24,325;24,535;24,594;24,64;100,00;99,60;99,97;96,32;94,90;95,52
24,435;24,269;24,346;24,555;24,502;24,732;100,00;99,60;99,67;95,72;95,82;94,27
24,423;24,263;24,266;24,488;24,399;24,599;100,00;98,70;100,00;96,32;96,45;95,52
24,382;24,218;24,369;24,36;24,39;24,481;100,00;99,90;98,70;97,27;96,45;96,45
24,41;24,26;24,481;24,438;24,366;24,414;100,00;99,30;98,07;96,65;96,15;96,45
24,401;24,262;24,336;24,463;24,494;24,469;100,00;99,30;99,97;95,72;94,90;95,82
24,367;24,221;24,218;24,408;24,376;24,451;100,00;99,60;100,00;96,65;96,15;96,15
24,366;24,178;24,227;24,336;24,42;24,455;100,00;100,00;99,67;96,65;95,22;95,52
24,372;24,203;24,295;24,381;24,399;24,508;100,00;99,90;99,67;96,32;95,52;95,20
24,37;24,209;24,304;24,376;24,333;24,782;100,00;99,30;99,67;96,65;96,45;93,02
24,366;24,218;24,333;24,34;24,307;24,413;100,00;99,00;99,02;96,95;96,15;96,15
24,398;24,259;24,354;24,357;24,372;24,437;100,00;99,30;98,70;96,32;95,22;95,52
24,385;24,24;24,325;24,373;24,423;24,481;100,00;99,00;98,70;96,02;94,90;95,20
24,352;24,21;24,295;24,311;24,493;24,578;100,00;99,30;99,02;96,65;94,00;94,57
24,342;24,21;24,255;24,372;24,404;24,659;100,00;99,30;99,67;96,32;95,52;93,32
24,325;24,181;24,2;24,317;24,396;24,46;100,00;99,60;99,67;96,65;95,52;95,52
24,298;24,148;24,145;24,308;24,331;24,382;100,00;99,60;100,00;96,32;94,90;95,52
24,215;23,982;23,973;24,207;24,108;24,322;100,00;99,60;100,00;97,87;97,67;95,82
24,185;23,954;24,041;23,999;24,097;24,124;100,00;100,00;100,00;98,82;96,75;97,40
24,243;24,018;23,978;24,133;24,185;24,254;100,00;99,60;100,00;97,27;96,15;96,45
24,206;23,991;23,978;24,012;24,186;24,299;100,00;100,00;100,00;99,12;96,15;96,15
24,207;24,022;23,999;24,181;24,286;24,429;100,00;100,00;100,00;96,95;95,52;95,20
24,192;24,015;24,124;24,334;24,225;24,345;100,00;100,00;99,35;95,40;95,52;95,52
24,192;24,034;24,178;24,233;24,076;24,186;100,00;99,30;98,70;96,32;97,07;97,07
24,156;24;23,994;24,112;23,94;24,018;100,00;99,00;100,00;96,95;98,00;98,02
24,129;23,913;24,038;23,973;23,911;23,916;100,00;100,00;99,67;97,87;97,67;98,65
24,097;23,88;24,076;24,025;24,029;24,005;100,00;99,90;99,67;97,27;96,45;97,70
24,129;23,893;23,949;23,913;23,916;24,114;100,00;99,90;100,00;98,50;97,67;96,45
24,1;23,902;23,979;23,937;23,933;23,979;100,00;99,90;99,97;98,20;97,37;97,70
24,092;23,911;23,982;23,928;23,919;24,038;100,00;99,90;99,97;98,20;97,67;96,77
24,085;23,911;23,949;23,97;23,975;24,121;100,00;99,90;100,00;97,57;96,75;96,15
24,086;23,911;23,939;23,927;23,875;23,969;100,00;100,00;99,97;97,87;97,37;97,40
24,047;23,895;23,848;23,931;23,833;23,924;100,00;100,00;100,00;97,57;97,67;97,70
24,022;23,832;23,988;23,862;23,964;23,881;100,00;100,00;99,35;98,20;96,15;98,02
23,999;23,839;23,961;23,942;23,92;23,988;100,00;99,30;99,35;97,27;97,07;96,77
24,011;23,824;23,902;23,853;23,803;23,862;100,00;100,00;99,97;98,20;97,67;98,02
23,966;23,795;23,942;23,809;23,786;23,792;100,00;99,90;99,35;98,20;97,37;98,35
23,982;23,782;23,817;23,817;23,722;23,768;100,00;99,90;100,00;97,87;97,67;98,02
24,012;23,782;23,758;23,771;23,765;23,838;100,00;100,00;100,00;98,20;97,67;98,02
23,993;23,773;23,762;23,815;23,887;23,863;100,00;100,00;100,00;97,87;96,45;97,70
24;23,756;23,735;23,753;23,683;23,862;100,00;100,00;100,00;98,20;98,30;97,07
23,969;23,743;23,776;23,707;23,773;23,776;100,00;100,00;100,00;98,50;97,07;98,02
23,937;23,729;23,741;23,749;23,722;23,749;100,00;100,00;100,00;98,20;97,67;98,02
23,92;23,698;23,698;23,74;23,827;23,901;100,00;100,00;100,00;98,20;95,82;96,45
23,911;23,669;23,637;23,806;24,041;24,257;100,00;100,00;100,00;98,20;95,52;93,95
23,844;23,621;23,565;23,767;23,719;23,904;100,00;100,00;100,00;97,27;97,07;96,77
23,841;23,586;23,537;23,696;23,665;23,767;100,00;100,00;100,00;97,87;97,37;97,40
23,804;23,564;23,511;23,69;23,765;23,838;100,00;100,00;100,00;97,57;96,45;96,45
23,789;23,513;23,454;23,627;23,722;23,735;100,00;100,00;100,00;98,50;96,45;96,77
23,77;23,52;23,478;23,568;23,534;23,764;100,00;100,00;100,00;98,20;98,00;97,07
23,726;23,489;23,412;23,552;23,63;23,838;100,00;100,00;100,00;98,82;97,37;96,77
23,681;23,445;23,403;23,472;23,57;23,609;100,00;100,00;100,00;99,45;97,37;98,02
23,702;23,358;23,322;23,483;23,492;23,661;100,00;100,00;100,00;99,75;98,00;97,70
23,661;23,308;23,265;23,401;23,448;23,537;100,00;100,00;100,00;99,12;98,30;98,35
23,595;23,314;23,263;23,365;23,373;23,459;100,00;100,00;100,00;99,45;98,60;98,97
23,555;23,227;23,188;23,368;23,332;23,413;100,00;100,00;100,00;99,12;99,55;99,27
23,552;23,205;23,208;23,197;23,239;23,278;100,00;100,00;100,00;100,00;99,55;99,92
23,571;23,232;23,157;23,229;23,338;23,328;100,00;100,00;100,00;100,00;98,60;99,60
23,543;23,232;23,136;23,268;23,289;23,358;100,00;100,00;100,00;100,00;98,92;99,27
23,457;23,131;23,053;23,238;23,37;23,358;100,00;100,00;100,00;99,75;98,30;98,97
23,489;23,1;23,08;23,07;23,185;23,322;100,00;100,00;100,00;100,00;99,55;99,27
23,477;23,116;23,017;23,107;23,133;23,202;100,00;100,00;100,00;100,00;100,00;99,92
23,412;23,004;22,979;22,98;23,092;23,193;100,00;100,00;100,00;100,00;100,00;99,92
23,456;23,089;23,071;22,995;23,214;23,215;100,00;100,00;100,00;100,00;98,92;99,60
23,457;23,074;23,014;23,088;23,194;23,293;100,00;100,00;100,00;100,00;99,22;98,97
23,437;23,094;22,996;22,979;23,145;23,235;100,00;100,00;100,00;100,00;99,55;99,60
23,456;23,119;23,017;23,085;23,214;23,238;100,00;100,00;100,00;100,00;98,92;99,27
23,4;23,157;22,996;23,113;23,254;23,203;100,00;100,00;100,00;100,00;98,30;99,60
23,416;23,014;23,022;23,098;23,101;23,245;100,00;100,00;100,00;100,00;100,00;99,60
23,456;23,089;23,092;23,085;23,197;23,175;100,00;100,00;100,00;100,00;98,60;99,60
23,496;23,14;23,05;23,112;23,152;23,227;100,00;100,00;100,00;100,00;99,55;99,27
23,398;23,116;23,007;23,082;23,262;23,247;100,00;100,00;100,00;100,00;98,60;99,60
23,424;23,146;23,049;23,118;23,337;23,349;100,00;100,00;100,00;100,00;97,67;98,35
23,374;23,14;23,104;23,212;23,19;23,233;100,00;100,00;100,00;99,45;98,92;99,27
23,436;23,125;23,08;23,209;23,212;23,197;100,00;100,00;100,00;99,45;98,60;99,60
23,347;22,961;22,938;23,067;23,097;23,241;100,00;100,00;100,00;100,00;100,00;99,60
23,299;22,887;22,92;22,901;22,905;23,14;100,00;100,00;100,00;100,00;100,00;100,00
23,304;22,887;22,925;22,899;23,014;23,017;100,00;100,00;100,00;100,00;100,00;100,00
23,274;22,853;22,904;22,92;22,896;22,926;100,00;100,00;100,00;100,00;100,00;100,00
23,308;22,896;22,926;22,949;22,998;22,998;100,00;100,00;100,00;100,00;100,00;100,00
23,383;22,965;22,893;22,901;22,835;22,952;100,00;100,00;100,00;100,00;100,00;100,00
23,283;22,896;22,853;22,821;22,794;22,871;100,00;100,00;100,00;100,00;100,00;100,00
23,316;22,91;22,788;22,841;22,916;22,922;100,00;100,00;100,00;100,00;100,00;100,00
23,319;22,833;22,787;22,735;22,747;22,868;100,00;100,00;100,00;100,00;100,00;100,00
23,298;22,901;22,881;22,75;22,75;22,75;100,00;100,00;100,00;100,00;100,00;100,00
23,256;22,869;22,791;22,791;22,741;22,75;100,00;100,00;100,00;100,00;100,00;100,00
23,247;22,788;22,775;22,735;22,699;22,691;100,00;100,00;100,00;100,00;100,00;100,00
23,28;22,902;22,844;22,73;22,724;22,682;100,00;100,00;100,00;100,00;100,00;100,00
23,286;22,928;22,814;22,745;22,802;22,781;100,00;100,00;100,00;100,00;100,00;100,00
23,209;22,85;22,696;22,824;22,761;22,808;100,00;100,00;100,00;100,00;100,00;100,00
23,127;22,702;22,664;22,608;22,531;22,627;100,00;100,00;100,00;100,00;100,00;100,00
23,13;22,673;22,628;22,557;22,533;22,675;100,00;100,00;100,00;100,00;100,00;100,00
23,07;22,678;22,646;22,516;22,533;22,557;100,00;100,00;100,00;100,00;100,00;100,00
23,085;22,775;22,634;22,608;22,673;22,673;100,00;100,00;100,00;100,00;100,00;100,00
23,092;22,703;22,682;22,542;22,569;22,667;100,00;100,00;100,00;100,00;100,00;100,00
23,095;22,802;22,726;22,612;22,766;22,767;100,00;100,00;100,00;100,00;100,00;100,00
23,091;22,85;22,753;22,83;22,821;22,794;100,00;100,00;100,00;100,00;100,00;100,00
23,119;22,742;22,678;22,845;22,817;22,857;100,00;100,00;100,00;100,00;100,00;100,00
23,151;22,67;22,603;22,681;22,82;22,935;100,00;100,00;100,00;100,00;100,00;100,00
23,085;22,651;22,633;22,633;22,676;22,714;100,00;100,00;100,00;100,00;100,00;100,00
23,01;22,636;22,602;22,666;22,631;22,736;100,00;100,00;100,00;100,00;100,00;100,00
23,11;22,651;22,6;22,566;22,57;22,64;100,00;100,00;100,00;100,00;100,00;100,00
23,109;22,687;22,712;22,582;22,596;22,546;100,00;100,00;100,00;100,00;100,00;100,00
23,076;22,753;22,796;22,669;22,651;22,619;100,00;100,00;100,00;100,00;100,00;100,00
23,155;22,838;22,808;22,7;22,675;22,646;100,00;100,00;100,00;100,00;100,00;100,00
23,032;22,776;22,753;22,75;22,654;22,676;100,00;100,00;100,00;100,00;100,00;100,00
23,128;22,796;22,803;22,733;22,676;22,615;100,00;100,00;100,00;100,00;100,00;100,00
23,191;22,944;22,977;22,769;22,794;22,709;100,00;100,00;100,00;100,00;100,00;100,00
23,2;23,02;23,008;22,893;22,914;22,851;100,00;100,00;100,00;100,00;100,00;100,00
23,265;23,002;23,082;23,037;22,971;22,961;100,00;100,00;100,00;100,00;100,00;100,00
23,358;23,166;23,19;23,104;23,13;23,047;100,00;100,00;100,00;100,00;100,00;100,00
23,29;23,169;23,146;23,227;23,136;23,101;100,00;100,00;100,00;100,00;100,00;100,00
23,328;23,112;23,161;23,244;23,196;23,091;100,00;100,00;100,00;100,00;99,55;100,00
23,437;23,28;23,328;23,124;23,253;23,247;100,00;100,00;100,00;100,00;99,85;100,00
23,57;23,511;23,507;23,445;23,615;23,559;100,00;100,00;100,00;99,45;98,00;98,65
23,618;23,595;23,61;23,633;23,844;24,049;100,00;100,00;100,00;99,12;97,07;96,45
23,687;23,61;23,717;23,675;23,996;24,262;100,00;99,60;100,00;98,50;96,15;96,45
23,782;23,743;23,887;23,853;24,245;24,028;100,00;98,40;99,67;97,27;94,60;96,77
23,815;23,791;23,904;24,206;24,141;24,064;100,00;98,70;99,97;96,02;96,75;97,40
23,893;23,901;23,96;24,234;24,373;24,104;100,00;99,00;100,00;97,57;96,15;97,70
23,904;23,866;24,009;24,298;24,212;24,376;100,00;100,00;100,00;97,57;97,37;96,45
24,058;24,16;24,29;24,304;24,59;24,476;100,00;99,60;99,02;96,02;94,90;95,82
24,159;24,401;24,623;24,546;24,638;24,538;100,00;94,80;96,15;95,72;93,07;94,90
24,313;24,7;24,752;24,971;25,036;25,072;100,00;96,30;94,57;92,62;90,92;92,70
24,479;25,001;24,934;25,009;25,197;24,975;100,00;93,62;93,92;92,02;90,32;92,70
24,508;25,1;24,972;25,086;25,543;25,191;100,00;95,10;96,15;90,77;88,80;90,85
24,517;24,699;24,945;25,395;25,473;25,465;100,00;97,20;95,20;92,02;90,02;91,47
24,696;25,091;25,202;25,441;25,577;25,638;100,00;93,32;93,92;90,47;89,72;89,00
24,675;25,174;25,285;25,519;25,682;25,893;100,00;96,60;93,62;90,17;88,20;88,37
24,667;25,191;25,194;25,791;26,003;26,198;100,00;94,80;95,20;87,12;85,80;85,32
24,726;25,065;25,066;25,604;25,977;26,281;100,00;95,40;97,42;88,65;86,70;85,62
24,81;25,199;25,243;25,665;26,026;26,008;100,00;96,90;98,07;92,92;88,50;88,07
24,837;25,256;25,331;25,795;26,08;26,039;100,00;96,90;96,80;91,70;90,32;89,30
24,869;25,256;25,409;25,789;26,108;26,08;100,00;96,60;96,80;93,25;90,02;91,47
24,848;25,259;25,275;25,662;26,025;26,032;100,00;96,00;97,42;93,55;89,72;91,15
24,797;25,293;25,293;25,908;26,309;25,888;100,00;96,30;97,75;91,40;88,80;90,85
24,838;25,261;25,177;25,925;26,427;25,951;100,00;95,40;97,75;91,40;88,80;89,30
24,854;25,258;25,38;25,853;26,158;25,74;100,00;95,70;96,47;91,40;89,42;92,10
24,955;25,389;25,496;25,914;26,461;25,813;100,00;95,70;94,87;89,57;86,10;90,22
25,118;25,528;25,789;26,275;26,596;26,012;100,00;94,50;93,00;88,05;84,57;89,00
25,261;25,633;26,002;26,412;26,552;26,439;100,00;93,32;93,00;85,90;84,27;86,55
25,516;26,005;26,244;26,963;26,993;27,146;98,27;91,82;89,85;83,50;84,57;83,80
26,012;26,993;26,994;27,762;28,275;27,121;98,57;84,77;85,17;81,67;78,32;82,27
27,465;27,845;27,562;29,445;28,375;29,469;91,45;81,30;80,55;76,00;75,07;72,37
27,107;27,237;28,409;30,245;29,1;29,863;93,00;83,90;75,95;75,42;70,40;71,17
27,357;28,004;29,323;31,022;29,263;31,428;87,47;77,27;72,92;66,60;73,90;65,60
27,146;28,453;29,961;30,12;29,499;31,506;91,45;79,85;72,92;68,07;71,27;65,90
27,858;28,549;29,566;30,757;29,671;31,755;91,15;80,42;73,22;71,27;69,52;65,02
27,163;28,67;29,8;28,898;29,017;30,447;90,22;76,12;69,02;70,70;68,65;61,55
26,937;29,426;29,3;29,323;28,131;30,389;85,95;68,77;69,92;68,95;70,40;61,55
26,886;30,894;28,684;27,948;27,762;29,692;81,40;61,82;71,12;72,75;71,27;64,72
27,166;29,46;27,669;27,842;27,377;28,435;79,90;67,10;75,35;73,05;73,90;70,00
26,815;28,53;27,137;27,394;26,841;27,865;84,42;71,57;79,62;76,00;78,02;73,55
26,515;27,759;26,778;27,018;26,575;27,021;87,47;75,55;81,15;78,70;80,40;78,05
26,447;27,352;26,946;26,615;26,37;26,763;87,47;77,55;81,77;81,67;82,50;79,85
27,408;27,996;26,498;26,558;26,124;27,239;83,82;76,70;84,25;82,87;84,57;79,85
26,82;27,392;26,299;26,264;25,817;26,541;88,07;79,27;84,85;84,40;85,80;82,87
26,31;27,299;26,743;26,232;25,57;26,341;90,22;79,27;83,92;84,40;86,70;83,47
27,714;27,408;26,851;26,149;25,944;26,195;86,85;79,27;82,37;85,60;85,80;84,40
27,34;27,772;26,976;26,012;26,121;26,316;85,65;77,85;82,37;85,60;84,57;83,47
27,275;28,064;26,223;26,003;25,986;26,69;83,52;77,55;85,80;85,90;85,80;82,57
26,747;27,137;25,963;25,713;25,333;26,025;86,55;81,00;87,97;87,42;89,10;85,32
28,253;27,402;26,183;25,947;25,708;26,088;84,12;80,72;86,72;87,12;87,90;85,62
27,783;27,188;26,048;25,934;25,638;26,22;86,25;80,42;87,35;87,42;87,00;85,00
27,016;27,008;25,862;25,968;25,57;25,983;87,77;81,60;87,35;86,82;86,40;86,22
26,908;26,868;26,023;25,945;25,677;26,198;87,47;81,00;86,40;85,90;86,40;84,10
26,178;26,709;26,046;25,908;25,574;25,919;90,82;82,45;87,65;86,52;88,50;86,22
26,011;26,441;25,569;25,667;25,127;25,725;91,15;84,20;90,15;88,65;90,62;88,37
25,725;26,186;25,397;25,295;25,264;25,477;90,52;85,37;91,42;90,77;90,32;89,00
25,774;26,103;25,432;25,435;25,27;25,558;93,30;86,82;91,10;90,17;91,55;89,62
25,627;26,175;25,433;25,502;25,209;25,407;95,15;86,82;91,42;89,57;90,92;90,22
25,586;26,1;25,696;25,333;25,04;25,4;94,52;87,12;91,10;90,77;92,45;90,22
25,561;26,057;25,651;24,845;25,129;25,406;94,85;88,30;92,05;94,17;92,77;91,15
25,662;26,221;25,368;25,252;24,955;25,484;93,92;87,12;93,00;92,02;93,37;90,22
25,777;26,019;25,595;25,138;25,031;25,319;94,52;87,70;92,05;92,92;92,77;91,15
25,823;26,361;25,956;25,592;25,171;25,526;93,92;87,12;91,10;91,10;93,07;91,15
25,985;26,428;26,026;25,577;25,817;25,801;93,30;87,12;89,52;91,40;90,62;90,55
26,023;26,576;25,87;26,002;25,574;25,853;93,00;85,37;88,90;88,95;90,92;88,70
26,098;26,766;25,885;25,934;25,572;25,939;92,37;83,32;87,65;88,05;87,90;87,77
26,062;26,735;25,951;25,752;25,558;25,665;90,52;81,60;87,02;87,42;87,00;86,85
26,094;27,007;26,126;26,103;25,931;26,249;92,07;81,60;85,80;85,30;85,17;83,47
26,017;27,12;26,157;25,823;25,83;26,178;93,30;81,00;86,72;86,52;86,10;84,70
26,103;27,014;25,896;25,789;25,487;26,014;92,07;82,45;88,27;88,05;88,80;86,22
26,022;26,798;25,844;25,794;25,757;25,977;89,92;82,45;87,97;87,72;87,30;86,22
25,934;26,809;26,229;25,991;25,667;25,991;92,67;82,45;87,02;86,52;88,20;86,55
25,798;26,817;26,172;25,931;25,732;25,875;93,60;83,62;87,97;87,72;88,50;87,77
25,85;26,743;25,916;25,89;25,609;25,919;91,15;83,62;88,90;88,35;89,10;87,77
25,789;26,33;25,888;25,665;25,656;25,694;93,60;85,07;88,27;88,65;88,20;88,37
25,48;26,364;25,807;25,89;25,954;26,009;97,02;85,07;90,15;87,42;86,40;86,85
25,331;25,809;25,72;25,957;25,864;25,791;97,65;89,17;91,72;88,05;87,90;88,70
25,298;25,953;25,687;25,839;25,746;26,47;98,27;90,05;93,92;88,95;89,10;73,25
24,603;24,834;23,981;25,702;24,132;25,231;100,00;96,90;100,00;89,87;100,00;88,37
23,713;23,532;23,116;24,089;23,319;24;100,00;100,00;100,00;100,00;100,00;99,27
23,466;23,055;22,916;23,448;23,064;23,37;100,00;100,00;100,00;100,00;100,00;100,00
23,293;22,678;22,664;22,895;22,1;22,854;100,00;100,00;100,00;100,00;100,00;100,00
23,026;22,558;22,33;22,567;21,917;22,315;100,00;100,00;100,00;100,00;100,00;100,00
22,862;22,196;22,252;22,245;21,846;21,962;100,00;100,00;100,00;100,00;100,00;100,00
22,947;22,735;22,297;22,194;21,785;22,072;100,00;100,00;100,00;100,00;100,00;100,00
23,005;22,637;21,954;21,655;21,685;21,715;100,00;100,00;100,00;100,00;100,00;100,00
22,91;22,578;22,303;21,789;21,74;21,789;100,00;100,00;100,00;100,00;100,00;100,00
22,895;22,543;22,06;21,924;21,816;21,869;100,00;100,00;100,00;100,00;100,00;100,00
22,8;22,436;22,015;21,866;21,846;21,93;100,00;100,00;100,00;100,00;100,00;100,00
22,73;22,346;21,975;21,893;21,724;21,852;100,00;100,00;100,00;100,00;100,00;100,00
22,64;22,366;22,005;21,823;21,71;21,698;100,00;100,00;100,00;100,00;100,00;100,00
22,639;22,276;21,991;21,924;21,968;22,003;100,00;100,00;100,00;100,00;100,00;100,00
22,782;22,306;22,158;21,892;21,96;21,948;100,00;100,00;100,00;100,00;100,00;100,00
22,799;22,358;22,29;22,012;22,05;22,076;100,00;100,00;100,00;100,00;100,00;100,00
22,881;22,579;22,452;22,218;22,163;22,024;100,00;100,00;100,00;100,00;100,00;100,00
22,901;22,548;22,364;22,273;22,124;22,163;100,00;100,00;100,00;100,00;100,00;100,00
22,893;22,495;22,434;22,279;22,206;22,222;100,00;100,00;100,00;100,00;100,00;100,00
22,907;22,451;22,37;22,255;22,136;22,117;100,00;100,00;100,00;100,00;100,00;100,00
22,922;22,478;22,318;22,237;22,158;22,155;100,00;100,00;100,00;100,00;100,00;100,00
22,973;22,548;22,297;22,139;22,054;22,033;100,00;100,00;100,00;100,00;100,00;100,00
23,017;22,57;22,384;22,123;22,09;22,02;100,00;100,00;100,00;100,00;100,00;100,00
22,878;22,478;22,443;22,249;22,219;22,194;100,00;100,00;100,00;100,00;100,00;100,00
22,932;22,712;22,519;22,272;22,187;22,251;100,00;100,00;100,00;100,00;100,00;100,00
22,979;22,685;22,518;22,346;22,327;22,243;100,00;100,00;100,00;100,00;100,00;100,00
22,914;22,57;22,53;22,416;22,343;22,424;100,00;100,00;100,00;100,00;100,00;100,00
22,92;22,57;22,406;22,389;22,228;22,224;100,00;100,00;100,00;100,00;100,00;100,00
22,901;22,497;22,449;22,306;22,175;22,155;100,00;100,00;100,00;100,00;100,00;100,00
22,911;22,569;22,56;22,281;22,304;22,167;100,00;100,00;100,00;100,00;100,00;100,00
23,026;22,534;22,467;22,433;22,301;22,288;100,00;100,00;100,00;100,00;100,00;100,00
22,854;22,507;22,527;22,325;22,243;22,24;100,00;100,00;100,00;100,00;100,00;100,00
22,947;22,498;22,449;22,279;22,197;22,187;100,00;100,00;100,00;100,00;100,00;100,00
22,82;22,639;22,384;22,275;22,182;22,194;100,00;100,00;100,00;100,00;100,00;100,00
22,904;22,717;22,481;22,219;22,158;22,17;100,00;100,00;100,00;100,00;100,00;100,00
22,784;22,516;22,345;22,264;22,246;22,158;100,00;100,00;100,00;100,00;100,00;100,00
22,859;22,458;22,386;22,243;22,178;22,182;100,00;100,00;100,00;100,00;100,00;100,00
22,841;22,47;22,269;22,222;22,07;22,094;100,00;100,00;100,00;100,00;100,00;100,00
22,759;22,398;22,252;22,123;22,053;22,096;100,00;100,00;100,00;100,00;100,00;100,00
22,488;22,087;21,881;22,097;21,706;21,683;100,00;100,00;100,00;100,00;100,00;100,00
22,315;21,895;21,727;21,535;21,581;21,363;100,00;100,00;100,00;100,00;100,00;100,00
22,352;22,063;21,758;21,626;21,599;21,59;100,00;100,00;100,00;100,00;100,00;100,00
22,473;22,172;21,953;21,661;21,678;21,675;100,00;100,00;100,00;100,00;100,00;100,00
22,491;22,151;21,911;21,74;21,664;21,689;100,00;100,00;100,00;100,00;100,00;100,00
22,424;21,984;22,045;21,817;21,736;21,746;100,00;100,00;100,00;100,00;100,00;100,00
22,497;22,079;21,905;21,785;21,721;21,688;100,00;100,00;100,00;100,00;100,00;100,00
22,392;21,892;21,883;21,771;21,718;21,756;100,00;100,00;100,00;100,00;100,00;100,00
22,515;22,027;21,904;21,798;21,736;21,724;100,00;100,00;100,00;100,00;100,00;100,00
22,412;22,05;21,892;21,776;21,719;21,752;100,00;100,00;100,00;100,00;100,00;100,00
22,431;22,151;22,021;21,785;21,724;21,713;100,00;100,00;100,00;100,00;100,00;100,00
22,319;21,933;21,923;21,77;21,7;21,713;100,00;100,00;100,00;100,00;100,00;100,00
22,422;22,114;21,968;21,819;21,704;21,725;100,00;100,00;100,00;100,00;100,00;100,00
22,503;22,272;22,064;21,825;21,664;21,626;100,00;100,00;100,00;100,00;100,00;100,00
22,504;22,087;21,963;21,761;21,683;21,691;100,00;100,00;100,00;100,00;100,00;100,00
22,397;22,228;22,008;21,712;21,676;21,673;100,00;100,00;100,00;100,00;100,00;100,00
22,501;22,039;21,993;21,747;21,679;21,692;100,00;100,00;100,00;100,00;100,00;100,00
22,315;22,224;21,883;21,74;21,636;21,646;100,00;100,00;100,00;100,00;100,00;100,00
22,488;22,021;22,051;21,741;21,685;21,675;100,00;100,00;100,00;100,00;100,00;100,00
22,413;22,154;22,005;21,797;21,611;21,692;100,00;100,00;100,00;100,00;100,00;100,00
22,43;22,221;21,944;21,64;21,594;21,588;100,00;100,00;100,00;100,00;100,00;100,00
22,343;21,959;21,88;21,721;21,654;21,594;100,00;100,00;100,00;100,00;100,00;100,00
22,392;22,008;21,785;21,697;21,597;21,568;100,00;100,00;100,00;100,00;100,00;100,00
22,355;22,118;21,868;21,605;21,562;21,527;100,00;100,00;100,00;100,00;100,00;100,00
22,381;22,242;21,977;21,645;21,492;21,526;100,00;100,00;100,00;100,00;100,00;100,00
22,413;22,139;21,901;21,715;21,686;21,49;100,00;100,00;100,00;100,00;100,00;100,00
22,428;21,962;21,802;21,758;21,611;21,585;100,00;100,00;100,00;100,00;100,00;100,00
22,355;22,008;21,718;21,654;21,535;21,499;100,00;100,00;100,00;100,00;100,00;100,00
22,307;22,115;21,91;21,585;21,565;21,513;100,00;100,00;100,00;100,00;100,00;100,00
22,34;21,954;21,85;21,749;21,655;21,569;100,00;100,00;100,00;100,00;100,00;100,00
22,372;21,987;21,917;21,724;21,614;21,612;100,00;100,00;100,00;100,00;100,00;100,00
22,333;22,09;21,933;21,673;21,591;21,612;100,00;100,00;100,00;100,00;100,00;100,00
22,266;21,868;21,794;21,706;21,649;21,576;100,00;100,00;100,00;100,00;100,00;100,00
22,157;21,832;21,801;21,749;21,649;21,581;100,00;100,00;100,00;100,00;100,00;100,00
22,288;21,939;21,91;21,724;21,615;21,6;100,00;100,00;100,00;100,00;100,00;100,00
22,351;22,044;21,924;21,679;21,578;21,615;100,00;100,00;100,00;100,00;100,00;100,00
22,34;22,078;21,935;21,618;21,55;21,526;100,00;100,00;100,00;100,00;100,00;100,00
22,348;22,136;21,883;21,574;21,526;21,529;100,00;100,00;100,00;100,00;100,00;100,00
22,246;22,054;21,734;21,569;21,55;21,547;100,00;100,00;100,00;100,00;100,00;100,00
22,294;22,1;21,794;21,557;21,548;21,529;100,00;100,00;100,00;100,00;100,00;100,00
22,167;21,843;21,743;21,605;21,544;21,524;100,00;100,00;100,00;100,00;100,00;100,00
22,245;21,855;21,814;21,649;21,591;21,562;100,00;100,00;100,00;100,00;100,00;100,00
22,191;22,018;21,777;21,621;21,538;21,565;100,00;100,00;100,00;100,00;100,00;100,00
21,993;21,718;21,614;21,636;21,545;21,536;100,00;100,00;100,00;100,00;100,00;100,00
22,06;21,689;21,578;21,375;21,351;21,386;100,00;100,00;100,00;100,00;100,00;100,00
22,14;21,859;21,712;21,348;21,349;21,41;100,00;100,00;100,00;100,00;100,00;100,00
21,996;21,727;21,582;21,389;21,37;21,364;100,00;100,00;100,00;100,00;100,00;100,00
22,017;21,6;21,587;21,47;21,459;21,455;100,00;100,00;100,00;100,00;100,00;100,00
22,085;21,752;21,628;21,403;21,492;21,487;100,00;100,00;100,00;100,00;100,00;100,00
22,103;21,939;21,743;21,536;21,447;21,477;100,00;100,00;100,00;100,00;100,00;100,00
22,163;21,936;21,799;21,516;21,429;21,412;100,00;100,00;100,00;100,00;100,00;100,00
22,191;21,84;21,764;21,524;21,45;21,446;100,00;100,00;100,00;100,00;100,00;100,00
22,139;21,959;21,692;21,475;21,395;21,401;100,00;100,00;100,00;100,00;100,00;100,00
22,185;21,858;21,694;21,473;21,422;21,419;100,00;100,00;100,00;100,00;100,00;100,00
22,13;21,837;21,728;21,519;21,426;21,403;100,00;100,00;100,00;100,00;100,00;100,00
22,114;21,718;21,591;21,499;21,413;21,395;100,00;100,00;100,00;100,00;100,00;100,00
22,05;21,789;21,752;21,498;21,403;21,369;100,00;100,00;100,00;100,00;100,00;100,00
22,155;21,805;21,669;21,453;21,418;21,369;100,00;100,00;100,00;100,00;100,00;100,00
22,094;21,648;21,591;21,527;21,461;21,425;100,00;100,00;100,00;100,00;100,00;100,00
22,012;21,725;21,663;21,481;21,416;21,398;100,00;100,00;100,00;100,00;100,00;100,00
22,096;21,924;21,73;21,47;21,41;21,418;100,00;100,00;100,00;100,00;100,00;100,00
22,172;21,892;21,739;21,459;21,376;21,389;100,00;100,00;100,00;100,00;100,00;100,00
22,108;21,704;21,64;21,425;21,389;21,375;100,00;100,00;100,00;100,00;100,00;100,00
21,913;21,633;21,541;21,447;21,395;21,385;100,00;100,00;100,00;100,00;100,00;100,00
21,956;21,599;21,55;21,464;21,401;21,386;100,00;100,00;100,00;100,00;100,00;100,00
22,099;21,667;21,67;21,486;21,415;21,404;100,00;100,00;100,00;100,00;100,00;100,00
22,176;21,823;21,685;21,455;21,364;21,373;100,00;100,00;100,00;100,00;100,00;100,00
22,181;21,767;21,71;21,395;21,34;21,352;100,00;100,00;100,00;100,00;100,00;100,00
22,126;21,703;21,7;21,394;21,334;21,329;100,00;100,00;100,00;100,00;100,00;100,00
22,178;21,847;21,651;21,41;21,333;21,327;100,00;100,00;100,00;100,00;100,00;100,00
22,228;21,813;21,678;21,37;21,296;21,302;100,00;100,00;100,00;100,00;100,00;100,00
22,096;21,679;21,73;21,37;21,339;21,308;100,00;100,00;100,00;100,00;100,00;100,00
22,087;21,722;21,679;21,404;21,329;21,326;100,00;100,00;100,00;100,00;100,00;100,00
22,087;21,651;21,679;21,409;21,382;21,349;100,00;100,00;100,00;100,00;100,00;100,00
22,014;21,612;21,664;21,459;21,429;21,311;100,00;100,00;100,00;100,00;100,00;100,00
21,941;21,609;21,569;21,437;21,277;21,324;100,00;100,00;100,00;100,00;100,00;100,00
21,837;21,542;21,464;21,351;21,283;21,272;100,00;100,00;100,00;100,00;100,00;100,00
21,852;21,523;21,456;21,364;21,278;21,285;100,00;100,00;100,00;100,00;100,00;100,00
22,021;21,572;21,6;21,336;21,28;21,275;100,00;100,00;100,00;100,00;100,00;100,00
21,983;21,739;21,611;21,323;21,287;21,284;100,00;100,00;100,00;100,00;100,00;100,00
21,997;21,522;21,459;21,412;21,334;21,312;100,00;100,00;100,00;100,00;100,00;100,00
21,942;21,523;21,486;21,364;21,306;21,293;100,00;100,00;100,00;100,00;100,00;100,00
22,006;21,612;21,541;21,386;21,345;21,302;100,00;100,00;100,00;100,00;100,00;100,00
21,907;21,53;21,468;21,388;21,297;21,309;100,00;100,00;100,00;100,00;100,00;100,00
21,988;21,685;21,487;21,351;21,327;21,3;100,00;100,00;100,00;100,00;100,00;100,00
21,935;21,56;21,532;21,358;21,29;21,326;100,00;100,00;100,00;100,00;100,00;100,00
21,996;21,676;21,554;21,391;21,202;21,25;100,00;100,00;100,00;100,00;100,00;100,00
21,959;21,728;21,49;21,232;21,179;21,192;100,00;100,00;100,00;100,00;100,00;100,00
21,802;21,516;21,351;21,219;21,158;21,133;100,00;100,00;100,00;100,00;100,00;100,00
21,947;21,576;21,455;21,237;21,035;21,131;100,00;100,00;100,00;100,00;100,00;100,00
21,852;21,45;21,329;21,291;21,167;21,13;100,00;100,00;100,00;100,00;100,00;100,00
21,883;21,566;21,308;21,151;20,956;20,992;100,00;100,00;100,00;100,00;100,00;100,00
21,849;21,579;21,394;21,063;21,038;20,983;100,00;100,00;100,00;100,00;100,00;100,00
21,866;21,64;21,275;21,059;20,977;21,005;100,00;100,00;100,00;100,00;100,00;100,00
21,875;21,578;21,191;21,032;20,986;20,985;100,00;100,00;100,00;100,00;100,00;100,00
21,774;21,478;21,096;21,035;20,933;20,945;100,00;100,00;100,00;100,00;100,00;100,00
21,639;21,41;21,111;20,955;20,908;20,906;100,00;100,00;100,00;100,00;100,00;100,00
21,785;21,504;21,136;20,933;20,952;20,918;100,00;100,00;100,00;100,00;100,00;100,00
21,734;21,222;21,156;21,008;20,968;20,943;100,00;100,00;100,00;100,00;100,00;100,00
21,725;21,253;21,208;21,019;20,974;20,983;100,00;100,00;100,00;100,00;100,00;100,00
21,831;21,415;21,41;21,047;21,004;20,953;100,00;100,00;100,00;100,00;100,00;100,00
21,755;21,259;21,191;21,152;21,06;21,01;100,00;100,00;100,00;100,00;100,00;100,00
21,678;21,259;21,232;21,09;21,026;21,022;100,00;100,00;100,00;100,00;100,00;100,00
21,678;21,299;21,191;21,082;21,016;20,999;100,00;100,00;100,00;100,00;100,00;100,00
21,605;21,284;21,182;21,056;21,028;20,967;100,00;100,00;100,00;100,00;100,00;100,00
21,657;21,235;21,283;21,073;21,016;21,002;100,00;100,00;100,00;100,00;100,00;100,00
21,758;21,354;21,22;21,091;21,081;20,989;100,00;100,00;100,00;100,00;100,00;100,00
21,59;21,235;21,195;21,093;21,016;21,008;100,00;100,00;100,00;100,00;100,00;100,00
21,715;21,269;21,195;21,048;21,022;20,989;100,00;100,00;100,00;100,00;100,00;100,00
21,728;21,211;21,127;21,07;20,97;20,959;100,00;100,00;100,00;100,00;100,00;100,00
21,649;21,192;21,091;21,005;20,928;20,942;100,00;100,00;100,00;100,00;100,00;100,00
21,587;21,165;21,109;20,974;20,93;20,921;100,00;100,00;100,00;100,00;100,00;100,00
21,538;21,226;21,085;20,989;20,918;20,909;100,00;100,00;100,00;100,00;100,00;100,00
21,614;21,156;21,091;20,946;20,885;20,912;100,00;100,00;100,00;100,00;100,00;100,00
21,695;21,351;21,247;20,918;20,868;20,863;100,00;100,00;100,00;100,00;100,00;100,00
21,7;21,198;21,14;20,97;20,854;20,86;100,00;100,00;100,00;100,00;100,00;100,00
21,633;21,161;21,119;21,017;20,86;20,862;100,00;100,00;100,00;100,00;100,00;100,00
21,64;21,156;21,167;20,945;20,908;20,848;100,00;100,00;100,00;100,00;100,00;100,00
21,637;21,254;21,207;20,992;20,887;20,868;100,00;100,00;100,00;100,00;100,00;100,00
21,603;21,189;21,158;20,952;20,89;20,887;100,00;100,00;100,00;100,00;100,00;100,00
21,612;21,171;21,112;21,02;20,934;20,936;100,00;100,00;100,00;100,00;100,00;100,00
21,541;21,122;21,03;20,988;20,927;20,908;100,00;100,00;100,00;100,00;100,00;100,00
21,579;21,097;21,041;20,893;20,848;20,795;100,00;100,00;100,00;100,00;100,00;100,00
21,703;21,281;21,111;20,908;20,876;20,814;100,00;100,00;100,00;100,00;100,00;100,00
21,453;21,1;20,962;20,971;20,882;20,841;100,00;100,00;100,00;100,00;100,00;100,00
21,529;21,056;20,983;20,833;20,816;20,853;100,00;100,00;100,00;100,00;100,00;100,00
21,64;21,159;20,946;20,823;20,785;20,826;100,00;100,00;100,00;100,00;100,00;100,00
21,385;21,017;20,945;20,831;20,773;20,786;100,00;100,00;100,00;100,00;100,00;100,00
21,459;21,004;20,925;20,825;20,773;20,786;100,00;100,00;100,00;100,00;100,00;100,00
21,536;21,022;20,922;20,808;20,742;20,731;100,00;100,00;100,00;100,00;100,00;100,00
21,385;20,956;20,955;20,811;20,794;20,788;100,00;100,00;100,00;100,00;100,00;100,00
21,444;21,019;20,949;20,832;20,808;20,798;100,00;100,00;100,00;100,00;100,00;100,00
21,636;21,073;21,057;20,862;20,833;20,808;100,00;100,00;100,00;100,00;100,00;100,00
21,477;21,214;21,008;20,841;20,771;20,736;100,00;100,00;100,00;100,00;100,00;100,00
21,676;21,156;21,063;20,842;20,798;20,767;100,00;100,00;100,00;100,00;100,00;100,00
21,495;21,113;21,038;20,835;20,771;20,743;100,00;100,00;100,00;100,00;100,00;100,00
21,28;20,986;20,878;20,822;20,777;20,771;100,00;100,00;100,00;100,00;100,00;100,00
21,306;20,894;20,896;20,798;20,755;20,771;100,00;100,00;100,00;100,00;100,00;100,00
21,429;20,876;20,826;20,789;20,647;20,72;100,00;100,00;100,00;100,00;100,00;100,00
21,467;20,899;20,838;20,708;20,632;20,62;100,00;100,00;100,00;100,00;100,00;100,00
21,269;20,876;20,853;20,714;20,683;20,619;100,00;100,00;100,00;100,00;100,00;100,00
21,306;21,014;20,884;20,748;20,712;20,721;100,00;100,00;100,00;100,00;100,00;100,00
21,4;21,069;20,999;20,789;20,739;20,727;100,00;100,00;100,00;100,00;100,00;100,00
21,588;21,022;20,998;20,773;20,737;20,697;100,00;100,00;100,00;100,00;100,00;100,00
21,299;20,939;20,905;20,771;20,687;20,69;100,00;100,00;100,00;100,00;100,00;100,00
21,37;20,899;20,859;20,759;20,731;20,68;100,00;100,00;100,00;100,00;100,00;100,00
21,394;20,891;20,913;20,788;20,742;20,705;100,00;100,00;100,00;100,00;100,00;100,00
21,119;21,1;20,897;20,791;20,721;20,683;100,00;100,00;100,00;100,00;100,00;100,00
21,383;20,965;20,968;20,755;20,681;20,675;100,00;100,00;100,00;100,00;100,00;100,00
21,357;20,871;20,811;20,773;20,702;20,662;100,00;100,00;100,00;100,00;100,00;100,00
21,308;20,853;20,816;20,724;20,672;20,677;100,00;100,00;100,00;100,00;100,00;100,00
21,284;20,896;20,844;20,711;20,659;20,668;100,00;100,00;100,00;100,00;100,00;100,00
21,373;20,879;20,816;20,717;20,666;20,668;100,00;100,00;100,00;100,00;100,00;100,00
21,323;20,882;20,835;20,711;20,684;20,659;100,00;100,00;100,00;100,00;100,00;100,00
21,361;20,912;20,814;20,721;20,666;20,669;100,00;100,00;100,00;100,00;100,00;100,00
21,297;20,881;20,825;20,706;20,675;20,674;100,00;100,00;100,00;100,00;100,00;100,00
21,274;20,95;20,838;20,711;20,688;20,674;100,00;100,00;100,00;100,00;100,00;100,00
21,248;20,908;20,853;20,731;20,688;20,675;100,00;100,00;100,00;100,00;100,00;100,00
21,481;21,102;20,922;20,771;20,688;20,675;100,00;100,00;100,00;100,00;100,00;100,00
21,422;21,016;21,016;20,78;20,684;20,677;100,00;100,00;100,00;100,00;100,00;100,00
21,438;20,993;20,924;20,782;20,668;20,669;100,00;100,00;100,00;100,00;100,00;100,00
21,274;20,93;20,9;20,81;20,737;20,727;100,00;100,00;100,00;100,00;100,00;100,00
21,366;20,99;20,915;20,832;20,734;20,715;100,00;100,00;100,00;100,00;100,00;100,00
21,435;21,059;21,011;20,833;20,739;20,721;100,00;100,00;100,00;100,00;100,00;100,00
21,321;21,002;20,915;20,863;20,755;20,731;100,00;100,00;100,00;100,00;100,00;100,00
21,284;20,977;20,906;20,801;20,751;20,728;100,00;100,00;100,00;100,00;100,00;100,00
21,424;21,045;20,99;20,798;20,749;20,718;100,00;100,00;100,00;100,00;100,00;100,00
21,455;20,995;20,977;20,838;20,796;20,777;100,00;100,00;100,00;100,00;100,00;100,00
21,34;21,022;20,989;20,879;20,859;20,796;100,00;100,00;100,00;100,00;100,00;100,00
21,435;21,032;20,989;20,945;20,937;20,873;100,00;100,00;100,00;100,00;100,00;100,00
21,391;21,054;21,008;20,91;20,838;20,774;100,00;100,00;100,00;100,00;100,00;100,00
21,495;21,112;21,036;20,884;20,825;20,816;100,00;100,00;100,00;100,00;100,00;100,00
21,538;21,112;21,075;20,912;20,9;20,857;100,00;100,00;100,00;100,00;100,00;100,00
21,496;21,167;21,137;20,974;20,945;20,909;100,00;100,00;100,00;100,00;100,00;100,00
21,467;21,198;21,204;21,002;21,025;20,943;100,00;100,00;100,00;100,00;100,00;100,00
21,6;21,318;21,315;21,14;21,036;20,934;100,00;100,00;100,00;100,00;100,00;100,00
21,59;21,415;21,265;21,211;21,241;21,164;100,00;100,00;100,00;100,00;100,00;100,00
21,673;21,576;21,165;21,308;21,179;21,093;100,00;100,00;100,00;100,00;100,00;100,00
21,747;21,7;21,45;21,281;21,211;21,154;100,00;100,00;100,00;100,00;100,00;100,00
21,774;21,6;21,6;21,278;21,345;21,284;100,00;100,00;100,00;100,00;100,00;100,00
21,771;21,698;21,545;21,422;21,636;21,404;100,00;100,00;100,00;100,00;100,00;100,00
21,805;21,707;21,572;21,449;21,771;21,614;100,00;100,00;100,00;100,00;100,00;100,00
21,907;21,73;21,85;21,697;21,93;21,783;100,00;100,00;100,00;100,00;100,00;100,00
22,036;21,713;21,838;21,721;21,846;21,657;100,00;100,00;100,00;100,00;100,00;100,00
22,026;21,669;21,798;21,523;21,84;21,487;100,00;100,00;100,00;100,00;100,00;100,00
21,962;21,868;21,786;21,718;21,849;21,584;100,00;100,00;100,00;100,00;100,00;100,00
22,027;21,868;21,841;21,862;21,977;21,611;100,00;100,00;100,00;100,00;100,00;100,00
22,121;21,825;21,837;21,921;21,947;21,722;100,00;100,00;100,00;100,00;100,00;100,00
22,233;21,847;21,84;21,783;21,899;21,791;100,00;100,00;100,00;100,00;100,00;100,00
22,058;21,753;21,829;21,953;21,95;21,88;100,00;100,00;100,00;100,00;100,00;100,00
22,102;21,816;21,825;21,868;22,06;21,819;100,00;100,00;100,00;100,00;100,00;100,00
22,035;21,828;21,907;21,929;22,02;21,907;100,00;100,00;100,00;100,00;100,00;100,00
22,054;22,05;22,063;22,084;22,219;22,136;100,00;100,00;100,00;100,00;100,00;100,00
22,167;21,999;22,088;22,045;22,078;22,003;100,00;100,00;100,00;100,00;100,00;100,00
22,221;22,163;22,094;22,045;22,261;22,024;100,00;100,00;100,00;100,00;100,00;100,00
22,29;22,252;22,264;22,167;22,109;22,054;100,00;100,00;100,00;100,00;100,00;100,00
22,431;22,388;22,478;22,307;22,6;22,458;100,00;100,00;100,00;100,00;100,00;100,00
22,593;22,61;22,648;22,587;22,675;22,498;100,00;100,00;100,00;100,00;100,00;100,00
22,663;22,738;22,794;22,591;22,64;22,736;100,00;100,00;100,00;100,00;100,00;100,00
22,973;23,088;22,582;22,887;23,235;23,094;100,00;100,00;100,00;100,00;100,00;100,00
22,973;22,946;22,943;22,848;23,212;23,025;100,00;100,00;100,00;100,00;100,00;100,00
22,998;23,203;22,833;22,989;22,973;23,125;100,00;100,00;100,00;100,00;100,00;100,00
23,001;22,764;22,587;23,217;23,262;23,131;100,00;100,00;100,00;100,00;100,00;100,00
22,86;22,57;22,612;22,818;23,371;23,151;100,00;100,00;100,00;99,45;100,00;100,00
22,751;22,664;22,851;23,074;23,437;23,226;100,00;100,00;100,00;100,00;100,00;96,15
22,973;22,952;23,059;23,169;23,567;23,244;100,00;100,00;100,00;100,00;98,00;94,27
23,131;23,401;23,023;23,161;23,8;23,543;100,00;100,00;100,00;99,45;94,00;89,00
23,376;23,469;23,272;23,205;24,026;23,437;100,00;100,00;100,00;94,77;91,55;88,07
23,419;23,683;23,262;23,675;24,457;23,952;100,00;100,00;100,00;96,95;90,92;89,00
23,293;23,292;23,188;23,717;24,529;23,758;100,00;100,00;100,00;96,32;90,32;88,70
23,445;23,32;23,475;23,585;24,438;23,92;100,00;100,00;100,00;96,32;89,72;87,45
23,49;23,428;23,187;23,994;24,702;23,868;100,00;100,00;100,00;94,47;88,20;88,70
23,683;23,377;23,334;24,07;24,629;24,089;100,00;100,00;100,00;96,65;86,40;86,85
23,52;23,334;23,284;23,878;24,76;24,181;100,00;100,00;100,00;92,32;87,30;86,85
23,669;23,574;23,223;23,91;24,785;24,605;100,00;100,00;100,00;92,62;85,17;84,10
23,797;23,143;23,538;24,198;25,007;24,741;100,00;100,00;100,00;92,62;86,10;84,70
23,886;23,645;23,737;24,301;25,218;25,019;100,00;100,00;100,00;93,85;84,27;84,40
24,127;23,948;24,035;24,823;25,224;25,086;100,00;100,00;100,00;94,47;84,27;82,27
24,451;24,281;23,963;24,737;25,381;25,453;100,00;100,00;100,00;94,77;83,37;83,17
25,005;24,64;24,308;24,957;25,996;25,789;100,00;100,00;100,00;93,55;79,50;81,97
25,435;24,84;25,022;25,357;26,098;25,722;100,00;100,00;95,20;86,52;80,70;81,65
27,076;25,459;25,291;25,954;26,77;25,89;100,00;100,00;95,20;81,67;77,42;80,75
26,398;25,256;25,22;25,705;26,875;26,498;100,00;100,00;96,47;81,67;76,85;79,25
25,34;24,561;24,793;25,708;26,678;26,59;100,00;100,00;95,52;84,40;77,42;78,95
24,687;24,259;24,714;25,551;26,499;26,167;100,00;100,00;96,15;81,97;77,15;79,25
24,916;24,117;25,012;25,68;26,068;25,959;100,00;100,00;93,30;82,27;76,25;80,15
24,541;23,863;25,182;25,345;26,295;26,157;100,00;100,00;95,52;80,77;77,72;77,45
24,655;24,21;25,01;25,742;26,533;26,244;100,00;100,00;93,62;82,27;77,15;78,95
24,661;23,96;25,053;25,506;26,565;26,213;100,00;100,00;91,42;79,27;75,37;76,55
24,679;24,384;25,24;25,775;26,535;26,2;100,00;100,00;94,25;82,87;75,37;81,05
24,582;24,269;25,847;25,801;26,633;26,316;100,00;100,00;91,42;82,57;73,90;76,85
24,872;24,6;26,516;26,083;26,862;26,464;100,00;100,00;89,22;74,82;73,32;73,55
24,828;24,334;26,838;26,259;27,33;26,632;100,00;100,00;76,27;77,50;71,85;72,37
25,036;24,923;26,508;26,37;26,953;26,888;100,00;100,00;76,27;73,65;71,27;69,40
25,436;25,5;28,436;26,215;27,52;27,34;100,00;100,00;76,27;78,97;73,02;76,55
26,221;26,054;28,395;27,706;28,237;28,916;100,00;100,00;70,22;79,27;68,07;69,40
25,667;26,167;28,201;27,613;28,175;28,203;100,00;83,02;75,95;69,22;67,50;66,77
25,34;26,21;27,469;27,406;28,106;28,031;100,00;83,90;75,05;75,70;72,45;69,12
24,816;26,353;26,925;26,763;27,557;27,769;100,00;83,02;75,65;76,00;70,40;69,70
24,995;26,075;26,804;26,888;27,608;28,239;100,00;85,65;79,00;72,45;73,60;67,65
24,89;25,887;26,72;26,616;27,638;27,571;100,00;84,20;79,62;80,17;72,15;70,87
24,826;25,905;26,824;27,196;27,535;27,892;100,00;88,30;80,55;78,40;73,90;70,30
24,952;26,263;27,021;27,049;27,608;27,892;100,00;81,60;78,40;77,50;73,90;69,70
25,069;26,088;26,809;27,262;27,886;27,764;100,00;85,95;84,25;78,70;73,60;70,30
24,977;26,057;26,715;27,301;27,92;28,017;100,00;89,47;80,22;79,27;72,15;67,95
24,955;26,031;26,753;26,937;27,745;28,114;100,00;86,25;79,00;78,70;71,27;67,95
25,037;26,134;26,663;26,889;27,823;28,494;100,00;88,60;84,25;81,37;73,32;67,95
24,995;26,261;26,735;27,219;27,7;27,95;100,00;85,95;79,32;78,97;74,50;66,77
24,954;26,043;26,427;27,265;27,859;27,9;100,00;91,55;87,35;76,30;68,07;68,82
25,033;26,063;26,627;27,165;28,516;28,304;100,00;85,65;88,27;78,70;66,92;67,07
25,132;26,263;26,576;28,021;28,394;27,879;100,00;93,62;82,37;72,17;69,25;66,47
25,168;26,376;26,618;27,801;28,694;27,825;100,00;91,82;89,52;71,00;64,90;67,65
25,256;26,332;26,741;28,232;28,612;28,173;100,00;95,10;85,47;70,70;67,22;68,22
25,269;26,286;26,801;28,064;28,347;27,928;100,00;94,80;82,70;71,27;67,50;70,00
25,331;26,349;26,783;28,24;28,771;28,384;100,00;96,60;94,57;69,52;68,37;69,12
25,218;26,226;26,028;28,006;28,292;28,54;100,00;94,20;96,80;81,07;72,72;75,05
25,059;25,896;26,149;27,456;27,2;27,904;100,00;99,00;93,62;84,70;85,47;73,85
25,068;25,754;26,216;26,909;27,624;27,873;100,00;94,80;95,82;88,05;72,15;72,95
25,118;25,908;26,043;27,371;27,946;28,272;100,00;98,40;92,67;83,50;82,50;78,95
24,961;25,838;26,147;27,161;27,731;27,867;100,00;99,00;96,15;86,82;83,07;76,25
25,033;25,876;26,18;27,217;27,469;27,943;100,00;99,60;96,47;85,30;84,27;80,45
25,015;25,928;26,169;27,532;27,783;28,286;100,00;98,70;95,52;83,80;82,77;77,15
24,999;25,945;26,223;27,444;28,14;28,179;100,00;98,40;96,15;84,10;80,40;81,05
24,963;25,844;26,342;27,205;27,554;28,226;100,00;99,30;94,87;84,10;82,20;79,85
25,016;26,005;26,336;27,439;28,179;28,342;100,00;96,90;94,87;85,00;82,20;77,45
25,047;26,008;26,522;27,773;28,312;28,359;100,00;99,00;95,52;83,20;80,40;79,85
25,027;26,014;26,127;27,496;27,928;28,157;100,00;99,60;97,10;84,70;84,57;78,35
24,992;25,963;26,213;27,161;27,903;28,2;100,00;99,00;97,75;90,17;84,57;83,17
24,951;25,962;26,249;27,489;27,862;28,165;100,00;97,80;97,10;85,60;85,17;81,97
24,91;25,921;26,207;27,363;27,666;28,123;100,00;95,40;96,80;88,65;82,20;85,00
25,045;26,318;26,845;27,826;28,861;28,816;100,00;96,90;91,10;84,70;74,20;76,55
25,171;26,649;27,532;29,094;29,672;29,883;100,00;95,70;87,97;78,70;74,20;66,47
25,147;26,493;27,045;30,02;29,588;29,08;100,00;90,35;86,72;71,00;67,80;71,17
25,039;26,527;27,777;29,398;29,757;28,752;100,00;89,77;76,57;66,32;66,05;65,90
25,136;26,807;27,177;29,647;29,814;29,186;100,00;88,30;87,97;64,00;67,22;64,72
24,942;26,442;27,049;29,434;29,392;29,222;100,00;91,25;84,85;71,57;68,37;65,02
24,954;26,115;26,726;28,881;29,252;28,894;100,00;90,95;89,52;68,95;68,07;72,07
24,852;26,054;26,757;28,389;29,26;28,736;100,00;93,62;89,52;73,65;65,20;65,90
24,741;25,934;26,672;27,795;28,661;28,154;100,00;93,92;90,77;80,47;75,95;77,75
24,647;25,872;26,246;27,789;27,873;27,971;100,00;92,42;89,22;79,57;75,37;76,55
24,611;25,662;25,96;27,326;27,577;27,82;100,00;92,42;91,72;81,37;77,42;77,45
24,564;25,509;25,717;26,874;27,078;27,179;100,00;95,70;95,52;84,40;84,57;83,17
24,538;25,336;25,908;26,653;27,127;26,943;100,00;96,90;92,05;88,05;84,27;85,32
24,614;25,395;25,888;26,817;27,148;27,103;100,00;98,40;97,42;84,40;83,67;83,80
24,606;25,267;25,761;26,576;26,923;27,126;100,00;98,10;97,10;89,87;87,90;83,17
24,664;25,461;26,022;26,937;27,253;27,337;100,00;96,90;96,15;87,42;83,97;83,17
24,599;25,459;25,878;26,954;27,081;27,777;100,00;97,20;95,82;86,52;84,57;81,35
24,608;25,374;25,658;27,604;26,957;27,416;100,00;96,60;96,15;83,50;84,87;82,27
24,541;25,232;25,494;26,783;26,589;27,049;100,00;96,60;96,80;86,52;86,70;84,70
24,479;25,104;25,305;26,428;26,367;26,767;100,00;96,90;96,47;88,05;88,50;85,92
24,438;24,974;25,15;26,173;26,157;26,43;100,00;98,40;98,70;88,35;90,92;87,15
24,387;24,832;25,025;25,761;26,111;26,08;100,00;99,60;99,02;92,92;88,50;89,00
24,26;24,741;24,826;25,682;25,706;26,141;100,00;99,60;99,02;92,02;92,15;89,92
24,209;24,678;24,753;25,33;25,528;25,856;100,00;98,70;99,67;92,92;91,25;90,22
24,132;24,523;24,637;25,154;25,34;25,629;100,00;98,40;100,00;92,92;91,55;92,10
24,083;24,423;24,541;25,107;25,197;25,406;100,00;100,00;100,00;94,77;93,67;92,10
24,055;24,376;24,435;24,908;24,996;25,231;100,00;100,00;100,00;95,40;93,07;92,40
23,984;24,262;24,296;24,867;24,937;25,069;100,00;100,00;100,00;94,77;93,07;92,70
23,961;24,171;24,216;24,804;24,854;24,939;100,00;100,00;100,00;95,72;93,37;93,65
23,955;24,139;24,15;24,593;24,72;24,838;100,00;100,00;100,00;98,82;94,00;93,95
23,951;24,114;24,095;24,573;24,679;24,741;100,00;100,00;100,00;96,02;94,00;94,27
23,927;24,047;24,014;24,646;24,597;24,653;100,00;100,00;100,00;95,10;94,30;94,57
23,824;23,946;23,925;24,372;24,355;24,584;100,00;100,00;100,00;97,57;95,82;95,52
23,792;23,878;23,866;24,16;24,221;24,366;100,00;100,00;100,00;97,87;96,75;96,77
23,8;23,827;23,789;24,097;24,257;24,265;100,00;100,00;100,00;98,82;95,22;96,77
23,74;23,789;23,771;24,168;24,162;24,233;100,00;100,00;100,00;97,27;95,82;96,15
23,798;23,759;23,714;24,053;24,157;24,174;100,00;100,00;100,00;97,87;95,22;95,82
23,75;23,68;23,66;23,931;23,967;24,049;100,00;100,00;100,00;98,20;97,37;97,40
23,692;23,655;23,717;23,969;23,89;23,96;100,00;100,00;100,00;97,27;97,07;97,70
23,592;23,698;23,687;23,91;23,97;24,05;100,00;100,00;100,00;97,57;96,75;96,15
23,543;23,636;23,642;24,029;23,984;24,094;100,00;100,00;100,00;95,40;95,82;94,90
23,505;23,64;23,612;23,898;23,847;23,925;100,00;100,00;100,00;96,95;95,82;96,45
23,439;23,57;23,586;23,866;23,839;23,924;100,00;100,00;100,00;96,02;95,22;95,20
23,416;23,586;23,556;23,776;23,747;23,862;100,00;100,00;100,00;97,27;95,82;96,15
23,382;23,532;23,48;23,655;23,72;23,731;100,00;100,00;100,00;97,87;95,82;96,15
23,416;23,451;23,511;23,591;23,507;23,55;100,00;100,00;100,00;97,87;98,00;98,35
23,439;23,457;23,444;23,522;23,558;23,559;100,00;100,00;100,00;98,20;96,75;97,40
23,404;23,352;23,292;23,516;23,425;23,535;100,00;100,00;100,00;98,20;98,00;98,02
23,404;23,301;23,247;23,392;23,382;23,401;100,00;100,00;100,00;98,82;98,00;98,02
23,377;23,289;23,332;23,379;23,302;23,353;100,00;100,00;100,00;98,50;98,30;98,97
23,272;23,304;23,284;23,329;23,322;23,268;100,00;100,00;100,00;98,82;97,07;98,97
23,296;23,262;23,233;23,295;23,184;23,238;100,00;100,00;100,00;98,50;98,92;98,65
23,25;23,212;23,176;23,2;23,251;23,19;100,00;100,00;100,00;99,12;97,07;98,35
23,137;23,155;23,115;23,206;23,152;23,152;100,00;100,00;100,00;98,20;97,67;98,35
23,095;23,124;23,1;23,188;23,071;23,079;100,00;100,00;100,00;98,20;98,00;98,97
23,122;23,088;23,022;23,071;23,002;23,037;100,00;100,00;100,00;98,82;98,60;98,97
23,019;22,982;22,962;23,052;22,917;22,97;100,00;100,00;100,00;98,50;99,22;99,60
22,965;22,962;22,962;22,956;22,869;22,857;100,00;100,00;100,00;99,12;99,55;100,00
22,949;22,959;22,887;23,071;22,871;22,884;100,00;100,00;100,00;97,87;98,92;99,60
22,973;22,88;22,833;22,886;22,763;22,782;100,00;100,00;100,00;99,45;99,55;100,00
22,886;22,814;22,826;22,839;22,863;22,778;100,00;100,00;100,00;99,75;98,00;100,00
22,959;22,8;22,729;22,868;22,694;22,835;100,00;100,00;100,00;99,12;99,55;99,27
22,841;22,781;22,76;22,717;22,61;22,645;100,00;100,00;100,00;100,00;100,00;100,00
22,753;22,791;22,779;22,705;22,669;22,69;100,00;100,00;100,00;100,00;99,85;100,00
22,781;22,79;22,75;22,696;22,631;22,622;100,00;100,00;100,00;100,00;99,85;100,00
22,811;22,791;22,832;22,715;22,741;22,624;100,00;100,00;100,00;99,75;98,60;100,00
22,73;22,815;22,748;22,717;22,651;22,639;100,00;100,00;100,00;99,45;99,22;100,00
22,766;22,784;22,712;22,648;22,593;22,557;100,00;100,00;100,00;100,00;99,55;100,00
22,694;22,77;22,76;22,655;22,591;22,575;100,00;100,00;100,00;99,75;99,55;100,00
22,69;22,766;22,726;22,648;22,634;22,584;100,00;100,00;100,00;99,75;98,60;100,00
22,736;22,736;22,663;22,679;22,67;22,621;100,00;100,00;100,00;99,75;98,92;100,00
22,79;22,688;22,584;22,667;22,625;22,585;100,00;100,00;100,00;100,00;99,55;100,00
22,769;22,612;22,509;22,651;22,646;22,578;100,00;100,00;100,00;100,00;99,22;100,00
22,597;22,475;22,351;22,543;22,488;22,53;100,00;100,00;100,00;100,00;100,00;100,00
22,557;22,295;22,255;22,41;22,33;22,464;100,00;100,00;100,00;100,00;100,00;100,00
22,472;22,219;22,218;22,251;22,23;22,313;100,00;100,00;100,00;100,00;100,00;100,00
22,442;22,202;22,157;22,169;22,108;22,273;100,00;100,00;100,00;100,00;100,00;100,00
22,366;22,242;22,345;22,087;22,21;22,087;100,00;100,00;100,00;100,00;100,00;100,00
22,545;22,367;22,406;22,364;22,412;22,304;100,00;100,00;100,00;100,00;100,00;100,00
22,637;22,424;22,373;22,437;22,337;22,521;100,00;100,00;100,00;100,00;100,00;100,00
22,625;22,433;22,375;22,369;22,345;22,337;100,00;100,00;100,00;100,00;100,00;100,00
22,454;22,349;22,301;22,384;22,381;22,267;100,00;100,00;100,00;100,00;100,00;100,00
22,549;22,372;22,322;22,469;22,537;22,53;100,00;100,00;100,00;100,00;99,22;100,00
22,561;22,313;22,281;22,389;22,318;22,422;100,00;100,00;100,00;100,00;100,00;100,00
22,489;22,322;22,384;22,343;22,298;22,325;100,00;100,00;100,00;100,00;100,00;100,00
22,576;22,346;22,345;22,416;22,412;22,331;100,00;100,00;100,00;100,00;99,22;100,00
22,546;22,351;22,313;22,352;22,319;22,331;100,00;100,00;100,00;100,00;100,00;100,00
22,524;22,328;22,351;22,319;22,298;22,272;100,00;100,00;100,00;100,00;100,00;100,00
22,422;22,351;22,378;22,295;22,233;22,257;100,00;100,00;100,00;100,00;100,00;100,00
22,47;22,367;22,312;22,369;22,36;22,334;100,00;100,00;100,00;100,00;99,55;100,00
22,488;22,358;22,23;22,294;22,294;22,312;100,00;100,00;100,00;100,00;99,85;100,00
22,424;22,318;22,257;22,303;22,328;22,304;100,00;100,00;100,00;100,00;99,85;100,00
22,47;22,352;22,237;22,324;22,304;22,301;100,00;100,00;100,00;100,00;100,00;100,00
22,427;22,306;22,255;22,267;22,221;22,209;100,00;100,00;100,00;100,00;100,00;100,00
22,473;22,3;22,228;22,249;22,208;22,172;100,00;100,00;100,00;100,00;100,00;100,00
22,521;22,278;22,243;22,237;22,254;22,209;100,00;100,00;100,00;100,00;100,00;100,00
22,469;22,272;22,26;22,24;22,151;22,164;100,00;100,00;100,00;100,00;100,00;100,00
22,489;22,278;22,278;22,219;22,097;22,131;100,00;100,00;100,00;100,00;100,00;100,00
22,488;22,284;22,261;22,17;22,13;22,151;100,00;100,00;100,00;100,00;100,00;100,00
22,427;22,242;22,193;22,193;22,12;22,136;100,00;100,00;100,00;100,00;100,00;100,00
22,328;22,175;22,205;22,193;22,106;22,067;100,00;100,00;100,00;100,00;100,00;100,00
22,389;22,206;22,148;22,158;22,1;22,07;100,00;100,00;100,00;100,00;100,00;100,00
22,255;22,134;22,231;22,136;22,134;22,082;100,00;100,00;100,00;100,00;100,00;100,00
22,386;22,143;22,16;22,185;22,184;22,202;100,00;100,00;100,00;100,00;100,00;100,00
22,152;22,047;22,003;22,126;22,053;22,094;100,00;100,00;100,00;100,00;100,00;100,00
22,199;21,892;21,877;21,975;21,978;21,99;100,00;100,00;100,00;100,00;100,00;100,00
22,121;21,84;21,802;21,835;21,846;21,939;100,00;100,00;100,00;100,00;100,00;100,00
22,145;21,795;21,825;21,709;21,703;21,776;100,00;100,00;100,00;100,00;100,00;100,00
22,255;21,889;21,835;21,728;21,675;21,727;100,00;100,00;100,00;100,00;100,00;100,00
22,082;21,863;21,808;21,661;21,611;21,649;100,00;100,00;100,00;100,00;100,00;100,00
22,197;21,904;21,863;21,676;21,654;21,634;100,00;100,00;100,00;100,00;100,00;100,00
22,255;21,797;21,795;21,704;21,594;21,663;100,00;100,00;100,00;100,00;100,00;100,00
22,121;21,838;21,779;21,599;21,614;21,581;100,00;100,00;100,00;100,00;100,00;100,00
22,152;21,737;21,727;21,654;21,579;21,584;100,00;100,00;100,00;100,00;100,00;100,00
22,066;21,713;21,651;21,526;21,581;21,581;100,00;100,00;100,00;100,00;100,00;100,00
22,005;21,634;21,533;21,554;21,597;21,627;100,00;100,00;100,00;100,00;100,00;100,00
21,969;21,557;21,551;21,406;21,477;21,527;100,00;100,00;100,00;100,00;100,00;100,00
22,033;21,685;21,541;21,526;21,548;21,643;100,00;100,00;100,00;100,00;100,00;100,00
21,917;21,701;21,542;21,539;21,544;21,56;100,00;100,00;100,00;100,00;100,00;100,00
21,978;21,721;21,557;21,554;21,474;21,504;100,00;100,00;100,00;100,00;100,00;100,00
22,036;21,627;21,541;21,553;21,432;21,455;100,00;100,00;100,00;100,00;100,00;100,00
21,978;21,542;21,507;21,542;21,447;21,52;100,00;100,00;100,00;100,00;100,00;100,00
21,904;21,634;21,49;21,557;21,431;21,432;100,00;100,00;100,00;100,00;100,00;100,00
21,697;21,373;21,369;21,495;21,383;21,388;100,00;100,00;100,00;100,00;100,00;100,00
21,686;21,309;21,357;21,422;21,379;21,379;100,00;100,00;100,00;100,00;100,00;100,00
21,889;21,395;21,343;21,397;21,413;21,388;100,00;100,00;100,00;100,00;100,00;100,00
21,697;21,456;21,45;21,369;21,266;21,291;100,00;100,00;100,00;100,00;100,00;100,00
21,846;21,527;21,443;21,361;21,275;21,291;100,00;100,00;100,00;100,00;100,00;100,00
21,792;21,536;21,388;21,318;21,278;21,254;100,00;100,00;100,00;100,00;100,00;100,00
21,64;21,254;21,156;21,283;21,211;21,241;100,00;100,00;100,00;100,00;100,00;100,00
21,631;21,201;21,179;21,066;21,078;21,173;100,00;100,00;100,00;100,00;100,00;100,00
21,523;21,116;21,05;20,992;20,945;21,07;100,00;100,00;100,00;100,00;100,00;100,00
21,539;21,088;21,075;20,908;20,86;20,896;100,00;100,00;100,00;100,00;100,00;100,00
21,493;21,076;20,942;20,945;20,833;20,903;100,00;100,00;100,00;100,00;100,00;100,00
21,38;20,97;20,945;20,838;20,811;20,829;100,00;100,00;100,00;100,00;100,00;100,00
21,481;20,93;20,924;20,81;20,757;20,789;100,00;100,00;100,00;100,00;100,00;100,00
21,418;20,958;21,025;20,777;20,836;20,765;100,00;100,00;100,00;100,00;100,00;100,00
21,516;21,002;20,933;20,903;20,802;20,868;100,00;100,00;100,00;100,00;100,00;100,00
21,434;20,965;20,993;20,862;20,868;20,839;100,00;100,00;100,00;100,00;100,00;100,00
21,447;20,942;20,931;20,865;20,785;20,804;100,00;100,00;100,00;100,00;100,00;100,00
21,361;20,862;20,816;20,773;20,7;20,785;100,00;100,00;100,00;100,00;100,00;100,00
21,376;20,85;20,851;20,724;20,706;20,718;100,00;100,00;100,00;100,00;100,00;100,00
21,361;20,832;20,854;20,811;20,754;20,765;100,00;100,00;100,00;100,00;100,00;100,00
21,321;20,845;20,789;20,776;20,733;20,734;100,00;100,00;100,00;100,00;100,00;100,00
21,253;20,78;20,754;20,675;20,656;20,677;100,00;100,00;100,00;100,00;100,00;100,00
21,191;21,004;20,77;20,666;20,622;20,607;100,00;100,00;100,00;100,00;100,00;100,00
21,334;20,839;20,765;20,656;20,631;20,629;100,00;100,00;100,00;100,00;100,00;100,00
21,296;20,813;20,786;20,644;20,613;20,635;100,00;100,00;100,00;100,00;100,00;100,00
21,274;20,847;20,751;20,663;20,625;20,629;100,00;100,00;100,00;100,00;100,00;100,00
21,152;20,81;20,746;20,66;20,606;20,64;100,00;100,00;100,00;100,00;100,00;100,00
21,285;20,833;20,739;20,663;20,629;20,619;100,00;100,00;100,00;100,00;100,00;100,00
21,177;20,807;20,737;20,64;20,617;20,623;100,00;100,00;100,00;100,00;100,00;100,00
21,146;20,799;20,762;20,631;20,606;20,619;100,00;100,00;100,00;100,00;100,00;100,00
21,191;20,835;20,794;20,656;20,625;20,61;100,00;100,00;100,00;100,00;100,00;100,00
21,311;20,967;20,811;20,694;20,625;20,612;100,00;100,00;100,00;100,00;100,00;100,00
21,373;20,992;20,897;20,683;20,647;20,612;100,00;100,00;100,00;100,00;100,00;100,00
21,424;21,041;20,878;20,745;20,649;20,634;100,00;100,00;100,00;100,00;100,00;100,00
21,366;20,93;20,903;20,731;20,688;20,635;100,00;100,00;100,00;100,00;100,00;100,00
21,418;20,927;20,893;20,791;20,709;20,643;100,00;100,00;100,00;100,00;100,00;100,00
21,406;20,928;20,831;20,796;20,688;20,668;100,00;100,00;100,00;100,00;100,00;100,00
21,232;20,842;20,829;20,718;20,654;20,644;100,00;100,00;100,00;100,00;100,00;100,00
21,199;20,851;20,794;20,721;20,666;20,644;100,00;100,00;100,00;100,00;100,00;100,00
21,346;20,848;20,773;20,709;20,647;20,64;100,00;100,00;100,00;100,00;100,00;100,00
21,245;20,829;20,762;20,662;20,6;20,58;100,00;100,00;100,00;100,00;100,00;100,00
21,204;20,839;20,754;20,644;20,592;20,578;100,00;100,00;100,00;100,00;100,00;100,00
21,281;20,789;20,749;20,631;20,579;20,632;100,00;100,00;100,00;100,00;100,00;100,00
21,262;20,801;20,789;20,668;20,671;20,653;100,00;100,00;100,00;100,00;100,00;100,00
21,309;20,805;20,731;20,699;20,589;20,617;100,00;100,00;100,00;100,00;100,00;100,00
21,229;20,777;20,764;20,631;20,573;20,541;100,00;100,00;100,00;100,00;100,00;100,00
21,225;20,792;20,742;20,632;20,589;20,533;100,00;100,00;100,00;100,00;100,00;100,00
21,259;20,782;20,73;20,64;20,572;20,57;100,00;100,00;100,00;100,00;100,00;100,00
21,318;20,801;20,757;20,644;20,573;20,569;100,00;100,00;100,00;100,00;100,00;100,00
21,238;20,801;20,77;20,657;20,589;20,572;100,00;100,00;100,00;100,00;100,00;100,00
21,326;20,813;20,817;20,686;20,615;20,604;100,00;100,00;100,00;100,00;100,00;100,00
21,299;20,838;20,798;20,714;20,646;20,637;100,00;100,00;100,00;100,00;100,00;100,00
21,213;20,847;20,794;20,708;20,622;20,616;100,00;100,00;100,00;100,00;100,00;100,00
21,225;20,853;20,808;20,677;20,616;20,592;100,00;100,00;100,00;100,00;100,00;100,00
21,29;20,995;20,856;20,688;20,62;20,617;100,00;100,00;100,00;100,00;100,00;100,00
21,321;20,976;20,859;20,749;20,688;20,662;100,00;100,00;100,00;100,00;100,00;100,00
21,308;20,881;20,847;20,773;20,702;20,683;100,00;100,00;100,00;100,00;100,00;100,00
21,339;20,905;20,831;20,774;20,727;20,709;100,00;100,00;100,00;100,00;100,00;100,00
21,315;20,905;20,85;20,792;20,737;20,666;100,00;100,00;100,00;100,00;100,00;100,00
21,311;20,97;20,899;20,826;20,762;20,683;100,00;100,00;100,00;100,00;100,00;100,00
21,351;20,977;20,976;20,839;20,838;20,768;100,00;100,00;100,00;100,00;100,00;100,00
21,305;21,165;21,073;20,952;20,971;20,943;100,00;100,00;100,00;100,00;100,00;100,00
21,435;21,171;21,143;21,051;20,988;21,05;100,00;100,00;100,00;100,00;100,00;100,00
21,388;21,124;21,106;21,056;21,038;21,133;100,00;100,00;100,00;100,00;100,00;100,00
21,429;21,145;21,167;21,164;21,174;21,291;100,00;100,00;100,00;100,00;100,00;100,00
21,562;21,158;21,122;21,22;21,229;21,464;100,00;100,00;100,00;100,00;100,00;100,00
21,522;21,216;21,234;21,162;21,357;21,432;100,00;100,00;100,00;100,00;100,00;100,00
21,539;21,278;21,251;21,391;21,398;21,446;100,00;100,00;100,00;100,00;100,00;100,00
21,539;21,336;21,394;21,432;21,34;21,547;100,00;100,00;100,00;100,00;100,00;100,00
21,53;21,461;21,541;21,47;21,536;21,499;100,00;100,00;100,00;100,00;100,00;100,00
21,637;21,578;21,649;21,655;21,599;21,603;100,00;100,00;100,00;100,00;100,00;100,00
21,692;21,648;21,715;21,725;21,678;21,849;100,00;100,00;100,00;100,00;100,00;100,00
21,811;21,762;21,886;21,794;21,872;21,988;100,00;100,00;100,00;100,00;100,00;99,92
21,74;21,853;21,758;21,956;22,023;22,281;100,00;100,00;100,00;100,00;98,92;98,65
21,874;21,798;21,777;21,776;21,768;22,418;100,00;100,00;100,00;99,75;100,00;98,02
21,944;21,91;21,82;21,892;21,945;22,442;100,00;100,00;100,00;100,00;98,92;98,65
22,027;22,036;22,094;22,009;22,216;22,779;100,00;100,00;100,00;99,75;99,55;95,82
21,959;22,136;22,255;22,294;22,561;22,519;100,00;100,00;100,00;100,00;96,75;99,60
22,191;22,488;22,491;22,676;22,949;22,706;100,00;97,50;100,00;96,65;95,22;97,07
22,222;22,569;22,467;22,914;23,022;22,99;100,00;99,00;100,00;96,32;94,90;96,77
22,228;22,479;22,631;22,678;22,675;22,612;100,00;100,00;100,00;96,95;96,75;97,40
22,106;22,427;22,625;23,026;22,95;22,92;100,00;99,90;99,97;96,02;95,52;96,15
22,209;22,652;23,013;23,11;23,059;23,163;100,00;100,00;99,35;95,40;95,52;95,82
22,47;23,136;23,32;23,514;23,55;23,674;100,00;98,40;99,35;95,10;95,22;91,77
22,63;23,373;23,492;23,695;23,954;24,287;100,00;97,80;95,52;94,77;92,15;90,22
22,643;23,728;24;24,243;24,28;25,002;100,00;95,40;95,20;90,77;91,25;88,07
22,787;23,972;23,705;24,484;25,235;25,667;100,00;93,62;94,57;90,77;87,90;82,87
22,86;24,231;24,091;25,069;26,646;27,856;100,00;91,55;92,67;87,42;83,37;73,55
22,92;24,091;24,177;25,665;25,745;26,855;100,00;93,92;93,30;85,60;84,27;81,05
22,91;24,052;24,076;26,389;26,131;26,792;100,00;92,72;94,25;82,57;83,67;80,15
23,013;23,782;24,231;26,347;25,183;25,994;100,00;96,30;95,82;88,65;87,90;82,27
23,11;23,937;24,964;26,392;25,647;25,843;100,00;96,90;92,35;84,70;86,10;81,97
23,158;24,858;24,822;26,977;25,925;26,115;100,00;91,25;90,15;81,67;87,00;82,27
23,092;28,645;26,791;28,51;27,185;27,36;100,00;76,42;82,70;76,30;78,62;75,35
22,98;29,26;29,365;29,056;27,734;28,392;100,00;70,45;69,62;78,97;79,50;72,95
23,922;26,405;26,679;28,747;27,025;28,319;100,00;78,70;82,07;79,87;80,40;73,55
25,077;26,821;25,696;28,788;27,244;28,196;100,00;82,17;87,02;77,50;79,80;71,77
24,958;25,284;26,154;28,449;26,57;27,514;100,00;89,47;84,55;79,27;79,20;72,95
25,007;27,406;27,016;28,206;26,595;27,476;100,00;77,85;81,77;79,27;79,20;74,15
25,305;26,703;27,472;29,279;27,292;29,074;100,00;83,32;75,65;74,82;75,37;68,52
26,605;25,806;27,956;28,84;27,326;28,123;100,00;85,95;74,75;70,70;72,72;67,65
25,654;26,504;27,989;29,077;27,826;28,286;100,00;77,55;71,42;74,22;70,10;71,47
24,653;29,746;27,946;29,047;28,618;28,087;100,00;69,05;75,95;69,22;69,25;69,40
24,363;30,143;27,759;29,02;28,25;28,243;100,00;69,60;76,87;68,65;69,82;68,22
24,177;30,584;27,805;29,074;28,157;28,647;100,00;67,10;71,12;69,22;71,27;70,60
24,517;30,085;28,408;28,736;28,798;29,069;100,00;71,57;72,02;71,00;67,22;65,02
28,973;30,651;27,795;28,225;28,634;29,099;94,85;67,37;78,70;77,80;68,65;67,65
28,675;31,093;28,772;28,909;28,829;29,094;93,00;69,32;74,45;67,77;67,80;67,07
31,762;30,925;29,167;29,306;29,026;29,304;83,82;71,87;66,35;66,60;66,92;64,72
30,906;31,002;28,322;29,154;28,891;29,555;87,47;70,75;69,92;66,32;66,35;65,60
32,704;31,148;28,697;28,999;29,457;29,311;85,65;69,60;67,55;69,82;63,47;63,85
33,425;31,052;29,246;29,319;29,251;29,007;84,72;69,90;67,55;64,87;64,90;64,45
31,514;29,964;29,836;29,227;29,13;29,671;86,55;76,70;64,57;65,45;66,05;63,57
29,785;30,706;29,692;29,336;28,911;29,66;90,22;68,77;66,95;66,32;66,35;64,15
31,148;32,151;30,17;29,395;29,493;30,114;85,02;69,05;64,27;65,45;65,77;62,12
33,445;32,102;29,415;29,499;29,95;29,991;81,70;70,17;65,77;63,72;64,35;60,10
33,829;31,912;30,255;29,522;29,983;29,247;78,70;68,77;61,35;62,27;61,20;61,82
33,602;31,677;30,431;29,622;29,814;29,534;82,00;57,17;60,47;62,55;62,62;62,40
34,305;31,151;31,07;30,221;30,029;29,883;79,90;68,20;59,30;62,27;62,05;62,70
34,469;30,127;31,428;29,876;30,029;29,9;75,12;66,52;56,40;63,15;61,47;61,82
33,723;29,323;32,208;30,418;30,256;30,327;79,60;68,20;52,95;59,70;57,80;60,10
32,823;29,168;31,245;30,343;30,785;30,223;78,70;65,15;56,67;60,55;57,80;59,80
30,92;29,544;31,308;30,563;30,49;30,311;83,52;65,97;57,85;60,55;60,05;58,95
28,736;28,925;31,747;29,921;30,588;30,505;92,37;77,55;55,25;61,12;58,37;59,80
27,95;29,273;30,675;30,159;31,049;30,859;94,52;64,30;59,60;60,55;57,52;58,10
27,565;29,108;30,553;30,276;30,449;30,539;92,67;64,87;58,12;62,27;58,37;59,52
27,688;29,176;32,103;30,74;31,085;31,143;93,30;65,15;51,50;57,97;55,27;56,10
28,979;30,28;32,988;31,182;31,166;31,861;89,60;64,02;52,65;56,55;54,42;52,70
29,124;30,007;31,814;31,412;31,135;31,829;92,07;61,00;61,35;54,85;54,70;54,40
31,107;30,746;31,433;31,195;30,851;32,043;84,12;63,47;55,82;56,55;56,67;53,82
31,107;31,26;33,561;31,323;30,917;31,18;80,80;58,80;48,68;56,27;55,55;55,25
28,917;29,819;32,105;31,069;31,415;31,498;87,77;61,55;51,50;57,42;52,20;52,13
28,441;29,752;32,24;31,271;31,311;31,482;85,35;62,37;51,80;54,30;53,32;52,97
28,201;29,263;32,811;31,524;31,676;31,472;89,00;71,87;49,53;54,30;51,65;52,70
28,258;29,967;32,373;31,69;31,822;31,248;85,95;61,82;49,80;52,05;51,38;52,13
28,294;29,8;33,592;32,282;31,91;31,596;90,22;63,75;49,80;51,20;52,20;51,28
28,118;29,758;33,477;32,405;31,762;31,87;91,75;61,27;48,68;51,48;50,25;51,58
27,996;29,808;33,842;32,358;32,732;31,979;87,17;62,92;48,38;50,38;48,33;52,40
28,087;30,197;33,409;32,397;32,882;31,855;91,15;58,25;47,25;50,65;47,50;50,18
27,884;30,37;32,466;32,582;33,956;32,62;87,47;63,47;50,38;49,53;45,85;50,18
27,82;30,199;31,256;33,335;33,05;32,422;88,70;63,20;56,97;49,25;46,68;49,33
27,731;30,064;31,981;33,098;32,107;32,108;91,75;61,27;49,80;48,98;48,60;47,65
27,923;30,391;32,358;32,778;32,13;32,601;90,82;63,47;52,08;45,93;47,50;47,65
27,767;29,981;31,542;32,925;32,189;31,961;91,45;65,42;52,08;48,70;48,88;48,78
27,669;29,782;31,607;32,302;32,563;32,079;92,37;63,20;52,38;49,80;48,33;50,18
28,391;31,302;32,03;32,894;32,225;31,997;79,60;50,98;50,95;48,98;48,05;47,38
27,692;30,197;31,786;33,564;32,692;32,405;92,07;65,42;51,80;44,83;47,23;47,65
27,699;30,22;32,004;32,559;32,737;32,568;90,22;57,45;50,95;49,80;46,13;48,20
27,649;30,381;32,141;32,884;33,186;32,58;91,75;55,27;48,10;47,30;46,95;48,20
27,854;31,217;32,184;33,489;33,874;32,509;91,45;49,63;47,53;47,03;43,13;48,48
27,75;30,3;31,329;33,078;33,098;32,562;92,07;67,65;58,12;46,20;44,50;45,43
27,702;30,881;31,367;32,765;33,616;32,854;90,22;55,00;60,47;47,03;45,58;44,88
27,626;30,167;31,557;32,461;33,154;32,493;89,92;61,82;56,97;49,25;47,50;47,65
27,731;30,551;32,087;32,78;32,957;32,438;88,37;59,90;48,68;47,03;46,40;47,10
27,739;30,657;32,205;32,781;32,61;32,717;90,82;61,82;49,53;47,30;46,13;47,65
27,512;30,068;31,987;32,859;32,804;32,735;94,52;65,15;50,65;47,85;45,85;46,83
27,413;30,348;32,108;32,483;32,728;32,506;92,37;61,00;47,83;46,75;45,05;46,25
27,582;30,881;31,687;33,339;33,103;33,252;92,07;61,00;59,00;45,93;46,95;44,05
27,545;30,587;32,118;33,011;32,829;32,715;91,75;57,97;51,80;47,30;44,50;49,05
27,616;29,878;31,7;32,905;33,758;33,364;92,37;71,02;62,80;47,58;41,50;44,33
27,306;29,369;30,794;32,302;33,852;32,884;89,30;75,27;59,87;52,33;45,33;48,20
27,228;29,674;31,414;32,844;34,603;33,074;92,37;68,77;60,17;47,58;42,33;45,15
27,045;28,65;30,711;32,985;33,728;32,975;90,82;69,60;64,57;47,30;44,23;47,38
27,216;29,349;30,841;32,397;34,185;33,576;92,67;72,15;66,65;57,42;50,25;49,05
27,281;29,636;30,359;32,506;34,745;33,73;93,00;73,57;64,27;56,27;47,23;49,60
27,12;29,385;30,3;31,757;33,296;32,405;94,52;70,17;67,25;57,12;50,53;50,73
26,956;29,151;30,344;32,172;32,897;32,748;94,85;71,57;68,72;56,00;54,42;50,73
26,848;28,626;30,24;32,371;32,364;32,846;90,82;74,12;67,55;53,17;49,70;45,98
26,766;28,353;30,234;32,948;33,048;32,585;94,22;76,97;71,12;55,15;52,47;46,55
26,815;28,958;30,341;32,935;34,367;32,624;96,70;74,97;70,82;53,72;45,58;49,33
26,82;28,996;29,809;33,492;33,002;32,919;97,65;73,57;66,05;51,78;51,38;47,10
26,493;28,636;29,433;31,313;32,945;32,151;95,15;71,30;68,15;57,12;51,10;52,40
26,549;28,312;29,32;30,956;31,896;31,713;97,02;75,55;73,22;63,15;59,77;59,22
26,306;28,153;29,661;30,489;31,654;31,368;97,02;74,97;69,02;59,97;60,92;55,25
26,287;27,903;29,376;30,825;31,55;31,591;96,70;78,70;71,42;61,70;56,40;58,67
26,287;27,783;29,028;32,788;31,185;31,708;97,65;79,85;72,02;57,97;57,22;60,97
26,155;27,538;28,716;31,799;30,876;31,046;97,95;78,70;73,55;61,97;62,90;57,52
26,089;27,501;28,804;30,518;31,103;30,827;97,95;79,00;69,62;64,87;61,20;63,27
25,977;27,2;28,081;29,999;30,559;30,63;97,65;79,27;75,05;67,20;65,47;65,30
25,925;26,968;28,154;29,403;30,527;29,985;98,27;80,72;77,77;68,65;65,20;67,95
25,85;26,902;28,015;29,053;29,618;30,132;98,57;83,90;79,00;71,87;68,37;67,07
25,74;26,706;27,784;29,727;29,506;30,018;98,90;84,50;79,32;69,22;67,22;66,17
25,662;26,361;27,47;31,708;29,151;30,034;100,00;88,87;79,62;59,97;70,70;65,60
25,618;26,209;27,092;28,935;28,765;29,972;100,00;85,95;80,55;71,27;74,50;67,95
25,477;26,008;26,698;28,02;28,082;29,514;100,00;86,52;83,92;77,50;77,42;71,77
25,401;25,821;26,512;27,444;27,775;28,761;100,00;89,77;85,80;79,27;77,15;72,37
25,298;25,728;26,266;27,18;27,706;28,395;100,00;90,05;87,65;79,87;76,55;72,67
25,185;25,471;25,96;26,786;27,197;27,772;100,00;93,92;89,85;82,27;78,62;78,05
25,118;25,288;25,596;26,344;26,996;27,42;100,00;95,40;91,10;83,80;78,62;77,75
25,01;25,089;25,372;26,062;26,72;27,189;100,00;95,40;94,87;86,52;79,80;78,35
24,914;24,986;25,139;25,766;26,336;26,994;100,00;94,80;94,57;88,95;83,37;79,55
24,797;24,848;25,057;26,065;26,298;26,667;100,00;94,50;95,52;85,00;82,20;80,15
24,738;24,791;25,141;26,029;26,498;26,798;100,00;96,00;92,67;84,70;79,50;78,35
24,719;24,805;25,179;26,178;26,415;26,604;100,00;95,70;93,92;82,87;80,10;79,55
24,688;24,761;25,098;25,914;25,887;26,316;100,00;97,50;92,05;84,40;83,37;81,65
24,613;24,702;25,18;25,717;25,772;26,022;100,00;94,80;91,10;85,60;83,97;83,80
24,602;24,889;25,291;25,706;25,584;25,928;100,00;92,42;89,52;85,00;84,27;82,87
24,606;24,834;25,048;25,673;25,343;25,83;100,00;93,62;92,05;84,10;86,40;82,87
24,47;24,605;25,01;25,232;25,223;25,658;100,00;93,62;90,77;87,72;86,40;83,47
24,425;24,682;24,984;25,168;25,142;25,24;100,00;92,72;91,42;87,72;86,70;87,15
24,399;24,616;25,005;25,186;25,053;25,256;100,00;93,02;90,15;86,52;86,70;85,92
24,323;24,534;24,864;24,972;24,966;25,059;100,00;93,32;91,10;88,05;86,70;87,45
24,289;24,458;24,652;24,846;24,746;24,946;100,00;93,02;92,67;88,95;88,20;87,77
24,212;24,352;24,585;24,641;24,77;24,781;100,00;93,32;92,05;89,25;87,60;88,07
24,153;24,343;24,502;24,69;24,767;24,816;100,00;93,32;93,00;88,35;87,00;87,15
24,112;24,209;24,313;24,467;24,497;24,69;100,00;93,62;93,92;89,87;89,10;87,77
24,065;24,04;24,248;24,547;24,713;24,608;100,00;96,00;94,57;88,95;86,10;88,70
24,041;23,93;24,073;24,387;24,283;24,563;100,00;98,70;95,20;89,87;90,32;88,70
23,955;23,892;24,103;24,225;24,201;24,265;100,00;96,00;93,92;91,10;89,72;90,55
23,97;23,898;24,074;24,21;24,201;24,389;100,00;95,70;94,57;90,17;89,42;89,00
23,908;23,756;23,958;24,178;24,185;24,382;100,00;97,80;94,87;90,17;89,72;88,70
23,886;23,661;23,804;23,969;24,142;24,41;100,00;98,70;96,47;92,02;89,72;88,07
23,824;23,607;23,705;24,044;24,005;24,21;100,00;99,00;97,42;91,10;90,02;89,92
23,764;23,595;23,786;23,966;24,07;24,104;100,00;98,70;95,52;91,10;89,10;89,62
23,72;23,537;23,804;23,958;24,059;24,121;100,00;98,40;94,25;90,47;88,80;89,30
23,651;23,555;23,792;23,896;23,776;24,022;100,00;96,60;94,57;91,10;91,55;90,22
23,616;23,54;23,705;23,618;23,654;23,768;100,00;96,30;94,87;93,55;91,85;92,10
23,574;23,49;23,628;23,675;23,924;23,868;100,00;97,20;95,82;92,62;89,10;91,15
23,543;23,386;23,507;23,677;23,832;23,75;100,00;98,10;97,75;92,62;89,42;91,77
23,556;23,289;23,358;23,675;23,701;23,808;100,00;99,00;99,67;91,70;90,92;90,85
23,447;23,164;23,212;23,484;23,493;23,902;100,00;98,10;99,35;94,17;92,15;90,85
23,371;23,125;23,113;23,457;23,668;23,729;100,00;99,00;100,00;93,25;90,32;91,47
23,341;22,999;23,019;23,284;23,516;23,658;100,00;99,60;99,35;94,77;91,55;91,15
23,29;22,998;23,037;23,422;23,501;23,687;100,00;99,90;100,00;93,55;91,85;91,15
23,263;22,977;22,986;23,57;23,603;24,274;100,00;100,00;100,00;91,70;92,15;85,92
23,151;22,812;22,896;23,277;23,358;23,731;100,00;99,90;99,02;93,55;93,07;91,15
22,959;22,636;22,794;22,996;23,014;23,298;100,00;99,30;99,97;96,32;95,52;93,65
23,07;22,721;23,556;22,964;23,74;23,501;100,00;99,90;93,30;96,32;88,80;91,47
23,307;23,407;23,889;24,579;24,966;25,36;100,00;94,50;93,30;84,10;82,77;79,25
23,371;23,35;23,562;24,345;24,56;25,091;100,00;98,40;96,15;86,52;85,17;81,65
23,235;23,197;23,433;23,838;23,615;24,095;100,00;98,10;95,20;90,17;91,25;88,37
23,119;22,992;23,163;23,838;23,704;23,966;100,00;98,70;98,07;89,87;90,62;89,00
23,173;22,869;23,115;23,419;23,711;23,78;100,00;100,00;99,67;93,25;90,02;90,55
23,122;22,85;23,056;23,31;23,543;23,729;100,00;100,00;99,35;93,55;91,55;91,15
23,139;22,833;22,967;23,305;23,319;23,546;100,00;99,90;99,35;93,85;93,37;92,40
23,176;22,892;22,968;23,481;23,75;24,401;100,00;100,00;100,00;92,02;91,25;85,92
23,094;22,859;22,865;23,346;23,428;23,786;100,00;100,00;100,00;93,55;91,85;90,85
23,121;22,808;22,865;23,124;23,427;23,498;100,00;100,00;100,00;95,72;91,85;92,10
23,053;22,738;22,775;23,239;23,295;23,445;100,00;100,00;100,00;94,47;92,77;92,70
22,941;22,64;22,69;23,146;23,236;23,277;100,00;100,00;100,00;95,10;93,67;93,95
22,986;22,657;22,679;23,028;23,142;23,349;100,00;100,00;100,00;96,02;94,00;93,32
22,929;22,649;22,685;23,193;23,31;23,343;100,00;100,00;100,00;93,55;91,55;92,70
22,889;22,593;22,609;23,043;23,146;23,346;100,00;100,00;100,00;95,10;93,37;92,70
22,94;22,612;22,599;23,122;23,364;23,877;100,00;100,00;100,00;94,47;94,30;88,37
22,865;22,602;22,596;23,328;24,144;24,293;100,00;100,00;100,00;92,32;86,40;86,22
22,911;22,602;22,596;23,173;23,413;23,728;100,00;100,00;100,00;94,47;91,25;90,22
22,935;22,57;22,546;23,041;23,251;23,459;100,00;100,00;100,00;94,47;92,15;92,70
22,872;22,476;22,608;22,955;23,212;23,973;100,00;100,00;100,00;95,10;92,15;87,15
22,943;22,548;22,649;23,675;23,999;23,993;100,00;100,00;100,00;89,25;86,70;87,45
22,89;22,512;22,596;23,176;23,627;24,008;100,00;100,00;100,00;94,77;88,80;87,15
22,875;22,497;22,582;23,154;23,191;24,026;100,00;100,00;100,00;93,85;93,07;87,15
22,812;22,461;22,531;22,889;23,001;23,296;100,00;100,00;100,00;95,72;93,67;92,70
22,794;22,389;22,489;22,881;23,374;23,749;100,00;100,00;100,00;96,02;90,62;88,07
22,741;22,367;22,372;23,307;23,776;23,854;100,00;100,00;100,00;92,32;87,60;88,07
22,609;22,255;22,33;22,738;23,109;23,877;100,00;100,00;100,00;97,27;93,37;87,77
22,7;22,254;22,392;22,773;22,872;23,334;100,00;100,00;100,00;95,72;94,00;91,15
22,612;22,285;22,322;22,844;22,875;23,047;100,00;100,00;100,00;94,77;93,67;93,02
22,636;22,222;22,252;22,676;23,185;23,519;100,00;100,00;100,00;97,27;92,15;90,22
22,618;22,276;22,287;22,64;22,952;23,203;100,00;100,00;100,00;96,32;93,67;92,40
22,619;22,231;22,187;22,587;22,733;23,104;100,00;100,00;100,00;96,65;94,60;93,02
22,612;22,206;22,155;22,478;22,549;22,968;100,00;100,00;100,00;96,95;95,82;93,65
22,591;22,222;22,149;22,616;22,567;22,857;100,00;100,00;100,00;95,72;95,52;94,27
22,56;22,17;22,106;22,464;22,489;22,94;100,00;100,00;100,00;96,95;95,82;92,70
22,563;22,131;22,133;22,612;22,66;22,961;100,00;100,00;100,00;95,72;94,60;92,70
22,446;22,048;22,063;22,342;23,137;23,313;100,00;100,00;100,00;98,82;90,92;90,85
22,437;22,02;22,041;22,391;22,796;23,447;100,00;100,00;100,00;97,27;94,30;89,30
22,497;22,051;21,969;22,29;22,569;22,938;100,00;100,00;100,00;98,20;94,90;93,95
22,458;21,945;21,96;22,458;22,537;22,949;100,00;100,00;100,00;96,02;95,22;92,70
22,428;21,953;21,945;22,293;22,392;22,956;100,00;100,00;100,00;97,57;96,45;93,02
22,448;21,898;21,859;22,303;22,721;23,148;100,00;100,00;100,00;98,82;92,77;91,15
22,27;21,853;21,939;22,166;22,294;22,697;100,00;100,00;100,00;98,82;96,15;95,20
22,304;21,89;21,941;22,258;22,381;22,419;100,00;100,00;100,00;97,87;95,52;96,15
22,294;21,862;21,849;22,237;22,331;22,615;100,00;100,00;100,00;98,82;95,82;94,90
22,222;21,807;21,789;21,994;22,167;22,745;100,00;100,00;100,00;99,75;97,37;93,65
22,205;21,813;21,716;21,983;22,096;22,242;100,00;100,00;100,00;99,75;97,37;97,07
22,142;21,727;21,678;21,947;22,161;22,224;100,00;100,00;100,00;100,00;96,75;97,07
22,191;21,715;21,621;21,951;21,941;22,146;100,00;100,00;100,00;99,75;99,85;98,02
22,148;21,716;21,618;21,999;22,073;22,242;100,00;100,00;100,00;98,50;97,37;97,07
22,053;21,71;21,701;21,847;21,977;22,088;100,00;100,00;100,00;100,00;97,67;98,02
22,021;21,707;21,637;21,881;21,907;22,051;100,00;100,00;100,00;99,75;98,30;98,02
22,121;21,685;21,609;21,741;21,978;21,93;100,00;100,00;100,00;100,00;97,37;98,65
22,081;21,612;21,548;21,874;21,862;21,987;100,00;100,00;100,00;99,75;98,60;98,35
22,061;21,559;21,456;21,765;21,788;21,869;100,00;100,00;100,00;100,00;99,22;98,97
22,021;21,523;21,562;21,643;21,709;21,801;100,00;100,00;100,00;100,00;99,55;99,27
22,027;21,556;21,591;21,645;21,783;21,855;100,00;100,00;100,00;100,00;98,92;98,97
22,051;21,511;21,481;21,606;21,678;21,82;100,00;100,00;100,00;100,00;100,00;99,27
22,096;21,557;21,637;21,63;21,648;21,792;100,00;100,00;100,00;100,00;99,85;99,27
22,006;21,464;21,495;21,691;21,706;21,872;100,00;100,00;100,00;100,00;99,22;98,97
21,991;21,474;21,424;21,698;21,7;22,015;100,00;100,00;100,00;100,00;100,00;97,70
21,947;21,441;21,333;21,6;21,84;22,069;100,00;100,00;100,00;100,00;98,60;97,70
21,838;21,284;21,283;21,364;21,673;21,808;100,00;100,00;100,00;100,00;98,92;99,27
21,85;21,299;21,275;21,449;21,465;21,686;100,00;100,00;100,00;100,00;100,00;99,92
21,825;21,361;21,326;21,438;21,412;21,571;100,00;100,00;100,00;100,00;100,00;100,00
21,78;21,223;21,232;21,372;21,474;21,477;100,00;100,00;100,00;100,00;100,00;100,00
21,737;21,139;21,113;21,208;21,253;21,584;100,00;100,00;100,00;100,00;100,00;100,00
21,673;21,097;21,091;21,113;21,183;21,285;100,00;100,00;100,00;100,00;100,00;100,00
21,658;21,076;21,008;21,023;20,962;21,174;100,00;100,00;100,00;100,00;100,00;100,00
21,652;21,057;21,127;20,948;20,939;20,928;100,00;100,00;100,00;100,00;100,00;100,00
21,582;21,06;21,112;21,036;21,016;21,039;100,00;100,00;100,00;100,00;100,00;100,00
21,683;21,079;21,082;21,054;20,968;21,042;100,00;100,00;100,00;100,00;100,00;100,00
21,55;21,033;20,986;20,946;20,871;20,894;100,00;100,00;100,00;100,00;100,00;100,00
21,605;21,075;20,956;20,862;20,931;21,028;100,00;100,00;100,00;100,00;100,00;100,00
21,478;20,958;20,927;20,856;20,857;21,014;100,00;100,00;100,00;100,00;100,00;100,00
21,524;20,989;20,93;20,946;21,168;21,133;100,00;100,00;100,00;100,00;100,00;100,00
21,538;20,949;20,936;20,845;20,897;20,999;100,00;100,00;100,00;100,00;100,00;100,00
21,425;20,879;20,879;20,928;20,807;20,958;100,00;100,00;100,00;100,00;100,00;100,00
21,505;20,894;20,825;20,789;20,711;20,748;100,00;100,00;100,00;100,00;100,00;100,00
21,45;20,868;20,848;20,731;20,736;20,792;100,00;100,00;100,00;100,00;100,00;100,00
21,426;20,893;20,868;20,742;20,72;20,706;100,00;100,00;100,00;100,00;100,00;100,00
21,364;20,833;20,962;20,745;20,736;20,743;100,00;100,00;100,00;100,00;100,00;100,00
21,416;20,959;20,91;20,878;20,78;20,887;100,00;100,00;100,00;100,00;100,00;100,00
21,435;20,871;20,832;20,816;20,683;20,715;100,00;100,00;100,00;100,00;100,00;100,00
21,473;20,868;20,811;20,835;20,771;20,838;100,00;100,00;100,00;100,00;100,00;100,00
21,395;20,779;20,721;20,66;20,628;20,742;100,00;100,00;100,00;100,00;100,00;100,00
21,4;20,749;20,678;20,622;20,649;20,696;100,00;100,00;100,00;100,00;100,00;100,00
21,358;20,748;20,665;20,557;20,524;20,579;100,00;100,00;100,00;100,00;100,00;100,00
21,395;20,734;20,721;20,586;20,517;20,557;100,00;100,00;100,00;100,00;100,00;100,00
21,36;20,832;20,672;20,529;20,444;20,455;100,00;100,00;100,00;100,00;100,00;100,00
21,336;20,736;20,662;20,563;20,425;20,489;100,00;100,00;100,00;100,00;100,00;100,00
21,263;20,69;20,629;20,542;20,56;20,644;100,00;100,00;100,00;100,00;100,00;100,00
21,257;20,691;20,56;20,514;20,521;20,585;100,00;100,00;100,00;100,00;100,00;100,00
21,263;20,623;20,58;20,468;20,421;20,507;100,00;100,00;100,00;100,00;100,00;100,00
21,208;20,609;20,517;20,447;20,409;20,446;100,00;100,00;100,00;100,00;100,00;100,00
21,146;20,546;20,514;20,396;20,419;20,434;100,00;100,00;100,00;100,00;100,00;100,00
21,03;20,52;20,471;20,387;20,357;20,415;100,00;100,00;100,00;100,00;100,00;100,00
21,075;20,502;20,517;20,347;20,375;20,351;100,00;100,00;100,00;100,00;100,00;100,00
21,173;20,538;20,49;20,496;20,374;20,452;100,00;100,00;100,00;100,00;100,00;100,00
21,176;20,569;20,487;20,374;20,295;20,354;100,00;100,00;100,00;100,00;100,00;100,00
21,017;20,51;20,492;20,326;20,405;20,309;100,00;100,00;100,00;100,00;100,00;100,00
21,072;20,487;20,424;20,405;20,357;20,427;100,00;100,00;100,00;100,00;100,00;100,00
21,105;20,495;20,412;20,326;20,343;20,329;100,00;100,00;100,00;100,00;100,00;100,00
20,937;20,345;20,298;20,332;20,221;20,282;100,00;100,00;100,00;100,00;100,00;100,00
20,822;20,322;20,319;20,186;20,133;20,171;100,00;100,00;100,00;100,00;100,00;100,00
20,939;20,362;20,387;20,18;20,167;20,183;100,00;100,00;100,00;100,00;100,00;100,00
21,028;20,402;20,328;20,328;20,189;20,294;100,00;100,00;100,00;100,00;100,00;100,00
21,016;20,399;20,338;20,23;20,252;20,205;100,00;100,00;100,00;100,00;100,00;100,00
21,065;20,446;20,41;20,254;20,154;20,196;100,00;100,00;100,00;100,00;100,00;100,00
21,014;20,431;20,391;20,201;20,216;20,249;100,00;100,00;100,00;100,00;100,00;100,00
21,128;20,523;20,415;20,298;20,275;20,329;100,00;100,00;100,00;100,00;100,00;100,00
21,047;20,569;20,453;20,325;20,524;20,443;100,00;100,00;100,00;100,00;100,00;100,00
21,145;20,61;20,439;20,436;20,541;20,569;100,00;100,00;100,00;100,00;100,00;100,00
21,119;20,634;20,563;20,489;20,656;20,564;100,00;100,00;100,00;100,00;100,00;100,00
21,216;20,526;20,465;20,539;20,998;20,743;100,00;100,00;100,00;100,00;99,22;100,00
21,17;20,512;20,471;20,546;20,649;20,882;100,00;100,00;100,00;100,00;100,00;100,00
21,038;20,492;20,474;20,397;20,555;20,796;100,00;100,00;100,00;100,00;100,00;100,00
21,013;20,498;20,511;20,439;20,496;20,677;100,00;100,00;100,00;100,00;100,00;100,00
21,063;20,535;20,617;20,603;20,592;20,801;100,00;100,00;100,00;100,00;100,00;100,00
21,019;20,529;20,535;20,662;20,649;20,813;100,00;100,00;100,00;100,00;100,00;100,00
21,164;20,552;20,551;20,527;20,481;20,569;100,00;100,00;100,00;100,00;100,00;100,00
21,167;20,594;20,561;20,512;20,478;20,632;100,00;100,00;100,00;100,00;100,00;100,00
21,17;20,61;20,572;20,505;20,492;20,687;100,00;100,00;100,00;100,00;100,00;100,00
21,136;20,74;20,73;20,583;20,714;20,807;100,00;100,00;100,00;100,00;100,00;100,00
21,208;20,688;20,681;20,653;20,634;21,091;100,00;100,00;100,00;100,00;100,00;100,00
21,211;20,749;20,737;20,811;20,804;21,133;100,00;100,00;100,00;100,00;100,00;100,00
21,167;20,783;20,727;20,823;20,854;21,333;100,00;100,00;100,00;100,00;100,00;98,35
21,228;20,893;20,845;20,779;20,927;21,25;100,00;100,00;100,00;100,00;100,00;100,00
21,308;20,851;20,873;20,813;21,514;22,024;100,00;100,00;100,00;100,00;98,60;91,47
21,378;20,885;21,002;21,036;21,182;21,526;100,00;100,00;100,00;100,00;100,00;100,00
21,432;21,111;20,959;21,093;21,1;21,392;100,00;100,00;100,00;100,00;100,00;100,00
21,52;21,051;21,004;21,197;21,336;21,493;100,00;100,00;100,00;100,00;100,00;99,92
21,477;21,085;21,183;21,194;21,4;21,465;100,00;100,00;100,00;100,00;100,00;99,60
21,544;21,213;21,201;21,373;21,278;21,251;100,00;100,00;100,00;100,00;100,00;100,00
21,55;21,305;21,352;21,41;21,21;21,308;100,00;100,00;100,00;100,00;100,00;100,00
21,695;21,492;21,481;21,425;21,398;21,329;100,00;100,00;100,00;100,00;100,00;100,00
21,799;21,599;21,698;21,565;21,893;21,823;100,00;100,00;100,00;100,00;99,85;99,92
21,826;21,887;21,872;21,884;22,058;21,977;100,00;100,00;100,00;100,00;99,22;100,00
22,009;22,05;22,103;22,139;22,111;21,938;100,00;99,90;100,00;99,12;98,60;100,00
22,142;22,307;22,443;22,46;22,763;22,599;100,00;100,00;99,97;98,82;95,52;98,35
22,422;22,525;22,717;22,676;23,176;23,368;100,00;100,00;99,67;98,50;94,30;93,02
22,47;22,766;22,545;23,008;23,362;23,634;100,00;99,30;100,00;96,65;86,40;93,02
22,563;22,718;22,67;22,775;22,893;23,75;100,00;98,70;100,00;98,20;97,07;92,40
22,6;22,847;22,917;22,973;23,559;23,559;100,00;98,10;100,00;97,57;93,37;90,55
22,678;23,02;23,124;23,358;23,674;23,964;100,00;99,30;99,02;94,47;91,55;88,07
22,805;23,188;23,41;23,794;24,438;24,364;100,00;99,00;95,20;92,92;86,40;88,70
22,895;23,465;23,484;24,015;24,852;26,126;100,00;97,50;93,30;92,92;87,30;83,47
23,14;23,607;24,095;23,82;25,287;25,464;100,00;91,82;86,40;90,17;76,55;77,75
23,118;24,056;24,34;26,17;26,74;25,922;100,00;88,87;83,00;74,22;73,02;72,07
23,187;24,702;24,802;26,519;25,065;27,227;94,22;81,87;78,40;73,05;76,55;66,47
23,266;25,018;25,389;27,035;26,232;28,636;97,32;78,42;76,57;72,17;75,67;61,25
23,322;25,29;25,375;27,098;25,57;27,593;92,37;79,00;75,65;72,75;74,77;65,02
23,275;28,711;25,145;26,761;26,387;27,157;93,92;63,20;76,57;71,27;71,57;66,77
23,254;30,293;25,629;27,371;26,804;27,951;90,52;56,07;72,92;68,95;68,65;62,12
23,373;31,062;27,134;28,397;27,375;28,868;92,67;53,10;67,85;66,60;67,80;58,95
23,979;27,476;26,172;29,626;27,205;28,939;88,07;66,25;70,22;63,15;67,80;59,80
26,114;27,904;26,581;28,192;27,795;30,157;82,62;63,20;69,32;64,57;64,90;54,40
24,6;26,729;26,868;29,227;27,783;29,914;85,65;68,50;67,55;62,55;63,77;56,10
25,508;29,953;27,901;28,684;27,599;30,629;86,25;54,45;63,70;62,27;61,77;52,40
26,562;29,392;28,73;29,531;28,012;31,37;85,02;58,25;62,22;59,70;63,47;50,73
28,711;28,81;29,134;30,741;28,402;32,626;76,02;60,72;63,10;57,42;61,47;47,10
27,064;28,228;28,761;30,231;29,014;31,925;80,20;65,97;64,57;60,85;64,62;53,55
25,746;29,918;29,714;29,929;29,156;30,375;87,77;58,80;64,00;60,85;60,05;55,25
25,078;33,086;29,855;30,719;29,522;29,956;89,92;52,30;64,27;57,70;64,35;57,22
24,977;32,897;29,878;30,165;29,062;29,684;89,00;53,92;66,35;64,30;66,35;62,12
25,191;32,479;29,854;30,282;29,545;29,409;90,82;57,72;65,17;62,55;62,90;62,97
29,507;31,809;29,715;30,529;29,39;29,765;79,30;58,25;64,87;63,15;64,35;62,70
29,507;33,196;28,952;30,316;29,235;30,005;80,80;57,97;65,77;62,85;62,62;61,55
33,146;32,57;30,293;29,91;29,891;29,503;68,65;58,80;66,05;62,27;61,47;64,15
34,706;32,648;29,852;29,938;30,09;30,484;64,85;61,27;63,10;64,57;60,92;59,52
35,418;31,733;30,221;30,396;30,375;30,351;62,25;66,25;63,40;60,55;61,47;60,37
35,158;32,91;29,725;29,908;29,943;30,311;64,00;60,72;72,02;67,77;63,47;60,97
34,077;31,375;29,873;29,945;29,61;29,848;66,90;67,65;62,22;62,85;61,47;61,55
32,902;31,445;30,069;29,789;29,985;30,212;68,35;62,65;65,47;63,42;61,77;60,10
35,538;32,476;30,511;30,253;30,24;30,749;59,37;65,42;61,65;61,70;60,05;58,67
36,281;31,777;30,279;30,133;30,325;30,226;60,82;69,60;65,17;62,27;59,77;59,80
36,001;32,811;31,033;30,327;30,553;30,497;62,55;66,25;59,60;66,02;62,62;60,97
36,232;32,887;31,904;30,818;30,364;30,656;63,12;63,47;58,12;59,97;60,62;60,67
36,056;32,534;30,799;30,865;30,51;30,796;64,27;64,30;60,17;61,40;60,92;60,67
36,133;32,02;30,649;30,637;30,901;30,484;62,82;59,35;60,17;62,27;58,07;59,52
36,114;31,339;33,36;30,856;31,277;31,065;61,67;69,90;51,23;58,82;56,10;61,55
35,74;29,895;31,623;31,307;31,239;31,333;62,55;61,82;56,67;56,85;55,27;55,25
32,575;29,642;32,914;30,985;31,404;31,02;69,22;69,32;50,38;56,27;55,55;56,37
30,103;29,556;32,346;31,443;31,723;32,072;79,00;67,37;54,67;57,70;56,10;56,10
29,571;29,835;32,346;31,419;31,754;31,485;80,50;71,02;54,10;57,70;53,60;57,22
29,053;30,498;32,012;31,294;31,788;31,03;84,72;59,90;55,82;58,27;56,10;57,22
29,341;30,54;33,951;31,729;31,674;31,927;83,82;60,72;48,95;56,55;55,55;54,67
29,236;30,624;33,922;32,04;31,795;31,995;85,35;60,45;48,95;57,70;55,55;55,25
29,958;31,14;33,387;32,261;31,698;32,507;80,80;61,55;50,95;56,00;55,82;53,82
32,018;31,576;33,329;31,759;32,1;31,829;73,65;58,80;52,38;55,42;54,42;55,52
32,757;31,419;32,763;32,345;31,964;32,184;72,17;59,07;54,95;54,85;53,60;53,55
30,311;31,048;33,016;32,386;32,064;32,445;79,90;58,52;52,65;55,15;53,32;52,13
29,347;30,865;32,57;32,489;32,205;32,304;81,40;56,90;52,08;53,72;52,20;50,18
29,094;30,883;32,94;32,554;32,692;32,269;84,12;58,25;50,08;50,65;49,98;49,88
29,009;30,672;34,487;32,758;32,473;32,735;85,02;67,92;44,73;50,93;51,65;50,73
29,19;31,161;34,138;33,39;32,919;32,844;79,90;63,47;44,73;47,85;47,23;46,55
29,069;31,396;33,023;33,399;33,124;33,021;83,82;56,62;48,95;48,43;46,95;48,78
28,982;31,161;34,725;32,859;34,173;32,672;79,30;56,07;42,75;49,25;45,05;48,48
28,757;31,153;34,298;33,055;34,857;33,151;86,25;54,20;44,15;47,85;43,68;45,98
28,691;30,847;33,461;33,586;35,187;32,818;85,65;59,07;46,68;46,75;42,33;46,83
28,733;31,467;32,187;35,351;33,99;33,172;85,35;53,92;52,65;42,90;46,68;46,83
28,573;31,808;33,638;33,751;33,636;33,164;86,85;49,63;47,53;46,20;46,95;46,83
28,632;31,643;33,065;34,596;33,785;33,99;82,30;59,35;56,97;46,48;47,50;45,98
28,526;31,138;32,733;34,102;33,172;33,279;88,37;61,27;51,80;45,93;47,23;46,83
28,72;31,778;32,854;33,922;33,735;33,41;81,40;49,90;47,53;47,03;45,85;46,83
28,913;32,095;33,249;34,888;33,649;33,941;86,85;51,78;48,38;41,80;44,50;44,33
28,905;31,995;32,838;35,989;34,357;34,464;81,70;58,25;60,47;40,43;45,58;44,88
28,453;31,313;32,289;34,033;33,911;33,301;87,17;59,62;53,80;47,58;46,13;47,65
28,439;31,449;32,681;33,547;34,367;33,38;86,85;55,27;46,68;47,85;45,85;51,85
28,461;31,153;32,977;33,614;34,247;33,77;87,17;58,52;54,10;44,00;43,68;43,78
28,518;31,303;32,709;33,311;34,96;33,696;85,02;56,35;47,83;45,93;41,25;44,88
28,651;31,955;33,372;33,377;34,166;33,133;84,72;54,20;45,28;46,75;43,68;44,05
28,609;31,705;33,324;34,07;34,394;34,175;85,02;61,27;46,40;43,45;41,25;42,68
28,585;31,55;33,096;34,012;34,31;34,457;85,95;56,62;52,38;42,35;41,50;41,30
28,328;30,988;33,459;34,271;33,509;34,145;90,22;64,02;42,75;40,70;40,70;41,03
28,322;31,803;32,745;34,047;34,092;34,012;85,95;56,90;48,68;40,43;40,98;40,75
28,164;31,404;31,886;33,788;34,355;34,332;86,85;61,00;56,40;42,35;42,05;40,23
28,051;30,33;32,264;33,782;34,107;33,656;86,25;65,97;49,80;46,20;45,05;43,50
28,068;30,582;32,238;33,835;33,865;33,669;89,00;60,45;50,38;45,10;45,05;43,78
28,06;30,956;32,046;33,961;34,232;34,151;89,30;59,07;52,95;43,73;42,88;43,23
28,071;30,484;31,436;33,964;34,037;33,961;89,00;64,57;62,52;42,90;50,25;41,85
27,847;29,908;31,544;32,521;34,636;33,05;85,95;65,42;58,12;52,90;42,88;51,58
27,844;30,236;31,514;32,866;35,521;33,407;89,60;70,45;60,75;53,17;42,88;46,55
27,815;29,965;30,894;32,657;33,844;33,813;92,07;75,27;65,77;54,57;49,43;48,20
27,787;29,95;31,088;32,785;35,451;33,728;90,82;74,42;65,17;53,45;45,05;44,05
27,618;29,579;30,595;32,414;33,088;33,484;92,37;69,60;69,62;53,45;49,43;52,13
27,498;29,556;30,486;31,824;32,902;33,106;92,37;71,87;66,95;58,55;53,02;50,45
27,503;29,455;29,975;32,02;32,76;33,172;91,75;69,05;65,47;56,27;52,75;51,28
27,29;29,119;29,733;32,213;33,988;32,712;93,00;75,27;69,32;56,55;52,75;52,70
27,011;28,831;30,154;31,295;32,284;32,215;93,30;73,00;68,15;62,55;55,27;54,40
27,036;28,856;29,975;32,158;32,501;32,524;93,92;72,15;70,82;55,42;58,65;57,80
26,951;28,714;29,695;31,653;31,741;32,34;95,47;76,70;68,15;59,12;60,62;57,22
26,878;28,562;29,665;31,667;31,513;32,015;95,47;73,85;69,92;60,55;60,62;60,37
26,791;28,323;29,338;31,019;31,028;32,071;95,77;78,12;69,62;64,00;62,90;58,10
26,727;28,334;29,385;30,893;31,046;31,662;96,70;76,97;75,05;63,72;65,20;62,97
26,579;27,943;28,59;30,6;31,007;31,726;96,07;81,00;73,22;66,60;64,90;61,25
26,442;27,853;28,631;30,609;29,841;30,698;95,47;76,42;75,95;64,00;66,62;65,90
26,402;27,54;28,637;30,231;30,025;30,63;95,77;78,42;73,55;68,07;67,80;66,17
26,353;27,872;28,873;29,642;30,433;30,25;97,32;81,00;76,57;67,20;63,20;61,82
26,272;27,461;28,537;29,434;29,741;30,535;97,02;81,30;76,57;72,75;67,50;67,07
26,195;27,34;28,258;29,254;29,812;30,521;97,95;82,17;76,87;69,52;68,95;67,65
26,062;26,974;27,616;29,542;29,43;30,391;97,02;82,75;80,85;72,17;71,85;67,65
25,962;26,676;27,131;29,271;28,632;29,734;97,65;85,07;82,07;73,05;74,77;72,37
25,898;26,498;27,059;28,079;28,507;29,415;98,57;87,42;85,47;78,10;75,07;70,60
25,763;26,33;26,855;28,121;28,433;29,292;98,27;89,77;85,80;76,00;74,50;70,00
25,731;26,223;26,601;27,551;27,828;28,598;98,90;88,30;88,27;80,17;78,32;74,45
25,644;26,008;26,392;27,124;27,889;28,394;99,52;90,65;89,85;82,87;76,55;74,45
25,548;25,893;26,315;27,301;27,675;28,242;99,82;92,12;88,90;80,17;77,72;75,35
25,426;25,815;26,109;27,149;27,66;27,984;99,82;91,55;89,85;82,27;77,72;76,55
25,362;25,616;25,918;27,354;27,344;28,021;99,52;90,95;90,47;80,77;79,20;74,75
25,342;25,506;25,751;26,804;27,424;27,801;100,00;91,82;92,35;85,30;77,15;75,05
25,278;25,415;25,636;27,047;27,267;27,484;100,00;93,92;93,30;81,07;77,72;77,15
25,205;25,291;25,615;26,447;26,626;26,963;100,00;95,40;92,05;83,80;81,30;81,05
25,161;25,36;25,713;26,621;26,806;26,956;100,00;93,92;92,35;81,97;80,10;79,25
25,059;25,307;25,806;26,393;26,589;26,965;100,00;93,62;89,52;83,20;80,70;79,55
25,063;25,442;25,74;26,607;26,244;26,804;100,00;90,65;91,10;81,07;82,77;79,85
24,942;25,208;25,661;26,114;26,187;26,187;100,00;93,92;90,77;84,70;82,50;83,80
24,899;25,136;25,52;25,933;26;26,273;100,00;92,72;90,47;85,90;83,97;83,47
24,907;25,193;25,493;25,907;26,065;26,339;100,00;90,95;90,47;85,00;82,50;81,97
24,785;25,01;25,406;25,891;25,659;26,144;100,00;93,32;89,85;84,70;86,10;83,47
24,797;25,132;25,595;25,706;25,473;25,853;100,00;90,65;88,60;85,90;86,70;84,70
24,788;25,182;25,365;25,477;25,703;25,732;100,00;90,95;90,47;87,42;84,27;85,32
24,65;24,951;25,203;25,505;25,616;25,954;100,00;91,82;91,10;86,82;85,47;83,17
24,631;24,926;25,224;25,397;25,723;25,745;100,00;91,55;90,77;87,42;83,07;84,70
24,588;24,838;25,118;25,32;25,488;25,76;100,00;91,82;91,10;87,42;84,87;83,47
24,569;24,899;25,173;25,205;25,557;25,512;99,52;91,55;90,77;87,72;83,37;85,00
24,502;24,725;24,913;25,266;25,226;25,801;100,00;93,02;92,05;87,72;86,40;81,97
24,487;24,725;24,952;25,147;25,676;25,607;100,00;91,55;90,77;87,42;81,90;83,47
24,444;24,703;24,841;25,5;25,896;25,985;100,00;92,72;92,67;83,80;80,70;80,45
24,454;24,6;24,887;25,221;25,464;25,435;100,00;91,82;91,42;85,90;82,77;84,40
24,372;24,482;24,788;25,358;26,074;26,195;100,00;95,10;92,67;84,70;79,50;79,25
24,385;24,469;24,637;25,781;25,931;26,316;100,00;95,40;93,62;82,57;81,30;78,65
24,399;24,44;24,597;25,307;25,746;25,965;100,00;94,50;93,92;85,00;81,30;81,05
24,162;24,221;24,378;25,03;24,714;25,722;100,00;95,10;95,20;88,35;90,32;83,17
24,236;24,151;25,063;24,735;25,01;25,193;100,00;95,10;87,35;88,95;85,80;85,32
24,305;24,417;24,81;25,38;24,975;25,622;100,00;94,80;93,30;83,80;87,60;82,27
24,237;24,31;24,484;25,051;24,957;25,786;100,00;95,10;95,82;87,42;86,70;81,65
24,194;24,091;24,679;24,729;24,831;24,98;100,00;96,90;91,10;88,65;87,60;86,85
24,203;24,209;24,54;24,989;25,156;25,101;100,00;96,30;94,25;87,12;85,80;86,22
24,127;24,049;24,231;24,732;24,493;25,589;100,00;96,90;96,80;89,87;90,62;82,27
24,058;23,961;24,135;24,44;24,609;24,801;100,00;97,80;96,15;91,10;88,50;88,37
24,091;23,945;24,118;24,491;24,764;24,784;100,00;98,10;97,42;90,17;87,30;88,07
24,04;23,901;24,233;24,517;24,372;24,593;100,00;97,80;94,25;90,17;90,32;89,92
24,046;24,034;24,207;24,34;24,503;24,873;100,00;96,00;94,87;91,70;89,42;86,22
23,997;23,969;23,961;24,493;24,284;24,948;100,00;95,70;98,37;89,87;90,92;87,15
23,896;23,765;23,999;24,121;24,259;24,351;100,00;99,00;96,47;92,92;90,02;90,85
23,964;23,804;23,848;24,399;24,266;24,523;100,00;97,80;98,37;89,87;90,62;88,70
23,919;23,723;24,009;24,216;24,34;24,281;100,00;99,00;94,87;91,40;89,10;91,15
23,907;23,933;24,129;24,263;24,392;24,413;100,00;95,40;94,87;90,77;89,10;89,00
23,94;23,814;23,899;24,419;24,487;24,597;100,00;97,20;96,80;89,25;88,20;88,07
23,874;23,717;23,981;24,091;24,094;24,271;100,00;96,90;94,87;91,70;90,92;90,85
23,862;23,851;23,979;24,037;24,24;24,121;100,00;94,80;95,20;92,32;89,72;91,47
23,835;23,72;23,824;24,178;24,129;24,201;100,00;97,20;96,15;90,77;90,02;91,15
23,789;23,663;23,759;24,104;24,591;24,653;100,00;97,20;98,07;91,40;86,40;86,55
23,77;23,571;23,591;23,782;23,933;24,431;100,00;97,20;98,70;94,17;91,55;89,00
23,699;23,505;23,716;23,808;23,934;23,985;100,00;98,40;96,15;92,92;90,92;91,47
23,716;23,565;23,734;23,958;24,702;24,446;100,00;97,20;96,80;91,40;86,10;87,77
23,687;23,453;23,583;23,866;24,139;24,626;100,00;99,00;96,80;93,25;88,80;86,55
23,631;23,406;23,559;23,877;23,892;24,05;100,00;98,10;96,80;92,02;90,62;91,15
23,63;23,404;23,45;23,675;24,209;24,401;100,00;98,10;98,07;93,55;88,50;87,77
23,571;23,334;23,365;23,583;23,917;24,086;100,00;99,30;98,07;93,85;90,92;90,22
23,519;23,275;23,343;23,637;23,577;23,871;100,00;98,40;98,70;93,25;92,77;91,77
23,475;23,23;23,421;23,444;23,616;23,675;100,00;99,30;96,80;94,47;91,85;92,10
23,489;23,287;23,468;23,604;24,284;24,141;100,00;97,80;96,80;92,62;87,30;89,30
23,532;23,247;23,316;23,937;24,322;24,522;100,00;98,70;98,37;92,32;87,30;87,15
23,457;23,191;23,304;23,562;23,827;23,963;100,00;99,30;97,75;93,55;90,32;90,85
23,444;23,176;23,344;23,437;23,922;23,788;100,00;98,70;97,10;94,17;89,42;91,47
23,439;23,251;23,583;24,189;24,366;24,395;100,00;99,00;97,42;88,95;87,30;88,07
23,469;23,17;23,326;24,206;24,289;24,33;100,00;99,30;98,37;89,87;87,90;88,37
23,398;23,1;23,128;23,565;23,749;24,076;100,00;99,60;99,97;93,85;91,25;89,62
23,376;23,088;23,05;23,564;23,573;23,765;100,00;100,00;100,00;92,62;92,15;91,77
23,314;23,046;23,017;23,45;23,389;24,008;100,00;99,30;99,67;93,85;93,67;90,55
23,265;22,995;22,995;23,394;23,48;23,776;100,00;99,30;100,00;94,17;92,77;91,47
23,194;22,902;22,911;23,112;23,534;23,514;100,00;100,00;100,00;96,02;91,85;93,02
23,239;22,929;22,928;23,281;23,553;24,254;100,00;100,00;100,00;94,47;93,07;88,07
23,175;22,929;22,901;23,151;23,475;23,844;100,00;100,00;100,00;96,02;92,15;91,15
23,209;22,926;23,058;23,471;23,338;23,595;100,00;100,00;98,70;92,92;93,37;92,10
23,29;22,952;23,082;23,319;23,434;23,52;100,00;100,00;99,02;94,47;92,45;92,70
23,251;22,95;22,995;23,23;23,777;24,061;100,00;100,00;99,35;95,10;90,62;88,70
23,244;22,95;22,962;23,178;23,996;24,085;100,00;100,00;99,67;96,32;88,80;89,00
23,209;22,92;22,92;23,475;23,284;23,821;100,00;99,30;99,67;93,55;93,67;90,85
23,137;22,893;23,155;23,215;23,723;23,277;100,00;99,60;98,70;94,47;89,42;94,27
23,128;22,833;22,878;23,131;23,592;23,987;100,00;100,00;99,97;95,72;92,45;89,00
23,095;22,766;22,791;23,011;23,618;23,783;100,00;100,00;100,00;96,02;90,62;90,55
23,043;22,76;22,712;22,887;23,094;23,501;100,00;99,90;100,00;96,95;94,60;92,70
23,052;22,715;22,711;23,161;23,109;23,493;100,00;100,00;100,00;94,47;94,30;92,70
23,058;22,702;22,696;23,047;23,513;23,277;100,00;100,00;100,00;95,40;91,25;93,32
22,982;22,684;23,106;23,038;23,78;23,519;100,00;100,00;99,35;95,10;89,72;91,77
22,938;22,613;22,944;23,067;23,832;23,728;100,00;100,00;99,97;96,02;89,10;90,55
22,826;22,518;22,628;22,857;23,251;23,582;100,00;100,00;100,00;97,57;92,45;92,40
22,869;22,548;22,567;22,848;23,427;23,544;100,00;100,00;100,00;96,95;90,92;92,40
22,811;22,558;22,563;22,872;23,007;23,139;100,00;100,00;100,00;96,02;94,30;94,27
22,88;22,485;22,512;22,791;22,802;23,061;100,00;100,00;100,00;96,65;95,52;94,57
22,914;22,546;22,633;22,899;23,767;23,714;100,00;100,00;100,00;96,32;88,80;89,92
22,782;22,421;22,482;22,821;22,833;23,534;100,00;100,00;100,00;97,27;95,52;92,70
22,812;22,472;22,463;22,946;23,061;23,134;100,00;100,00;100,00;94,77;93,37;93,65
22,851;22,488;22,452;22,971;22,968;23,085;100,00;100,00;100,00;94,77;94,30;93,95
22,77;22,41;22,384;22,7;22,732;22,883;100,00;100,00;100,00;96,65;95,52;95,52
22,784;22,436;22,555;22,788;23,002;22,958;100,00;100,00;100,00;95,72;93,67;94,57
22,742;22,446;22,442;22,836;23,178;23,107;100,00;100,00;100,00;95,72;93,37;93,95
22,766;22,436;22,445;22,717;23,615;23,612;100,00;100,00;100,00;96,65;89,42;90,22
22,612;22,36;22,358;22,842;22,86;23,308;100,00;100,00;100,00;96,32;94,60;92,70
22,7;22,369;22,361;22,709;22,705;23,017;100,00;100,00;100,00;96,32;95,52;94,27
22,721;22,379;22,382;22,67;22,787;22,925;100,00;100,00;100,00;96,95;94,90;94,57
22,699;22,436;22,369;22,796;23,325;23,547;100,00;100,00;100,00;96,02;92,45;90,55
22,558;22,288;22,281;22,528;22,66;23,083;100,00;100,00;100,00;97,87;95,82;93,95
22,619;22,307;22,272;22,697;22,761;23,106;100,00;100,00;100,00;96,02;94,90;93,32
22,558;22,306;22,281;22,636;22,69;22,827;100,00;100,00;100,00;96,32;95,22;94,90
22,579;22,254;22,255;22,546;22,57;22,788;100,00;100,00;100,00;96,65;95,82;95,20
22,657;22,275;22,21;22,518;22,949;22,648;100,00;100,00;100,00;97,27;92,77;96,15
22,63;22,228;22,158;22,41;22,59;22,811;100,00;100,00;100,00;98,50;96,15;95,20
22,594;22,143;22,114;22,37;22,591;23,182;100,00;100,00;100,00;98,20;96,15;92,70
22,491;22,123;22,136;22,506;22,652;22,75;100,00;100,00;100,00;97,27;95,52;95,52
22,446;22,151;22,127;22,445;22,757;22,711;100,00;100,00;100,00;97,27;94,30;95,52
22,549;22,169;22,088;22,494;22,684;22,958;100,00;100,00;100,00;97,27;95,22;93,95
22,509;22,085;22,088;22,304;22,5;22,829;100,00;100,00;100,00;99,12;96,45;94,90
22,47;22,1;22,094;22,492;22,5;22,709;100,00;100,00;100,00;96,95;96,15;95,82
22,427;22,063;22,173;22,303;22,451;22,531;100,00;100,00;100,00;98,50;96,45;96,77
22,555;22,017;22,029;22,394;22,369;22,631;100,00;100,00;100,00;98,20;97,07;96,77
22,455;22;21,999;22,376;22,424;22,519;100,00;100,00;100,00;97,87;96,75;96,77
22,5;22,023;21,959;22,322;22,382;22,518;100,00;100,00;100,00;97,87;97,07;96,77
22,433;22,033;21,935;22,316;22,533;22,672;100,00;100,00;100,00;98,20;95,82;95,82
22,264;21,88;21,874;22,234;22,297;22,673;100,00;100,00;100,00;99,75;97,37;95,82
22,336;21,895;21,883;22,181;22,176;22,419;100,00;100,00;100,00;98,82;98,30;97,70
22,27;21,863;21,802;22,137;22,208;22,33;100,00;100,00;100,00;98,82;98,00;97,70
22,275;21,764;21,849;22,169;22,012;22,285;100,00;100,00;100,00;99,45;99,22;98,02
22,255;21,805;21,843;22,057;22,194;22,225;100,00;100,00;100,00;99,12;97,67;98,02
22,234;21,762;21,889;22,064;22,018;22,272;100,00;100,00;100,00;99,75;98,92;98,02
22,254;21,741;21,819;21,954;21,886;22,067;100,00;100,00;100,00;100,00;100,00;99,27
22,203;21,709;21,715;21,884;21,798;21,975;100,00;100,00;100,00;100,00;100,00;99,60
22,222;21,637;21,661;21,631;21,617;21,814;100,00;100,00;100,00;100,00;100,00;100,00
22,105;21,605;21,578;21,697;21,707;21,728;100,00;100,00;100,00;100,00;100,00;100,00
22,061;21,523;21,508;21,544;21,481;21,59;100,00;100,00;100,00;100,00;100,00;100,00
22,067;21,533;21,492;21,434;21,41;21,477;100,00;100,00;100,00;100,00;100,00;100,00
22,047;21,574;21,481;21,364;21,375;21,375;100,00;100,00;100,00;100,00;100,00;100,00
21,933;21,456;21,386;21,401;21,358;21,434;100,00;100,00;100,00;100,00;100,00;100,00
21,898;21,378;21,395;21,315;21,376;21,4;100,00;100,00;100,00;100,00;100,00;100,00
21,838;21,372;21,357;21,336;21,265;21,327;100,00;100,00;100,00;100,00;100,00;100,00
21,858;21,326;21,37;21,291;21,247;21,272;100,00;100,00;100,00;100,00;100,00;100,00
21,838;21,395;21,455;21,309;21,34;21,284;100,00;100,00;100,00;100,00;100,00;100,00
21,965;21,499;21,443;21,456;21,429;21,441;100,00;100,00;100,00;100,00;100,00;100,00
21,986;21,473;21,372;21,306;21,198;21,29;100,00;100,00;100,00;100,00;100,00;100,00
21,986;21,376;21,296;21,308;21,22;21,438;100,00;100,00;100,00;100,00;100,00;100,00
21,886;21,355;21,291;21,272;21,24;21,385;100,00;100,00;100,00;100,00;100,00;100,00
21,865;21,324;21,251;21,177;21,121;21,185;100,00;100,00;100,00;100,00;100,00;100,00
21,908;21,263;21,274;21,154;21,093;21,143;100,00;100,00;100,00;100,00;100,00;100,00
21,889;21,363;21,278;21,219;21,259;21,275;100,00;100,00;100,00;100,00;100,00;100,00
21,817;21,271;21,248;21,158;21,075;21,155;100,00;100,00;100,00;100,00;100,00;100,00
21,747;21,326;21,26;21,161;21,145;21,121;100,00;100,00;100,00;100,00;100,00;100,00
21,707;21,238;21,173;21,214;21,065;21,121;100,00;100,00;100,00;100,00;100,00;100,00
21,704;21,201;21,194;21,105;21,072;21,07;100,00;100,00;100,00;100,00;100,00;100,00
21,771;21,13;21,133;21,115;21,026;21,111;100,00;100,00;100,00;100,00;100,00;100,00
21,768;21,154;21,119;20,986;20,976;21,044;100,00;100,00;100,00;100,00;100,00;100,00
21,669;21,13;21,035;20,971;20,918;21,042;100,00;100,00;100,00;100,00;100,00;100,00
21,655;21,102;21,116;20,995;20,971;20,982;100,00;100,00;100,00;100,00;100,00;100,00
21,737;21,121;21,036;20,962;20,857;20,93;100,00;100,00;100,00;100,00;100,00;100,00
21,602;21,039;21,011;20,878;20,887;20,851;100,00;100,00;100,00;100,00;100,00;100,00
21,649;21,028;21,008;20,945;20,983;20,985;100,00;100,00;100,00;100,00;100,00;100,00
21,657;20,989;20,988;20,982;20,879;20,921;100,00;100,00;100,00;100,00;100,00;100,00
21,585;21,113;21,041;20,881;20,915;20,845;100,00;100,00;100,00;100,00;100,00;100,00
21,585;21,081;20,977;20,894;20,825;20,921;100,00;100,00;100,00;100,00;100,00;100,00
21,584;21,099;21,032;20,862;20,893;20,853;100,00;100,00;100,00;100,00;100,00;100,00
21,673;21,174;21,066;20,955;21,065;21,09;100,00;100,00;100,00;100,00;100,00;100,00
21,657;21,199;21,137;21,109;21,1;21,148;100,00;100,00;100,00;100,00;100,00;100,00
21,678;21,121;21,127;21,145;21,133;21,207;100,00;100,00;100,00;100,00;100,00;100,00
21,683;21,199;21,165;21,159;21,192;21,216;100,00;100,00;100,00;100,00;100,00;100,00
21,654;21,309;21,238;21,303;21,345;21,345;100,00;100,00;100,00;100,00;100,00;100,00
21,826;21,391;21,317;21,473;21,421;21,626;100,00;100,00;100,00;100,00;100,00;100,00
21,863;21,48;21,486;21,438;21,52;21,712;100,00;100,00;100,00;100,00;100,00;100,00
21,91;21,562;21,52;21,566;21,522;21,701;100,00;100,00;100,00;100,00;100,00;100,00
21,935;21,572;21,575;21,596;21,628;21,927;100,00;100,00;100,00;100,00;100,00;99,60
22,006;21,737;21,822;21,731;22,078;22,054;100,00;100,00;100,00;100,00;98,60;98,97
22,09;21,795;21,901;21,794;22,106;22,327;100,00;100,00;100,00;100,00;98,92;97,07
22,05;21,892;22,105;21,984;22,398;22,736;100,00;100,00;100,00;100,00;96,15;95,52
22,182;22,048;22,224;22,634;22,821;23,004;100,00;100,00;100,00;95,10;93,67;92,70
22,175;22,1;22,917;22,761;23,175;23,161;100,00;100,00;94,57;96,02;90,92;91,47
22,328;22,613;22,914;23,176;23,269;23,305;100,00;97,80;98,70;91,40;90,32;90,22
22,336;22,348;23,304;23,176;23,292;23,313;100,00;100,00;92,35;91,70;90,32;90,55
22,4;22,519;22,73;23,487;23,421;23,465;100,00;99,30;99,97;90,17;90,32;90,22
22,375;22,425;22,608;23,124;23,397;23,634;100,00;100,00;100,00;95,72;90,92;89,62
22,504;22,451;22,687;23,215;23,23;23,877;100,00;100,00;100,00;95,40;95,82;89,00
22,492;22,439;22,542;23,086;22,908;23,495;100,00;100,00;100,00;96,95;95,52;94,90
22,376;22,461;22,561;22,773;22,787;22,866;100,00;100,00;100,00;99,45;96,15;98,02
22,622;22,703;22,925;22,829;23,133;22,793;100,00;99,90;99,97;98,50;95,52;97,40
22,759;22,859;22,947;23,364;23,265;23,259;100,00;99,30;98,37;95,40;94,00;95,20
22,86;23,034;23,128;23,242;23,272;22,989;100,00;99,30;100,00;95,72;94,30;95,82
22,877;23,124;23,206;23,347;23,365;23,397;100,00;99,00;99,97;94,77;94,30;94,57
23,037;23,244;23,292;23,513;23,541;23,773;100,00;99,30;96,47;95,10;93,37;94,27
23,265;23,535;23,313;23,788;23,677;23,711;100,00;98,40;95,82;93,55;92,15;92,70
23,338;23,609;23,583;23,704;24,02;23,934;100,00;93,92;94,87;93,25;90,92;91,77
23,365;23,696;23,696;24,225;24,101;24,769;100,00;93,32;95,52;90,77;90,32;88,37
23,355;23,832;23,917;24,191;24,278;24,522;100,00;93,02;94,57;91,40;90,32;90,55
23,4;24,005;24,106;24,363;24,869;25,259;100,00;90,95;93,62;90,47;87,90;85,32
23,439;24,259;24,372;24,773;25,223;26,599;99,82;93,32;92,05;88,65;87,90;80,45
23,532;24,458;24,653;24,881;27,209;28,167;100,00;90,05;91,42;87,72;81,00;74,15
23,606;24,658;24,829;25,921;27,041;29,661;99,20;89,77;87,97;84,70;79,80;69,12
23,738;24,972;25,252;26,967;27,186;29,526;98,57;87,70;85,80;80,17;78,32;68,52
23,853;25,162;24,801;26,1;25,696;27,786;98,27;88,60;90,15;81,37;83,97;74,75
23,895;24,558;25,238;25,651;25,758;25,856;99,52;90,65;91,72;86,22;83,37;83,47
24,153;25,217;25,453;26,512;26,602;26,275;100,00;89,17;89,85;83,80;81,30;83,80
24,366;26,498;25,607;26,789;27,197;27,473;100,00;84,77;90,77;83,80;77,72;77,45
24,547;26,535;25,836;27,2;26,461;26,518;100,00;85,37;88,90;81,37;81,90;80,45
24,732;26,078;25,69;26,544;26,602;26,613;99,52;88,60;90,47;84,70;80,70;79,25
25,04;25,997;26,382;26,533;26,868;26,706;98,57;89,17;88,90;86,52;81,00;79,85
25,682;26,988;27,083;27,931;27,868;28,037;97,32;84,20;84,25;79,57;77,15;73,85
25,679;27,228;28,862;28,513;28,537;28,231;95,15;86,25;78,40;75,70;73,90;73,25
26,146;29,699;28,924;29,653;28,827;30,356;93,92;71,57;72,92;78,10;78,02;66,47
26,835;29,603;28,7;30,253;28,835;31,14;89,92;67,37;73,22;69,82;71,85;60,97
28,455;28,496;29,363;30,444;29,219;31,036;85,35;73,27;69,32;64,57;69,52;63,27
27,377;28,95;30,212;30,638;29,642;31,077;84,72;72,42;68,72;68,65;68,07;62,97
26,61;30,002;30,74;30,778;29,988;30,532;90,22;70,75;69,62;70,10;68,07;64,15
26,387;31,401;30,51;30,981;29,83;30,064;91,15;65,97;66,35;67,47;66,62;65,02
26,249;31,968;30,526;30,063;30,069;30,186;93,30;65,42;72,92;72,75;66,62;65,60
26,74;31,592;29,48;30,228;30,564;30,388;91,15;66,25;68,15;71,87;65,20;65,60
29,641;31,334;30,37;30,92;30,502;30,354;80,20;69,90;71,12;63,42;64,35;64,45
29,453;32,648;30,619;30,527;30,957;30,359;82,62;64,30;67,85;66,32;63,77;64,45
33,537;32,369;31,007;30,878;31,091;30,904;70,10;64,87;66,95;62,55;61,47;63,57
33,943;33,874;30,271;31,29;30,688;30,914;70,40;57,97;70,82;62,55;64,05;62,40
35,59;32,847;30,901;30,978;31,394;31,033;63,70;68,77;63,10;61,70;59,50;60,10
35,563;33,091;31,609;31,002;31,493;31,094;60,52;61,00;60,17;63,42;60,35;59,52
35,688;33,686;31,44;31,324;31,555;30,97;60,52;57,72;65,77;63,72;61,20;63,57
34,049;32,811;30,833;31,713;31,479;32,1;68,65;65,97;72,92;59,12;58,65;56,95
34,082;33,101;30,674;31,389;31,326;31,495;69,52;66,52;67,25;60,55;59,22;58,10
33,526;31,734;31,08;31,216;31,435;31,017;71,00;67,37;69,92;61,40;60,62;61,25
34,005;31,359;31,627;31,549;31,641;31,048;69,22;72,15;59,87;61,40;56,67;61,55
35,563;33,837;31,915;32,028;32,149;31,963;61,10;60,45;60,47;57,97;58,07;58,95
36,406;33,387;31,641;31,857;32,107;31,36;63,12;63,20;58,12;59,70;56,40;58,67
36,614;32,897;31,777;31,946;32,475;32,281;60,25;65,70;60,75;58,27;58,07;56,37
35,979;31,42;32,259;32,128;32,626;31,757;64,85;71,30;56,10;59,40;55,27;58,10
35,459;30,809;32,795;32,422;32,583;32,359;67,77;64,57;54,10;56,55;55,27;56,95
34,374;30,867;33,715;32,341;32,905;31,843;67,17;69,60;54,37;57,12;55,27;57,80
31,402;30,885;32,241;32,397;32,42;32,153;78,10;64,87;56,97;59,40;54,42;55,80
31,536;31,635;32,218;32,028;32,261;31,981;72,75;57,17;57,55;56,00;54,42;56,37
30,26;30,925;32,095;32,397;32,494;32,107;80,20;64,30;58,12;55,42;55,00;55,80
30,159;31,279;33,633;32,549;32,653;31,981;80,20;56,07;48,38;51,78;51,38;53,25
29,967;31,248;33,324;32,348;32,771;32,669;82,30;65,42;49,23;54,30;51,38;52,70
30,292;31,821;34,106;32,519;33,07;32,272;81,40;55,80;47,83;52,05;49,98;51,58
31,477;32,061;33,928;33,05;32,944;32,828;77,20;55,27;48,38;51,48;51,10;51,00
31,765;31,986;33,477;32,985;33,362;32,785;76,92;58,25;51,50;52,90;48,88;51,85
30,856;32,486;33,099;33,078;33,542;33,113;73,95;53,37;51,23;50,93;48,60;49,05
30,127;31,757;33,699;33,108;33,141;33,021;79,90;55,27;46,98;49,80;47,78;49,05
29,922;31,72;32,699;33,231;33,589;32,884;82,30;57,97;52,38;47,03;44,50;46,55
29,868;32,072;35,182;33,72;34,045;33,397;83,52;54,45;40,55;45,10;43,13;44,60
30,001;32,667;34,139;33,691;34,079;33,399;74,52;48,03;52,08;42,35;42,88;43,50
29,549;31,635;33,86;34,406;33,571;33,832;81,40;64,87;49,80;43,45;42,05;42,68
29,469;31,02;33,966;33,72;34,711;33,459;82,92;63,75;47,25;44,28;40,43;43,78
29,179;31,3;34,569;33,973;34,881;33,587;84,72;60,45;42,20;46,20;40,70;44,60
29,687;32,629;33,355;33,817;34,129;33,644;76,32;48,83;54,10;43,18;44,50;43,50
29,3;31,783;33,82;34,878;34,481;34,44;81,40;64,57;49,80;47,03;43,13;45,98
29,33;31,765;33,506;35,233;34,197;34,313;80,50;59,07;50,95;45,65;42,33;46,55
29,072;31,239;32,277;34,594;34,038;34,453;84,72;65,70;51,80;47,58;47,23;45,15
29,265;31,773;33,556;34,21;33,782;33,612;82,00;54,72;48,68;44,00;42,60;43,23
28,894;31,313;32,914;34,723;34,091;34,276;85,02;62,65;49,23;46,48;44,50;46,55
28,78;31,056;32,272;34,528;34,3;34,074;88,70;72,72;66,35;44,28;49,43;43,50
28,676;30,651;31,855;34,371;34,276;33,887;89,30;74,12;61,65;50,08;44,78;46,25
28,601;30,935;32,755;34,506;34,286;34,187;89,60;63,75;48,68;41,53;46,13;42,13
28,744;31,425;32,559;34,119;34,594;34,059;87,77;65,70;56,40;43,18;46,68;42,40
28,883;31,41;32,628;34,271;34,565;34,254;87,47;66,80;53,80;42,63;41,78;40,23
28,783;31,049;32,809;34,081;34,474;34,092;84,72;62,65;45,00;44,00;43,13;43,78
28,669;31,065;32,757;34,303;34,764;34,555;90,22;68,20;50,65;39,90;44,50;41,03
28,56;30,88;32,391;33,753;34,415;34,254;89,92;69,60;65,77;45,93;43,68;43,78
28,384;30,529;32,24;33,216;34,102;34,102;89,30;71,87;62,80;59,40;48,88;51,85
28,439;30,828;31,857;33,857;34,467;33,97;89,30;68,20;64,00;47,58;45,58;48,78
28,425;30,849;32,763;34,188;35,326;34,094;84,72;67,10;55,82;43,18;37,20;38,85
28,384;30,743;32,732;34,399;34,915;34,665;85,02;67,10;60,47;42,90;44,23;39,40
28,424;30,835;31,989;33,953;34,435;34,315;88,37;67,10;59,87;52,90;43,40;42,95
28,395;30,641;32,527;34,091;34,247;34,224;87,77;70,75;58,72;41,53;47,23;40,48
28,284;30,748;32,166;33,312;34,939;34,431;89,30;64,30;59,87;54,85;46,95;43,78
28,204;30,279;31,501;33,611;36,279;34,623;88,07;64,02;59,60;50,08;38,55;38,85
28,093;30,311;31,299;33,584;37,802;33,787;83,82;65,97;65,47;50,93;38,28;45,98
28,021;30,136;31,234;33,425;36,197;34,448;89,00;67,92;63,70;51,78;39,08;37,50
28,009;29,965;31,232;32,669;36,082;33,725;89,60;69,32;66,65;57,70;42,60;46,25
27,94;29,894;31,363;32,672;35,358;33,892;89,60;67,65;62,22;56,85;41,25;41,03
27,833;29,642;30,719;33,736;34,256;33,995;89,00;66,52;59,30;53,72;45,85;50,73
27,792;29,539;30,751;32,399;33,497;33,119;89,60;67,37;63,10;56,85;55,00;55,52
27,7;29,596;30,356;32,361;33,06;32,892;90,52;69,90;68,45;54,85;51,38;50,18
27,551;29,135;29,777;33,87;33,694;32,73;91,45;73,57;66,35;52,33;48,33;50,45
27,259;28,596;29,576;31,706;32,072;32,172;91,15;74,42;69,62;57,12;56,67;58,37
27,134;28,529;29,388;31,03;31,443;32,085;93,60;75,85;69,32;62,85;62,90;56,67
27,083;28,35;29,113;30,711;31,221;31,822;93,30;75,85;70,52;60,85;59,22;58,37
26,956;28,017;29,171;31,295;30,901;31,033;93,30;77,85;74,75;60,55;61,20;61,82
26,877;28,007;28,969;30,58;30,986;31,545;94,52;77,27;75,35;64,30;63,20;60,10
26,804;27,644;28,749;29,762;30,319;31,248;94,52;81,87;76,57;70,10;66,35;61,55
26,75;27,622;28,845;30,18;30,298;31,056;93,60;83,32;75,35;67,47;66,92;63,57
26,706;27,626;28,661;30,114;29,996;30,788;94,52;81,30;77,77;69,22;69,82;64,15
26,69;27,543;28,615;29,929;30,133;30,843;93,30;84,77;78,10;72,17;65,47;62,70
26,693;27,475;28,413;29,644;30,269;30,854;94,85;83,02;79,00;71,00;66,62;63,57
26,593;27,392;28,35;29,353;29,926;30,582;93,92;82,75;79,00;72,17;66,62;63,85
26,516;27,264;28,009;29,048;29,668;30,077;93,92;84,20;80,55;74,52;71,57;67,35
26,436;27,095;27,795;29,595;29,479;30,069;96,07;84,50;82,37;72,45;68,95;66,77
26,29;26,865;27,349;28,905;29,094;29,797;96,07;86,82;87,02;73,65;69,25;67,35
26,17;26,63;27,209;28,791;28,977;29,285;96,70;85,95;84,55;73,92;72,45;68,52
26,232;26,61;27,16;28,232;28,714;29,23;96,07;85,65;85,80;75,70;71,27;70,00
26,118;26,53;26,917;28,314;28,33;28,995;97,32;86,82;86,72;76,00;73,90;70,00
26,042;26,422;26,843;28,007;28,232;28,648;97,32;89,77;87,35;75,42;72,45;72,37
25,986;26,472;27,422;28,021;27,984;28,143;98,27;89,47;80,85;75,12;73,60;73,85
26,005;26,701;27,307;27,948;27,956;28,115;98,57;86,82;83,30;74,82;73,90;73,85
25,956;26,567;27,093;27,904;27,801;28,125;98,27;87,12;83,00;74,82;74,77;73,85
25,869;26,495;27,115;27,624;27,608;27,789;98,90;86,82;82,37;76,60;75,37;75,35
25,761;26,465;26,883;27,554;27,518;27,791;98,90;85,95;83,30;76,30;76,85;74,75
25,725;26,408;26,855;27,285;27,459;27,641;96,70;84,77;82,37;77,50;75,37;74,45
25,644;26,481;26,826;27,123;26,997;27,27;96,07;83,62;81,77;78,10;77,42;76,85
25,57;26,347;26,612;26,806;26,703;26,908;96,70;84,77;83,30;79,57;79,80;78,95
25,484;26,167;26,459;26,692;26,632;26,815;96,70;84,77;83,92;79,87;79,80;78,65
25,423;25,95;26,329;26,427;26,407;26,555;97,32;85,95;84,25;81,37;80,70;81,05
25,333;25,807;26,203;26,307;26,21;26,398;96,70;86,52;84,85;81,67;82,50;81,35
25,261;25,755;26,045;26,088;26,039;26,313;97,32;86,25;85,17;82,57;82,50;80,45
25,203;25,589;25,928;25,934;25,778;26,045;96,70;86,82;85,17;83,50;83,67;82,57
25,153;25,557;25,835;25,742;25,8;25,821;97,02;86,52;85,80;84,10;82,50;83,47
25,05;25,395;25,629;25,792;25,907;26,071;97,32;87,42;86,72;82,57;80,70;80,15
24,975;25,231;25,433;25,567;25,496;25,792;97,95;88,60;87,35;84,70;84,27;83,17
24,916;25,13;25,464;25,368;25,447;25,462;96,40;88,87;85,80;85,60;83,37;84,70
24,899;25,065;25,247;25,368;25,273;25,905;98,57;90,05;88,60;84,40;84,27;79,25
24,81;24,846;25,071;25,132;25,188;25,603;98,57;91,25;89,22;86,82;85,47;80,45
24,753;24,758;25,092;25,238;25,185;25,317;97,32;91,55;87,65;83,80;84,27;83,47
24,691;24,755;25,036;24,996;25,193;25,167;97,32;90,05;87,35;86,22;82,77;84,10
24,647;24,723;24,913;25,151;25,258;25,285;97,65;89,47;88,60;83,80;81,90;83,17
24,59;24,596;24,923;25,051;25,039;25,173;97,95;90,35;87,35;84,10;83,07;83,17
24,547;24,57;24,784;24,955;24,867;25,366;97,95;90,35;88,27;84,40;84,57;79,85
24,491;24,499;24,687;24,861;25,012;25,119;97,02;90,65;90,15;85,30;82,50;82,87
24,451;24,378;24,529;24,802;24,92;24,948;97,32;92,72;91,10;85,00;83,07;83,80
24,428;24,302;24,416;24,738;24,93;25,022;98,27;92,12;92,05;85,30;82,50;81,97
24,274;24,194;24,376;24,649;25,054;24,881;97,95;92,72;91,72;85,60;81,90;84,10
24,319;24,163;24,301;24,65;25,164;24,946;98,57;93,92;93,30;85,30;79,80;83,17
24,252;24,077;24,097;24,579;24,59;24,911;99,20;93,02;94,57;86,22;83,97;83,17
24,191;23,999;23,966;24,493;24,666;24,776;99,82;94,80;95,82;85,60;83,07;83,17
24,204;23,913;23,919;24,535;24,605;24,864;100,00;96,30;95,82;84,70;84,27;82,57
24,088;23,811;23,863;24,431;24,561;25,062;100,00;94,80;94,57;85,60;83,97;81,65
24,037;23,747;23,761;24,298;24,525;24,807;99,82;96,00;97,10;87,72;83,97;82,27
23,999;23,686;23,669;24,106;24,437;24,725;100,00;97,20;99,02;89,57;85,17;81,97
23,924;23,531;23,705;24,034;24,056;24,494;100,00;96,30;93,00;88,05;87,00;84,40
23,832;23,457;23,678;24,012;24,129;25,258;100,00;97,20;93,92;87,72;88,50;78,35
23,795;23,427;23,55;24,031;24,171;24,41;99,82;96,90;97,10;87,12;85,80;85,32
23,702;23,323;23,43;23,847;23,785;24,257;99,52;94,80;96,15;91,70;89,10;86,55
23,668;23,298;23,379;23,725;23,913;24,112;98,90;96,00;95,82;91,40;87,90;87,15
23,609;23,245;23,735;23,797;24,257;24,171;100,00;97,20;91,72;88,95;83,67;85,92
23,707;23,439;23,88;25,019;25,103;25,531;100,00;96,90;93,00;79,27;80,40;76,85
23,714;23,504;23,371;24,225;24,08;25,112;99,82;93,62;96,80;86,52;86,70;80,45
23,565;23,146;23,428;23,394;23,591;23,797;99,82;97,50;96,15;94,17;89,42;90,85
23,649;23,251;23,275;23,619;24,083;24,245;100,00;97,50;97,75;91,70;85,17;85,00
23,562;23,209;23,248;23,622;24,052;24,265;100,00;98,40;97,42;91,10;86,70;85,32
23,558;23,208;23,175;23,853;23,788;24,185;100,00;97,20;99,35;88,65;88,20;86,85
23,526;23,086;23,486;23,628;23,972;24,074;100,00;98,40;93,62;89,87;86,70;85,92
23,573;23,233;23,371;23,999;24,023;24,422;100,00;97,50;96,80;87,12;87,00;84,40
23,516;23,127;23,254;23,562;23,698;24,02;100,00;98,40;94,87;90,17;88,80;87,15
23,477;23,173;23,532;23,762;24,058;23,934;100,00;97,20;93,00;88,65;86,10;87,77
23,591;23,247;23,358;23,851;23,963;24,15;100,00;98,10;97,42;88,35;87,00;86,55
23,465;23,19;23,26;23,594;24,028;24,448;100,00;97,20;97,42;89,87;87,30;83,17
23,395;23,089;23,154;23,704;23,677;24,088;100,00;98,40;99,02;88,35;88,50;86,22
23,35;22,993;23,055;23,463;23,907;23,804;100,00;98,70;98,70;91,10;85,80;87,45
23,355;22,986;23,086;23,425;23,924;24,095;100,00;98,70;98,07;91,40;86,70;85,92
23,361;22,995;23,05;23,564;23,892;24,955;100,00;97,50;97,10;89,87;87,00;79,85
23,311;22,983;23,052;23,695;24,914;24,634;100,00;98,10;99,67;89,25;79,50;83,47
23,289;22,895;22,92;23,824;23,957;24,808;100,00;98,10;99,97;88,35;88,20;81,35
23,253;22,887;22,925;23,64;24,181;24,534;100,00;99,90;98,37;88,65;84,57;83,47
23,304;22,895;22,895;23,752;24,401;24,776;100,00;99,30;99,67;87,42;84,87;81,05
23,221;22,82;22,893;23,431;24,239;24,619;100,00;99,00;99,35;89,87;85,80;81,35
23,145;22,781;22,797;23,606;24,301;24,494;100,00;99,00;99,97;88,65;82,50;82,57
23,241;22,778;22,857;23,293;23,862;24,416;100,00;99,90;96,80;90,77;87,00;82,87
23,16;22,796;22,881;23,568;23,798;24,228;100,00;98,70;97,10;88,95;86,40;84,70
23,191;22,86;22,889;23,618;24,133;24,617;100,00;99,00;99,02;88,95;85,80;81,65
23,139;22,727;22,766;23,341;23,585;24,672;100,00;99,30;99,67;91,10;88,80;81,05
23,076;22,67;22,696;23,544;23,764;24,684;100,00;99,60;100,00;88,65;87,60;80,45
23,097;22,669;22,649;23,167;24,02;24,311;100,00;99,90;100,00;92,62;84,57;83,80
22,998;22,594;22,602;23,046;23,88;24,009;100,00;99,30;100,00;92,02;87,30;86,85
22,931;22,548;22,573;23,163;23,191;23,594;100,00;99,60;99,02;91,40;90,62;88,37
22,941;22,56;22,806;23,07;23,541;23,401;100,00;98,70;97,42;91,40;87,30;89,00
22,968;22,509;22,854;23,001;23,361;23,37;100,00;99,60;97,10;91,70;88,50;89,00
23,005;22,463;22,658;22,925;23,068;23,334;100,00;98,70;98,37;94,17;90,92;89,92
23,007;22,533;22,573;23,058;23,061;23,259;100,00;99,60;99,97;91,40;91,25;90,55
22,988;22,497;22,584;23,134;23,151;23,495;100,00;99,60;97,75;91,40;90,32;88,70
22,962;22,478;22,582;23,277;23,136;23,928;100,00;99,60;99,35;89,87;90,32;84,70
22,86;22,495;22,582;23,07;23,827;23,862;100,00;99,90;99,97;91,40;84,27;85,00
22,877;22,364;22,425;22,931;23,071;23,707;100,00;99,90;99,67;94,47;91,55;88,07
22,889;22,37;22,419;23,607;24,003;24,186;100,00;99,60;99,35;86,22;84,57;83,17
22,784;22,219;22,315;23,205;23,558;24,215;100,00;99,60;100,00;92,62;88,80;82,87
22,796;22,239;22,303;23,026;23,913;24,174;100,00;100,00;100,00;92,02;87,30;83,47
22,784;22,228;22,297;22,875;24,058;24,242;100,00;99,60;99,67;93,85;83,37;82,87
22,705;22,228;22,246;23,654;23,532;24,047;100,00;100,00;100,00;86,52;87,00;84,10
22,745;22,23;22,216;23,124;23,302;24,201;100,00;100,00;100,00;90,77;90,92;83,17
22,646;22,236;22,202;22,887;23,143;23,428;100,00;100,00;100,00;91,70;89,42;88,07
22,609;22,181;22,133;22,775;22,877;23,086;100,00;100,00;100,00;92,02;91,25;90,22
22,593;22,133;22,291;22,676;22,678;22,938;100,00;100,00;98,70;93,25;92,15;91,15
22,596;22,14;22,31;22,587;22,868;22,982;100,00;100,00;99,02;94,17;91,25;91,15
22,582;22,056;22,239;22,506;22,603;22,925;100,00;100,00;99,67;95,72;93,07;92,40
22,572;22,048;22,23;22,419;23,076;23,214;100,00;100,00;100,00;96,02;88,50;89,92
22,434;22,048;22,252;22,395;22,631;23,143;100,00;100,00;100,00;95,72;92,77;90,22
22,425;21,962;22,097;22,354;22,572;23,307;100,00;99,90;100,00;96,65;93,37;89,00
22,509;22,018;22,061;22,407;22,814;22,985;100,00;100,00;100,00;95,10;92,77;90,85
22,451;21,968;21,947;22,428;22,679;23,795;100,00;100,00;100,00;95,40;93,67;85,32
22,397;21,997;21,98;22,397;22,591;22,794;100,00;100,00;100,00;95,10;93,07;92,10
22,401;21,88;22,051;22,275;22,416;22,682;100,00;100,00;100,00;96,02;94,00;92,40
22,381;21,932;21,971;22,306;22,327;22,519;100,00;100,00;100,00;95,40;94,30;93,32
22,303;21,859;22,011;22,276;22,294;22,384;100,00;100,00;100,00;96,02;94,30;94,57
22,334;21,858;21,843;22,158;22,291;22,284;100,00;100,00;100,00;96,95;94,60;94,27
22,243;21,758;21,843;22,114;22,193;22,336;100,00;100,00;100,00;95,72;94,30;93,65
22,36;21,859;21,907;22,127;22,219;22,26;100,00;100,00;100,00;95,72;94,30;94,90
22,306;21,739;21,81;21,983;22,027;22,158;100,00;100,00;100,00;98,82;96,45;95,20
22,343;21,829;21,802;21,951;22,078;22,108;100,00;100,00;100,00;97,27;95,52;95,52
22,278;21,683;21,728;21,933;21,913;22,136;100,00;100,00;100,00;98,50;96,75;95,82
22,181;21,695;21,681;21,858;21,914;22,017;100,00;100,00;100,00;97,57;96,75;96,45
22,163;21,588;21,612;21,951;21,819;22,136;100,00;100,00;100,00;97,27;98,30;95,52
22,228;21,627;21,599;21,678;21,739;21,869;100,00;100,00;100,00;99,12;97,67;97,07
22,212;21,626;21,556;21,701;21,746;21,948;100,00;100,00;100,00;99,12;98,60;98,02
22,106;21,661;21,513;21,519;21,858;21,829;100,00;100,00;100,00;100,00;97,37;99,27
22,1;21,579;21,484;21,643;21,844;21,884;100,00;100,00;100,00;100,00;97,07;98,35
22,041;21,627;21,477;21,826;22,008;22,149;100,00;100,00;100,00;97,87;97,67;95,20
22,021;21,532;21,443;21,575;21,813;21,948;100,00;100,00;100,00;100,00;97,37;96,77
22,127;21,49;21,421;21,631;21,773;22,176;100,00;100,00;100,00;100,00;98,30;96,15
22,008;21,418;21,391;21,45;21,709;22,118;100,00;100,00;100,00;100,00;98,30;95,52
22,02;21,391;21,425;21,633;21,704;21,855;100,00;100,00;100,00;100,00;98,00;97,70
22,058;21,449;21,664;21,6;21,927;21,846;100,00;100,00;100,00;99,75;95,52;96,45
21,919;21,373;21,38;21,631;21,569;21,935;100,00;100,00;100,00;99,12;98,60;96,15
21,805;21,306;21,412;21,487;21,594;21,683;100,00;100,00;100,00;99,75;98,60;98,02
21,799;21,254;21,263;21,493;21,425;21,576;100,00;100,00;100,00;100,00;99,85;99,27
21,795;21,176;21,159;21,216;21,25;21,375;100,00;100,00;100,00;100,00;100,00;100,00
21,773;21,213;21,162;21,122;21,234;21,186;100,00;100,00;100,00;100,00;100,00;100,00
21,837;21,165;21,133;21,051;20,971;21,148;100,00;100,00;100,00;100,00;100,00;100,00
21,681;21,124;21,087;21,036;21,029;21,047;100,00;100,00;100,00;100,00;100,00;100,00
21,658;21,01;21,066;20,992;20,968;21,051;100,00;100,00;100,00;100,00;100,00;100,00
21,727;21,167;21,008;20,973;20,905;21,02;100,00;100,00;100,00;100,00;100,00;100,00
21,675;21,039;20,989;20,868;20,879;20,971;100,00;100,00;100,00;100,00;100,00;100,00
21,63;21,038;20,974;20,875;20,89;20,943;100,00;100,00;100,00;100,00;100,00;100,00
21,62;21,093;20,971;20,835;20,811;20,823;100,00;100,00;100,00;100,00;100,00;100,00
21,599;21,063;20,94;20,853;20,804;21,004;100,00;100,00;100,00;100,00;100,00;100,00
21,606;21,017;20,899;20,829;20,838;20,902;100,00;100,00;100,00;100,00;100,00;100,00
21,614;20,885;20,885;20,866;20,857;20,832;100,00;100,00;100,00;100,00;100,00;100,00
21,557;20,875;20,844;20,835;20,999;20,916;100,00;100,00;100,00;100,00;100,00;100,00
21,568;20,851;20,838;20,813;21,03;20,913;100,00;100,00;100,00;100,00;100,00;100,00
21,504;20,896;20,876;20,816;20,722;20,859;100,00;100,00;100,00;100,00;100,00;100,00
21,658;20,989;20,882;20,771;20,755;20,789;100,00;100,00;100,00;100,00;100,00;100,00
21,651;20,952;20,833;20,792;20,93;20,745;100,00;100,00;100,00;100,00;100,00;100,00
21,651;20,891;20,847;20,831;20,737;20,811;100,00;100,00;100,00;100,00;100,00;100,00
21,434;20,799;20,731;20,746;20,622;20,751;100,00;100,00;100,00;100,00;100,00;100,00
21,29;20,751;20,678;20,592;20,552;20,644;100,00;100,00;100,00;100,00;100,00;100,00
21,385;20,722;20,672;20,527;20,473;20,507;100,00;100,00;100,00;100,00;100,00;100,00
21,269;20,663;20,671;20,498;20,458;20,477;100,00;100,00;100,00;100,00;100,00;100,00
21,333;20,68;20,649;20,493;20,478;20,456;100,00;100,00;100,00;100,00;100,00;100,00
21,389;20,643;20,613;20,496;20,394;20,452;100,00;100,00;100,00;100,00;100,00;100,00
21,395;20,749;20,617;20,47;20,422;20,443;100,00;100,00;100,00;100,00;100,00;100,00
21,297;20,669;20,61;20,471;20,356;20,394;100,00;100,00;100,00;100,00;100,00;100,00
21,296;20,844;20,659;20,412;20,434;20,452;100,00;100,00;100,00;100,00;100,00;100,00
21,361;20,761;20,638;20,594;20,569;20,613;100,00;100,00;100,00;100,00;100,00;100,00
21,428;20,779;20,638;20,609;20,665;20,838;100,00;100,00;100,00;100,00;100,00;100,00
21,446;20,739;20,656;20,594;20,702;20,718;100,00;100,00;100,00;100,00;100,00;100,00
21,391;20,842;20,78;20,612;21,011;20,884;100,00;100,00;100,00;100,00;100,00;100,00
21,413;20,669;20,705;20,686;20,696;20,774;100,00;100,00;100,00;100,00;100,00;100,00
21,438;20,765;20,709;20,691;20,754;20,762;100,00;100,00;100,00;100,00;100,00;100,00
21,413;20,712;20,703;20,684;20,78;20,767;100,00;100,00;100,00;100,00;100,00;100,00
21,428;20,862;20,683;20,792;20,773;20,845;100,00;100,00;100,00;100,00;100,00;100,00
21,333;20,688;20,641;20,687;20,684;20,808;100,00;100,00;100,00;100,00;100,00;100,00
21,296;20,623;20,647;20,66;20,657;20,786;100,00;100,00;100,00;100,00;100,00;100,00
21,183;20,532;20,521;20,555;20,474;20,631;100,00;100,00;100,00;100,00;100,00;100,00
21,334;20,626;20,564;20,489;20,495;20,613;100,00;100,00;100,00;100,00;100,00;100,00
21,326;20,646;20,549;20,455;20,443;20,696;100,00;100,00;100,00;100,00;100,00;100,00
21,283;20,606;20,606;20,467;20,47;20,541;100,00;100,00;100,00;100,00;100,00;100,00
21,385;20,694;20,626;20,542;20,601;20,554;100,00;100,00;100,00;100,00;100,00;100,00
21,386;20,714;20,754;20,563;20,702;20,737;100,00;100,00;100,00;100,00;100,00;100,00
21,452;20,93;20,853;20,722;20,822;20,765;100,00;100,00;100,00;100,00;100,00;100,00
21,52;21,036;20,959;20,802;20,988;21,306;100,00;100,00;100,00;100,00;100,00;100,00
21,554;21,112;21,108;21,09;21,122;21,149;100,00;100,00;100,00;100,00;100,00;100,00
21,676;21,199;21,161;21,214;21,28;21,465;100,00;100,00;100,00;100,00;100,00;100,00
21,782;21,318;21,232;21,314;21,339;21,584;100,00;100,00;100,00;100,00;100,00;99,92
21,792;21,352;21,352;21,336;21,415;21,759;100,00;100,00;100,00;100,00;100,00;99,27
21,715;21,446;21,425;21,412;22;22,431;100,00;100,00;100,00;100,00;97,37;93,32
21,807;21,572;22,051;21,753;23,016;23,014;100,00;100,00;100,00;97,87;87,30;88,07
21,898;21,576;22,196;22,82;23,239;23,307;100,00;100,00;99,67;89,87;86,10;86,22
21,938;21,779;22,985;23,298;23,418;23,471;100,00;99,90;93,30;86,52;84,87;85,00
22,048;21,924;22,851;23,394;23,437;23,459;100,00;100,00;96,80;85,90;84,87;85,32
22,039;21,978;22,521;23,115;23,373;23,52;100,00;100,00;97,75;88,65;85,80;85,32
22,106;22,117;22,412;23,425;23,627;23,71;100,00;100,00;99,02;85,90;83,97;83,80
22,222;22,194;23,041;23,209;23,615;23,637;100,00;99,60;94,57;88,35;84,57;84,70
22,33;22,315;22,97;23,377;23,936;23,987;100,00;97,20;92,05;91,40;82,50;82,57
22,445;22,775;24,031;23,896;24,02;24,071;99,82;91,82;83,92;83,20;82,20;82,27
22,691;23,622;24,203;24,233;24,138;24,369;96,70;85,95;83,92;82,27;82,20;80,75
22,756;23,535;24,265;24,239;24,34;24,419;96,70;88,30;83,62;82,57;80,70;80,45
23,082;24,064;24,653;24,516;24,553;24,713;94,22;83,62;80,85;79,87;79,20;78,35
23,269;24,358;24,885;24,734;24,772;24,931;92,67;81,87;78,70;78,70;78,32;77,15
23,492;24,669;25,151;25,015;25,072;25,17;92,07;80,42;77,77;77,50;76,85;76,85
23,556;25,138;25,215;25,355;25,461;25,497;92,37;78,42;79,32;76,30;75,37;75,05
23,531;24,805;25,191;25,728;25,771;26,532;94,52;79,85;79,32;76,00;74,50;71,47
23,631;25,209;25,276;25,882;26,829;28,234;91,45;79,27;80,22;75,42;73,90;67,35
23,794;25,421;25,421;26,399;27,428;30,133;90,52;78,42;79,62;74,22;72,72;59,22
23,889;25,473;25,586;27,191;28,262;30,397;91,45;78,70;77,17;72,75;69,25;57,52
23,899;25,509;25,752;29,609;27,562;31,734;90,82;77,85;76,57;66,02;68,95;51,85
24,094;25,616;28,046;28,409;26,9;29,387;89,30;77,27;67,25;67,77;70,70;58,37
24,129;25,858;28,444;29,999;28,697;31,884;89,92;76,97;65,77;64,00;64,62;50,73
24,263;27,481;27,794;30,06;29,382;32,072;89,00;69,90;69,02;60,27;62,32;51,00
24,237;30,41;26,996;30,36;28,974;31,832;89,60;60,72;71,12;59,12;64,35;52,97
24,354;32,356;27,132;31,328;29,235;32,192;88,70;51,78;70,52;58,55;61,47;54,10
24,431;32,697;27,917;30,197;29,488;31,977;88,07;50,43;68,45;59,40;62,62;54,67
24,761;30,794;28,738;31,258;29,327;33,028;87,77;58,80;66,65;59,40;66,35;51,58
25,465;28,799;29,176;30,686;29,996;32,412;84,72;65,42;66,35;62,55;62,05;56,67
25,755;27,895;29,824;31,052;29,717;32,272;86,85;71,30;64,27;63,42;60,92;55,25
26,226;29,696;29,935;31,994;30,117;32,015;84,12;62,37;63,10;58,27;62,90;56,67
27,334;31,151;30,335;31,739;29,779;31,433;79,90;58,25;63,40;58,55;60,62;54,40
28,259;29,514;30,495;31,188;29,876;31,009;79,90;67,10;62,22;62,55;62,90;56,37
27,4;29,474;30,494;31,614;29,789;30,951;82,62;66,25;63,70;57,42;62,62;57,80
26,684;30,743;30,168;31,051;30,106;30,354;84,12;62,10;64,87;62,27;62,05;60,10
26,29;32,161;30,498;31,164;30,106;30,268;86,85;57,97;60,17;61,97;63,77;57,80
26,696;32,022;30,425;31,052;30,486;30,928;85,65;60,17;61,92;61,12;60,62;60,37
27,428;32,481;30,044;31,174;30,793;30,514;85,02;59,90;67,25;59,70;58,92;59,52
29,711;31,529;29,962;31,022;30,534;31,373;77,80;65,70;70,22;61,12;58,65;57,52
30,276;31,997;30,51;30,814;30,714;31,041;76,92;60,72;61,35;61,12;58,07;57,80
34,17;31,711;30,319;30,773;30,856;30,572;66,02;60,45;64,27;61,40;60,35;59,80
35,159;33,023;30,674;30,878;30,96;31,542;64,00;59,90;64,27;60,55;59,77;59,52
35,631;31,149;29,961;30,72;30,986;30,839;61,67;66,52;70,52;62,85;60,92;61,55
35,578;32,018;31,027;31,111;30,582;31,29;61,40;68,77;61,92;59,97;61,47;58,67
36,699;32,005;31,409;31,363;31,619;31,365;60,52;64,87;62,80;61,12;58,65;59,52
36,596;33,882;30,936;31,638;31,529;32,007;59,95;58,52;67,55;59,40;59,77;57,52
36,362;32,628;30,785;31,511;31,578;31,773;60,82;67,65;62,80;61,40;58,92;58,10
36,211;32,307;30,947;31,264;32,013;31,25;61,67;64,02;64,00;61,70;57,52;59,22
35,94;32,346;31,308;31,498;31,873;31,49;61,97;59,07;61,05;60,27;58,65;59,22
36,539;32,838;31,43;31,641;31,84;31,768;62,25;58,52;61,05;57,97;58,07;57,52
37,035;32,064;31,723;32,067;32,058;31,878;59,95;57,72;58,42;57,42;57,22;57,22
35,504;31,24;31,602;31,894;32,061;31,609;64,85;59,90;59,00;58,55;56,95;58,10
36,582;31,104;31,256;31,783;32,47;31,527;61,10;60,45;61,65;57,42;55,82;58,10
36,486;31,101;31,976;32,126;33,089;32,241;61,67;62,37;59,00;56,85;54,42;56,37
35,317;31,219;32,694;32,354;32,595;32,281;63,70;60,72;56,67;57,12;55,27;56,37
33,646;30,981;32,733;32,313;32,947;32,57;66,90;65,97;56,10;56,55;54,15;56,37
32,146;31,064;32,281;32,598;32,877;32,717;71,57;66,25;55,25;55,42;53,60;57,22
30,978;31,646;32,684;32,596;33,231;32,304;77,50;57,72;55,25;55,15;53,32;55,25
30,388;31,739;33,224;33,028;33,487;33,04;79,30;61,82;53,22;55,15;53,87;54,10
30,178;31,966;33,597;32,922;33,404;33,066;81,10;60,72;50,65;53,45;51,65;52,97
30,478;32,626;34,045;32,973;34,263;33,106;77,20;55,00;47,53;52,33;48,33;52,70
31,71;32,793;35,544;33,746;33,424;32,9;69,22;52,85;46,13;50,93;51,38;53,25
32,105;32,897;34,492;33,829;33,616;33,99;73,95;56,07;49,23;52,90;51,38;55,52
31,518;33,002;34,283;33,546;34,274;33,182;77,20;55,00;48,95;52,90;49,43;51,58
31,009;32,962;34,344;33,552;33,993;33,536;75,42;51,78;49,80;50,65;49,70;51,00
30,511;32,583;33,936;33,939;34,035;33,232;80,50;53,65;50,08;51,20;50,53;51,58
30,197;32,366;34,008;33,823;33,541;33,708;82,30;55,27;51,23;51,48;51,65;49,88
30,563;32,593;34,406;34,555;34,279;34,028;74,52;51,78;47,83;48,43;48,60;48,78
30,715;33,211;35,312;34,337;34,049;34,163;76,32;52,57;46,40;49,25;51,10;49,33
30,312;32,453;35,906;34,29;35,394;33,867;80,80;53,92;44,73;48,43;45,58;47,10
30,316;32,516;35,54;34,283;35,183;33,71;80,50;56,90;44,15;48,70;47,23;49,33
30,066;32,867;33,919;34,614;35,125;34,448;81,40;55,27;51,80;47,58;46,40;49,05
29,899;33,098;35,03;34,791;35,583;34,246;82,62;51,50;45,55;47,85;44,23;47,10
30,061;32,992;35,499;36,024;34,932;34,455;78,70;58,25;47,25;44,28;47,23;46,83
30,2;32,899;33,961;36,388;34,762;34,868;79,60;55,00;50,38;43,73;47,23;46,25
29,891;32,849;34,225;35,035;35,139;34,435;81,70;57,17;46,13;43,73;42,88;46,55
29,863;32,626;33,372;36,801;35,139;34,895;83,22;60,72;52,38;39,63;45,85;45,15
30,263;33,34;34,447;35,374;36,284;34,372;74,25;46,98;46,68;40,70;41,50;44,60
29,514;32,123;34,134;35,308;34,698;34,175;84,12;56,90;45,00;47,85;43,68;45,70
29,596;32,218;33,606;34,745;34,693;34,249;79,30;59,35;46,68;44,55;43,68;44,05
29,479;32,2;33,834;34,394;34,801;34,355;83,52;58,25;50,08;44,28;45,05;45,43
29,571;32,519;33,733;34,344;35,202;34,408;82,00;55,55;48,68;45,65;40,15;42,95
29,652;32,425;34,064;34,621;35,387;34,452;82,30;54,45;46,40;45,93;41,25;43,50
29,46;32,241;33,638;34,613;35,206;34,827;84,42;59,35;48,68;46,75;42,05;41,85
29,331;31,752;33,643;34,834;35,274;34,74;83,82;59,07;50,38;45,38;40,98;43,50
29,528;32,223;33,551;34,982;35,48;35,105;85,35;61,82;54,10;40,98;42,33;41,03
29,523;32,102;33,656;34,47;35,614;34,562;82,30;62,10;57,27;47,85;40,43;41,85
29,392;32,061;34,129;35,117;35,635;35,074;84,72;61,55;49,23;46,48;38,55;41,58
29,522;32,369;34,401;35,526;35,459;35,183;83,82;60,45;53,22;41,80;39,63;40,23
29,401;31,768;33,251;34,453;34,76;34,669;84,72;62,37;55,25;48,70;41,50;41,03
29,29;31,775;32,399;34,589;35,108;34,579;85,35;63,20;64,87;45,93;42,33;44,33
28,917;31,443;32,709;34,017;35,511;34,464;85,95;68,20;66,05;48,98;42,05;42,95
28,971;31,339;32,023;34,357;34,699;35,25;88,37;71,30;70,22;51,48;53,60;47,38
28,757;30,667;31,804;33,409;34,888;34,33;87,77;66,80;61,65;55,42;52,20;51,58
28,755;31,012;31,726;33,763;34,523;34,581;88,70;70,45;62,80;54,30;54,70;49,33
28,709;30,762;31,638;33,532;34,905;34,315;88,37;69,05;68,72;54,30;51,93;50,18
28,486;30,3;31,073;33,447;33,016;34,087;89,60;73,57;70,22;60,27;57,80;54,67
28,311;29,891;30,839;32,588;33,461;33,394;89,30;76,42;72,62;59,70;54,42;54,10
28,242;29,704;30,352;32,264;32,259;33,103;91,45;76,97;75,65;64,57;62,32;58,95
28,042;29,531;30,42;31,888;32,494;32,626;91,45;76,70;73,22;64,00;60,35;61,25
27,883;29,366;30,021;31,912;32,366;32,748;92,07;78,70;75,35;66,32;63,47;58,95
27,761;29,083;29,706;31,295;31,68;32,254;92,07;77,27;74,75;68,07;63,20;65,02
27,764;29,045;29,883;31,224;32,146;32,156;92,37;80,72;76,27;68,07;62,05;63,85
27,724;29,092;29,934;30,822;31,948;32,223;93,00;78,42;76,57;71,00;67,50;63,27
27,63;29,012;29,805;31,035;31,755;32,079;93,30;80,72;76,87;70,70;68,37;64,45
27,563;28,851;29,645;30,769;31,386;31,861;93,60;81,60;76,87;71,00;66,62;63,57
27,529;28,73;29,323;30,558;30,914;31,445;93,92;80,72;79,32;72,45;71,57;69,70
27,433;28,489;29,034;30,176;30,616;31,049;93,92;82,75;79,32;74,82;70,70;69,40
27,341;28,281;28,883;30,007;30,378;30,765;94,52;82,75;82,37;74,22;72,72;71,77
27,245;28,211;28,768;29,883;30,133;30,728;95,15;85,65;83,00;76,90;71,57;69,70
27,16;28,039;28,7;29,746;30,042;30,384;94,85;86,25;83,00;74,22;74,50;71,17
27,124;27,953;28,518;29,583;29,746;30,098;95,15;86,25;83,62;78,40;78,32;74,15
27,044;27,73;28,279;29,36;29,725;30,172;95,47;86,25;84,85;76,30;74,50;71,77
27,047;27,781;28,181;29,257;29,596;29,991;95,77;85,65;85,80;80,17;78,02;71,17
26,937;27,587;27,996;28,839;28,939;29,734;96,07;87,12;86,72;81,07;81,60;77,15
26,801;27,526;27,914;28,482;28,87;29,533;96,40;88,87;87,65;83,80;77,42;74,75
26,75;27,405;27,77;28,598;28,72;28,99;97,02;89,77;89,22;80,17;78,02;77,45
26,724;27,169;27,59;28,559;28,667;29,088;97,02;89,77;89,52;79,87;77,42;76,25
26,695;27,2;27,773;28,411;28,772;28,839;97,65;90,95;86,72;80,17;77,15;76,85
26,635;27,197;27,498;28,435;28,431;28,955;97,32;89,17;87,97;80,47;78,62;75,95
26,618;27,157;27,403;28,323;28,444;28,749;97,65;90,05;89,22;79,27;78,02;76,55
26,602;26,979;27,251;28,117;28,192;28,541;98,27;90,65;90,15;80,77;80,70;78,05
26,492;26,871;27,152;27,775;27,954;28,29;98,27;92,72;89,85;84,10;81,30;79,85
26,416;26,784;26,892;27,781;27,906;28,067;98,57;91,55;91,42;82,27;79,80;79,85
26,435;26,663;26,769;27,403;27,68;27,931;99,20;92,42;93,00;87,72;82,77;80,45
26,315;26,508;26,703;27,093;27,189;27,532;99,20;92,72;92,35;87,12;85,80;86,55
26,195;26,322;26,55;26,815;27,11;27,306;98,90;93,02;93,62;89,25;86,10;84,70
26,014;26,269;26,338;26,672;26,968;27,239;99,20;93,02;94,57;89,87;84,27;85,00
25,948;26,034;26,149;26,521;26,632;27,055;99,52;94,20;94,87;89,25;87,60;84,70
25,875;25,905;25,994;26,299;26,696;26,832;99,82;96,30;95,20;89,87;83,37;83,80
25,745;25,766;25,806;26,097;26,355;26,781;99,52;93,92;95,52;93,55;85,47;84,40
25,629;25,604;25,69;26,312;26,422;26,733;99,82;95,10;95,52;84,70;84,27;82,57
25,603;25,546;25,627;26,131;26,438;26,63;100,00;94,50;94,25;86,22;83,67;83,47
25,514;25,453;25,491;26,309;26,467;26,478;99,52;95,70;94,25;85,60;82,77;84,40
25,419;25,27;25,372;25,979;26,155;26,407;99,20;95,40;96,80;90,47;84,27;83,17
25,334;25,246;25,299;25,914;26,147;26,275;99,20;96,30;97,10;87,42;84,57;84,10
25,336;25,208;25,418;25,996;26,012;26,349;99,82;96,60;93,62;85,90;86,40;82,27
25,246;25,256;25,519;26,029;26,229;26,062;97,95;93,02;93,30;85,90;82,77;85,62
25,186;25,132;25,284;25,922;25,887;26,215;97,65;93,32;93,92;86,52;85,47;83,17
25,188;25,11;25,375;25,755;25,743;25,919;98,57;94,80;91,10;87,12;87,30;86,55
25,182;25,072;25,505;25,792;25,83;25,78;99,52;95,40;91,10;86,52;84,87;86,85
25,107;25,138;25,263;25,74;25,879;25,965;98,57;93,02;93,30;87,72;84,57;85,62
25,106;25,088;25,314;25,826;25,529;25,826;99,52;93,92;92,05;86,52;87,90;86,55
25,113;25,167;25,4;25,613;25,638;25,656;99,20;92,72;92,67;88,05;87,00;88,07
25,083;25,066;25,231;25,593;25,464;25,748;98,90;95,40;93,30;87,72;88,80;86,85
25,057;24,901;25,206;25,432;25,583;25,48;100,00;96,90;93,30;89,87;87,00;89,62
24,984;24,977;25,282;25,357;25,305;25,421;99,20;93,62;92,35;89,57;89,10;89,92
24,986;25,08;25,307;25,362;25,343;25,713;98,57;92,72;92,05;89,25;88,50;86,22
24,96;25,048;25,343;25,197;25,304;25,272;98,27;92,42;91,42;90,47;89,72;90,55
24,933;24,986;25,199;25,377;25,502;25,508;98,90;93,02;92,67;88,95;87,90;88,37
24,899;24,911;25,126;25,357;25,603;25,827;98,90;93,32;93,30;88,65;86,40;85,62
24,89;24,882;25,028;25,479;25,331;25,461;99,20;93,92;94,57;87,72;88,50;88,70
24,872;24,775;24,854;25,237;25,381;25,462;99,52;95,70;94,87;89,57;87,60;88,37
24,81;24,699;24,914;25,085;24,948;25,234;99,52;94,50;93,30;90,47;90,92;89,30
24,799;24,776;25,06;24,963;24,952;25,013;98,57;93,62;92,35;91,70;90,02;91,47
24,782;24,791;24,905;25,112;25,255;25,232;99,52;93,62;93,92;89,25;88,20;89,30
24,716;24,649;24,823;25,072;24,992;25,307;99,20;95,40;93,62;89,57;90,32;88,70
24,7;24,647;24,841;24,923;24,94;25,066;99,52;95,40;93,62;90,77;90,32;89,30
24,67;24,644;24,825;24,788;25,109;24,899;99,52;94,20;94,25;92,02;87,60;91,47
24,646;24,552;24,67;24,911;24,664;24,933;99,52;95,40;95,82;90,77;92,77;91,47
24,637;24,556;24,719;24,726;24,773;24,817;99,52;94,80;94,57;92,32;90,62;91,15
24,596;24,51;24,75;24,62;24,647;24,669;99,20;96,30;93,92;92,62;92,45;92,40
24,563;24,516;24,711;24,643;24,664;24,691;99,20;95,10;93,92;92,92;92,15;91,77
24,54;24,464;24,529;24,613;24,47;24,878;99,82;95,10;96,15;92,62;93,37;89,62
24,526;24,407;24,669;24,505;24,634;24,599;99,20;95,40;93,00;93,25;90,92;92,40
24,507;24,458;24,632;24,706;24,655;24,688;99,52;94,50;94,25;91,10;90,92;91,15
24,469;24,323;24,46;24,585;25,193;25,027;100,00;96,00;95,20;91,40;85,17;87,45
24,451;24,271;24,354;24,523;24,563;24,893;100,00;96,60;95,82;92,62;91,55;89,30
24,423;24,259;24,448;24,481;24,572;24,887;100,00;95,70;94,57;92,32;90,92;89,00
24,405;24,236;24,331;24,55;24,606;24,775;100,00;96,90;95,20;91,40;90,92;89,62
24,384;24,228;24,379;24,5;24,47;24,722;100,00;95,70;94,87;92,02;91,25;90,22
24,348;24,203;24,301;24,417;24,382;24,538;99,52;95,70;95,20;92,32;91,85;91,77
24,29;24,177;24,32;24,31;24,281;24,448;99,52;96,00;95,52;93,25;92,15;92,40
24,262;24,082;24,141;24,36;24,399;24,366;100,00;98,40;97,42;92,02;90,92;92,10
24,262;24;24,04;24,313;24,225;24,419;100,00;98,40;97,42;92,62;92,45;91,77
24,215;23,951;24,046;24,108;24,197;24,236;100,00;98,10;97,10;94,77;92,45;93,32
24,203;23,993;24,077;24,298;24,373;24,508;100,00;96,90;97,75;92,32;91,25;91,15
24,135;23,955;23,878;24,336;24,106;24,431;100,00;97,80;100,00;91,70;93,07;91,47
24,097;23,851;23,803;24,023;24,07;24,189;100,00;99,00;99,02;94,17;93,37;93,02
24,058;23,801;23,949;23,833;23,999;24,056;100,00;99,60;96,15;96,02;93,07;93,65
23,963;23,657;23,699;24,035;23,86;24,037;100,00;99,60;100,00;93,55;95,22;93,65
23,896;23,573;23,582;23,544;23,874;23,901;100,00;100,00;100,00;98,82;93,67;94,27
23,957;23,597;23,717;23,771;23,8;23,896;100,00;99,60;98,07;95,40;94,60;94,27
23,984;23,651;23,716;23,866;23,848;23,922;100,00;99,30;99,97;94,17;94,00;93,95
23,907;23,61;23,731;23,809;23,785;23,862;100,00;99,30;97,75;95,10;94,30;94,27
23,933;23,538;23,523;23,811;23,749;23,765;100,00;100,00;100,00;94,47;94,00;94,90
23,922;23,51;23,553;23,704;23,779;23,808;100,00;100,00;98,70;94,77;93,67;94,27
23,856;23,508;23,607;23,914;23,72;24,2;100,00;99,30;99,02;93,25;94,60;91,77
23,839;23,525;23,52;23,657;23,645;23,77;100,00;99,60;99,02;95,40;94,30;94,57
23,817;23,505;23,526;23,583;23,768;23,686;100,00;99,00;98,70;95,10;92,77;94,57
23,768;23,436;23,364;23,57;23,704;23,836;100,00;99,30;100,00;95,10;93,07;93,02
23,684;23,38;23,326;23,555;23,576;23,622;100,00;100,00;100,00;95,10;94,30;94,90
23,594;23,311;23,332;23,349;23,427;23,532;100,00;100,00;100,00;97,57;94,90;95,20
23,643;23,284;23,238;23,457;23,616;23,744;100,00;99,60;100,00;95,72;94,60;93,32
23,595;23,197;23,221;23,251;23,466;23,565;100,00;100,00;100,00;96,95;95,22;95,20
23,636;23,271;23,292;23,496;23,553;23,571;100,00;100,00;100,00;95,10;94,30;94,90
23,541;23,227;23,323;23,483;23,532;23,658;100,00;100,00;98,07;95,10;94,00;93,95
23,371;22,996;23,073;23,49;23,337;23,495;100,00;99,90;100,00;94,77;95,52;94,90
23,457;23,001;23,032;23,169;23,31;23,52;100,00;100,00;100,00;96,95;95,22;94,27
23,447;23,088;23,008;23,346;23,401;23,492;100,00;100,00;100,00;95,72;94,60;94,57
23,477;23,052;22,974;23,299;23,349;23,493;100,00;100,00;100,00;96,65;95,22;94,90
23,468;23,04;23,061;23,302;23,371;23,427;100,00;100,00;100,00;96,02;94,60;95,20
23,492;23,091;23,035;23,28;23,418;23,517;100,00;100,00;100,00;96,02;94,00;93,95
23,416;22,993;22,904;23,283;23,248;23,433;100,00;100,00;100,00;95,72;95,52;94,90
23,272;22,794;22,925;23,047;23,113;23,22;100,00;100,00;100,00;98,20;96,15;96,45
23,329;22,902;22,841;23,208;23,307;23,304;100,00;100,00;100,00;96,32;94,60;95,52
23,262;22,841;22,995;23,038;23,134;23,271;100,00;100,00;100,00;99,12;96,15;95,82
23,322;22,862;22,895;23,113;23,137;23,247;100,00;100,00;100,00;98,20;97,37;95,82
23,302;22,902;22,955;22,856;23,053;23,125;100,00;100,00;100,00;98,82;97,07;97,07
23,332;22,902;22,814;23,02;23,179;23,172;100,00;100,00;100,00;98,20;95,82;96,77
23,179;22,739;22,714;23,01;22,899;23,175;100,00;100,00;100,00;99,45;98,92;97,40
23,235;22,754;22,856;22,736;22,952;23,016;100,00;100,00;100,00;100,00;97,37;97,70
23,193;22,773;22,886;23,028;23,091;23,097;100,00;100,00;100,00;97,57;96,15;96,77
23,247;22,832;22,796;23,115;23,25;23,344;100,00;100,00;100,00;96,65;95,52;94,90
23,191;22,794;22,717;22,971;23,109;23,612;100,00;100,00;100,00;98,82;96,45;93,95
23,215;22,814;22,753;23,038;23,14;23,274;100,00;100,00;100,00;97,57;95,82;95,52
23,274;22,815;22,757;23,206;23,307;23,332;100,00;100,00;100,00;95,40;94,30;94,90
23,211;22,817;22,806;23,088;23,092;23,142;100,00;100,00;100,00;96,32;95,52;96,15
23,217;22,89;22,898;23,044;23,055;23,017;100,00;100,00;100,00;96,65;95,52;96,77
23,229;22,874;22,826;23,055;23,046;23,124;100,00;100,00;100,00;96,32;96,15;95,82
23,191;22,814;22,729;22,923;23,044;22,995;100,00;100,00;100,00;97,27;95,52;96,77
23,169;22,729;22,748;22,77;22,907;23,007;100,00;100,00;100,00;98,50;97,07;96,45
23,169;22,73;22,738;22,904;23,175;23,262;100,00;100,00;100,00;97,27;94,60;94,27
23,187;22,767;22,709;22,971;23,823;23,878;100,00;100,00;100,00;96,95;89,42;89,92
23,134;22,742;22,675;22,934;23,11;23,753;100,00;100,00;100,00;97,57;95,22;91,47
23,013;22,636;22,643;23,026;23,095;23,477;100,00;100,00;100,00;96,02;94,60;92,40
23,061;22,699;22,64;22,824;23,46;23,259;100,00;100,00;100,00;98,20;91,25;94,27
23,151;22,691;22,64;23,028;24,144;24,094;100,00;100,00;100,00;96,02;87,00;88,37
23,106;22,703;22,778;23,223;23,322;23,447;100,00;100,00;99,97;94,77;93,37;93,65
23,056;22,763;22,836;23,329;23,615;23,475;100,00;100,00;100,00;93,85;90,62;92,70
23,091;22,676;22,753;23,022;23,11;23,328;100,00;100,00;100,00;96,32;94,60;93,95
23,106;22,602;22,69;23,558;23,343;23,857;100,00;100,00;100,00;91,70;93,67;89,92
23,031;22,609;22,588;22,976;23,062;24,011;100,00;100,00;100,00;96,65;95,82;88,37
23,004;22,525;22,612;22,938;23,017;23,817;100,00;100,00;100,00;96,65;95,82;89,30
22,956;22,546;22,625;22,856;22,818;23,304;100,00;100,00;100,00;96,02;97,67;93,32
22,949;22,585;22,633;22,845;22,86;22,998;100,00;100,00;100,00;96,65;96,15;95,20
22,922;22,479;22,513;22,679;22,899;22,904;100,00;100,00;100,00;98,20;95,82;96,15
22,82;22,366;22,458;22,735;22,703;22,89;100,00;100,00;100,00;97,27;97,07;95,82
22,851;22,255;22,506;22,676;22,533;22,756;100,00;100,00;100,00;97,57;98,60;97,07
22,914;22,476;22,627;22,536;22,631;22,579;100,00;99,90;100,00;98,82;97,67;98,35
22,856;22,51;22,504;22,597;22,676;22,696;100,00;100,00;100,00;98,82;97,67;97,70
22,868;22,384;22,407;22,476;22,488;22,602;100,00;100,00;100,00;100,00;98,60;98,35
22,841;22,424;22,361;22,364;22,434;22,478;100,00;100,00;100,00;100,00;98,60;99,27
22,839;22,389;22,29;22,354;22,379;22,461;100,00;100,00;100,00;100,00;98,92;98,97
22,803;22,3;22,263;22,348;22,319;22,421;100,00;100,00;100,00;100,00;99,85;99,60
22,884;22,298;22,245;22,285;22,275;22,419;100,00;100,00;100,00;100,00;100,00;99,60
22,791;22,202;22,21;22,242;22,213;22,307;100,00;100,00;100,00;100,00;100,00;100,00
22,769;22,243;22,212;22,228;22,243;22,316;100,00;100,00;100,00;100,00;100,00;100,00
22,764;22,254;22,157;22,303;22,246;22,397;100,00;100,00;100,00;100,00;100,00;100,00
22,673;22,212;22,213;22,139;22,184;22,255;100,00;100,00;100,00;100,00;100,00;100,00
22,703;22,187;22,172;22,227;22,206;22,334;100,00;100,00;100,00;100,00;100,00;99,60
22,73;22,255;22,129;22,181;22,219;22,303;100,00;100,00;100,00;100,00;100,00;100,00
22,655;22,117;22,094;22,182;22,155;22,304;100,00;100,00;100,00;100,00;100,00;99,92
22,769;22,145;22,064;22,148;22,091;22,26;100,00;100,00;100,00;100,00;100,00;100,00
22,648;22,234;22,039;22,032;22,3;22,228;100,00;100,00;100,00;100,00;99,55;100,00
22,631;22,102;22,03;21,956;22,12;22,203;100,00;100,00;100,00;100,00;100,00;100,00
22,599;22,199;22,126;22,155;22,275;22,285;100,00;100,00;100,00;100,00;99,22;99,92
22,616;22,047;22,03;22,139;22,053;22,273;100,00;100,00;100,00;100,00;100,00;100,00
22,661;22,191;22,057;22,039;22,33;22,213;100,00;100,00;100,00;100,00;98,92;99,92
22,618;22,048;21,98;22,166;22,154;22,521;100,00;100,00;100,00;100,00;100,00;97,40
22,599;22,111;22,044;22,033;22,343;22,327;100,00;100,00;100,00;100,00;98,00;98,97
22,648;22,087;22,099;22,082;22,2;22,31;100,00;100,00;100,00;100,00;99,85;98,65
22,605;22,044;21,99;22,111;22,1;22,294;100,00;100,00;100,00;100,00;100,00;98,97
22,53;22,075;22,076;21,956;22,108;22,151;100,00;100,00;100,00;100,00;99,55;100,00
22,545;21,983;21,944;22,218;22,136;22,363;100,00;100,00;100,00;99,12;100,00;97,70
22,528;22,058;22,157;21,98;22,3;22,166;100,00;100,00;100,00;100,00;96,75;98,65
22,516;21,984;21,991;22,193;22,061;22,137;100,00;100,00;100,00;100,00;99,55;99,92
22,488;21,89;21,863;21,905;21,878;21,96;100,00;100,00;100,00;100,00;100,00;100,00
22,4;21,811;21,85;21,789;21,814;21,823;100,00;100,00;100,00;100,00;100,00;100,00
22,425;21,792;21,841;21,81;21,774;21,813;100,00;100,00;100,00;100,00;100,00;100,00
22,388;21,837;21,794;21,825;21,698;21,756;100,00;100,00;100,00;100,00;100,00;100,00
22,331;21,77;21,753;21,7;21,599;21,721;100,00;100,00;100,00;100,00;100,00;100,00
22,328;21,759;21,794;21,673;21,67;21,658;100,00;100,00;100,00;100,00;100,00;100,00
22,282;21,739;21,785;21,658;21,603;21,597;100,00;100,00;100,00;100,00;100,00;100,00
22,315;21,841;21,911;21,752;21,736;21,74;100,00;100,00;100,00;100,00;100,00;100,00
22,33;21,942;21,933;21,82;21,814;21,844;100,00;100,00;100,00;100,00;100,00;100,00
22,328;21,892;21,852;21,874;21,863;21,907;100,00;100,00;100,00;100,00;100,00;100,00
22,278;21,795;21,81;21,91;21,852;21,929;100,00;100,00;100,00;100,00;100,00;100,00
22,351;21,868;21,852;21,825;21,849;21,865;100,00;100,00;100,00;100,00;100,00;100,00
22,394;21,892;21,933;21,929;21,919;21,932;100,00;100,00;100,00;100,00;100,00;100,00
22,412;21,945;21,938;21,929;21,95;21,84;100,00;100,00;100,00;100,00;100,00;100,00
22,46;22,067;22,155;21,947;22,137;21,991;100,00;100,00;100,00;100,00;100,00;100,00
22,578;22,12;22,199;22,219;22,164;22,413;100,00;100,00;100,00;100,00;100,00;99,60
22,573;22,298;22,263;22,139;22,219;22,524;100,00;100,00;100,00;100,00;100,00;99,60
22,645;22,307;22,23;22,23;22,328;22,7;100,00;100,00;100,00;100,00;100,00;98,97
22,717;22,278;22,327;22,324;22,475;22,772;100,00;100,00;100,00;100,00;99,22;98,02
22,693;22,479;22,464;22,495;22,64;22,829;100,00;100,00;100,00;100,00;97,67;98,02
22,721;22,422;22,391;22,612;22,613;22,836;100,00;100,00;100,00;100,00;99,22;98,35
22,769;22,464;22,527;22,581;22,652;22,92;100,00;100,00;100,00;99,75;99,55;97,70
22,811;22,572;22,527;22,649;22,673;22,908;100,00;100,00;100,00;99,75;99,55;98,35
22,799;22,594;22,608;22,63;22,757;23,028;100,00;100,00;100,00;100,00;99,85;96,77
22,769;22,637;22,736;22,634;22,958;23,314;100,00;100,00;100,00;100,00;95,22;95,82
22,947;22,821;22,908;23,07;23,295;23,631;100,00;100,00;100,00;94,77;93,37;90,55
22,893;22,883;23,505;23,389;23,827;24,181;100,00;100,00;90,77;93,55;86,10;86,22
23,091;23,038;23,343;24,218;24,414;24,472;100,00;99,00;97,75;83,80;83,07;82,27
23,154;23,061;24,062;24,298;24,472;24,55;100,00;99,00;89,52;84,10;82,20;82,57
23,256;23,424;24,363;24,513;24,556;24,694;99,82;91,82;85,17;82,57;81,90;81,35
23,235;23,689;24,761;24,744;24,77;24,793;100,00;89,17;82,07;80,77;80,40;80,45
23,349;24,049;24,945;24,942;24,931;24,958;99,20;86,52;81,45;79,87;79,20;80,75
23,612;24,656;25,168;25,086;25,04;25,22;94,22;82,17;79,62;78,97;79,50;77,75
23,585;24,901;25,291;25,307;25,264;25,54;94,22;81,00;79,32;77,80;78,32;76,25
23,994;25,106;25,578;25,451;25,818;25,598;90,82;79,27;77,17;76,30;75,07;75,95
24,097;25,439;25,87;25,74;25,83;25,98;88,70;77,55;75,35;75,42;74,20;74,15
24,138;25,667;26,017;26,025;26,016;26,67;90,22;75,85;75,05;73,35;72,72;70,00
24,236;25,795;26,158;26,023;26,203;26,67;88,70;75,55;73,55;73,92;72,72;70,30
24,49;25,999;26,318;26,273;26,698;27,875;87,77;74,97;72,32;72,75;70,97;65,30
24,608;26,091;26,475;26,513;27,276;27,512;85,95;74,42;71,72;70,40;69,25;66,47
24,773;26,223;26,433;27,019;27,486;28,018;85,02;73,27;72,02;68,07;68,07;62,97
24,867;26,445;27,096;28,276;27,427;28,24;86,55;71,57;69,02;66,32;67,22;62,70
24,867;26,724;28,543;29,301;27,692;29,213;84,42;71,87;64,27;63,72;66,05;59,80
24,876;26,452;28,394;29,809;28,283;29,723;83,22;71,30;64,87;61,40;65,77;56,95
24,966;28,908;28,125;30,108;28,913;30,736;84,42;62,37;65,77;61,97;63,20;54,67
25,071;31,093;27,82;31,308;29,021;32,353;86,25;55,80;67,85;57,12;62,05;51,28
25,188;32,722;27,923;31,349;29,379;32,028;85,02;51,23;66,65;58,55;60,62;55,25
25,333;32,21;29,081;30,309;30,033;32,719;85,02;50,98;63,10;57,97;58,07;49,05
25,531;31,584;29,727;30,401;29,545;32,559;84,42;55,00;61,05;59,70;58,37;48,20
26,012;29,301;30,175;30,585;30,455;32,331;81,70;62,37;62,80;59,12;60,35;53,25
25,968;27,95;30,433;31,052;30,272;30,872;84,42;69,60;64,27;62,27;62,05;58,95
26,098;28,323;30,688;31,101;30,12;30,109;85,95;71,02;63,70;64,00;65,77;61,55
27,548;29,819;31,198;31,174;30,595;30,996;80,50;64,02;62,22;62,55;59,50;58,37
28,37;30,076;30,348;31,746;29,892;30,972;80,20;65,70;64,87;61,40;61,47;57,22
28,344;30,248;29,906;32,299;30,119;32,228;79,30;64,57;66,05;57,70;66,35;54,40
27,584;30,309;29,719;30,108;29,977;30,914;80,80;63,75;67,85;65,45;60,92;58,67
27,354;29,924;29,357;29,946;29,913;30,749;83,52;65,97;69,62;68,65;64,62;60,37
27,546;30,074;29,48;29,883;29,946;30,457;82,92;66,80;70,22;68,65;67,50;62,12
27,5;30,12;29,395;30,62;29,706;29,989;83,82;68,77;71,12;65,75;69,52;63,27
28,75;29,469;29,59;30,327;30,199;30,357;80,80;71,02;70,22;64,30;63,77;62,70
31,532;30,773;30,044;30,071;30,956;30,079;72,17;66,25;67,25;65,45;60,92;63,85
34,653;30,664;30,696;30,301;30,859;30,931;64,00;70,75;63,40;63,72;61,77;61,55
35,418;31,111;30,25;31,017;30,943;31,321;64,00;68,77;67,25;62,55;62,05;60,67
36,018;32,328;30,891;31,216;30,876;31,752;59,95;66,52;70,52;62,27;62,90;59,80
36,601;32,072;30,433;31,23;31,393;31,886;60,52;69,90;73,22;62,27;61,20;60,97
36,23;32,537;30,551;31,323;31,575;31,636;61,67;65,70;73,85;61,12;60,35;63,27
36,053;31,596;30,378;31,397;31,555;31,526;62,82;63,47;69,62;62,55;60,35;59,80
35,864;32,248;30,96;31,222;31,466;32,064;64,27;65,70;62,52;61,70;60,35;58,95
36,652;32,179;31,255;31,051;31,347;31,503;60,82;62,92;62,80;61,97;62,62;59,22
35,994;32,328;31,289;31,633;31,711;31,141;62,82;67,37;61,92;60,55;60,05;60,37
36,336;32,412;31,357;31,583;31,94;31,623;62,55;64,87;62,22;60,85;60,05;60,10
36,01;31,297;31,229;31,747;32,108;31,425;64,27;62,65;63,40;60,55;58,37;60,10
36,922;30,67;31,545;31,848;32,079;31,83;60,25;68,77;60,47;59,40;57,52;59,22
36,626;30,957;31,853;31,933;32,836;31,609;62,55;64,02;59,87;59,40;55,82;58,95
36,775;31,521;32,162;32,063;32,651;32,02;59,95;61,27;59,00;58,55;56,10;58,67
36,329;31,243;32,299;32,428;33,033;31,961;60,82;62,92;58,12;58,55;54,70;58,37
32,947;31,083;31,938;32,32;32,572;32,417;71,87;62,92;63,70;57,12;57,22;57,22
32,113;31,397;32,438;32,554;33,153;32,435;72,47;62,65;58,72;57,70;56,67;56,67
31,268;31,475;32,773;32,733;33,362;32,816;76,02;62,37;56,97;57,97;54,42;56,37
30,975;32,493;33,461;33,151;33,078;33,231;77,20;67,37;54,37;56,55;56,67;55,80
30,814;32,254;33,521;33,079;33,527;32,905;79,00;61,27;52,08;54,85;54,15;55,80
30,661;32,535;33,591;33,531;33,297;32,851;80,50;56,62;52,95;55,15;55,27;56,67
31,054;32,284;34,214;33,758;33,661;33,37;78,10;62,10;53,22;54,02;52,20;54,40
31,702;33,382;34,518;33,452;34,437;33,187;73,65;54,45;52,38;54,85;51,65;54,95
31,596;32,58;35,54;34,032;33,922;33,975;76,62;55,27;44,15;52,05;48,60;52,70
30,926;32,755;34,555;33,409;33,998;33,521;79,00;52,85;47,83;52,60;46,95;50,73
30,41;32,226;33,584;33,961;33,713;33,425;79,00;56,07;49,53;49,80;49,43;50,73
30,269;31,987;33,683;33,815;33,901;33,512;80,50;54,72;51,23;47,30;49,15;49,05
30,264;32,097;33,772;33,986;33,782;33,479;78,70;57,17;47,83;46,75;46,13;47,65
30,372;32,336;34,708;34,421;34,648;33,772;80,20;52,85;45,00;46,75;45,58;47,65
30,311;32,133;35,55;34,453;34,915;34,042;80,20;56,35;44,15;47,03;45,05;46,55
30,409;32,623;34,428;34,416;34,898;33,708;78,10;52,57;48,68;48,70;45,05;46,25
30,015;31,995;33,586;34,42;34,555;34,075;81,40;58,80;46,40;45,93;46,13;44,60
29,948;31,812;34,416;34,484;34,999;33,87;77,20;57,45;45,00;43,18;41,50;42,95
30,096;32,844;34,789;34,704;34,322;34,003;75,42;50,98;41,38;42,90;43,68;43,50
30,188;32,697;34,096;35,396;34,721;34,486;77,80;53,65;43,60;41,53;40,43;41,58
30,063;32,442;33,899;35,266;34,852;34,586;75,72;51,50;44,73;40,98;41,78;42,40
29,914;32,236;34,081;35,212;35,069;34,415;77,80;57,45;41,10;39,63;37,48;37,78
29,843;32,29;33,435;35,336;35,355;34,339;80,50;56,62;47,53;39,63;40,70;41,85
29,679;32,562;34,059;35,68;34,747;34,173;80,50;51,50;43,60;38,53;41,78;40,75
29,762;32,768;34,247;34,982;35,03;34,684;80,50;50,70;41,65;40,70;39,63;40,23
29,703;32,453;34,054;35,197;35,681;34,709;81,10;58,80;39,43;40,15;38,28;40,48
29,707;32,947;33,854;34,63;36,282;34,679;79,60;51,23;46,13;38,80;37,48;38,30
29,528;32,238;33,656;34,989;35,495;34,771;81,40;56,07;46,13;38,80;35,08;39,13
29,805;32,323;34,224;34,891;35,396;34,776;79,00;52,57;46,98;38,53;36,15;40,23
29,61;32,379;33,362;35,134;34,9;35,026;79,00;57,97;53,52;38,53;41,50;37,50
29,441;31,871;32,892;34,937;35,353;35,206;82,30;62,92;55,82;41,25;39,08;41,85
29,135;31,516;33,906;34,866;35,009;34,769;79,60;60,17;45,85;40,98;38,03;40,48
29,179;31,819;33,614;34,594;35,284;35,356;83,52;61,55;46,68;41,25;38,83;39,95
29,336;31,977;33,524;34,973;35,588;35,293;84,72;59,90;50,95;37,73;38,28;39,40
29,221;31,469;33,083;35,444;35,652;35,521;84,42;65,15;55,82;38,00;39,08;38,85
29,118;31,531;32,937;35,009;35,518;34,754;83,22;61,82;53,22;41,53;38,83;41,03
29,236;31,799;32,514;35,195;35,628;35,266;84,12;67,65;56,67;42,63;44,23;38,05
29,002;31,396;32,148;34,16;35,626;34,999;86,55;62,92;61,35;47,85;45,33;41,58
28,963;31,242;32,809;34,635;36,062;34,96;83,22;62,65;59,00;40,15;39,08;38,58
28,845;31,162;32,43;35,132;37,033;35,195;82,00;67,65;58,12;47,58;39,90;42,13
28,98;31,397;32,507;34,917;36,364;34,789;85,95;67,65;58,12;48,43;39,35;43,50
28,676;30,844;32,056;34,438;36,601;35,47;88,70;61,55;58,42;48,70;45,05;42,95
28,692;30,947;31,845;34,811;36,712;34,486;85,95;62,37;67,55;50,93;41,25;48,20
28,651;31,022;32,01;33,618;35,199;34,3;86,25;64,87;60,47;50,65;46,68;47,38
28,648;30,641;31,495;34,572;35,006;33,718;86,25;66,52;61,35;53,17;50,83;50,73
28,483;30,328;31,697;35,375;34,972;33,991;87,47;66,52;62,80;47,58;49,70;52,13
28,315;30,237;31,177;34,203;35,033;33,696;88,70;67,37;64,87;53,45;46,13;50,45
28,175;29,94;31,036;32,702;35,204;33,056;89,00;68,20;64,27;53,17;49,15;54,10
28,104;29,84;30,978;32,58;34,163;33,159;89,00;71,02;66,05;58,27;51,93;52,70
28,003;29,601;30,849;31,878;35,32;33,267;89,60;71,57;64,27;59,12;51,65;54,40
27,907;29,485;30,67;31,654;34,477;32,968;91,15;67,65;64,00;60,55;51,10;54,67
27,778;29,372;30,532;31,469;32,847;32,929;91,15;68,50;66,35;59,12;55,55;54,67
27,613;28,973;29,951;31,827;32,435;32,829;89,92;78,70;65,47;61,12;56,10;58,67
27,543;28,92;30,044;32,33;31,615;32,692;92,07;73,27;67,55;56,00;62,05;58,37
27,388;28,665;29,902;31,843;31,51;32,386;91,45;75,27;69,92;60,55;62,05;59,22
27,34;28,504;29,539;30,86;31,075;32,328;92,07;75,85;69,62;64,30;64,35;58,10
27,196;28,258;29,243;30,461;30,799;31,829;92,37;79,27;73,55;66,60;66,35;61,82
27,118;27,957;28,527;29,977;30,698;31,565;92,07;79,27;76,27;69,22;67,50;61,55
27,013;27,764;28,56;29,522;30,351;31,198;93,92;83,62;77,77;71,57;67,22;65,02
26,933;27,59;28,289;29,325;29,895;31,054;93,30;82,75;80,55;73,35;68,37;65,30
26,845;27,38;27,959;28,958;29,477;30,703;94,22;84,77;82,70;74,52;70,97;63,85
26,732;27,244;27,622;28,702;29,474;30,167;94,52;84,50;84,55;74,52;69,25;66,47
26,604;26,988;27,378;28,486;29,255;29,711;94,22;87,70;84,25;74,82;71,85;68,22
26,484;26,86;27,161;27,996;28,831;29,453;95,47;88,00;85,17;79,87;74,20;70,30
26,407;26,7;26,914;28,236;28,72;29,108;94,85;86,82;85,47;76,00;70,40;70,00
26,37;26,484;26,783;28,076;28,438;28,774;94,52;86,82;87,65;79,57;72,15;71,17
26,279;26,459;26,587;28,042;28,204;28,48;95,77;88,30;89,52;75,12;73,02;72,07
26,167;26,35;26,492;27,638;27,683;28,45;96,07;90,95;88,27;78,10;76,25;72,67
26,126;26,284;26,824;27,722;27,596;28,112;96,70;90,35;84,25;75,42;76,25;73,85
26,091;26,267;26,715;27,521;27,414;27,789;96,70;88,30;85,47;76,90;77,15;74,75
25,963;26,166;26,968;27,295;27,236;27,542;96,40;88,87;81,77;78,40;78,32;76,55
25,971;26,329;26,886;27,203;27,385;27,428;96,07;86,52;83,30;78,40;75,95;76,55
25,947;26,302;26,67;27,275;27,517;27,422;94,85;86,52;83,00;76,60;74,77;75,95
25,836;26,144;26,649;27,056;27,146;27,445;94,85;84,77;81,45;78,10;76,25;75,95
25,815;26,315;26,596;26,96;26,962;27,16;93,92;83,32;83,00;78,10;77,72;76,55
25,737;26,055;26,221;26,649;26,7;26,929;95,77;87,12;86,10;81,07;78,32;77,75
25,679;25,824;26,33;26,508;26,569;26,69;95,47;86,82;83,00;80,77;79,50;79,85
25,607;25,847;26,421;26,427;26,229;26,467;94,85;85,95;83,00;81,37;82,20;80,75
25,613;25,91;26,229;26,094;26,054;26,223;93,92;85,37;84,25;83,80;83,67;81,65
25,529;25,745;26,091;26,029;26,005;26,269;94,22;87,12;84,55;83,80;82,50;81,65
25,487;25,768;26,054;26,103;26,352;26,246;94,85;86,25;84,25;81,37;77,42;80,15
25,401;25,523;25,83;25,93;25,881;26,299;95,47;87,42;85,47;82,87;82,20;79,55
25,322;25,484;25,815;25,709;25,774;25,798;94,85;87,12;84,85;84,10;82,20;82,57
25,301;25,511;25,798;25,624;25,723;25,705;94,22;85,37;83,92;83,50;81,30;83,17
25,253;25,413;25,558;25,821;25,755;25,963;95,47;87,42;87,02;80,77;81,30;79,55
25,229;25,237;25,355;25,56;25,462;25,865;95,77;89,77;87,97;83,50;83,97;81,65
25,214;25,112;25,307;25,448;25,604;25,558;96,40;90,05;87,97;83,80;81,30;83,17
25,1;24,96;25,176;25,465;25,566;25,679;96,70;93,02;88,60;84,10;81,60;81,97
25,062;24,904;25,002;25,468;25,827;27,038;96,70;91,55;91,42;83,20;80,40;72,07
24,995;24,873;24,93;25,319;25,285;25,618;97,32;93,32;92,67;84,70;83,67;81,35
24,802;24,584;24,611;25,124;25,08;25,31;98,27;93,02;92,67;87,42;87,00;83,80
24,807;24,457;24,975;24,696;25,007;24,972;96,40;94,20;90,15;89,87;83,97;87,45
24,719;24,52;24,75;25,136;25,141;25,467;96,70;93,62;91,72;87,42;83,67;83,80
24,778;24,532;24,934;25,036;25,529;25,426;98,27;93,62;88,60;86,22;81,00;82,27
24,764;24,6;24,713;25,238;25,34;25,606;98,27;92,12;91,72;84,10;81,90;81,35
24,734;24,534;24,887;25,063;25,206;25,397;96,40;92,72;93,00;85,00;82,50;82,57
24,719;24,5;24,538;25,071;25,171;25,395;97,95;91,82;94,57;85,00;83,07;81,35
24,602;24,387;24,46;24,896;24,797;25,072;97,95;95,70;92,67;85,60;85,80;84,40
24,631;24,416;24,84;25,101;25,982;25,505;97,95;89,77;91,42;83,80;75,95;80,45
24,563;24,385;24,904;24,905;25,223;25,237;97,65;94,50;87,02;86,52;82,50;83,17
24,625;24,464;24,766;25,094;24,94;25,109;98,27;93,02;89,22;84,10;84,27;83,80
24,579;24,399;24,637;24,87;24,843;24,875;97,95;93,02;90,47;85,60;84,87;85,32
24,561;24,31;24,513;24,779;24,761;24,998;98,27;93,32;90,47;85,90;85,17;84,70
24,541;24,351;24,473;24,826;24,655;24,866;98,27;93,32;92,67;85,00;86,10;85,00
24,417;24,245;24,428;24,77;25,053;24,863;97,95;93,92;91,42;85,60;82,20;84,70
24,479;24,194;24,32;24,857;24,763;25,109;98,27;93,92;92,05;84,40;84,87;82,87
24,46;24,15;24,272;24,508;24,734;25,282;98,27;94,20;92,05;87,42;84,87;82,57
24,398;24,132;24,39;24,7;24,732;24,922;97,65;93,62;90,15;85,90;85,17;84,10
24,425;24,151;24,333;24,537;24,726;25,142;98,27;93,62;91,10;87,12;84,87;83,17
24,357;24,1;24,257;24,553;24,479;24,734;97,32;94,20;91,72;86,82;87,00;85,62
24,355;24,085;24,266;24,367;24,552;24,508;98,27;93,92;91,42;88,35;86,10;87,77
24,33;24,058;24,254;24,381;24,423;24,508;97,02;93,62;91,72;88,35;87,00;87,45
24,322;24,053;24,098;24,404;24,302;24,588;97,95;95,10;93,92;87,72;87,90;86,22
24,286;23,978;24,067;24,24;24,408;24,488;98,27;94,50;93,30;88,65;87,30;87,15
24,254;23,937;24,124;24,466;24,585;24,788;98,27;94,80;91,42;87,12;85,80;84,70
24,216;23,936;24,074;24,773;25,024;25,247;98,57;94,50;93,30;84,70;82,20;81,97
24,162;23,895;23,996;24,446;25,288;25,607;98,90;93,92;93,62;88,35;81,60;80,75
24,157;23,829;23,871;24,613;25,468;25,606;98,90;95,40;96,15;87,42;81,00;81,05
24,046;23,728;23,776;24,399;24,529;25,06;99,20;96,00;95,20;87,12;85,80;84,10
24,082;23,723;23,792;24,278;24,537;24,716;99,20;96,30;95,52;88,35;86,40;85,00
24,034;23,696;23,744;24,423;24,479;25,534;99,52;96,60;94,87;88,65;86,70;81,05
24,058;23,675;23,737;24,333;24,311;25,086;98,90;96,60;95,20;87,42;87,60;83,17
24,006;23,657;23,725;24,231;24,234;24,496;99,52;96,00;94,87;88,05;87,00;86,85
23,963;23,643;23,61;24,123;25,048;24,807;100,00;96,30;96,80;88,95;82,20;84,40
23,899;23,565;23,592;24,234;24,405;25,11;100,00;97,80;95,52;88,35;86,40;83,47
23,963;23,567;23,613;24,348;24,254;24,923;100,00;95,70;95,20;87,12;87,60;83,47
23,88;23,547;23,585;24,055;24,225;25,066;98,57;96,60;97,10;89,25;87,90;82,87
23,752;23,471;23,469;23,823;24,135;24,634;99,20;96,90;97,75;90,77;88,20;85,92
23,726;23,374;23,436;24,086;24,186;24,682;99,20;98,40;97,10;88,95;87,30;85,32
23,765;23,427;23,451;24,002;24,15;24,749;100,00;98,10;96,80;88,65;87,90;84,40
23,737;23,404;23,416;24,062;24,343;24,603;100,00;98,40;97,75;88,65;87,00;85,32
23,713;23,359;23,325;23,851;24,257;24,884;100,00;97,50;99,35;89,57;86,70;83,80
23,678;23,278;23,248;23,761;23,94;24,366;99,82;97,20;98,07;90,77;88,50;87,15
23,538;23,05;23,191;23,637;23,835;24,055;99,52;98,10;98,70;92,32;88,80;88,37
23,424;22,999;23,173;23,604;23,687;23,901;99,82;97,20;97,42;92,02;90,02;89,62
23,54;23,091;23,124;23,508;23,586;23,683;99,82;99,30;99,02;91,70;90,62;90,85
23,505;23,005;23,049;23,404;23,613;23,704;100,00;99,00;100,00;92,62;90,92;90,85
23,4;23,028;23,05;23,347;23,595;23,678;100,00;99,60;100,00;93,55;90,62;91,47
23,495;22,953;23,016;23,343;23,489;23,693;100,00;98,70;98,70;95,10;91,55;90,55
23,469;23,023;23,155;23,472;23,744;23,922;100,00;99,00;98,70;92,62;90,32;89,00
23,361;22,958;22,965;23,361;23,406;23,666;100,00;99,00;99,35;92,92;92,45;90,85
23,325;22,88;23,062;23,112;23,293;23,377;100,00;99,00;96,80;96,65;93,37;93,02
23,388;22,881;22,962;23,4;23,397;23,713;100,00;99,00;100,00;92,62;93,07;90,22
23,176;22,782;22,844;23,008;23,193;23,454;99,82;99,30;99,97;96,95;93,37;92,40
23,286;22,794;22,811;23,152;23,176;23,388;100,00;99,30;100,00;94,77;93,67;92,70
23,236;22,832;22,871;23,154;23,574;23,431;100,00;99,90;100,00;93,85;90,02;91,47
23,247;22,739;22,76;23,313;23,388;23,598;100,00;99,00;100,00;92,92;91,85;91,47
23,181;22,742;22,726;23,205;23,397;23,516;100,00;99,90;100,00;94,17;91,55;91,47
23,182;22,613;22,609;23,179;23,067;23,564;100,00;99,30;100,00;94,77;94,60;90,85
23,19;22,594;22,643;23,035;23,049;23,26;100,00;99,90;100,00;94,77;94,00;93,02
23,068;22,648;22,702;22,98;23,113;23,224;100,00;99,90;99,97;95,72;92,77;92,70
23,145;22,654;22,625;23,103;23,212;23,259;100,00;99,90;100,00;93,25;91,55;92,10
23,127;22,59;22,627;23,164;23,191;23,523;100,00;99,90;99,97;92,92;92,77;90,85
23,116;22,57;22,569;23,022;22,998;23,403;100,00;99,60;100,00;95,10;94,60;91,47
23,119;22,59;22,57;23,149;23,071;23,331;100,00;100,00;100,00;92,62;93,07;91,77
23,106;22,57;22,545;23,107;23,148;23,749;100,00;100,00;100,00;93,25;93,37;88,70
23,035;22,448;22,424;22,67;22,907;23,409;100,00;100,00;100,00;96,32;94,00;91,77
22,995;22,481;22,685;22,669;23,095;23,154;100,00;100,00;100,00;95,72;92,45;92,70
22,944;22,451;22,56;22,756;22,973;23,113;100,00;100,00;100,00;95,72;93,37;93,02
23,001;22,376;22,539;22,649;22,896;22,935;100,00;100,00;100,00;97,57;94,00;94,27
23,01;22,391;22,407;22,77;22,817;22,983;100,00;100,00;100,00;96,65;94,60;94,90
22,839;22,258;22,336;22,615;22,564;22,754;100,00;100,00;100,00;96,95;96,45;95,52
22,806;22,252;22,209;22,431;22,3;22,501;100,00;100,00;100,00;98,20;98,30;97,40
22,8;22,143;22,139;22,24;22,161;22,388;100,00;100,00;100,00;99,75;99,55;98,65
22,678;22,088;22,124;22,182;22,137;22,31;100,00;100,00;100,00;100,00;99,85;99,27
22,648;22,131;22,057;22,064;21,981;22,017;100,00;100,00;100,00;100,00;100,00;100,00
22,693;22,026;22,06;21,975;21,98;21,977;100,00;100,00;100,00;100,00;100,00;100,00
22,612;22,05;22,011;21,997;21,957;22,056;100,00;100,00;100,00;100,00;100,00;100,00
22,618;22,05;21,954;21,913;21,819;21,843;100,00;100,00;100,00;100,00;100,00;100,00
22,558;21,927;21,963;21,877;21,98;21,868;100,00;100,00;100,00;100,00;100,00;100,00
22,525;21,91;21,869;21,893;21,791;21,892;100,00;100,00;100,00;100,00;100,00;100,00
22,53;21,88;21,969;21,791;22,169;21,951;100,00;100,00;100,00;100,00;98,92;100,00
22,593;21,953;21,933;21,907;21,844;21,99;100,00;100,00;100,00;100,00;100,00;100,00
22,498;21,924;21,756;21,869;21,822;21,936;100,00;100,00;100,00;100,00;100,00;100,00
22,473;21,814;21,893;21,764;21,74;21,756;100,00;100,00;100,00;100,00;100,00;100,00
22,491;21,914;21,945;21,795;21,801;21,825;100,00;100,00;100,00;100,00;100,00;100,00
22,507;21,85;21,798;21,802;21,67;21,744;100,00;100,00;100,00;100,00;100,00;100,00
22,522;21,892;21,777;21,682;21,643;21,728;100,00;100,00;100,00;100,00;100,00;100,00
22,433;21,777;21,753;21,652;21,657;21,692;100,00;100,00;100,00;100,00;100,00;100,00
22,424;21,764;21,794;21,661;21,689;21,66;100,00;100,00;100,00;100,00;100,00;100,00
22,5;21,794;21,724;21,675;21,579;21,734;100,00;100,00;100,00;100,00;100,00;100,00
22,386;21,725;21,776;21,609;21,55;21,568;100,00;100,00;100,00;100,00;100,00;100,00
22,451;21,869;21,822;21,67;21,722;21,652;100,00;100,00;100,00;100,00;100,00;100,00
22,53;21,889;21,797;21,648;21,683;21,81;100,00;100,00;100,00;100,00;100,00;100,00
22,518;21,86;21,788;21,704;21,814;21,917;100,00;100,00;100,00;100,00;100,00;100,00
22,448;21,893;21,73;21,791;21,858;21,921;100,00;100,00;100,00;100,00;100,00;100,00
22,472;21,789;21,713;21,846;21,807;21,924;100,00;100,00;100,00;100,00;100,00;100,00
22,436;21,727;21,724;21,825;21,88;22,117;100,00;100,00;100,00;100,00;100,00;99,27
22,425;21,838;21,739;21,67;21,898;21,963;100,00;100,00;100,00;100,00;100,00;100,00
22,391;21,736;21,66;21,774;21,774;21,905;100,00;100,00;100,00;100,00;100,00;100,00
22,357;21,658;21,6;21,673;21,847;21,96;100,00;100,00;100,00;100,00;100,00;99,60
22,294;21,686;21,6;21,602;21,792;21,999;100,00;100,00;100,00;100,00;100,00;99,60
22,248;21,544;21,563;21,559;21,49;21,643;100,00;100,00;100,00;100,00;100,00;100,00
22,233;21,523;21,49;21,587;21,499;21,633;100,00;100,00;100,00;100,00;100,00;100,00
22,19;21,492;21,438;21,388;21,294;21,421;100,00;100,00;100,00;100,00;100,00;100,00
22,164;21,459;21,428;21,302;21,284;21,3;100,00;100,00;100,00;100,00;100,00;100,00
22,154;21,473;21,404;21,311;21,259;21,274;100,00;100,00;100,00;100,00;100,00;100,00
22,047;21,397;21,37;21,306;21,232;21,251;100,00;100,00;100,00;100,00;100,00;100,00
22,109;21,389;21,329;21,242;21,24;21,238;100,00;100,00;100,00;100,00;100,00;100,00
22,009;21,37;21,351;21,232;21,154;21,223;100,00;100,00;100,00;100,00;100,00;100,00
22,026;21,37;21,318;21,194;21,133;21,112;100,00;100,00;100,00;100,00;100,00;100,00
22,039;21,375;21,334;21,216;21,096;21,162;100,00;100,00;100,00;100,00;100,00;100,00
22,087;21,395;21,3;21,131;21,136;21,173;100,00;100,00;100,00;100,00;100,00;100,00
22,097;21,361;21,334;21,231;21,192;21,189;100,00;100,00;100,00;100,00;100,00;100,00
22,061;21,32;21,274;21,291;21,176;21,401;100,00;100,00;100,00;100,00;100,00;100,00
22,012;21,389;21,217;21,188;21,247;21,162;100,00;100,00;100,00;100,00;100,00;100,00
22,005;21,334;21,324;21,145;21,277;21,174;100,00;100,00;100,00;100,00;100,00;100,00
22,015;21,326;21,257;21,229;21,149;21,207;100,00;100,00;100,00;100,00;100,00;100,00
21,893;21,216;21,145;21,179;21,093;21,194;100,00;100,00;100,00;100,00;100,00;100,00
21,954;21,22;21,115;21,03;21,118;21,081;100,00;100,00;100,00;100,00;100,00;100,00
21,877;21,112;21,09;21,054;20,919;20,999;100,00;100,00;100,00;100,00;100,00;100,00
21,886;21,159;21,073;20,924;20,86;20,832;100,00;100,00;100,00;100,00;100,00;100,00
21,866;21,112;21,039;20,918;20,82;20,831;100,00;100,00;100,00;100,00;100,00;100,00
21,831;21,053;21,09;20,903;20,887;20,838;100,00;100,00;100,00;100,00;100,00;100,00
21,822;21,063;21,068;21,014;20,952;21,025;100,00;100,00;100,00;100,00;100,00;100,00
21,792;21,142;21,125;21,002;21,051;21,069;100,00;100,00;100,00;100,00;100,00;100,00
21,85;21,22;21,219;21,056;21,097;20,998;100,00;100,00;100,00;100,00;100,00;100,00
21,85;21,156;21,081;21,116;20,928;21,056;100,00;100,00;100,00;100,00;100,00;100,00
21,859;21,208;21,066;20,952;20,996;21,078;100,00;100,00;100,00;100,00;100,00;100,00
21,853;21,076;21,011;20,946;20,921;20,953;100,00;100,00;100,00;100,00;100,00;100,00
21,741;21,016;20,971;20,939;20,856;20,946;100,00;100,00;100,00;100,00;100,00;100,00
21,747;21,036;21,008;20,89;20,822;20,919;100,00;100,00;100,00;100,00;100,00;100,00
21,706;21,019;21,032;20,945;20,906;20,902;100,00;100,00;100,00;100,00;100,00;100,00
21,707;21,121;21,041;20,976;20,937;20,959;100,00;100,00;100,00;100,00;100,00;100,00
21,658;21,128;21,087;20,968;20,995;21,076;100,00;100,00;100,00;100,00;100,00;100,00
21,761;21,168;21,072;21,053;21,062;21,078;100,00;100,00;100,00;100,00;100,00;100,00
21,718;21,084;21,079;21,094;21,05;21,192;100,00;100,00;100,00;100,00;100,00;100,00
21,798;21,133;21,183;21,1;21,149;21,223;100,00;100,00;100,00;100,00;100,00;100,00
21,902;21,312;21,204;21,164;21,284;21,404;100,00;100,00;100,00;100,00;100,00;100,00
21,852;21,409;21,331;21,285;21,345;21,527;100,00;100,00;100,00;100,00;100,00;100,00
21,88;21,355;21,443;21,426;21,501;21,627;100,00;100,00;100,00;100,00;100,00;100,00
21,971;21,441;21,47;21,465;21,548;21,727;100,00;100,00;100,00;100,00;100,00;100,00
22,047;21,473;21,517;21,523;21,545;21,527;100,00;100,00;100,00;100,00;100,00;100,00
22,085;21,648;21,7;21,66;21,557;21,591;100,00;100,00;100,00;100,00;100,00;100,00
22,154;21,852;21,883;21,782;21,843;21,78;100,00;100,00;100,00;100,00;100,00;100,00
22,287;22,041;22,072;22,053;21,984;22,075;100,00;100,00;100,00;100,00;100,00;100,00
22,43;22,137;22,197;22,182;22,126;22,199;100,00;99,90;100,00;99,75;99,85;100,00
22,472;22,279;22,369;22,445;22,446;22,478;100,00;100,00;100,00;98,82;98,60;99,27
22,599;22,439;22,585;22,593;22,82;22,869;100,00;100,00;99,35;98,20;95,82;97,07
22,742;22,605;22,736;22,871;23,002;23,296;100,00;99,00;98,07;95,72;95,22;94,90
22,766;22,751;22,979;22,99;23,248;23,519;100,00;99,30;97,10;95,72;93,67;93,02
22,913;22,847;23,149;23,112;23,529;24,034;100,00;97,80;93,62;95,40;90,02;90,85
23,001;23,224;24,094;23,711;24,295;24,382;99,52;91,82;85,17;87,72;83,07;83,17
23,067;23,266;24,2;24,469;24,454;24,706;100,00;95,70;85,47;82,27;82,50;80,75
23,169;24,08;24,737;24,696;24,904;24,788;97,32;83,90;81,15;81,37;78,32;80,45
23,215;24,34;24,964;25,028;25,196;25,24;97,32;83,62;80,22;78,70;76,55;76,55
23,332;24,516;25,045;25,193;25,43;25,445;99,52;83,62;80,22;78,10;78,02;76,55
23,413;24,585;25,267;25,342;25,413;26,009;95,77;83,32;78,70;77,50;76,25;73,85
23,582;24,835;25,461;26,025;25,801;25,904;92,67;80,72;76,57;74,52;73,90;73,55
23,702;25,224;25,641;25,709;25,936;27,007;92,37;77,55;76,57;75,12;73,60;68,82
23,884;25,377;25,852;26,058;26,909;27,126;89,30;77,85;75,35;73,65;73,60;68,52
24,023;25,409;25,789;26,239;27,822;27,861;89,60;78,12;75,95;72,45;68,95;65,90
24,095;25,613;26,108;27,478;28,399;28,801;89,92;75,85;74,75;70,40;67,22;62,12
24,181;25,551;26,365;30,012;28,081;28,527;89,60;77,55;73,85;59,70;68,07;63,27
24,323;25,719;28,998;30,704;28,807;31,43;88,70;75,85;62,80;59,70;64,05;53,25
24,455;26,207;28,793;29,598;29,46;31,346;89,00;73,57;66,05;61,12;62,90;53,55
24,513;29,426;29,058;29,878;29,906;31,68;89,30;61,00;64,57;61,70;62,05;55,25
24,644;32,028;27,678;30,574;29,236;33,199;86,85;52,30;68,72;60,55;63,20;47,65
24,82;32,435;27,565;30,891;29,255;32,613;85,95;51,23;70,52;59,40;62,90;50,73
24,975;31,475;29,266;30,55;28,884;31,632;87,17;55,00;64,00;60,85;67,22;53,82
25,384;31,617;29,962;30,999;29,197;31,938;86,55;54,72;63,40;60,85;64,90;55,80
25,723;29,339;30,21;31,783;29,784;32,138;85,35;64,87;62,80;58,55;63,47;52,70
25,963;28,414;30,5;31,466;29,707;31,848;84,42;67,92;63,10;61,12;65,47;57,22
26,1;28,232;30,362;31,894;30,208;31,107;85,35;70,75;64,87;59,12;63,77;58,37
26,993;28,924;30,582;30,938;29,601;30,21;82,30;69,90;64,87;61,70;63,47;61,55
27,579;29,452;29,387;30,471;30,033;30,748;82,62;67,92;70,82;65,15;62,05;62,12
27,433;30,474;30,796;30,722;29,79;30,312;84,12;64,57;66,95;64,87;63,47;63,27
27,403;31,185;30,49;31,088;29,967;30,778;84,12;62,65;65,17;63,15;62,32;60,97
27,84;29,757;29,973;30,73;30,253;30,796;83,52;68,20;70,52;67,77;64,35;61,25
27,806;30,373;30,023;31,012;30,231;30,685;83,82;66,25;64,00;61,40;63,47;61,82
29,622;31,666;29,668;30,567;30,42;30,77;77,80;64,30;72,02;65,45;62,05;61,55
32,671;31,031;30,261;31,158;30,675;31,38;70,40;67,10;68,15;60,85;63,20;58,67
33,594;31,508;32,063;31,052;30,865;30,872;67,77;59,07;61,65;61,70;61,47;60,10
35,518;32,475;31,775;31,994;31,133;32,213;60,52;61,82;60,17;60,27;64,05;58,95
36,037;32,205;32,359;31,57;31,315;31,773;59,67;64,02;60,47;59,97;56,67;56,67
36,425;31,728;31,337;32,207;32,286;32,499;57,37;68,20;64,00;60,55;55,55;56,10
35,83;30,253;31,098;31,692;32,22;31,772;62,55;66,52;62,52;57,70;56,67;55,52
36,055;31,819;31,396;31,91;31,695;32,269;59,95;66,52;65,17;56,55;57,22;54,95
35,735;32,983;31,29;31,308;32,419;31,842;62,55;57,72;58,72;63,72;55,82;55,80
36,498;31,799;31,124;31,852;33,106;31,937;59,10;63,75;60,75;55,15;53,87;54,10
36,095;32,164;32,368;32,14;32,45;32,015;61,97;55,00;54,95;53,72;52,20;51,85
35,317;30,743;32,049;32,397;32,738;32,587;63,70;69,05;54,10;56,27;50,83;53,82
36,729;31,221;31,943;32,478;32,735;32,555;60,25;59,62;54,37;52,90;50,83;51,85
36,519;32,343;31,832;32,648;32,568;32,578;57,95;61,27;60,17;52,05;52,47;53,55
37,376;32,036;31,917;32,146;32,709;32,972;58,25;67,92;57,55;55,42;51,38;50,73
36,359;31,596;31,995;32,804;32,346;32,542;61,10;67,92;62,52;51,48;51,65;51,85
36,261;31,057;32,552;32,401;32,826;32,396;61,10;62,92;52,08;55,15;51,38;52,13
36,516;31,706;32,725;32,605;32,705;32,514;59,10;67,65;50,38;52,05;49,43;51,28
34,706;32,559;32,733;32,715;33,269;32,299;63,40;51,78;52,38;50,65;48,60;51,00
32,002;33,246;32,235;33,098;33,34;33,481;70,10;61,82;55,52;51,48;48,33;50,18
31,083;32,849;32,861;32,709;32,957;32,831;73,35;55,27;52,08;52,33;50,25;49,88
30,567;32,215;32,75;33,211;33,334;33,616;76,92;61,00;52,08;50,93;49,15;48,78
31,072;32,524;33,221;33,098;33,524;32,803;75,42;54,72;50,65;50,93;49,15;50,73
30,886;32,717;33,511;33,239;33,77;33,179;78,40;59,90;48,95;50,38;47,78;49,60
31,128;33,139;34,447;33,434;34,306;33,499;67,47;51,23;46,98;49,25;47,50;49,33
31,096;33,472;34,027;34,022;33,611;33,499;74,82;53,37;54,95;49,80;48,88;51,28
31,216;33,287;35,105;33,802;34,271;34,072;76,62;49,63;44,15;48,98;48,33;48,20
30,897;32,857;35,221;34,178;34,393;34,239;77,50;59,07;46,13;48,43;46,95;49,05
30,665;32,57;34,404;34,401;33,877;34,464;78,40;60,45;47,83;47,58;48,05;49,05
30,537;32,963;34,927;33,889;34,252;33,402;75,12;52,03;48,10;47,03;46,13;48,20
30,659;32,881;34,613;34,504;34,664;33,693;78,40;52,57;48,38;47,30;46,68;48,20
30,699;33,084;34,973;35,363;34,759;34,499;77,80;55,00;47,53;46,48;46,68;46,83
30,633;32,929;34,827;35,396;35,454;34,693;78,70;58,25;50,65;45,93;47,78;46,25
30,388;32,443;33,993;35,266;34,965;34,421;81,10;63,47;47,83;44,55;45,33;45,70
30,49;33,088;33,869;34,888;35,139;34,187;81,40;50,70;47,25;45,93;43,95;45,98
30,551;33,514;35,351;35,3;34,565;34,3;76,92;47,50;44,15;43,73;44,50;46,83
30,186;32,712;34,403;35,637;34,803;34,989;80,50;58,52;46,68;46,48;45,58;46,25
30,256;32,975;34,445;35,074;35,42;34,772;79,30;51,23;45,55;43,18;42,60;44,33
30,194;32,453;34,374;35,58;35,322;34,45;75,42;61,27;46,98;43,18;42,88;44,60
30,236;32,715;34,344;36,082;35,266;34,985;76,92;58,80;45,55;41,80;43,68;44,05
30,349;32,897;34,623;36,406;35,594;34,691;80,20;56,90;46,68;42,35;41,25;42,95
30,221;32,902;34,852;35,609;35,59;34,771;77,20;54,20;41,65;42,35;40,98;42,40
30,063;33,124;34,171;35,471;35,272;35,043;82,00;53,10;44,45;42,35;41,78;41,03
30,103;33,459;34,779;36,032;35,788;34,794;80,20;41,98;39,43;42,08;39,35;39,68
30,197;33,562;35,024;35,585;35,864;35,031;79,60;43,03;38,60;39,08;36,15;38,85
30,231;33,664;34,447;36,107;36,628;35,669;77,50;49,10;50,08;38,80;36,95;37,50
30,159;33,264;34,631;35,683;36,455;35,889;79,30;55,27;52,38;47,85;38,55;38,85
29,725;33,104;34,054;35,699;35,571;35,718;83,22;56,90;52,95;42,35;41,78;40,23
29,568;32,187;33,936;35,255;35,726;34,937;79,60;63,20;51,80;43,18;40,15;43,50
29,757;32,608;34,63;35,353;36,162;35,296;76,92;60,45;39,70;41,53;37,48;39,95
29,79;33,435;33,547;35,876;36,147;36,081;82,00;58,25;49,53;38,25;35,35;37,78
29,442;32,159;33,996;35,768;36,281;35,532;82,00;66,25;45,55;38,80;36,95;37,50
29,733;32,555;33,897;35,747;36,628;35,692;82,92;61,82;51,80;38,80;37,48;36,95
29,498;32,345;33,854;35,704;36,871;35,927;82,30;59,35;47,83;38,80;35,88;37,78
29,336;32,099;33,362;34,52;35,833;35,077;80,50;59,62;53,22;48,43;39,08;40,48
29,263;32,013;33,892;34,631;36,011;35,274;81,70;60,45;47,53;47,58;39,90;40,48
29,423;32,742;34,403;35,958;36,185;35,212;84,12;56,35;43,88;40,70;39,90;43,50
29,247;32,909;33,668;34,88;36,192;35,322;82,30;56,35;53,80;48,70;42,05;41,30
29,183;32,267;33,033;35,526;35,585;35,849;85,35;59,07;56,67;44,00;46,68;39,95
29,042;31,91;32,643;35,362;36,18;35,226;85,95;59,07;58,12;47,30;46,40;44,60
29,164;31,635;32,095;35,628;36,263;35,442;79,90;62,10;59,87;47,85;46,40;42,68
29,094;31,308;32,653;35,351;35,949;34,667;83,82;63,75;61,65;49,53;46,95;51,28
28,851;31,132;32,322;34,67;34,747;35,326;85,02;64,02;61,05;56,55;51,38;45,70
28,839;31,096;32,378;35,838;35,019;34,815;87,17;67,37;62,22;49,80;52,75;50,73
28,698;30,867;32,045;34,015;34,372;34,487;87,47;67,37;62,22;56,27;51,38;50,18
28,599;30,606;31,791;33,758;34,835;34,161;88,37;68,77;64,27;54,57;53,32;52,70
28,494;30,6;31,552;33,651;33,845;34,339;88,37;67,92;66,95;57,12;57,22;54,67
28,5;30,253;31,713;32,884;36,037;33,803;89,00;71,87;65,17;57,70;46,68;56,37
28,435;30,196;31,423;32,753;35,709;34,049;89,00;69,05;63,40;58,82;52,20;51,85
28,355;30,159;31,161;33,028;33,865;34,173;90,52;71,30;65,77;57,12;56,67;53,82
28,171;29,921;30,981;32,587;33,091;33,731;90,82;74,97;64,87;60,85;55,27;56,37
28,092;29,614;30,653;32,889;32,401;33,609;90,82;71,57;66,35;56,55;57,22;56,10
28,012;29,517;30,744;32,532;32,587;33,227;92,07;74,97;67,25;58,82;58,92;55,80
27,872;29,334;30,447;31,946;32,054;33,124;92,07;74,42;68,45;62,27;60,62;58,10
27,809;29,078;30,088;31,581;31,737;33,181;92,07;74,70;70,82;62,55;60,62;57,80
27,694;28,798;29,684;31,006;31,464;32,568;92,37;78,12;70,52;65,15;66,05;61,82
27,556;28,581;29,365;30,665;31,3;32,448;93,60;79,57;75,35;66,90;67,50;60,67
27,486;28,364;29,134;30,476;31,331;32,203;93,60;79,57;78,40;68,65;65,47;61,55
27,386;28,212;28,883;30,181;30,888;31,682;93,92;83,32;78,40;72,17;67,80;62,97
27,375;28,131;28,698;29,895;30,447;31,484;93,92;84,77;79,32;72,75;68,65;63,27
27,295;28,004;28,488;29,617;30,156;31,057;94,22;86,82;84,85;73,65;70,70;66,47
27,149;27,826;28,278;29,156;29,903;30,777;93,92;86,25;82,07;76,90;69,52;66,77
27,049;27,706;28,021;29,479;29,765;30,22;94,85;83,90;83,00;72,17;71,85;68,22
26,953;27,419;27,886;28,827;29,476;30,044;94,85;84,50;84,55;78,10;73,32;69,70
26,811;27,368;28,106;29,116;29,445;29,742;95,47;87,42;82,70;73,92;70,70;70,30
26,733;27,208;27,864;29,304;29,235;29,355;94,85;86,52;85,17;72,17;72,72;71,17
26,818;27,244;27,655;28,916;29,292;29,355;95,47;87,42;86,40;73,92;70,70;70,87
26,794;27,191;27,607;28,573;28,661;29,141;95,77;88,30;84,25;75,42;75,07;73,25
26,727;27,174;27,943;28,405;28,596;28,76;96,40;88,30;81,45;76,60;73,60;73,25
26,667;27,219;27,728;28,574;28,713;28,791;95,77;86,52;83,00;74,22;72,15;72,37
26,552;27,061;27,734;28,22;28,478;28,746;95,77;86,25;80,22;77,20;73,32;73,25
26,562;27,36;27,734;28,388;28,351;28,511;94,52;82,75;82,07;74,22;74,20;74,15
26,355;26,841;27,041;27,762;27,56;28,403;97,65;87,42;85,47;80,17;81,30;75,65
26,468;26,948;27,388;27,5;27,94;27,59;94,85;84,50;86,72;81,07;76,55;79,85
26,375;26,858;27,234;27,351;27,574;27,545;96,70;85,95;85,80;82,87;79,50;80,75
26,315;26,556;26,962;27,385;27,021;27,714;97,02;90,05;86,40;82,57;84,27;79,55
26,224;26,441;26,565;27,163;27,275;27,298;97,32;91,25;89,85;83,20;81,30;82,27
26,058;26,137;26,646;26,75;27,115;27,081;96,70;90,05;87,35;86,82;81,60;84,10
26,034;26,247;26,444;27,253;27,217;27,4;97,02;91,25;90,77;80,77;80,70;79,55
25,983;25,98;26;26,761;26,576;27,242;96,70;91,55;92,05;86,22;85,80;81,05
25,925;25,937;26,33;26,309;26,727;26,766;97,32;90,65;88,60;87,72;82,50;84,10
25,847;25,982;26,163;26,957;26,976;27,066;98,57;92,12;92,67;81,67;81,30;81,35
25,821;25,823;26,433;26,375;27,399;27,038;97,65;93,02;87,35;86,22;76,85;80,45
25,807;25,959;26,318;27,186;27,101;27,337;97,32;90,65;87,35;79,87;79,20;78,35
25,784;25,911;26,339;26,979;26,8;27,138;96,70;91,25;87,97;81,37;81,60;80,45
25,781;25,881;26,077;26,926;26,774;27,09;96,40;90,65;90,15;80,77;81,90;78,95
25,806;25,732;25,948;26,232;26,393;26,624;96,07;91,25;91,10;87,42;83,67;83,47
25,74;25,674;25,792;26,296;26,399;26,635;96,40;91,82;92,05;85,60;84,57;82,27
25,671;25,549;25,76;25,927;26,253;26,384;96,40;92,42;92,05;88,95;83,97;84,40
25,601;25,567;25,661;26,269;26,298;26,55;97,95;93,32;93,00;84,40;84,27;82,57
25,551;25,493;25,629;26,066;26,266;26,35;98,27;92,42;92,35;85,90;83,67;83,80
25,516;25,458;26,144;26,072;26,167;26,318;97,95;93,32;86,40;85,30;84,57;83,80
25,491;25,545;25,859;26,347;26,209;26,49;98,90;91,82;89,52;83,20;83,67;81,97
25,416;25,616;26,339;26,241;26,369;26,636;97,65;89,17;84,55;83,50;82,20;81,05
25,514;26,115;26,519;26,387;26,367;26,384;95,77;84,50;84,85;83,20;83,07;83,47
25,474;26,111;26,147;26,479;26,513;26,468;96,70;87,42;87,02;82,27;81,00;82,27
25,41;25,625;25,706;26,35;26,267;26,507;97,32;90,95;90,15;82,87;83,07;81,35
25,354;25,38;25,543;25,918;25,962;26,43;97,65;92,12;91,10;85,90;84,27;81,35
25,301;25,355;25,596;25,69;25,813;25,999;97,65;90,65;89,85;87,12;85,17;84,70
25,301;25,368;25,505;25,885;26,138;26,17;97,65;91,25;91,42;84,40;82,50;82,87
25,281;25,25;25,404;25,57;26,026;26,057;97,95;93,02;91,42;88,05;82,50;84,40
25,228;25,168;25,348;25,691;26,108;26,59;97,65;93,02;91,72;86,52;82,77;79,85
25,194;25,104;25,293;25,648;25,826;26,422;97,95;93,32;91,42;87,12;84,27;80,45
25,136;25,097;25,45;25,696;26,536;26,424;96,70;93,62;90,15;86,52;78,32;81,05
25,167;25,132;25,4;25,882;26,307;26,695;97,65;92,42;90,47;84,70;80,70;78,35
25,135;25,078;25,311;25,613;26,338;26,619;97,95;92,72;91,42;86,52;79,20;78,95
25,112;25,04;25,215;25,496;26,085;26,601;97,95;93,02;91,72;87,72;83,97;78,95
25,063;24,975;25,126;25,375;25,665;26,046;97,32;93,92;92,35;88,05;84,87;83,47
25,027;24,922;25,151;25,509;25,575;25,737;97,95;93,62;91,42;86,52;85,17;84,70
25,047;24,885;25,05;25,543;25,593;25,67;98,90;95,10;93,62;85,90;84,57;85,00
24,931;24,826;24,914;25,208;25,311;25,575;98,57;95,70;93,00;88,65;86,40;86,55
24,91;24,761;24,928;25,331;26,104;26,126;98,90;94,20;93,00;86,82;80,40;80,75
24,907;24,706;24,911;25,266;25,465;25,888;98,90;94,20;92,67;88,05;85,80;83,47
24,825;24,666;24,791;25,287;25,285;25,558;98,90;94,80;94,25;87,42;86,70;85,92
24,811;24,638;24,788;25,228;25,531;25,371;98,27;95,10;94,87;87,42;83,37;85,62
24,694;24,552;24,663;25,034;25,116;25,412;98,57;96,90;94,57;88,65;87,30;85,62
24,746;24,51;24,605;24,94;25,188;25,197;98,90;96,90;95,20;89,25;86,40;87,45
24,694;24,469;24,534;24,845;25,456;25,662;98,90;96,30;96,47;89,57;84,87;82,87
24,641;24,419;24,503;24,958;25,031;25,317;99,82;97,50;94,87;88,05;87,00;85,92
24,606;24,389;24,363;25,074;24,907;25,194;99,52;95,10;97,10;87,12;87,60;86,22
24,572;24,249;24,292;24,913;24,838;25,713;100,00;97,80;98,07;88,05;88,50;81,65
24,543;24,192;24,231;24,693;24,667;24,945;99,82;98,10;97,42;89,87;89,10;88,07
24,469;24,175;24,2;24,696;24,801;25,161;99,52;98,10;97,10;88,95;88,20;86,22
24,451;24,156;24,206;24,84;24,728;24,995;99,52;97,50;98,07;88,05;87,90;86,85
24,408;24,064;24,029;24,573;24,52;24,67;100,00;98,10;99,67;89,87;89,42;89,00
24,349;24,035;24,077;24,469;24,454;24,599;100,00;98,70;97,75;90,47;89,42;89,92
24,317;23,937;24,15;24,248;24,628;24,617;100,00;98,70;95,82;92,62;87,60;88,70
24,313;23,999;24,043;24,655;24,544;24,846;99,82;96,60;98,37;88,35;88,80;87,45
24,249;23,945;23,96;24,323;25,151;25,336;100,00;97,50;97,10;92,02;83,97;83,47
24,24;23,92;23,969;24,535;25,231;24,972;99,82;98,10;97,10;89,25;82,77;86,55
24,24;23,854;24,012;24,556;24,487;24,92;100,00;98,70;96,47;88,95;88,80;86,22
24,215;23,856;23,907;24,401;24,441;24,564;99,52;98,10;97,42;90,17;88,50;89,00
24,159;23,82;23,827;24,227;24,398;24,534;100,00;98,40;97,10;91,10;89,10;88,70
24,094;23,711;23,801;24,2;24,183;24,463;100,00;97,50;98,07;91,40;90,32;89,30
24,126;23,725;23,717;24,103;24,139;24,429;100,00;98,10;99,67;92,62;90,32;89,62
24,08;23,615;23,652;24,017;24,098;24,435;100,00;98,40;99,67;93,25;90,92;89,00
24,052;23,619;23,621;23,945;24,364;24,575;100,00;99,00;99,67;92,32;88,80;87,77
24,034;23,631;23,58;23,933;24,431;24,538;100,00;98,70;99,97;92,32;88,80;88,37
23,975;23,571;23,643;23,997;24,299;24,508;100,00;99,30;98,70;91,40;88,50;88,07
23,946;23,522;23,598;24,157;24,097;24,366;100,00;99,00;99,67;90,17;90,32;89,00
23,936;23,535;23,52;23,905;24,228;24,65;100,00;99,30;99,35;93,25;88,80;86,55
23,957;23,459;23,534;23,981;24,234;25,348;100,00;99,30;98,07;92,92;89,72;82,27
23,856;23,425;23,571;23,917;23,937;24,307;100,00;99,30;99,35;92,32;90,92;89,62
23,785;23,419;23,48;23,696;24,191;24,114;100,00;99,00;98,70;94,47;88,80;91,77
23,811;23,436;23,431;23,777;24,046;24,713;100,00;99,00;99,35;92,92;90,32;85,62
23,756;23,373;23,45;23,857;24,101;24,21;100,00;99,60;100,00;92,62;89,42;89,92
23,762;23,302;23,322;23,707;23,896;24,139;100,00;99,00;100,00;95,10;90,92;90,22
23,762;23,305;23,413;23,692;23,889;24,168;100,00;99,30;99,35;92,92;91,25;89,62
23,785;23,376;23,6;23,905;24,018;24,15;99,82;99,00;97,75;91,70;90,32;90,55
23,789;23,359;23,508;24,015;24,04;24,758;100,00;98,70;98,70;91,40;90,02;85,00
23,747;23,391;23,404;23,878;23,981;24,228;100,00;98,10;99,97;92,92;91,25;90,22
23,764;23,368;23,395;23,815;24,138;24,259;100,00;98,70;99,67;93,85;89,10;90,55
23,782;23,305;23,332;23,761;24,398;24,77;99,82;99,00;100,00;94,77;90,02;86,22
23,708;23,307;23,383;23,535;24,396;24,215;100,00;99,90;99,35;95,72;87,90;90,22
23,737;23,398;23,394;23,868;24,597;24,552;100,00;99,30;99,35;92,92;85,80;88,37
23,779;23,415;23,493;23,972;24,255;25,024;100,00;98,10;97,75;91,70;90,02;84,10
23,794;23,453;23,681;24,147;24,367;24,653;100,00;99,60;99,35;89,87;87,90;86,85
23,878;23,425;23,622;24,399;24,563;25,208;100,00;98,70;98,70;88,65;88,50;82,27
23,798;23,469;23,583;24,127;24,201;24,873;99,82;99,00;98,70;92,02;90,02;86,55
23,762;23,463;23,74;24,327;24,237;24,907;100,00;98,40;95,52;90,17;89,72;84,70
23,856;23,568;23,726;24,428;24,716;24,977;100,00;98,70;98,37;88,65;86,40;84,40
23,866;23,643;24,025;24,845;25,232;25,194;100,00;97,50;97,10;85,00;81,90;82,87
23,779;23,398;23,603;24,47;24,729;24,863;99,52;99,30;99,02;91,70;84,87;87,45
23,741;23,377;23,598;23,985;24,961;24,916;99,82;99,00;98,70;92,62;83,07;84,70
23,814;23,454;23,695;24,112;24,376;25,112;100,00;99,00;95,82;90,17;87,90;82,87
23,808;23,513;23,755;24,207;24,467;25,004;100,00;98,70;96,15;89,87;87,30;83,80
23,842;23,576;23,93;24,348;25,189;25,223;100,00;98,40;96,47;89,25;81,90;81,97
23,824;23,478;23,586;24,508;24,622;25,278;100,00;99,60;99,02;91,10;85,80;81,65
23,824;23,487;23,561;24,088;24,431;24,999;100,00;99,00;99,02;92,02;87,00;84,40
23,795;23,492;23,672;24,049;24,443;25,255;100,00;98,10;96,47;91,40;89,42;81,35
23,835;23,708;23,815;23,994;24,142;24,54;100,00;96,00;95,20;91,40;89,72;87,45
23,817;23,499;23,77;23,985;23,933;24,085;100,00;97,20;95,52;91,40;91,55;90,55
23,789;23,606;23,839;23,927;24,055;24,348;100,00;97,20;94,87;91,70;89,72;87,45
23,788;23,538;24,015;24,065;24,097;24,234;100,00;96,30;93,92;91,10;90,02;89,62
23,791;23,722;23,421;24,21;24,094;24,342;100,00;94,50;100,00;89,87;90,92;88,70
23,065;22,618;21,312;22,82;21,245;22,548;100,00;100,00;100,00;100,00;100,00;98,35
22,285;21,337;21,464;21,06;21,259;21,177;100,00;100,00;100,00;100,00;100,00;100,00
22,475;21,822;21,838;21,404;21,599;21,63;100,00;100,00;100,00;100,00;100,00;100,00
22,711;22,108;21,951;21,721;21,673;21,689;100,00;100,00;100,00;100,00;100,00;100,00
22,726;21,956;22,054;21,698;21,727;21,681;100,00;100,00;100,00;100,00;100,00;100,00
22,88;22,258;22,121;21,804;21,701;21,724;100,00;100,00;100,00;100,00;100,00;100,00
22,756;22,319;22,032;21,774;21,846;21,725;100,00;100,00;100,00;100,00;100,00;100,00
22,524;21,997;21,974;21,926;21,712;21,828;100,00;100,00;100,00;100,00;100,00;100,00
22,718;22,219;22,015;21,838;21,811;21,826;100,00;100,00;100,00;100,00;100,00;100,00
22,979;22,439;22,206;21,939;21,913;21,914;100,00;100,00;100,00;100,00;100,00;100,00
22,764;22,439;22,161;21,974;21,898;21,914;100,00;100,00;100,00;100,00;100,00;100,00
22,742;22,445;22,187;21,987;21,968;21,945;100,00;100,00;100,00;100,00;100,00;100,00
22,685;22,252;22,245;22,082;22,039;22,024;100,00;100,00;100,00;100,00;100,00;100,00
22,856;22,478;22,212;22,142;22,126;22,006;100,00;100,00;100,00;100,00;100,00;100,00
22,95;22,413;22,193;22,084;22,042;22,09;100,00;100,00;100,00;100,00;100,00;100,00
22,663;22,388;22,134;22,023;21,972;21,957;100,00;100,00;100,00;100,00;100,00;100,00
22,893;22,479;22,291;22,045;21,978;22;100,00;100,00;100,00;100,00;100,00;100,00
22,812;22,542;22,255;22,099;22;21,994;100,00;100,00;100,00;100,00;100,00;100,00
22,857;22,389;22,351;22,081;21,999;21,957;100,00;100,00;100,00;100,00;100,00;100,00
22,844;22,546;22,33;22,136;22,021;22,003;100,00;100,00;100,00;100,00;100,00;100,00
22,856;22,351;22,304;22,21;22,139;22,096;100,00;100,00;100,00;100,00;100,00;100,00
22,827;22,509;22,21;22,084;22,012;22,02;100,00;100,00;100,00;100,00;100,00;100,00
22,812;22,431;22,287;22,084;22,035;22,018;100,00;100,00;100,00;100,00;100,00;100,00
22,851;22,258;22,301;22,136;22,082;22,039;100,00;100,00;100,00;100,00;100,00;100,00
22,812;22,497;22,304;22,136;22,064;22,035;100,00;100,00;100,00;100,00;100,00;100,00
22,859;22,342;22,21;22,134;22,058;22,035;100,00;100,00;100,00;100,00;100,00;100,00
22,723;22,282;22,261;22,094;22;21,99;100,00;100,00;100,00;100,00;100,00;100,00
22,803;22,346;22,301;22,099;22,003;21,93;100,00;100,00;100,00;100,00;100,00;100,00
22,826;22,421;22,276;22,094;22,063;21,98;100,00;100,00;100,00;100,00;100,00;100,00
22,679;22,263;22,155;22,151;22,008;21,991;100,00;100,00;100,00;100,00;100,00;100,00
22,681;22,191;22,145;22,056;22,012;21,997;100,00;100,00;100,00;100,00;100,00;100,00
22,654;22,276;22,154;22,064;22,008;21,993;100,00;100,00;100,00;100,00;100,00;100,00
22,673;22,215;22,157;22,056;22,008;21,991;100,00;100,00;100,00;100,00;100,00;100,00
22,657;22,219;22,173;22,072;22,02;22,014;100,00;100,00;100,00;100,00;100,00;100,00
22,582;22,321;22,208;22,096;22,048;22,041;100,00;100,00;100,00;100,00;100,00;100,00
22,705;22,269;22,206;22,096;22,067;22,041;100,00;100,00;100,00;100,00;100,00;100,00
22,823;22,264;22,3;22,134;22,078;22,054;100,00;100,00;100,00;100,00;100,00;100,00
22,655;22,484;22,212;22,102;22,048;22,05;100,00;100,00;100,00;100,00;100,00;100,00
22,785;22,415;22,258;22,121;22,07;22,057;100,00;100,00;100,00;100,00;100,00;100,00
22,857;22,46;22,316;22,136;22,079;22,038;100,00;100,00;100,00;100,00;100,00;100,00
22,666;22,481;22,301;22,175;22,103;22,073;100,00;100,00;100,00;100,00;100,00;100,00
22,782;22,437;22,254;22,145;22,051;22,026;100,00;100,00;100,00;100,00;100,00;100,00
22,797;22,309;22,248;22,134;22,1;22,011;100,00;100,00;100,00;100,00;100,00;100,00
22,673;22,251;22,215;22,154;22,111;22,056;100,00;100,00;100,00;100,00;100,00;100,00
22,892;22,31;22,254;22,136;22,164;22,079;100,00;100,00;100,00;100,00;100,00;100,00
22,782;22,291;22,23;22,166;22,151;22,134;100,00;100,00;100,00;100,00;100,00;100,00
22,726;22,315;22,342;22,182;22,215;22,115;100,00;100,00;100,00;100,00;100,00;100,00
22,817;22,36;22,279;22,224;22,245;22,167;100,00;100,00;100,00;100,00;100,00;100,00
22,756;22,357;22,288;22,205;22,191;22,118;100,00;100,00;100,00;100,00;100,00;100,00
22,802;22,392;22,307;22,24;22,206;22,149;100,00;100,00;100,00;100,00;100,00;100,00
22,883;22,4;22,355;22,245;22,182;22,16;100,00;100,00;100,00;100,00;100,00;100,00
22,83;22,376;22,328;22,218;22,157;22,166;100,00;100,00;100,00;100,00;100,00;100,00
22,839;22,348;22,288;22,193;22,163;22,115;100,00;100,00;100,00;100,00;100,00;100,00
22,814;22,437;22,322;22,209;22,202;22,129;100,00;100,00;100,00;100,00;100,00;100,00
22,696;22,41;22,484;22,24;22,3;22,208;100,00;100,00;100,00;100,00;100,00;100,00
22,853;22,736;22,452;22,346;22,463;22,37;100,00;100,00;100,00;100,00;100,00;100,00
22,892;22,779;22,449;22,492;22,603;22,599;100,00;100,00;100,00;100,00;100,00;100,00
23,199;22,823;22,685;22,697;22,907;22,721;100,00;100,00;100,00;100,00;100,00;100,00
23,079;22,821;22,687;22,89;23,122;22,97;100,00;100,00;100,00;100,00;100,00;100,00
23,187;22,977;22,781;22,899;23,025;23,001;100,00;100,00;100,00;100,00;100,00;100,00
23,17;22,883;22,875;22,651;22,817;22,572;100,00;100,00;100,00;100,00;100,00;100,00
23,175;23,023;22,988;22,896;23,005;23,001;100,00;100,00;100,00;100,00;100,00;100,00
23,248;22,996;23,004;23,055;23,095;22,995;100,00;100,00;100,00;100,00;100,00;100,00
23,263;23,209;23,13;23,091;23,145;23,166;100,00;100,00;100,00;100,00;100,00;100,00
23,307;23,13;23,181;23,155;23,495;23,319;100,00;100,00;100,00;100,00;100,00;100,00
23,338;23,088;23,305;23,239;23,57;23,657;100,00;100,00;100,00;100,00;100,00;100,00
23,519;23,247;23,338;23,465;23,818;23,798;100,00;100,00;100,00;100,00;100,00;100,00
23,359;23,22;23,173;23,562;23,937;23,955;100,00;100,00;100,00;100,00;100,00;100,00
23,22;23,218;23,262;23,466;23,848;23,764;100,00;100,00;100,00;100,00;100,00;100,00
23,474;23,316;23,248;23,552;24,165;24,017;100,00;100,00;100,00;100,00;100,00;100,00
23,63;23,519;23,454;23,899;25,191;26,335;100,00;100,00;100,00;100,00;100,00;100,00
23,729;23,663;23,654;24,584;25,717;25,491;100,00;100,00;100,00;100,00;100,00;100,00
23,627;23,287;23,678;24,452;24,948;27,879;100,00;100,00;100,00;100,00;100,00;82,87
23,532;23,561;23,683;24,363;26,335;27,811;100,00;100,00;100,00;100,00;100,00;76,25
23,64;23,383;23,798;24,778;26,22;28,87;100,00;100,00;100,00;100,00;100,00;74,75
23,459;23,606;24,094;26,197;26,505;29,447;100,00;100,00;100,00;100,00;93,07;70,00
23,447;23,692;24,546;26,905;26,387;28,943;100,00;100,00;100,00;100,00;88,20;71,77
23,495;23,699;25,97;27,188;26,195;27,262;100,00;100,00;100,00;100,00;82,77;77,45
23,477;23,397;25,826;26,002;26,342;27,025;100,00;100,00;100,00;100,00;80,10;75,35
23,197;25,777;25,925;26,569;26,716;26,626;100,00;100,00;100,00;100,00;79,80;77,75
23,487;26,478;26,074;26,564;26,764;27,414;100,00;100,00;100,00;100,00;78,02;75,65
23,541;26,399;26,372;27,259;26,655;27,629;100,00;100,00;81,77;100,00;78,02;73,85
23,654;27,141;26,968;27,607;26,925;27,683;100,00;86,25;77,17;79,27;77,15;73,85
24,003;27,14;27,316;27,851;27,208;28,171;100,00;90,35;76,57;75,42;77,15;71,17
23,914;26,029;27,518;28,229;27,36;27,99;100,00;93,32;75,95;75,12;75,07;73,25
24,126;25,751;27,795;28,895;27,814;29,217;100,00;94,20;75,65;77,50;75,67;67,07
24,508;25,937;28,128;29,606;28,881;29,243;100,00;91,55;78,70;72,45;70,10;67,95
24,801;26,843;26,92;29,331;28,411;29,832;100,00;90,35;87,97;74,52;74,50;68,22
24,864;25,771;26,342;27,141;27,967;27,337;100,00;93,92;89,52;86,22;81,90;82,57
24,625;25,563;26,316;26,871;27,49;27,055;100,00;92,42;93,30;88,65;84,27;86,22
24,961;25,939;26,69;27,008;27,931;27,175;100,00;93,32;90,77;87,72;84,87;80,75
25,047;26,144;26,508;27,137;27,594;27,829;100,00;93,92;91,42;89,57;80,70;86,85
25,196;26,636;26,286;27,127;27,769;27,951;100,00;91,82;95,20;89,87;83,97;80,45
24,98;25,555;25,787;26,619;27,115;26,889;100,00;95,70;97,75;93,25;88,50;89,62
24,98;25,256;25,691;26,309;27,052;26,641;100,00;99,30;99,35;95,40;90,62;93,95
24,943;25,313;25,665;26,309;27,041;26,269;100,00;99,30;99,02;96,02;91,55;93,32
24,957;25,528;25,904;26,361;27,365;26,636;100,00;99,00;98,70;96,32;87,90;96,77
24,972;25,548;25,925;26,439;27,067;26,582;100,00;99,60;99,67;96,32;91,25;93,02
24,961;25,433;25,674;26,266;26,872;26,778;100,00;100,00;100,00;96,95;90,62;92,70
24,977;25,345;25,658;26,2;27,188;26,65;100,00;100,00;100,00;98,50;91,25;95,52
24,995;25,345;25,566;25,959;26,777;26,233;100,00;100,00;100,00;99,75;96,45;96,77
24,972;25,234;25,307;25,719;25,945;26,157;100,00;100,00;100,00;100,00;100,00;99,27
25,561;25,78;25,82;25,378;26,028;25,843;100,00;100,00;100,00;100,00;100,00;100,00
28,295;26,841;26,421;25,934;25,856;26,86;100,00;100,00;100,00;100,00;100,00;97,07
29,17;28,014;26,73;26,304;26,003;27,007;100,00;100,00;100,00;100,00;97,37;92,70
28,963;27,934;26,967;26,353;27,118;27,07;100,00;100,00;100,00;95,72;92,45;89,62
30,194;28,703;27,538;26,767;27,873;28,095;100,00;100,00;100,00;92,62;89,42;87,45
31,075;27,893;27,126;27,714;28,284;29,029;100,00;97,80;91,42;80,17;81,60;77,45
29,951;27,279;28,107;27,946;28,386;28,772;100,00;96,90;91,10;81,97;85,47;82,87
30,463;27,299;28,114;28,092;28,957;28,758;100,00;98,40;85,17;83,80;80,40;78,95
30,933;27,545;28,621;28,508;29,87;28,946;100,00;98,40;83,62;82,27;74,77;79,55
29,768;27,632;28,924;28,705;30,05;29,238;100,00;95,40;79,62;81,67;69,82;73,55
28,798;28,054;29,02;29,303;30,442;29,927;100,00;94,80;82,70;78,10;69,25;74,75
27,825;28,237;29,266;29,153;30,706;30,712;100,00;91,25;83,92;84,10;73,32;79,85
27,351;28,234;29,503;29,306;30,743;30,076;100,00;91,25;76,57;76,30;68,37;72,67
27,734;28,976;29,921;29,835;31,62;31,169;100,00;90,95;79,32;81,07;66,62;70,00
27,71;29,118;30,59;30,034;30,82;32,592;100,00;91,55;81,45;78,10;78,92;62,40
27,72;29,399;30,936;30,098;31,279;32,468;100,00;85,65;82,07;79,27;72,45;69,12
27,753;29,406;30,584;30,685;31,632;33,048;100,00;90,65;79,62;69,82;77,15;60,67
27,666;29,018;31,242;30,788;31,514;32,833;100,00;90,05;81,15;80,47;71,85;70,00
27,601;29,333;30,757;31,863;31,968;33,129;100,00;88,60;81,77;68,35;67,50;59,52
27,686;28,952;29,814;31,596;32,471;33,06;100,00;81,60;85,80;74,52;66,62;62,12
27,747;29,137;31,098;31,033;32,054;32,507;100,00;91,55;76,87;82,27;72,15;74,45
27,577;29,025;30,641;31,438;32,135;33,301;100,00;89,77;79,32;73,35;62,90;59,80
27,752;29,474;30,703;32,184;32,626;34,403;100,00;88,87;85,47;73,35;60,05;53,82
27,77;29,371;31,172;31,38;32,631;32,874;100,00;92,42;83,62;81,07;71,57;67,35
27,8;29,382;31,091;31,601;33,111;33,991;100,00;89,17;80,55;77,80;70,97;61,82
27,719;29,61;31,234;32,274;33,389;33,377;100,00;88,60;65,17;69,52;59,22;56,10
27,664;29,149;30,497;34,059;33,236;35,137;100,00;85,37;77,47;53,45;59,50;48,78
27,858;29,445;30,527;33,705;33,587;34,45;100,00;89,47;81,77;53,72;62,62;52,40
27,847;29,618;30,311;33,287;33,261;34,409;100,00;91,25;80,22;70,70;60,05;58,67
27,678;28,954;29,342;32,471;32,126;34,047;100,00;88,30;87,35;73,05;72,15;58,10
27,279;28,497;28,46;30,494;30,412;31,907;100,00;90,65;91,42;85,60;85,80;75,65
27,022;27,714;27,82;29,285;29,86;30,133;100,00;88,60;95,52;90,47;85,47;80,45
26,369;27,675;27,819;28,629;29,021;28,889;100,00;85,65;92,35;92,02;87,00;89,30
26,052;27,368;27,371;28,742;28,939;29,247;100,00;90,95;92,05;87,12;82,50;82,27
26,011;26,84;27,183;28,056;28,273;28,537;100,00;94,80;93,30;88,05;89,72;90,85
26,108;26,679;27,021;27,795;27,801;28,336;100,00;98,70;97,75;88,05;93,37;89,62
26,097;26,615;26,713;27,582;27,643;27,95;100,00;97,20;97,75;93,85;90,02;91,47
26,124;26,892;26,675;27,005;27,594;27,717;100,00;94,50;98,37;95,72;92,15;90,55
25,989;26,221;26,488;27,259;27,349;27,276;100,00;100,00;99,02;94,47;93,07;94,90
25,94;26,53;26,636;26,869;27,163;27,315;100,00;96,90;97,75;95,40;92,15;89,00
25,885;26,183;26,057;26,886;26,701;26,75;100,00;99,30;100,00;92,92;94,60;93,65
25,598;25,795;25,792;26,23;26,272;26,253;100,00;100,00;100,00;98,50;95,52;95,82
25,58;25,659;25,74;26,051;26,012;25,985;100,00;100,00;96,80;98,50;94,00;98,65
25,328;25,746;25,714;25,963;26,264;26,097;100,00;91,82;98,37;96,32;91,85;94,27
25,275;25,351;25,459;25,905;25,98;26,279;100,00;99,90;100,00;96,02;94,90;89,92
25,202;25,182;25,205;25,583;25,488;25,914;100,00;100,00;99,67;96,02;97,37;96,15
24,966;24,948;25,042;25,287;25,255;25,29;100,00;100,00;100,00;98,20;97,37;98,65
24,943;24,898;25,115;25,205;25,168;25,307;100,00;100,00;99,97;97,87;97,67;97,07
24,998;24,99;25,256;25,174;25,355;25,354;100,00;100,00;99,02;98,20;94,90;96,15
24,864;24,992;24,934;25,429;25,331;25,546;100,00;96,00;100,00;95,40;92,45;93,32
24,804;24,755;25,126;24,951;25,25;25,086;100,00;99,00;100,00;100,00;96,75;99,60
24,823;24,911;24,936;25,471;25,345;25,566;100,00;100,00;100,00;95,10;95,82;93,95
24,741;24,675;24,716;25,078;25,024;25,224;100,00;100,00;100,00;98,82;97,37;98,35
24,716;24,567;24,661;24,846;24,876;24,688;100,00;100,00;100,00;99,75;98,92;100,00
24,697;24,719;24,848;24,861;25,127;25,234;100,00;100,00;100,00;98,82;95,22;94,57
24,778;24,737;25,199;24,913;25,313;25,066;100,00;100,00;96,47;98,82;93,67;96,77
24,807;24,832;24,764;25,34;25,095;25,407;100,00;100,00;100,00;94,17;95,82;93,02
24,723;24,599;24,722;24,922;24,761;24,855;100,00;100,00;100,00;100,00;98,92;98,97
24,763;24,814;24,898;24,851;25,004;24,945;100,00;99,00;100,00;98,50;96,45;97,07
24,816;24,755;24,714;24,916;24,875;25,047;100,00;100,00;100,00;98,82;98,60;97,70
24,781;24,638;24,743;24,802;24,925;24,972;100,00;100,00;100,00;100,00;98,00;98,97
24,817;24,697;24,69;24,845;24,908;24,972;100,00;100,00;100,00;99,45;98,60;98,35
24,766;24,672;24,714;24,817;24,804;24,926;100,00;100,00;100,00;100,00;99,85;99,27
24,743;24,694;24,659;24,776;24,799;24,869;100,00;100,00;100,00;100,00;98,92;98,97
24,697;24,507;24,587;24,644;24,64;24,713;100,00;100,00;100,00;100,00;99,55;99,92
24,623;24,534;24,517;24,775;24,766;24,846;100,00;100,00;100,00;99,45;98,00;98,65
24,438;24,392;24,426;24,597;24,478;24,455;100,00;100,00;100,00;100,00;100,00;100,00
24,487;24,337;24,37;24,437;24,389;24,343;100,00;100,00;100,00;100,00;100,00;100,00
24,466;24,363;24,354;24,363;24,454;24,443;100,00;100,00;100,00;100,00;100,00;100,00
24,414;24,302;24,336;24,381;24,451;24,431;100,00;100,00;100,00;100,00;99,22;100,00
24,503;24,323;24,314;24,476;24,384;24,543;100,00;100,00;100,00;99,45;99,85;98,35
24,438;24,272;24,278;24,334;24,392;24,41;100,00;100,00;100,00;100,00;98,30;100,00
24,399;24,311;24,301;24,358;24,36;24,52;100,00;100,00;100,00;100,00;98,00;97,70
24,416;24,278;24,251;24,389;24,343;24,393;100,00;100,00;100,00;98,82;97,67;98,35
24,236;24,086;24,204;24,348;24,281;24,308;100,00;100,00;100,00;98,50;98,30;98,97
24,183;24,114;24,135;24,293;24,254;24,272;100,00;100,00;100,00;98,82;97,67;97,70
24,156;24,014;24,074;24,207;24,02;24,089;100,00;100,00;100,00;100,00;100,00;100,00
24,174;23,999;24,121;24,031;24,18;23,936;100,00;100,00;97,42;100,00;94,30;100,00
23,985;23,892;24,166;24,32;24,28;24,313;100,00;97,80;93,62;91,70;90,32;91,15
23,917;23,976;24,018;24,443;24,502;24,537;100,00;93,62;99,67;88,95;87,90;88,37
23,85;23,768;24,008;24,162;24,18;24,414;100,00;100,00;94,57;93,55;91,25;89,62
23,835;23,812;23,528;24,255;24,361;24,558;100,00;99,00;100,00;90,17;89,10;87,15
23,238;22,901;21,651;22,388;21,686;22,487;100,00;100,00;100,00;100,00;100,00;100,00
22,576;21,739;21,511;21,367;21,204;21,269;100,00;100,00;100,00;100,00;100,00;100,00
22,531;21,828;21,481;21,3;21,235;21,366;100,00;100,00;100,00;100,00;100,00;100,00
22,415;21,874;21,432;21,271;21,134;21,242;100,00;100,00;100,00;100,00;100,00;100,00
22,584;22,047;21,545;21,211;21,179;21,174;100,00;100,00;100,00;100,00;100,00;100,00
22,467;22,011;21,626;21,32;21,287;21,272;100,00;100,00;100,00;100,00;100,00;100,00
22,19;22;21,594;21,419;21,357;21,392;100,00;100,00;100,00;100,00;100,00;100,00
22,319;21,727;21,637;21,449;21,364;21,354;100,00;100,00;100,00;100,00;100,00;100,00
22,257;21,7;21,62;21,483;21,346;21,315;100,00;100,00;100,00;100,00;100,00;100,00
22,212;21,747;21,749;21,459;21,489;21,378;100,00;100,00;100,00;100,00;100,00;100,00
22,473;22,082;21,822;21,495;21,444;21,412;100,00;100,00;100,00;100,00;100,00;100,00
22,369;22,117;21,838;21,492;21,357;21,44;100,00;100,00;100,00;100,00;100,00;100,00
22,375;21,834;21,841;21,631;21,434;21,441;100,00;100,00;100,00;100,00;100,00;100,00
22,618;22,023;21,817;21,576;21,582;21,464;100,00;100,00;100,00;100,00;100,00;100,00
22,222;21,877;21,862;21,652;21,467;21,536;100,00;100,00;100,00;100,00;100,00;100,00
22,433;22,142;21,838;21,455;21,541;21,41;100,00;100,00;100,00;100,00;100,00;100,00
22,425;22,17;21,765;21,495;21,4;21,443;100,00;100,00;100,00;100,00;100,00;100,00
22,537;22,121;21,633;21,536;21,4;21,395;100,00;100,00;100,00;100,00;100,00;100,00
22,473;22,14;21,733;21,489;21,363;21,412;100,00;100,00;100,00;100,00;100,00;100,00
22,569;22,109;21,844;21,419;21,394;21,403;100,00;100,00;100,00;100,00;100,00;100,00
22,434;21,999;21,624;21,364;21,33;21,331;100,00;100,00;100,00;100,00;100,00;100,00
22,222;21,987;21,713;21,349;21,376;21,351;100,00;100,00;100,00;100,00;100,00;100,00
22,304;22,139;21,624;21,437;21,366;21,354;100,00;100,00;100,00;100,00;100,00;100,00
22,451;22,139;21,816;21,45;21,424;21,426;100,00;100,00;100,00;100,00;100,00;100,00
22,422;21,93;21,881;21,496;21,415;21,403;100,00;100,00;100,00;100,00;100,00;100,00
22,206;21,887;21,838;21,554;21,464;21,44;100,00;100,00;100,00;100,00;100,00;100,00
22,354;21,828;21,75;21,547;21,544;21,489;100,00;100,00;100,00;100,00;100,00;100,00
22,221;21,927;21,716;21,542;21,473;21,458;100,00;100,00;100,00;100,00;100,00;100,00
22,193;21,782;21,709;21,526;21,462;21,464;100,00;100,00;100,00;100,00;100,00;100,00
22,428;21,935;21,829;21,588;21,655;21,51;100,00;100,00;100,00;100,00;100,00;100,00
22,354;21,933;21,843;21,652;21,529;21,511;100,00;100,00;100,00;100,00;100,00;100,00
22,446;22,066;21,831;21,576;21,538;21,527;100,00;100,00;100,00;100,00;100,00;100,00
22,558;22,14;21,886;21,605;21,538;21,547;100,00;100,00;100,00;100,00;100,00;100,00
22,458;21,983;21,916;21,624;21,579;21,581;100,00;100,00;100,00;100,00;100,00;100,00
22,384;22,05;21,872;21,611;21,578;21,557;100,00;100,00;100,00;100,00;100,00;100,00
22,304;21,881;21,773;21,666;21,603;21,562;100,00;100,00;100,00;100,00;100,00;100,00
22,175;21,791;21,713;21,7;21,602;21,623;100,00;100,00;100,00;100,00;100,00;100,00
22,222;21,838;21,733;21,64;21,575;21,471;100,00;100,00;100,00;100,00;100,00;100,00
22,304;21,767;21,734;21,654;21,6;21,596;100,00;100,00;100,00;100,00;100,00;100,00
22,242;21,788;21,736;21,66;21,602;21,597;100,00;100,00;100,00;100,00;100,00;100,00
22,267;21,829;21,741;21,643;21,569;21,578;100,00;100,00;100,00;100,00;100,00;100,00
22,3;21,834;21,741;21,645;21,581;21,545;100,00;100,00;100,00;100,00;100,00;100,00
22,243;21,846;21,799;21,628;21,636;21,611;100,00;100,00;100,00;100,00;100,00;100,00
22,288;21,856;21,807;21,698;21,643;21,618;100,00;100,00;100,00;100,00;100,00;100,00
22,424;21,938;21,901;21,698;21,633;21,627;100,00;100,00;100,00;100,00;100,00;100,00
22,389;22,102;21,924;21,75;21,612;21,637;100,00;100,00;100,00;100,00;100,00;100,00
22,413;22,158;21,817;21,678;21,623;21,651;100,00;100,00;100,00;100,00;100,00;100,00
22,415;22,103;21,807;21,673;21,621;21,637;100,00;100,00;100,00;100,00;100,00;100,00
22,412;21,892;21,829;21,681;21,67;21,612;100,00;100,00;100,00;100,00;100,00;100,00
22,434;21,908;21,829;21,731;21,66;21,691;100,00;100,00;100,00;100,00;100,00;100,00
22,539;22,188;21,841;21,704;21,642;21,642;100,00;100,00;100,00;100,00;100,00;100,00
22,449;21,948;21,807;21,682;21,62;21,626;100,00;100,00;100,00;100,00;100,00;100,00
22,422;21,899;21,841;21,663;21,631;21,611;100,00;100,00;100,00;100,00;100,00;100,00
22,473;21,983;21,902;21,713;21,673;21,617;100,00;100,00;100,00;100,00;100,00;100,00
22,475;22,179;21,978;21,749;21,645;21,661;100,00;100,00;100,00;100,00;100,00;100,00
22,412;22,169;21,878;21,7;21,651;21,634;100,00;100,00;100,00;100,00;100,00;100,00
22,446;21,924;21,874;21,759;21,709;21,692;100,00;100,00;100,00;100,00;100,00;100,00
22,413;22,051;21,907;21,749;21,704;21,663;100,00;100,00;100,00;100,00;100,00;100,00
22,415;21,981;21,853;21,749;21,667;21,636;100,00;100,00;100,00;100,00;100,00;100,00
22,349;21,983;21,935;21,727;21,727;21,683;100,00;100,00;100,00;100,00;100,00;100,00
22,489;21,98;21,892;21,822;21,719;21,698;100,00;100,00;100,00;100,00;100,00;100,00
22,448;22,012;21,895;21,783;21,731;21,704;100,00;100,00;100,00;100,00;100,00;100,00
22,472;22,041;21,975;21,774;21,7;21,701;100,00;100,00;100,00;100,00;100,00;100,00
22,394;22,023;21,881;21,783;21,676;21,664;100,00;100,00;100,00;100,00;100,00;100,00
22,287;21,875;21,795;21,673;21,568;21,593;100,00;100,00;100,00;100,00;100,00;100,00
22,31;21,877;21,744;21,654;21,566;21,514;100,00;100,00;100,00;100,00;100,00;100,00
22,287;21,825;21,71;21,6;21,52;21,526;100,00;100,00;100,00;100,00;100,00;100,00
22,199;21,829;21,724;21,541;21,508;21,492;100,00;100,00;100,00;100,00;100,00;100,00
22,175;21,831;21,752;21,642;21,554;21,511;100,00;100,00;100,00;100,00;100,00;100,00
22,205;21,78;21,733;21,612;21,464;21,514;100,00;100,00;100,00;100,00;100,00;100,00
22,246;21,807;21,676;21,59;21,426;21,44;100,00;100,00;100,00;100,00;100,00;100,00
22,221;21,724;21,724;21,527;21,438;21,404;100,00;100,00;100,00;100,00;100,00;100,00
22,178;21,724;21,59;21,554;21,364;21,334;100,00;100,00;100,00;100,00;100,00;100,00
22,145;21,686;21,602;21,422;21,358;21,352;100,00;100,00;100,00;100,00;100,00;100,00
22;21,704;21,615;21,452;21,36;21,369;100,00;100,00;100,00;100,00;100,00;100,00
22,054;21,686;21,563;21,395;21,383;21,337;100,00;100,00;100,00;100,00;100,00;100,00
22;21,777;21,547;21,437;21,373;21,351;100,00;100,00;100,00;100,00;100,00;100,00
21,988;21,663;21,624;21,434;21,437;21,391;100,00;100,00;100,00;100,00;100,00;100,00
22,191;21,681;21,634;21,548;21,465;21,429;100,00;100,00;100,00;100,00;100,00;100,00
22,088;21,797;21,611;21,523;21,376;21,397;100,00;100,00;100,00;100,00;100,00;100,00
22,099;21,752;21,464;21,421;21,34;21,302;100,00;100,00;100,00;100,00;100,00;100,00
22,088;21,553;21,461;21,357;21,294;21,245;100,00;100,00;100,00;100,00;100,00;100,00
21,962;21,651;21,504;21,349;21,336;21,309;100,00;100,00;100,00;100,00;100,00;100,00
22,038;21,559;21,489;21,392;21,326;21,334;100,00;100,00;100,00;100,00;100,00;100,00
21,987;21,559;21,498;21,397;21,256;21,223;100,00;100,00;100,00;100,00;100,00;100,00
21,881;21,633;21,516;21,367;21,259;21,256;100,00;100,00;100,00;100,00;100,00;100,00
22,006;21,559;21,582;21,334;21,271;21,242;100,00;100,00;100,00;100,00;100,00;100,00
22,175;21,826;21,615;21,351;21,234;21,217;100,00;100,00;100,00;100,00;100,00;100,00
22,06;21,764;21,596;21,348;21,237;21,302;100,00;100,00;100,00;100,00;100,00;100,00
22,103;21,755;21,461;21,311;21,254;21,241;100,00;100,00;100,00;100,00;100,00;100,00
22,081;21,792;21,453;21,348;21,28;21,272;100,00;100,00;100,00;100,00;100,00;100,00
22,078;21,762;21,434;21,312;21,234;21,232;100,00;100,00;100,00;100,00;100,00;100,00
22,038;21,741;21,418;21,278;21,192;21,216;100,00;100,00;100,00;100,00;100,00;100,00
22,047;21,713;21,357;21,259;21,177;21,192;100,00;100,00;100,00;100,00;100,00;100,00
22,094;21,633;21,432;21,214;21,192;21,176;100,00;100,00;100,00;100,00;100,00;100,00
22,078;21,764;21,47;21,234;21,096;21,189;100,00;100,00;100,00;100,00;100,00;100,00
22,026;21,657;21,533;21,231;21,179;21,109;100,00;100,00;100,00;100,00;100,00;100,00
22,021;21,703;21,498;21,296;21,201;21,207;100,00;100,00;100,00;100,00;100,00;100,00
22,063;21,753;21,345;21,253;21,201;21,205;100,00;100,00;100,00;100,00;100,00;100,00
22,045;21,774;21,205;21,208;21,096;21,173;100,00;100,00;100,00;100,00;100,00;100,00
22,021;21,636;21,211;21,108;21,084;21,102;100,00;100,00;100,00;100,00;100,00;100,00
21,883;21,529;21,235;21,091;21,078;21,073;100,00;100,00;100,00;100,00;100,00;100,00
21,825;21,514;21,302;21,087;21,025;21,054;100,00;100,00;100,00;100,00;100,00;100,00
21,837;21,308;21,248;21,105;20,999;20,939;100,00;100,00;100,00;100,00;100,00;100,00
21,761;21,241;21,125;21,128;21,023;21,102;100,00;100,00;100,00;100,00;100,00;100,00
21,678;21,152;21,133;21,045;20,903;21,029;100,00;100,00;100,00;100,00;100,00;100,00
21,701;21,455;21,056;20,945;20,839;20,866;100,00;100,00;100,00;100,00;100,00;100,00
21,788;21,211;21,245;20,823;21,042;20,989;100,00;100,00;100,00;100,00;100,00;100,00
21,774;21,401;21,195;21,124;21,017;21,014;100,00;100,00;100,00;100,00;100,00;100,00
21,813;21,275;21,176;21,094;21,014;20,999;100,00;100,00;100,00;100,00;100,00;100,00
21,785;21,262;21,136;21,068;20,95;20,979;100,00;100,00;100,00;100,00;100,00;100,00
21,707;21,237;21,066;20,946;20,853;20,831;100,00;100,00;100,00;100,00;100,00;100,00
21,669;21,18;21,035;20,879;20,863;20,825;100,00;100,00;100,00;100,00;100,00;100,00
21,664;21,226;21,048;20,906;20,859;20,868;100,00;100,00;100,00;100,00;100,00;100,00
21,649;21,254;21,02;20,894;20,879;20,844;100,00;100,00;100,00;100,00;100,00;100,00
21,814;21,173;21,093;20,919;20,91;20,856;100,00;100,00;100,00;100,00;100,00;100,00
21,655;21,234;21,036;20,962;20,819;20,831;100,00;100,00;100,00;100,00;100,00;100,00
21,565;21,201;21,008;20,912;20,825;20,798;100,00;100,00;100,00;100,00;100,00;100,00
21,56;21,036;20,992;20,868;20,857;20,811;100,00;100,00;100,00;100,00;100,00;100,00
21,618;21,161;21,168;20,903;20,856;20,876;100,00;100,00;100,00;100,00;100,00;100,00
21,62;21,372;21,041;20,885;20,782;20,811;100,00;100,00;100,00;100,00;100,00;100,00
21,651;21,112;20,962;20,913;20,82;20,786;100,00;100,00;100,00;100,00;100,00;100,00
21,614;21,099;20,964;20,823;20,762;20,765;100,00;100,00;100,00;100,00;100,00;100,00
21,73;21,158;21,118;20,831;20,865;20,774;100,00;100,00;100,00;100,00;100,00;100,00
21,608;21,217;21,112;20,831;20,783;20,742;100,00;100,00;100,00;100,00;100,00;100,00
21,462;21,096;20,942;20,863;20,823;20,77;100,00;100,00;100,00;100,00;100,00;100,00
21,421;21,1;20,945;20,865;20,799;20,767;100,00;100,00;100,00;100,00;100,00;100,00
21,551;21,016;21,05;20,831;20,742;20,755;100,00;100,00;100,00;100,00;100,00;100,00
21,685;21,257;21,075;20,833;20,773;20,786;100,00;100,00;100,00;100,00;100,00;100,00
21,683;21,199;21,069;20,786;20,711;20,705;100,00;100,00;100,00;100,00;100,00;100,00
21,59;21,078;20,893;20,709;20,646;20,662;100,00;100,00;100,00;100,00;100,00;100,00
21,461;21,118;20,878;20,712;20,644;20,641;100,00;100,00;100,00;100,00;100,00;100,00
21,346;20,833;20,731;20,745;20,604;20,64;100,00;100,00;100,00;100,00;100,00;100,00
21,409;20,771;20,724;20,637;20,595;20,6;100,00;100,00;100,00;100,00;100,00;100,00
21,305;20,816;20,718;20,644;20,567;20,583;100,00;100,00;100,00;100,00;100,00;100,00
21,296;20,751;20,709;20,62;20,563;20,567;100,00;100,00;100,00;100,00;100,00;100,00
21,283;20,813;20,832;20,641;20,609;20,557;100,00;100,00;100,00;100,00;100,00;100,00
21,32;20,838;20,774;20,671;20,606;20,589;100,00;100,00;100,00;100,00;100,00;100,00
21,435;21,054;20,851;20,663;20,603;20,583;100,00;100,00;100,00;100,00;100,00;100,00
21,435;21,156;20,885;20,672;20,629;20,637;100,00;100,00;100,00;100,00;100,00;100,00
21,357;21,17;20,908;20,711;20,687;20,634;100,00;100,00;100,00;100,00;100,00;100,00
21,382;21,111;20,839;20,722;20,622;20,628;100,00;100,00;100,00;100,00;100,00;100,00
21,608;20,995;20,915;20,677;20,622;20,604;100,00;100,00;100,00;100,00;100,00;100,00
21,4;21,025;20,811;20,669;20,594;20,579;100,00;100,00;100,00;100,00;100,00;100,00
21,314;20,903;20,722;20,643;20,591;20,555;100,00;100,00;100,00;100,00;100,00;100,00
21,318;20,791;20,777;20,64;20,603;20,583;100,00;100,00;100,00;100,00;100,00;100,00
21,382;20,894;20,792;20,662;20,619;20,591;100,00;100,00;100,00;100,00;100,00;100,00
21,516;21,002;20,831;20,709;20,653;20,616;100,00;100,00;100,00;100,00;100,00;100,00
21,357;21,128;20,822;20,7;20,69;20,674;100,00;100,00;100,00;100,00;100,00;100,00
21,426;21,182;20,988;20,731;20,737;20,686;100,00;100,00;100,00;100,00;100,00;100,00
21,461;21,235;20,964;20,808;20,801;20,715;100,00;100,00;100,00;100,00;100,00;100,00
21,388;21,063;20,995;20,876;20,884;20,745;100,00;100,00;100,00;100,00;100,00;100,00
21,481;21,078;21,014;20,902;20,902;20,774;100,00;100,00;100,00;100,00;100,00;100,00
21,53;21,143;20,977;20,924;20,97;20,896;100,00;100,00;100,00;100,00;100,00;100,00
21,654;21,257;21,161;20,903;20,94;20,838;100,00;100,00;100,00;100,00;100,00;100,00
21,734;21,428;21,317;21,023;21,06;20,952;100,00;100,00;100,00;100,00;100,00;100,00
21,715;21,603;21,369;21,093;21,082;21,146;100,00;100,00;100,00;100,00;100,00;100,00
21,819;21,565;21,372;20,97;20,971;21,068;100,00;100,00;100,00;100,00;100,00;100,00
21,804;21,615;21,434;21,014;21,05;21,007;100,00;100,00;100,00;100,00;100,00;100,00
21,804;21,792;21,29;21,207;21,131;21,002;100,00;100,00;100,00;100,00;100,00;100,00
21,828;21,768;21,498;21,167;21,216;21,045;100,00;100,00;100,00;100,00;100,00;100,00
21,896;21,776;21,524;21,112;21,186;21,084;100,00;100,00;100,00;100,00;100,00;100,00
21,987;21,874;21,578;21,116;21,275;21,159;100,00;100,00;100,00;100,00;100,00;100,00
21,972;21,898;21,728;21,162;21,388;21,266;100,00;100,00;100,00;100,00;100,00;100,00
22,067;22,087;21,944;21,373;21,527;21,329;100,00;100,00;100,00;100,00;100,00;100,00
22,166;22,279;21,936;21,541;21,551;21,508;100,00;100,00;100,00;100,00;100,00;100,00
22,191;22,087;21,522;21,348;21,55;21,349;100,00;100,00;100,00;100,00;100,00;100,00
21,883;22,021;21,288;21,351;21,597;21,375;100,00;100,00;100,00;100,00;100,00;100,00
21,759;21,86;21,37;21,404;21,725;21,401;100,00;100,00;100,00;100,00;100,00;100,00
22,053;21,98;21,499;21,556;21,849;21,492;100,00;100,00;100,00;100,00;100,00;100,00
22,105;21,828;21,881;21,672;21,968;21,669;100,00;100,00;100,00;100,00;100,00;100,00
22,215;22,018;22,206;22,018;22,352;21,811;100,00;100,00;100,00;100,00;100,00;100,00
22,376;22,472;22,416;22,225;22,237;21,938;100,00;100,00;100,00;100,00;100,00;100,00
22,518;22,513;21,838;22,188;22,433;22,276;100,00;100,00;100,00;100,00;100,00;100,00
22,388;22,27;22,313;22,398;22,793;22,464;100,00;100,00;100,00;100,00;100,00;100,00
22,521;22,31;22,366;22,385;22,694;22,398;100,00;100,00;100,00;100,00;100,00;100,00
22,616;22,61;22,609;22,492;22,764;22,257;100,00;100,00;100,00;100,00;100,00;100,00
22,655;22,916;22,237;22,859;23,169;22,833;100,00;100,00;100,00;100,00;100,00;100,00
22,539;22,89;22,73;22,8;23,305;22,461;100,00;100,00;100,00;100,00;100,00;100,00
22,818;22,929;22,887;23,268;23,295;22,513;100,00;100,00;100,00;100,00;100,00;100,00
22,823;23,031;23,145;23,544;23,571;23,193;100,00;100,00;100,00;100,00;100,00;100,00
22,868;23,447;23,577;23,687;23,756;23,368;100,00;100,00;100,00;100,00;100,00;100,00
22,98;23,759;23,35;24,469;24,263;23,762;100,00;100,00;100,00;100,00;97,07;100,00
23,16;24,314;22,567;24,166;24,112;24,165;100,00;100,00;100,00;100,00;94,90;100,00
23,079;22,993;23,085;23,741;24,082;24,404;100,00;100,00;100,00;100,00;94,90;100,00
23,358;24,366;23,259;24,186;24,411;24,552;100,00;100,00;100,00;100,00;95,22;93,95
23,434;24,672;23,764;24,587;24,44;24,395;100,00;100,00;100,00;97,87;90,92;88,37
23,394;24,236;23,835;24,916;24,165;23,737;100,00;100,00;100,00;94,47;91,85;90,55
23,422;23,978;25,081;24,826;24,816;24,031;100,00;100,00;100,00;96,65;90,32;89,92
23,815;23,869;27,696;26,361;25,15;24,793;100,00;100,00;100,00;91,10;87,00;82,57
24,115;24,079;29,105;27,968;26,16;25,905;100,00;100,00;100,00;89,87;83,37;79,25
24,056;25,809;27,912;26,82;25,798;25,791;100,00;100,00;100,00;80,47;82,77;79,55
24,364;27,42;26,589;28,348;25,985;26,296;100,00;100,00;100,00;80,77;84,57;75,05
24,24;26,584;26,104;27,326;26,313;25,893;100,00;100,00;100,00;80,47;82,50;78,65
24,36;28,065;27,035;27,196;26,065;25,056;100,00;100,00;100,00;81,97;81,60;78,65
24,884;27,289;25,939;27,967;26,413;26,229;100,00;100,00;96,47;80,17;81,00;76,85
25,473;27,095;26,349;27,279;26,415;26,012;100,00;100,00;93,62;79,87;81,30;79,25
25,398;28,009;27,486;27,296;26,701;26,054;100,00;100,00;91,72;79,57;80,70;80,45
26,806;27,521;27,736;27,42;26,9;26,161;100,00;100,00;87,02;83,50;79,20;78,05
27,957;27,883;27,27;26,786;26,939;26,109;100,00;90,95;80,22;83,80;79,80;76,85
26,381;26,302;26,963;27,084;26,811;26,576;100,00;89,77;82,70;80,17;78,32;76,55
25,615;25,641;26,499;26,886;26,999;26,642;100,00;98,40;90,77;82,27;81,90;77,75
25,331;25,647;26,733;26,521;27,148;26,987;100,00;99,90;87,65;84,10;79,50;76,55
25,004;25,551;26,352;26,365;26,569;26,578;100,00;97,20;84,55;84,40;75,67;73,85
24,869;25,243;26,341;26,482;26,616;26,492;100,00;96,90;86,72;83,80;76,25;76,25
24,784;25,077;26,267;26,338;26,63;26,544;100,00;93,92;84,85;82,57;81,00;74,45
24,579;25,071;26,18;26,296;26,465;26,686;100,00;93,02;87,35;83,80;74,20;75,95
24,676;25,395;26,35;26,18;26,593;26,542;100,00;99,60;86,72;83,50;82,77;76,55
24,732;25,465;26,252;26,163;26,877;26,811;100,00;98,10;89,52;85,90;84,57;76,25
24,826;25,508;26,476;26,37;26,784;26,976;100,00;98,70;91,10;89,87;87,90;79,25
24,849;25,567;26,51;26,399;26,869;27,358;100,00;99,90;91,42;93,85;91,55;79,55
24,851;25,484;26,281;26,338;26,792;27,188;100,00;99,00;86,10;92,92;88,80;79,85
24,832;25,5;26,329;26,35;26,755;27,005;100,00;99,30;93,62;88,35;87,60;81,05
24,893;25,87;26,524;26,347;26,88;27,072;100,00;99,60;92,35;93,55;84,57;81,35
25,047;25,757;26,885;26,447;27,041;26,823;100,00;99,90;92,67;85,90;81,60;82,57
25,287;26,247;26,831;26,629;27,262;27,278;100,00;100,00;86,10;89,25;83,67;83,80
25,194;26,21;26,362;26,872;26,912;26,951;100,00;97,80;94,25;84,70;81,60;81,65
24,974;25,896;26,275;26,475;26,667;26,726;100,00;98,10;87,97;83,50;85,47;76,85
24,863;25,525;25,769;26,213;26,461;26,352;100,00;99,30;97,10;89,87;87,30;86,22
24,767;25,259;25,706;26,049;26,177;26,238;100,00;97,80;99,02;85,60;87,00;83,47
24,797;25,506;25,82;25,957;26,329;26,352;100,00;98,70;99,35;94,77;92,77;85,62
24,81;25,636;26,06;25,921;26,558;26,928;100,00;100,00;98,37;100,00;94,60;95,20
24,987;25,864;26,213;26,296;27,079;27,365;100,00;99,30;96,47;97,87;92,45;91,47
24,966;25,934;26,246;26,428;26,865;27,469;100,00;99,00;97,42;97,27;96,15;88,37
24,946;25,931;26,345;26,416;26,834;27,148;100,00;99,60;97,42;96,95;93,37;91,47
25,054;26,121;26,476;26,493;27,025;27,186;100,00;100,00;96,80;96,02;88,80;81,05
25,104;26,166;26,458;26,77;27,278;27,307;100,00;99,00;97,10;97,27;90,92;91,47
25,167;26,134;26,552;26,681;27,011;27,546;100,00;99,30;96,47;94,47;88,80;87,77
25,194;26,006;26,723;26,516;27,007;27,467;100,00;99,60;97,10;93,85;86,40;83,17
25,194;26,118;26,797;26,943;27,374;27,817;100,00;99,30;90,47;93,25;81,30;86,22
25,154;26,22;26,837;26,866;27,433;28,085;100,00;99,00;93,62;81,07;82,20;79,85
25,162;26,239;26,698;26,875;27,427;27,858;100,00;98,40;94,25;90,77;85,17;82,87
25,354;26,381;26,933;26,848;27,663;27,943;100,00;97,80;90,77;83,80;81,00;81,97
25,426;26,579;27,185;26,973;28,308;28,126;100,00;97,20;91,10;81,97;75,95;79,25
25,474;26,541;27,115;27,183;28,319;28,402;100,00;96,30;91,42;81,97;76,85;75,65
25,432;26,641;27,203;27,428;28,672;28,749;100,00;97,80;87,02;76,30;71,85;72,95
25,328;26,547;26,908;28,301;28,2;28,955;100,00;96,30;90,47;80,17;83,67;77,15
25,264;26,321;26,954;27,629;28,436;28,802;100,00;95,40;89,22;81,97;81,90;73,55
25,234;26,349;27,041;27,895;28,373;28,735;100,00;96,60;89,22;86,22;82,77;80,45
25,334;26,416;27,134;28,093;28,779;28,783;100,00;97,80;88,27;83,20;78,92;81,05
25,34;26,519;26,795;28,256;28,317;28,943;100,00;97,80;93,92;81,67;85,17;77,75
25,362;26,324;26,738;27,279;27,948;28,405;100,00;97,20;95,52;92,02;82,50;88,07
25,355;26,529;26,797;27,688;28,598;28,563;100,00;97,80;95,82;84,70;79,20;74,75
25,471;26,638;27,143;27,998;28,821;28,243;100,00;99,60;94,87;85,00;69,52;78,95
25,473;26,487;27,138;28,007;28,722;28,247;100,00;97,50;94,25;83,50;73,90;78,35
25,509;26,556;27,138;28,104;28,312;27,848;100,00;97,80;95,52;81,37;77,72;80,45
25,496;26,549;27,069;27,878;28,361;28,399;100,00;97,20;94,87;81,67;77,15;79,85
25,447;26,527;27,09;27,795;28,276;28,286;100,00;96,90;94,87;88,65;76,55;78,05
25,458;26,533;27,115;27,803;28,615;28,482;100,00;96,00;94,25;85,60;73,90;78,35
25,476;26,67;27,151;27,914;28,592;28,695;100,00;97,20;93,62;84,40;81,30;77,45
25,451;26,562;27,146;27,995;28,821;28,887;100,00;98,40;95,20;87,42;79,80;73,85
25,413;26,456;27,194;28,2;28,364;28,98;100,00;97,20;93,62;86,52;82,50;82,27
25,386;26,445;27,134;27,72;28,413;28,894;100,00;96,30;91,42;88,35;83,97;81,97
25,343;26,384;26,874;27,725;28,042;28,724;100,00;97,20;93,62;87,72;85,80;79,55
25,291;26,333;26,718;27,369;27,365;28,218;100,00;99,30;92,05;86,52;89,10;84,40
25,167;26,166;26,315;26,832;26,862;27,917;100,00;98,10;95,82;91,70;89,10;84,10
25,174;26,014;26,21;26,659;26,895;27,688;100,00;99,90;97,10;88,95;86,40;85,92
25,018;25,875;26,14;26,584;26,803;27,731;100,00;99,00;97,10;90,77;88,20;81,97
24,919;25,852;26,045;26,584;26,928;27,465;100,00;99,00;95,82;93,25;87,90;86,55
24,879;25,846;26,325;26,453;26,826;27,526;100,00;99,30;94,25;91,40;87,00;85,62
24,983;25,973;26,325;26,982;27,535;27,78;100,00;99,60;95,82;89,87;86,70;82,57
24,995;25,994;26,792;27,163;28,009;27,887;100,00;99,90;92,67;90,47;83,37;85,00
25,059;26,06;26,882;27,861;27,939;27,898;100,00;99,30;92,05;85,00;84,57;83,47
25,012;26,052;26,679;27,936;27,928;28,064;100,00;95,40;96,47;85,90;85,17;83,80
25,021;26,226;26,641;27,365;28,02;28,16;100,00;97,20;97,10;91,40;84,57;83,47
25,095;26,167;26,559;27,14;27,884;28,062;100,00;94,80;97,42;90,17;85,47;83,80
25,086;26,134;26,413;27,093;27,464;27,873;100,00;94,20;96,15;90,47;87,30;85,62
25,054;26,198;26,362;26,806;27,354;27,848;100,00;92,72;97,75;95,10;88,50;86,55
25,039;26,207;26,353;26,858;27,233;27,814;100,00;93,62;97,10;90,17;85,47;83,47
25,034;26,213;26,445;26,905;27,161;27,998;100,00;93,32;95,52;88,05;84,87;82,87
24,955;26,147;26,408;27,095;27,643;27,842;100,00;93,62;94,57;85,00;83,07;82,57
24,952;25,947;26,324;26,905;27,484;27,716;100,00;95,70;94,25;87,72;82,77;84,70
24,841;25,806;26,058;26,681;27,03;27,442;100,00;95,10;93,92;89,87;85,17;84,10
24,829;25,684;25,83;26,318;26,666;27,061;100,00;96,00;97,42;89,57;87,00;85,62
24,728;25,509;25,558;26,118;26,289;26,888;100,00;95,40;94,87;90,77;87,60;85,00
24,653;25,269;25,522;25,885;26,06;26,547;100,00;96,60;96,15;88,95;85,80;84,40
24,572;25,158;25,333;25,76;26,089;26,333;100,00;96,60;99,67;91,10;89,72;85,32
24,464;24,972;25,154;25,57;25,713;26,071;100,00;98,70;99,67;95,72;93,37;91,77
24,26;24,785;24,864;25,288;25,342;25,789;100,00;97,50;97,75;97,27;95,82;93,95
24,292;24,625;24,887;25,159;25,261;25,494;100,00;98,70;99,97;94,17;95,82;95,20
24,248;24,561;24,811;25,085;25,238;25,464;100,00;100,00;100,00;97,27;96,45;95,52
24,24;24,537;24,723;24,942;25,104;25,287;100,00;100,00;100,00;98,50;97,07;96,15
24,222;24,514;24,614;24,826;25,212;25,256;100,00;100,00;100,00;99,45;94,90;95,82
24,159;24,428;24,485;24,829;25,101;25,296;100,00;100,00;100,00;100,00;95,52;95,52
24,159;24,357;24,461;24,738;24,942;25,091;100,00;100,00;100,00;99,75;95,82;96,15
24,215;24,364;24,448;24,843;24,77;24,945;100,00;100,00;100,00;97,57;96,75;96,77
24,159;24,337;24,67;24,744;24,772;24,758;100,00;100,00;100,00;98,20;97,07;98,02
24,188;24,376;24,647;24,819;24,69;24,734;100,00;100,00;100,00;97,57;96,75;97,70
24,175;24,323;24,503;24,667;24,617;24,631;100,00;100,00;100,00;97,57;97,67;98,02
24,144;24,246;24,345;24,597;24,556;24,623;100,00;100,00;100,00;98,20;97,67;98,35
24,074;24,141;24,263;24,448;24,425;24,535;100,00;100,00;100,00;99,12;98,00;98,65
24,026;24,13;24,295;24,446;24,262;24,364;100,00;100,00;100,00;98,50;98,92;98,97
24,022;24,077;24,141;24,209;24,101;24,18;100,00;100,00;100,00;100,00;99,85;100,00
23,981;23,957;24,052;24,12;24,02;24,091;100,00;100,00;100,00;100,00;99,85;100,00
23,913;23,893;23,993;23,991;23,892;23,899;100,00;100,00;100,00;100,00;100,00;100,00
23,875;23,854;23,893;23,886;23,809;23,86;100,00;100,00;100,00;100,00;100,00;100,00
23,836;23,808;23,744;23,844;23,702;23,77;100,00;100,00;100,00;100,00;100,00;100,00
23,665;23,692;23,628;23,744;23,678;23,681;100,00;100,00;100,00;100,00;100,00;100,00
23,553;23,49;23,493;23,631;23,492;23,625;100,00;100,00;100,00;100,00;100,00;100,00
23,637;23,468;23,437;23,41;23,447;23,457;100,00;100,00;100,00;100,00;100,00;100,00
23,636;23,465;23,52;23,442;23,425;23,419;100,00;100,00;100,00;100,00;100,00;100,00
23,639;23,489;23,486;23,436;23,316;23,388;100,00;100,00;100,00;100,00;100,00;100,00
23,561;23,439;23,413;23,31;23,236;23,254;100,00;100,00;100,00;100,00;100,00;100,00
23,501;23,395;23,388;23,259;23,175;23,208;100,00;100,00;100,00;100,00;100,00;100,00
23,442;23,307;23,305;23,268;23,217;23,239;100,00;100,00;100,00;100,00;98,92;100,00
23,377;23,212;23,358;23,272;23,307;23,379;100,00;100,00;100,00;99,12;96,75;97,70
23,323;23,154;23,188;23,266;23,001;23,103;100,00;100,00;100,00;98,50;99,22;99,92
23,203;23,028;23,091;23,029;22,922;22,938;100,00;100,00;100,00;99,75;99,22;100,00
23,197;22,998;22,979;22,949;22,956;22,911;100,00;100,00;100,00;100,00;98,60;100,00
23,064;22,907;22,887;22,895;22,741;22,817;100,00;100,00;100,00;100,00;99,85;100,00
23,019;22,851;22,836;22,869;22,985;22,76;100,00;100,00;100,00;99,75;97,07;100,00
22,971;22,763;22,751;22,869;22,733;22,824;100,00;100,00;100,00;99,45;99,85;99,92
22,938;22,736;22,735;22,736;22,726;22,685;100,00;100,00;100,00;100,00;99,22;100,00
22,886;22,693;22,687;22,736;22,616;22,599;100,00;100,00;100,00;99,75;99,85;100,00
22,773;22,655;22,625;22,606;22,519;22,518;100,00;100,00;100,00;100,00;100,00;100,00
22,824;22,621;22,56;22,466;22,395;22,416;100,00;100,00;100,00;100,00;100,00;100,00
22,691;22,569;22,622;22,448;22,469;22,455;100,00;100,00;100,00;100,00;99,55;100,00
22,684;22,518;22,557;22,524;22,481;22,587;100,00;100,00;100,00;100,00;99,85;100,00
22,676;22,495;22,467;22,445;22,372;22,325;100,00;100,00;100,00;100,00;100,00;100,00
22,519;22,307;22,282;22,394;22,298;22,403;100,00;100,00;100,00;100,00;100,00;100,00
22,537;22,298;22,2;22,137;22,413;22,384;100,00;100,00;100,00;100,00;99,85;100,00
22,545;22,181;22,115;22,304;22,269;22,428;100,00;100,00;100,00;100,00;100,00;100,00
22,488;22,216;22,131;22,295;22,205;22,284;100,00;100,00;100,00;100,00;100,00;100,00
22,521;22,152;22,118;22,129;22,31;22,273;100,00;100,00;100,00;100,00;99,85;100,00
22,466;22,137;22,07;22,304;22,318;22,37;100,00;100,00;100,00;100,00;99,85;100,00
22,515;22,185;22,094;22,163;22,202;22,145;100,00;100,00;100,00;100,00;100,00;100,00
22,404;22,142;22,042;22,133;22,134;22,127;100,00;100,00;100,00;100,00;100,00;100,00
22,149;21,875;21,923;22,158;22,047;22,188;100,00;100,00;100,00;100,00;100,00;100,00
22,248;21,92;21,924;21,878;22,063;22,06;100,00;100,00;100,00;100,00;100,00;100,00
22,339;21,963;21,974;21,974;22,082;22,161;100,00;100,00;100,00;100,00;100,00;100,00
22,367;21,959;22,012;21,984;22,117;22,097;100,00;100,00;100,00;100,00;100,00;100,00
22,285;21,88;21,807;21,951;22,014;22,015;100,00;100,00;100,00;100,00;100,00;100,00
22,216;21,807;21,734;21,721;21,843;21,916;100,00;100,00;100,00;100,00;100,00;100,00
22,288;21,75;21,694;21,752;21,707;21,834;100,00;100,00;100,00;100,00;100,00;100,00
22,169;21,706;21,663;21,673;21,761;21,78;100,00;100,00;100,00;100,00;100,00;100,00
22,093;21,683;21,624;21,633;21,736;21,817;100,00;100,00;100,00;100,00;100,00;100,00
22,127;21,765;21,692;21,661;21,98;21,797;100,00;100,00;100,00;100,00;100,00;100,00
22,16;21,831;21,831;21,829;21,948;21,874;100,00;100,00;100,00;100,00;100,00;100,00
22,287;21,914;21,856;21,93;21,896;21,938;100,00;100,00;100,00;100,00;100,00;100,00
22,255;21,932;21,797;21,944;21,913;21,953;100,00;100,00;100,00;100,00;100,00;100,00
22,182;21,835;21,724;21,791;21,736;21,758;100,00;100,00;100,00;100,00;100,00;100,00
22,066;21,794;21,703;21,759;21,959;21,752;100,00;100,00;100,00;100,00;100,00;100,00
22,021;21,6;21,553;21,862;21,736;21,837;100,00;100,00;100,00;100,00;100,00;100,00
21,953;21,599;21,571;21,55;21,67;21,764;100,00;100,00;100,00;100,00;100,00;100,00
22,12;21,516;21,467;21,62;21,648;21,768;100,00;100,00;100,00;100,00;100,00;100,00
21,933;21,532;21,49;21,532;21,626;21,704;100,00;100,00;100,00;100,00;100,00;100,00
21,913;21,395;21,542;21,536;21,542;21,636;100,00;100,00;100,00;100,00;100,00;100,00
21,927;21,523;21,499;21,591;21,637;21,727;100,00;100,00;100,00;100,00;100,00;100,00
21,868;21,406;21,434;21,571;21,578;21,614;100,00;100,00;100,00;100,00;100,00;100,00
21,895;21,435;21,428;21,44;21,495;21,492;100,00;100,00;100,00;100,00;100,00;100,00
21,892;21,378;21,409;21,492;21,45;21,51;100,00;100,00;100,00;100,00;100,00;100,00
21,895;21,403;21,41;21,453;21,502;21,608;100,00;100,00;100,00;100,00;100,00;100,00
21,852;21,41;21,395;21,473;21,508;21,657;100,00;100,00;100,00;100,00;100,00;100,00
21,901;21,419;21,366;21,633;21,495;21,855;100,00;100,00;100,00;100,00;100,00;100,00
21,904;21,355;21,337;21,588;21,447;21,606;100,00;100,00;100,00;100,00;100,00;100,00
21,899;21,431;21,333;21,456;21,496;21,542;100,00;100,00;100,00;100,00;100,00;100,00
21,874;21,385;21,287;21,678;21,566;21,666;100,00;100,00;100,00;100,00;100,00;100,00
21,621;21,259;21,248;21,337;21,493;21,486;100,00;100,00;100,00;100,00;100,00;100,00
21,709;21,386;21,299;21,324;21,514;21,524;100,00;100,00;100,00;100,00;100,00;100,00
21,791;21,443;21,32;21,373;21,444;21,456;100,00;100,00;100,00;100,00;100,00;100,00
21,877;21,38;21,302;21,464;21,437;21,524;100,00;100,00;100,00;100,00;100,00;100,00
21,792;21,317;21,253;21,372;21,52;21,443;100,00;100,00;100,00;100,00;100,00;100,00
21,655;21,201;21,143;21,219;21,323;21,486;100,00;100,00;100,00;100,00;100,00;100,00
21,582;21,213;21,182;21,364;21,481;22,212;100,00;100,00;100,00;100,00;100,00;98,35
21,599;21,154;21,116;21,139;21,437;21,486;100,00;100,00;100,00;100,00;100,00;100,00
21,675;21,315;21,162;21,214;21,36;21,397;100,00;100,00;100,00;100,00;100,00;100,00
21,621;21,315;21,179;21,272;21,293;21,323;100,00;100,00;100,00;100,00;100,00;100,00
21,609;21,121;21,094;21,242;21,186;21,351;100,00;100,00;100,00;100,00;100,00;100,00
21,614;21,257;21,128;21,131;21,257;21,247;100,00;100,00;100,00;100,00;100,00;100,00
21,559;21,217;21,145;21,158;21,192;21,188;100,00;100,00;100,00;100,00;100,00;100,00
21,599;21,121;21,047;21,211;21,099;21,223;100,00;100,00;100,00;100,00;100,00;100,00
21,48;21,22;21,02;21,094;21,119;21,162;100,00;100,00;100,00;100,00;100,00;100,00
21,523;21,036;21,057;20,99;21,082;21,025;100,00;100,00;100,00;100,00;100,00;100,00
21,474;21,054;21,016;21,053;20,989;21,039;100,00;100,00;100,00;100,00;100,00;100,00
21,636;21,039;20,995;20,992;20,979;21,164;100,00;100,00;100,00;100,00;100,00;100,00
21,565;21,128;21,057;20,939;21,023;21,022;100,00;100,00;100,00;100,00;100,00;100,00
21,675;21,056;21,03;21,025;20,986;21,704;100,00;100,00;100,00;100,00;100,00;99,27
21,541;21,111;21,014;21,002;20,971;21,122;100,00;100,00;100,00;100,00;100,00;100,00
21,566;21,065;20,985;21,051;20,979;21,042;100,00;100,00;100,00;100,00;100,00;100,00
21,461;21,108;20,973;21,013;21,023;21,039;100,00;100,00;100,00;100,00;100,00;100,00
21,443;20,93;20,902;20,986;20,943;20,985;100,00;100,00;100,00;100,00;100,00;100,00
21,481;21,002;20,927;20,866;20,853;20,893;100,00;100,00;100,00;100,00;100,00;100,00
21,465;21,111;20,974;20,865;20,804;20,866;100,00;100,00;100,00;100,00;100,00;100,00
21,432;20,943;20,897;20,968;20,976;20,971;100,00;100,00;100,00;100,00;100,00;100,00
21,449;21,004;20,881;20,856;20,93;20,965;100,00;100,00;100,00;100,00;100,00;100,00
21,36;20,833;20,819;20,853;20,757;20,869;100,00;100,00;100,00;100,00;100,00;100,00
21,321;20,767;20,792;20,72;20,825;20,808;100,00;100,00;100,00;100,00;100,00;100,00
21,259;20,882;20,751;20,757;20,749;20,757;100,00;100,00;100,00;100,00;100,00;100,00
21,188;20,813;20,703;20,699;20,62;20,697;100,00;100,00;100,00;100,00;100,00;100,00
21,105;20,709;20,721;20,619;20,536;20,566;100,00;100,00;100,00;100,00;100,00;100,00
21,238;20,868;20,651;20,595;20,53;20,549;100,00;100,00;100,00;100,00;100,00;100,00
21,167;20,607;20,674;20,597;20,523;20,578;100,00;100,00;100,00;100,00;100,00;100,00
21,231;20,734;20,654;20,684;20,607;20,694;100,00;100,00;100,00;100,00;100,00;100,00
21,162;20,665;20,671;20,628;20,615;20,662;100,00;100,00;100,00;100,00;100,00;100,00
21,216;20,691;20,579;20,595;20,552;20,613;100,00;100,00;100,00;100,00;100,00;100,00
21,103;20,595;20,58;20,507;20,588;20,496;100,00;100,00;100,00;100,00;100,00;100,00
21,199;20,669;20,641;20,563;20,659;20,504;100,00;100,00;100,00;100,00;100,00;100,00
21,214;20,625;20,585;20,564;20,523;20,517;100,00;100,00;100,00;100,00;100,00;100,00
21,109;20,686;20,569;20,529;20,498;20,507;100,00;100,00;100,00;100,00;100,00;100,00
20,959;20,539;20,461;20,529;20,521;20,474;100,00;100,00;100,00;100,00;100,00;100,00
20,949;20,517;20,517;20,496;20,455;20,453;100,00;100,00;100,00;100,00;100,00;100,00
20,979;20,619;20,462;20,379;20,382;20,34;100,00;100,00;100,00;100,00;100,00;100,00
20,949;20,447;20,371;20,369;20,338;20,331;100,00;100,00;100,00;100,00;100,00;100,00
20,945;20,399;20,371;20,329;20,28;20,3;100,00;100,00;100,00;100,00;100,00;100,00
20,927;20,35;20,375;20,301;20,266;20,241;100,00;100,00;100,00;100,00;100,00;100,00
20,873;20,447;20,326;20,273;20,227;20,177;100,00;100,00;100,00;100,00;100,00;100,00
20,844;20,394;20,323;20,22;20,189;20,192;100,00;100,00;100,00;100,00;100,00;100,00
20,915;20,331;20,294;20,45;20,275;20,456;100,00;100,00;100,00;100,00;100,00;100,00
20,872;20,331;20,316;20,314;20,211;20,254;100,00;100,00;100,00;100,00;100,00;100,00
20,745;20,266;20,343;20,269;20,18;20,239;100,00;100,00;100,00;100,00;100,00;100,00
20,712;20,286;20,239;20,257;20,137;20,263;100,00;100,00;100,00;100,00;100,00;100,00
20,799;20,332;20,211;20,155;20,061;20,097;100,00;100,00;100,00;100,00;100,00;100,00
20,77;20,251;20,171;20,093;20,038;20,056;100,00;100,00;100,00;100,00;100,00;100,00
20,802;20,303;20,213;20,069;20;20,068;100,00;100,00;100,00;100,00;100,00;100,00
20,879;20,316;20,213;20,078;20,035;20,074;100,00;100,00;100,00;100,00;100,00;100,00
20,905;20,278;20,223;20,096;19,979;20,075;100,00;100,00;100,00;100,00;100,00;100,00
20,95;20,319;20,279;20,185;20,072;20,125;100,00;100,00;100,00;100,00;100,00;100,00
20,795;20,266;20,168;20,094;20,027;20,174;100,00;100,00;100,00;100,00;100,00;100,00
20,771;20,269;20,223;20,1;20,069;20,117;100,00;100,00;100,00;100,00;100,00;100,00
20,771;20,3;20,187;20,071;19,987;19,993;100,00;100,00;100,00;100,00;100,00;100,00
20,817;20,195;20,131;20,124;20,059;20,056;100,00;100,00;100,00;100,00;100,00;100,00
20,761;20,114;20,081;20,038;20,083;20,031;100,00;100,00;100,00;100,00;100,00;100,00
20,674;20,086;20,089;20,049;20,002;20,043;100,00;100,00;100,00;100,00;100,00;100,00
20,629;20,053;20,059;20,049;20,009;20,043;100,00;100,00;100,00;100,00;100,00;100,00
20,634;20,019;20,018;19,937;19,833;19,91;100,00;100,00;100,00;100,00;100,00;100,00
20,746;20,046;19,978;19,917;19,835;19,957;100,00;100,00;100,00;100,00;100,00;100,00
20,561;20,041;19,975;19,836;19,791;19,77;100,00;100,00;100,00;100,00;100,00;100,00
20,561;20,068;19,969;19,86;19,835;19,842;100,00;100,00;100,00;100,00;100,00;100,00
20,61;20,049;19,965;19,864;19,816;19,82;100,00;100,00;100,00;100,00;100,00;100,00
20,649;20,081;19,981;19,869;19,805;19,811;100,00;100,00;100,00;100,00;100,00;100,00
20,647;20,072;20,013;19,87;19,817;19,822;100,00;100,00;100,00;100,00;100,00;100,00
20,805;20,111;20,059;19,888;19,823;19,839;100,00;100,00;100,00;100,00;100,00;100,00
20,686;20,192;20,146;19,906;19,851;19,847;100,00;100,00;100,00;100,00;100,00;100,00
20,632;20,235;20,173;19,95;19,889;19,864;100,00;100,00;100,00;100,00;100,00;100,00
20,712;20,205;20,207;19,999;19,9;19,894;100,00;100,00;100,00;100,00;100,00;100,00
20,745;20,251;20,202;20,038;19,948;19,938;100,00;100,00;100,00;100,00;100,00;100,00
20,551;20,223;20,171;20,038;19,934;19,923;100,00;100,00;100,00;100,00;100,00;100,00
20,697;20,238;20,198;20,031;19,959;19,945;100,00;100,00;100,00;100,00;100,00;100,00
20,649;20,413;20,251;20,074;19,984;19,99;100,00;100,00;100,00;100,00;100,00;100,00
20,764;20,335;20,251;20,112;20,002;20,058;100,00;100,00;100,00;100,00;100,00;100,00
20,718;20,359;20,31;20,108;20,074;20,09;100,00;100,00;100,00;100,00;100,00;100,00
20,665;20,446;20,312;20,097;20,093;20,146;100,00;100,00;100,00;100,00;100,00;100,00
20,666;20,35;20,348;20,224;20,216;20,27;100,00;100,00;100,00;100,00;100,00;100,00
20,743;20,483;20,387;20,242;20,229;20,341;100,00;100,00;100,00;100,00;100,00;100,00
20,767;20,366;20,39;20,264;20,186;20,476;100,00;100,00;100,00;100,00;100,00;100,00
20,826;20,436;20,467;20,345;20,371;20,422;100,00;100,00;100,00;100,00;100,00;100,00
20,656;20,366;20,456;20,418;20,381;20,517;100,00;100,00;100,00;100,00;100,00;100,00
20,697;20,504;20,487;20,443;20,424;20,478;100,00;100,00;100,00;100,00;100,00;100,00
20,671;20,617;20,629;20,563;20,532;20,588;100,00;100,00;100,00;100,00;100,00;100,00
20,882;20,663;20,767;20,632;20,663;20,697;100,00;100,00;100,00;100,00;100,00;100,00
20,936;20,758;20,847;20,788;20,759;20,851;100,00;100,00;100,00;100,00;100,00;100,00
20,928;20,774;20,906;20,868;20,82;20,979;100,00;100,00;100,00;100,00;100,00;100,00
20,974;20,928;21,03;20,946;20,968;21,085;100,00;100,00;100,00;100,00;100,00;100,00
21,158;20,979;21,137;21,082;21,09;21,262;100,00;100,00;100,00;100,00;100,00;100,00
21,122;21,051;21,228;21,272;21,339;21,391;100,00;100,00;100,00;100,00;100,00;100,00
21,173;21,094;21,299;21,364;21,507;21,614;100,00;100,00;100,00;99,45;99,85;100,00
21,165;21,191;21,424;21,523;21,709;21,834;100,00;100,00;100,00;99,45;99,55;100,00
21,105;21,257;21,654;21,658;21,801;22,005;100,00;100,00;100,00;100,00;100,00;99,27
20,939;21,318;21,807;21,923;22,1;22,129;100,00;100,00;96,47;97,27;93,07;99,27
21,275;21,351;22,066;22,194;22,369;22,838;100,00;100,00;96,80;96,95;96,75;96,15
21,162;21,45;22,127;22,484;22,678;23,365;100,00;100,00;95,20;96,32;93,67;91,15
21,159;21,566;22,369;22,455;22,923;25,285;100,00;100,00;93,30;92,62;89,42;83,17
21,229;21,704;22,691;22,706;24,16;24,634;100,00;99,90;91,72;89,57;83,97;78,05
21,283;21,841;22,965;23,41;25,632;25,398;100,00;100,00;89,85;86,52;79,50;73,25
21,173;21,963;23,55;23,914;26,157;25,439;100,00;98,40;85,47;82,87;75,67;73,85
21,34;22,364;23,622;25,197;26,083;25,976;100,00;94,50;85,17;79,27;76,55;71,47
21,375;22,509;24,51;27,021;26,53;25,862;100,00;93,62;82,07;72,75;73,60;73,25
21,428;22,7;24,79;27,096;26,922;27,45;100,00;94,80;79,00;72,17;72,72;67,65
21,675;22,993;29,954;28,142;27,77;27,798;100,00;90,65;60,47;68,65;69,52;65,30
21,747;23,161;32,054;28,281;26,573;28,719;100,00;90,65;50,38;68,95;69,52;62,12
21,737;23,853;27,528;28,253;26,647;27,755;100,00;85,37;68,15;64,87;69,25;64,72
21,731;29,816;25,558;30,026;27,633;27,828;100,00;64,57;76,57;59,70;67,22;65,60
21,799;31,354;25,545;28,823;27,134;29,018;100,00;54,20;81,45;68,35;74,20;66,47
22;32,765;25,818;28,887;27,209;29,028;100,00;51,78;79,92;71,00;70,40;64,72
22,085;32,135;26,963;29,363;27,225;28,968;100,00;54,20;75,35;70,70;72,72;65,02
22,685;30,074;27,82;29,746;27,016;28,777;100,00;63,20;74,15;70,10;74,20;66,17
22,597;26,843;30,288;29,572;27,568;27,964;100,00;76,12;66,35;72,17;69,82;70,30
22,711;26,247;33,728;29,221;27,82;28,741;100,00;83,32;58,42;67,20;70,97;65,60
23,031;25,93;32,628;29,213;28,02;28,779;100,00;82,45;59,30;71,00;70,40;67,35
23,4;29,233;33,026;29,973;27,883;28,794;100,00;69,32;57,27;65,45;69,25;66,77
23,514;30,736;33,241;29,626;27,911;29,203;100,00;64,87;55,82;67,77;70,40;66,47
23,531;30,775;30,891;29,38;28,292;29,167;100,00;66,80;67,25;67,20;68,37;67,07
23,964;30,592;30,497;29,542;28,414;29,644;100,00;64,87;68,72;69,22;66,92;64,45
25,365;31,154;29,918;30,205;28,782;28,946;100,00;62,92;68,45;63,42;66,92;65,30
26,349;30,202;29,262;28,916;28,483;28,802;100,00;65,97;70,52;71,27;65,77;67,35
26,2;30,561;28,823;28,947;29,056;28,925;100,00;64,87;75,65;71,27;64,62;65,90
27,655;29,97;30,044;28,794;29,184;29,382;99,20;71,57;64,57;70,10;63,47;64,72
30,495;29,666;29,671;29,56;28,958;29,504;86,55;70,45;66,95;64,87;67,22;64,45
32,343;29,474;30,322;29,025;29,458;29,773;85,35;74,97;63,40;64,87;64,35;63,27
32,45;30,272;29,561;29,533;29,493;29,312;84,42;73,85;69,32;64,57;62,90;65,02
33,292;31,679;29,782;29,257;29,393;29,668;81,70;71,87;66,05;67,77;64,35;65,60
34,242;31,467;30,128;30,248;29,541;29,848;79,90;70,75;65,77;65,15;63,47;64,15
34,851;30,996;29,685;29,878;29,727;29,295;76,92;67,92;66,95;64,30;63,77;64,72
35,115;31,799;30,052;30,114;29,566;29,353;72,75;68,50;65,77;63,15;64,62;65,02
34,992;32,018;30,229;30,116;30,173;29,865;71,00;68,50;63,40;62,55;62,32;64,15
35,247;30,264;30,522;29,922;30,767;30,192;69,52;65,42;66,05;64,00;61,47;62,97
35,083;31,892;29,87;30,677;30,292;30,915;73,05;70,17;74,15;62,27;62,32;61,55
35,29;30,224;30,572;29,981;30,285;29,72;69,82;67,37;62,80;64,30;62,62;63,85
35,248;29,593;30,476;30,469;30,441;30,098;74,25;71,87;61,35;63,42;60,35;63,27
35,339;29,653;30,825;30,45;30,258;30,223;72,17;65,42;61,65;61,40;61,77;62,97
34,384;30,146;31,185;30,667;30,962;30,18;70,70;62,37;59,60;60,85;59,77;61,25
34,271;29,878;31,692;30,54;30,627;30,449;71,87;64,02;57,85;59,97;58,65;60,67
33,281;29,477;32,212;30,748;31,128;30,876;74,52;67,92;56,97;61,12;59,22;60,10
31,198;30,216;31,172;30,661;30,994;30,998;87,17;62,10;60,17;60,27;58,92;59,22
30,106;29,719;31,414;30,981;31,396;30,699;90,22;65,70;59,87;61,12;58,07;59,52
28,991;29,879;30,804;30,831;31,004;31,224;94,85;63,47;59,87;60,27;58,07;58,67
28,631;29,762;30,572;30,938;31,698;30,909;94,85;64,87;59,00;59,12;55,82;58,95
28,749;30,013;31,721;30,886;31,633;30,954;94,52;63,47;55,82;58,82;56,10;58,67
28,672;30,144;32,862;31,143;31,586;31,193;95,15;66,25;54,95;57,70;55,82;57,80
28,891;29,87;32,272;31,953;31,454;31,773;95,15;63,20;54,67;57,70;57,52;56,95
29,938;30,196;32,891;31,396;31,591;31,237;91,45;61,27;54,37;58,55;56,40;57,80
28,505;29,854;32,644;31,531;31,394;31,711;91,45;65,97;52,08;58,55;55,00;56,37
28,193;30,103;33,567;32,071;32,121;31,896;96,70;64,02;50,65;56,00;55,82;56,10
27,984;29,9;31,845;31,858;31,391;32,354;97,95;65,97;55,82;56,85;56,67;54,95
27,931;30,96;32,223;31,495;31,653;31,232;93,92;60,17;55,52;58,27;55,55;57,22
27,781;30,288;32,412;32,022;32,079;31,93;97,65;61,55;54,37;56,00;54,70;56,10
27,951;30,701;33,422;31,651;32,228;31,622;95,77;61,55;52,95;55,70;55,82;57,22
27,677;30,12;32,226;31,734;32,018;31,729;93,00;63,20;54,95;57,12;54,42;55,80
27,677;30,232;32,187;32,358;32,072;31,646;91,75;61,00;54,10;54,57;52,75;54,95
27,626;30,322;31,928;32,872;32,373;32,509;95,77;62,92;57,27;53,17;55,27;54,10
27,605;30,45;31,54;32,249;32,004;31,607;96,70;61,27;59,30;55,15;55,00;56,67
27,758;30,498;31,69;32,717;32,244;32,18;93,00;64,57;56,97;54,02;53,60;55,25
27,549;30,085;31,386;32,9;32,04;32,271;97,65;69,05;57,85;54,85;54,15;55,80
27,682;30,079;31,879;33,154;32,267;32,325;95,77;63,20;54,95;52,33;53,60;52,70
27,658;30,199;31,829;33,076;32,419;32,051;93,60;65,15;57,55;50,93;51,65;52,97
27,638;30,744;31,282;33,628;32,545;32,353;95,47;62,65;60,47;51,48;52,20;52,70
27,697;30,941;32,113;32,345;32,069;31,881;92,37;56,07;55,52;54,30;52,20;53,82
27,748;30,922;32,185;32,498;32,3;32,509;94,52;59,07;55,52;52,05;51,93;51,85
27,486;30,133;31,687;33,671;32,927;32,483;95,47;70,45;54,95;50,65;49,43;51,58
27,546;30,444;32,382;32,732;33,149;32,575;93,60;59,62;50,65;51,20;46,68;51,28
27,666;31,107;32,243;33,084;32,823;33,013;97,02;56,62;54,10;49,25;52,75;49,33
27,57;30,436;32,002;32,881;32,98;32,997;96,40;64,87;54,67;51,48;51,38;49,60
27,518;30,553;31,907;32,886;32,967;32,653;97,65;62,65;52,65;52,33;50,53;51,58
27,56;30,749;31,185;32,468;33,121;32,843;97,02;67,65;62,22;50,08;53,32;50,45
27,481;29,809;31,162;32,6;32,493;32,839;95,47;68,50;57,55;51,78;49,98;48,48
27,29;29,641;31,54;32,345;32,535;32,616;96,70;73,00;59,60;50,93;50,25;50,18
27,318;29,879;32,053;32,755;33,156;32,447;95,15;67,65;54,67;50,38;48,88;49,88
27,385;29,924;31,354;32,695;33,002;32,733;93,30;71,87;59,30;53,72;49,15;48,48
27,209;30,154;31,537;32,671;32,717;32,452;95,47;66,80;54,37;50,08;48,33;47,65
27,213;30,001;31,542;32,844;33,187;32,755;98,57;64,02;57,85;48,98;48,33;47,93
27,203;29,95;31,396;32,753;33,644;32,884;96,07;69,32;59,60;51,78;44,78;47,38
27,214;30,06;31,617;32,836;33,73;32,9;91,75;70,17;57,27;48,70;44,50;45,43
27,049;30,328;31,501;32,995;34,426;32,904;93,00;68,20;60,75;49,53;42,60;45,70
26,977;29,685;31,041;34,069;34,241;33,025;97,32;71,02;63,10;47,30;41,50;45,70
26,937;29,499;30,876;32,924;34,037;32,762;99,52;72,72;59,87;51,78;43,95;46,25
26,869;29,706;30,453;33,581;33,933;33,098;99,20;69,32;64,87;46,20;44,50;45,43
26,652;29,072;30,612;34,762;34,087;33,229;98,27;73,27;64,00;44,55;45,33;44,33
26,555;29,077;30,678;33,118;33,756;33,126;100,00;74,12;65,17;50,65;47,23;47,65
26,496;29,014;30,28;32,381;34,195;32,547;100,00;68,20;64,00;54,57;47,78;52,40
26,355;28,632;29,626;32,103;34,623;32,847;97,32;74,97;66,65;58,27;43,40;50,45
26,318;28,496;29,962;31,239;35,411;31,901;97,32;74,70;70,22;58,55;44,50;55,25
26,216;28,391;29,531;30,988;33,703;32,118;99,52;74,42;65,77;54,02;47,50;47,65
26,083;28,171;28,988;30,727;32,452;31,702;98,57;74,42;70,82;62,27;53,32;61,82
26,055;27,976;29,132;31,383;31,55;31,814;100,00;76,12;67,25;58,27;53,02;58,67
26,037;27,705;29,062;30,72;31,099;31,498;100,00;78,42;74,45;57,12;55,55;53,25
25,963;27,532;28,703;30,714;30,603;31,57;100,00;77,27;67,85;61,40;57,22;55,80
25,794;27,375;28,416;29,819;29,803;31,422;97,02;72,72;73,22;58,55;58,37;53,82
25,862;27,281;28,243;29,469;29,73;31,222;97,65;76,12;70,82;64,00;59,22;55,80
25,813;27,045;27,895;29,824;29,8;30,885;96,70;76,70;72,32;60,85;57,22;58,37
25,708;26,903;27,932;28,95;29,63;30,445;98,57;73,85;70,22;61,97;59,77;56,67
25,557;26,65;27,45;28,647;29,157;30,603;95,15;76,97;72,62;64,30;61,20;56,67
25,551;26,31;27,261;28,461;29,179;30,367;97,95;79,85;71,72;63,42;58,37;57,22
25,41;26,221;27,112;28,206;29,018;30,167;97,02;78,12;75,05;64,30;61,47;62,40
25,247;25,962;26,663;27,789;28,154;29,824;97,65;88,60;80,22;67,20;73,60;67,95
25,165;25,731;26,407;27,352;27,886;28,739;99,20;89,17;80,55;71,87;71,85;71,47
25,086;25,508;25,979;26,804;27,675;28,223;99,82;87,12;81,77;77,50;72,15;70,30
24,955;25,328;25,855;26,385;26,84;27,795;97,95;86,25;85,17;82,57;78,32;72,95
24,872;25,229;25,684;26,101;26,306;27,403;99,52;91,55;88,27;84,40;83,97;77,75
24,772;25,109;25,429;25,824;26,416;26,926;99,82;92,12;89,85;87,42;80,70;77,75
24,737;25,021;25,2;25,787;26,462;26,78;99,52;92,42;93,00;86,82;78,92;78,65
24,726;24,873;25,071;25,801;26,464;26,585;100,00;93,92;94,57;88,65;78,62;79,25
24,663;24,799;24,926;25,638;26,054;26,405;100,00;95,10;95,20;88,65;81,90;81,05
24,647;24,782;25,004;25,708;26;26,146;100,00;94,80;93,92;85,60;82,77;82,87
24,652;24,782;25,371;25,882;26,048;26,264;100,00;95,10;89,52;84,40;81,30;80,45
24,729;25,092;25,667;26,025;25,896;25,963;100,00;90,35;89,22;81,67;81,90;82,57
24,549;24,714;24,882;25,763;25,237;25,865;100,00;93,92;92,05;85,30;89,42;84,40
24,628;24,829;24,884;25,127;25,22;25,535;100,00;92,72;95,82;88,95;88,80;85,62
24,488;24,582;24,667;25,056;25,158;25,397;100,00;96,60;97,42;89,25;87,90;87,45
24,466;24,482;24,708;25,107;25,384;25,314;100,00;98,10;95,82;89,25;84,87;86,55
24,429;24,401;24,76;25,317;25,153;25,528;100,00;98,10;93,00;86,52;87,00;84,70
24,408;24,517;24,975;25,01;24,981;25,1;100,00;94,20;92,35;88,35;87,90;87,77
24,298;24,355;24,528;24,925;24,672;25,263;100,00;97,20;96,47;89,87;90,62;85,32
24,284;24,178;24,416;24,408;25,031;24,851;100,00;98,10;94,87;92,92;85,17;89,30
24,26;24,259;24,49;24,744;24,866;24,911;100,00;95,10;94,25;89,57;87,90;88,07
24,236;24,242;24,392;24,656;24,719;24,75;100,00;96,90;94,87;89,87;87,60;88,70
24,21;24,175;24,092;24,672;24,572;24,889;100,00;96,30;97,75;88,65;90,02;86,85
24,02;23,863;24,018;24,035;24,104;24,414;100,00;97,80;97,75;95,10;93,67;91,77
24,052;23,854;23,975;24,044;24,035;24,204;100,00;99,00;99,67;95,10;94,00;92,70
23,964;23,743;23,741;23,857;23,85;24,127;100,00;100,00;100,00;96,65;95,52;93,32
23,96;23,696;23,71;23,636;23,85;23,985;100,00;100,00;100,00;98,20;94,60;94,90
23,907;23,696;23,773;24,011;24,135;24,395;100,00;100,00;99,67;93,55;91,55;90,22
23,893;23,75;23,997;24,056;23,997;24,032;100,00;98,10;96,15;92,92;91,85;93,65
23,854;23,693;23,651;24,058;24,056;24,044;100,00;99,00;100,00;92,62;91,55;93,65
23,824;23,428;23,466;23,836;23,764;23,987;100,00;99,60;100,00;94,77;94,00;92,70
23,723;23,358;23,331;23,535;23,768;23,877;100,00;99,90;100,00;96,65;93,37;93,65
23,621;23,233;23,311;23,573;23,571;23,753;100,00;99,60;100,00;97,57;94,30;94,90
23,513;23,19;23,307;23,439;23,398;23,789;100,00;99,90;100,00;97,87;97,07;93,02
23,477;23,173;23,26;23,434;23,299;23,525;100,00;99,90;100,00;96,65;97,37;96,15
23,513;23,175;23,17;23,232;23,194;23,377;100,00;100,00;100,00;98,82;97,67;97,07
23,52;23,223;23,178;23,151;23,353;23,302;100,00;100,00;100,00;99,45;96,15;98,65
23,502;23,172;23,187;23,392;23,498;23,541;100,00;100,00;100,00;97,27;94,60;95,52
23,474;23,241;23,538;23,489;23,54;23,532;100,00;100,00;97,42;95,10;93,67;94,90
23,498;23,319;23,362;23,51;23,398;23,517;100,00;100,00;100,00;94,77;95,52;96,15
23,444;23,232;23,223;23,379;23,421;23,311;100,00;100,00;100,00;96,32;94,00;96,77
23,492;23,103;23,083;23,495;23,292;23,595;100,00;100,00;100,00;94,77;96,15;93,65
23,424;23,142;23,343;23,31;23,293;23,413;100,00;100,00;98,07;96,02;95,52;95,52
23,428;23,23;23,4;23,469;23,397;23,454;100,00;98,10;97,42;94,17;94,30;94,57
23,404;23,245;23,361;23,434;23,401;23,465;100,00;99,60;97,75;94,47;94,00;94,90
23,385;23,221;23,406;23,434;23,373;23,558;100,00;98,70;97,10;94,77;94,60;93,65
23,398;23,235;23,371;23,398;23,55;23,483;100,00;99,30;99,35;94,77;91,55;94,27
23,373;23,172;23,245;23,256;23,453;23,409;100,00;99,30;100,00;95,72;93,07;94,57
23,314;23,139;23,167;23,481;23,937;23,738;100,00;100,00;100,00;93,55;89,42;91,47
23,332;23,088;23,068;23,247;23,507;23,789;100,00;100,00;100,00;96,02;92,77;90,85
23,25;23,022;22,993;23,35;23,609;23,753;100,00;100,00;100,00;94,17;90,92;90,55
23,286;22,993;22,988;23,496;23,562;23,803;100,00;100,00;100,00;92,62;90,92;90,22
23,275;22,982;22,916;23,397;23,689;23,752;100,00;100,00;100,00;93,25;90,92;89,62
23,191;22,89;22,851;23,047;23,25;23,747;100,00;100,00;100,00;96,32;94,00;89,92
23,197;22,781;22,86;23,034;23,158;23,77;100,00;100,00;100,00;95,72;94,60;88,07
23,16;22,86;22,916;23,061;23,484;23,528;100,00;100,00;100,00;95,72;92,15;91,47
23,05;22,775;22,865;23,131;23,098;23,543;100,00;100,00;99,97;95,40;94,90;91,77
23,148;22,817;22,914;23,109;23,433;23,513;100,00;100,00;100,00;95,10;90,02;91,47
23,17;22,889;22,914;23,164;24,052;23,671;100,00;100,00;100,00;95,10;83,37;89,30
23,169;22,892;22,856;23,127;24,13;24,296;100,00;100,00;100,00;96,02;84,57;83,80
23,149;22,904;22,859;23,215;23,948;24,587;100,00;100,00;100,00;94,47;88,20;82,27
23,05;22,745;22,806;23,067;24,106;24,588;100,00;100,00;100,00;96,02;87,00;82,57
23,037;22,711;22,892;24,207;23,889;24,917;100,00;100,00;99,97;84,70;89,42;80,45
23,058;22,681;22,949;24,103;23,589;24,572;100,00;99,90;100,00;85,30;90,32;85,62
23,077;22,796;22,97;23,695;24,154;24,623;100,00;100,00;100,00;89,57;83,67;81,35
23,074;22,764;22,986;23,385;23,823;24,854;100,00;100,00;100,00;91,40;90,32;79,25
23,044;22,821;23,236;23,328;23,779;24,784;100,00;100,00;96,80;94,17;89,10;81,35
22,993;22,808;22,955;23,469;24,221;24,687;100,00;98,70;99,02;91,70;83,67;80,75
23,037;22,817;22,935;23,239;23,388;23,916;100,00;100,00;99,97;94,47;92,15;88,37
23,088;22,962;23,607;23,19;23,48;23,585;100,00;96,60;92,67;94,77;90,02;90,55
23,224;23,166;23,304;23,665;24,086;24,23;100,00;98,10;98,07;89,25;84,57;84,40
23,176;23,074;23,979;23,877;24,262;24,366;100,00;98,40;88,90;87,72;83,97;83,17
23,401;23,761;24,006;24,148;23,911;24,185;97,02;89,47;88,60;85,60;85,80;84,70
23,319;23,817;23,988;24,059;23,877;23,945;100,00;88,87;88,27;85,30;86,10;86,22
23,379;23,72;23,905;23,851;23,658;23,752;96,70;88,60;89,22;87,12;87,90;87,77
23,284;23,577;23,669;23,761;23,475;23,68;100,00;90,35;91,42;87,72;89,42;88,07
23,233;23,472;23,427;23,425;23,329;23,278;100,00;91,82;93,30;90,47;90,32;91,77
23,2;23,404;23,385;23,266;23,266;23,176;100,00;91,82;93,30;91,70;90,62;92,40
23,191;23,355;23,362;23,203;23,058;23,049;100,00;92,12;93,30;92,02;92,15;93,02
23,139;23,197;23,194;23,173;22,999;23,239;100,00;93,62;94,87;92,32;93,07;91,47
23,113;23,089;23,049;22,916;22,962;22,884;100,00;94,50;97,42;94,47;92,77;94,57
23,097;23,131;23,1;23,11;22,962;22,883;100,00;93,62;97,75;92,62;92,77;94,57
23,106;23,158;23,239;22,962;23,046;22,965;99,52;93,02;95,52;93,85;91,85;93,65
23,074;23,158;23,326;23,173;23,062;23,103;100,00;93,32;92,35;91,70;91,55;92,10
23,041;23,161;23,056;23,208;22,818;22,958;100,00;92,72;95,20;91,10;93,37;93,32
23,047;23,031;23,062;22,946;22,673;22,75;100,00;93,92;94,25;93,25;94,30;94,90
23,025;22,985;23,067;22,896;22,853;22,902;100,00;94,50;94,87;93,25;93,07;93,32
22,993;22,992;23,071;22,877;22,925;22,868;100,00;93,92;94,57;93,55;92,15;93,65
22,913;22,85;22,911;22,959;22,974;22,932;100,00;97,20;97,42;92,62;91,55;92,70
22,853;22,702;22,976;22,934;22,893;22,883;100,00;97,20;94,87;92,62;92,15;93,32
22,871;22,793;22,808;22,946;22,697;22,872;100,00;96,00;98,70;92,62;93,67;93,32
22,86;22,6;22,534;22,57;22,59;22,543;100,00;100,00;99,67;95,40;94,30;95,82
22,753;22,479;22,539;22,518;22,489;22,769;100,00;99,60;97,75;95,72;94,30;93,65
22,742;22,539;22,625;22,778;22,856;22,89;100,00;98,10;99,97;93,25;92,15;92,40
22,663;22,306;22,479;22,61;22,57;22,764;100,00;99,30;99,35;95,10;94,30;93,32
22,587;22,281;22,667;22,573;22,941;22,91;100,00;100,00;98,07;95,72;90,92;92,10
22,606;22,346;22,714;22,934;22,904;22,968;100,00;100,00;98,70;91,70;90,62;91,15
22,576;22,446;22,976;22,949;22,782;22,871;100,00;95,70;93,62;91,40;91,85;92,10
22,703;22,673;22,748;22,844;22,724;22,697;100,00;95,70;97,42;92,02;92,15;93,02
22,599;22,409;23,005;22,627;22,797;22,691;100,00;100,00;92,67;93,85;90,92;93,02
22,66;22,654;22,854;22,844;22,859;22,77;100,00;95,70;93,92;91,70;90,92;92,10
22,664;22,67;22,908;22,881;22,761;22,829;100,00;93,32;96,15;91,40;91,25;91,77
22,546;22,307;22,814;22,732;22,782;22,958;100,00;99,00;93,62;92,32;90,32;90,22
22,558;22,179;22,666;22,899;22,964;22,99;100,00;99,30;96,47;90,47;89,42;89,92
22,413;22,064;22,175;22,673;22,697;22,757;100,00;100,00;100,00;93,55;90,32;91,47
22,398;22,066;22,364;22,21;22,802;22,829;100,00;100,00;99,35;96,95;89,72;91,15
22,436;22,02;22,061;22,688;22,386;22,877;100,00;100,00;100,00;91,70;94,60;89,92
22,23;21,866;21,907;22,388;22,137;22,733;100,00;100,00;100,00;95,40;97,07;90,85
22,304;21,983;21,948;22,196;22,324;22,676;100,00;99,00;100,00;94,77;95,22;91,15
22,287;21,875;21,805;21,773;21,847;22,154;100,00;100,00;100,00;99,75;98,30;96,45
22,121;21,703;21,67;21,682;21,596;21,785;100,00;100,00;100,00;100,00;99,85;99,27
22,102;21,661;21,741;21,59;21,645;21,626;100,00;100,00;100,00;100,00;98,30;99,60
22,017;21,666;21,673;21,706;21,562;21,685;100,00;100,00;100,00;99,45;99,85;99,27
22,002;21,612;21,593;21,617;21,499;21,559;100,00;100,00;100,00;100,00;100,00;100,00
22,002;21,473;21,443;21,434;21,345;21,329;100,00;100,00;100,00;100,00;100,00;100,00
21,886;21,474;21,499;21,349;21,541;21,397;100,00;100,00;100,00;100,00;99,85;100,00
21,932;21,443;21,453;21,481;21,287;21,421;100,00;100,00;100,00;100,00;100,00;100,00
21,91;21,409;21,455;21,389;21,382;21,424;100,00;100,00;100,00;100,00;100,00;100,00
21,858;21,44;21,306;21,317;21,186;21,271;100,00;100,00;100,00;100,00;100,00;100,00
21,789;21,277;21,232;21,257;21,199;21,263;100,00;100,00;100,00;100,00;100,00;100,00
21,736;21,268;21,183;21,204;21,145;21,22;100,00;100,00;100,00;100,00;100,00;100,00
21,771;21,297;21,173;21,053;20,973;21,02;100,00;100,00;100,00;100,00;100,00;100,00
21,792;21,241;21,116;21,022;20,93;21,072;100,00;100,00;100,00;100,00;100,00;100,00
21,749;21,3;21,111;20,955;21,023;20,919;100,00;100,00;100,00;100,00;100,00;100,00
21,703;21,182;21,051;20,958;20,952;20,948;100,00;100,00;100,00;100,00;100,00;100,00
21,703;21,131;21,056;20,881;20,931;20,961;100,00;100,00;100,00;100,00;100,00;100,00
21,655;21,078;20,958;20,894;20,876;20,999;100,00;100,00;100,00;100,00;100,00;100,00
21,63;21,111;20,946;20,798;20,838;20,746;100,00;100,00;100,00;100,00;100,00;100,00
21,55;21,026;20,89;20,832;20,813;20,931;100,00;100,00;100,00;100,00;100,00;100,00
21,501;20,897;20,879;20,791;20,869;20,839;100,00;100,00;100,00;100,00;100,00;100,00
21,461;20,871;20,906;20,825;20,828;20,755;100,00;100,00;100,00;100,00;100,00;100,00
21,524;20,792;20,913;20,913;20,703;20,811;100,00;100,00;100,00;100,00;100,00;100,00
21,415;20,891;20,85;20,891;20,785;20,865;100,00;100,00;100,00;100,00;100,00;100,00
21,274;20,782;20,754;20,722;20,603;20,674;100,00;100,00;100,00;100,00;100,00;100,00
21,385;20,789;20,708;20,592;20,617;20,68;100,00;100,00;100,00;100,00;100,00;100,00
21,373;20,782;20,694;20,61;20,743;20,885;100,00;100,00;100,00;100,00;100,00;100,00
21,299;20,691;20,746;20,591;20,523;20,572;100,00;100,00;100,00;100,00;100,00;100,00
21,449;20,751;20,709;20,708;20,57;20,612;100,00;100,00;100,00;100,00;100,00;100,00
21,321;20,649;20,598;20,623;20,468;20,511;100,00;100,00;100,00;100,00;100,00;100,00
21,306;20,68;20,626;20,529;20,496;20,492;100,00;100,00;100,00;100,00;100,00;100,00
21,201;20,663;20,554;20,527;20,473;20,49;100,00;100,00;100,00;100,00;100,00;100,00
21,213;20,635;20,603;20,483;20,331;20,421;100,00;100,00;100,00;100,00;100,00;100,00
21,287;20,625;20,53;20,552;20,447;20,74;100,00;100,00;100,00;100,00;100,00;100,00
21,24;20,712;20,586;20,511;20,567;20,622;100,00;100,00;100,00;100,00;100,00;100,00
21,219;20,532;20,563;20,47;20,427;20,462;100,00;100,00;100,00;100,00;100,00;100,00
21,167;20,52;20,415;20,492;20,443;20,659;100,00;100,00;100,00;100,00;100,00;100,00
21,065;20,545;20,415;20,332;20,273;20,205;100,00;100,00;100,00;100,00;100,00;100,00
21,204;20,502;20,443;20,458;20,399;20,428;100,00;100,00;100,00;100,00;100,00;100,00
21,159;20,603;20,512;20,625;20,549;20,736;100,00;100,00;100,00;100,00;100,00;100,00
21,131;20,595;20,43;20,369;20,295;20,375;100,00;100,00;100,00;100,00;100,00;100,00
21,211;20,592;20,424;20,3;20,229;20,297;100,00;100,00;100,00;100,00;100,00;100,00
21,096;20,561;20,415;20,251;20,301;20,322;100,00;100,00;100,00;100,00;100,00;100,00
20,998;20,492;20,279;20,235;20,137;20,238;100,00;100,00;100,00;100,00;100,00;100,00
21,013;20,354;20,263;20,187;20,125;20,133;100,00;100,00;100,00;100,00;100,00;100,00
20,931;20,304;20,21;20,185;20,161;20,167;100,00;100,00;100,00;100,00;100,00;100,00
21,013;20,244;20,258;20,213;20,21;20,275;100,00;100,00;100,00;100,00;100,00;100,00
20,98;20,32;20,341;20,105;20,319;20,148;100,00;100,00;100,00;100,00;100,00;100,00
21,038;20,34;20,285;20,142;20,068;20,083;100,00;100,00;100,00;100,00;100,00;100,00
20,925;20,201;20,223;20,165;20,099;20,124;100,00;100,00;100,00;100,00;100,00;100,00
20,937;20,394;20,278;20,118;20,128;20,089;100,00;100,00;100,00;100,00;100,00;100,00
20,952;20,272;20,177;20,252;20,027;20,273;100,00;100,00;100,00;100,00;100,00;100,00
20,879;20,251;20,199;20,145;20,134;20,149;100,00;100,00;100,00;100,00;100,00;100,00
20,844;20,331;20,224;20,167;20,127;20,105;100,00;100,00;100,00;100,00;100,00;100,00
20,952;20,317;20,266;20,223;20,187;20,214;100,00;100,00;100,00;100,00;100,00;100,00
20,976;20,3;20,359;20,348;20,183;20,419;100,00;100,00;100,00;100,00;100,00;100,00
20,869;20,322;20,218;20,347;20,249;20,678;100,00;100,00;100,00;100,00;100,00;99,92
20,968;20,397;20,419;20,224;20,4;20,338;100,00;100,00;100,00;100,00;100,00;100,00
20,97;20,483;20,456;20,439;20,496;20,616;100,00;100,00;100,00;100,00;100,00;100,00
21,028;20,444;20,539;20,515;20,544;20,728;100,00;100,00;100,00;100,00;100,00;100,00
21,033;20,649;20,64;20,589;20,686;20,842;100,00;100,00;100,00;100,00;100,00;99,60
21,029;20,634;20,687;20,662;20,773;20,996;100,00;100,00;100,00;100,00;99,85;98,02
21,039;20,693;20,722;20,791;20,86;21,136;100,00;100,00;100,00;100,00;99,85;97,07
20,976;20,776;20,831;20,878;20,928;21,093;100,00;100,00;100,00;100,00;98,30;99,27
21,188;20,724;20,945;21,004;21,088;21,214;100,00;100,00;100,00;98,82;98,00;97,07
21,151;20,928;21,072;21,131;21,22;21,336;100,00;100,00;100,00;97,87;96,75;96,77
21,213;20,955;21,251;21,211;21,343;21,499;100,00;100,00;98,70;99,45;95,82;97,40
21,321;21,121;21,299;21,434;21,475;21,883;100,00;100,00;99,02;93,85;94,00;89,92
21,409;21,199;21,471;21,502;21,669;22,118;100,00;100,00;96,15;93,85;93,37;89,30
21,455;21,285;21,582;21,721;22,073;22,149;100,00;100,00;98,37;91,70;88,50;88,37
21,467;21,349;21,7;21,978;22,422;22,588;100,00;97,20;94,57;89,57;85,80;85,32
21,516;21,416;22,149;22,209;22,788;22,797;100,00;98,70;90,47;87,72;83,07;83,47
21,389;21,504;22,528;22,373;22,735;22,971;100,00;100,00;87,35;86,82;83,37;82,87
21,502;21,666;22,563;22,827;22,982;23,125;100,00;98,40;87,35;84,10;81,60;81,65
21,648;21,826;22,863;23,041;23,194;23,242;100,00;93,62;84,85;82,27;80,40;81,05
21,728;22,161;23,052;23,268;23,338;24,36;100,00;89,77;83,92;81,07;80,40;75,05
21,808;22,282;23,076;23,248;23,982;24,209;99,82;90,05;83,92;81,37;78,92;75,65
21,91;22,41;23,256;23,422;24,361;24,088;100,00;88,60;83,30;80,47;76,85;76,55
22,002;22,658;23,798;23,72;24,664;25,688;100,00;87,12;79,32;78,97;75,67;68,52
22,067;22,865;23,765;24,414;25,93;26,447;96,70;85,95;79,62;75,42;73,90;67,07
22,191;22,947;23,768;25,007;27,534;26,181;93,60;85,65;79,92;72,75;66,05;65,90
22,255;23,346;24,354;28,311;28,275;28,117;95,77;81,00;76,27;61,12;62,90;62,12
22,307;23,633;25,351;30,801;28,19;29,972;94,85;81,30;72,62;52,90;64,62;54,40
22,41;23,755;25,928;29,293;28,829;28,491;92,07;82,17;72,02;60,27;62,32;58,95
22,57;23,758;27,829;29,712;28,029;27,875;93,00;82,17;67,85;59,70;68,07;66,47
22,57;24,351;27,633;30,095;26,659;28,717;96,40;81,00;69,32;57,97;72,45;64,72
22,718;24,901;26,585;30,778;26,402;28,204;97,32;81,00;75,05;59,12;71,57;69,12
22,848;29,483;26,567;29,789;27,406;27,886;97,95;61,82;76,57;65,15;70,97;70,60
23,199;28,867;26,183;29,988;26,721;27,538;97,32;61,27;78,10;64,57;72,72;72,37
23,35;30,212;25,817;29,171;26,743;27,332;94,85;60,72;80,85;69,82;76,25;72,07
23,607;29,233;26,741;28,812;26,689;26,869;97,95;63,20;78,10;67,20;76,25;73,85
23,963;28,369;29,285;28,914;26,676;26,721;94,52;70,45;65,47;70,10;73,02;73,25
24,005;26,233;30,352;29,023;27,275;26,929;96,40;81,00;64,57;69,52;71,57;72,95
24,028;25,684;31,964;28,511;27,476;27,557;96,07;82,75;55,52;71,57;69,82;69,12
24,115;25,821;30,044;28,369;27,323;27,385;96,07;82,45;59,87;70,10;71,57;70,87
24,287;29,384;29,719;29,379;27,982;27,677;94,85;66,80;63,40;65,45;67,22;69,70
24,502;30,469;29,298;30,149;27,483;28,012;94,85;62,10;65,17;64,00;68,95;69,12
24,59;29,881;29,387;30,033;27,632;27,652;93,92;65,97;64,87;63,42;68,65;69,40
24,81;29,216;29,418;29,948;27,981;27,912;93,92;64,30;63,40;64,00;67,80;67,95
25,976;29,731;29,699;29,336;28,012;27,889;92,37;64,57;62,52;63,15;66,92;67,95
27,638;30,665;29,303;29,107;28,236;28,261;86,85;63,20;61,92;64,87;64,35;65,30
28,114;30,138;29,701;29,292;28,935;28,265;85,95;67,10;62,80;62,27;65,20;65,60
30,686;29,614;29,953;29,317;28,81;28,128;76,02;62,10;62,52;64,00;65,47;66,77
33,787;29,372;29,975;29,483;28,9;28,121;68,65;66,25;64,00;65,45;66,05;70,00
34,633;29,311;29,762;29,622;28,59;28,145;66,02;67,10;65,17;65,45;67,80;69,40
34,3;29,369;29,167;28,719;28,777;28,242;67,47;66,80;66,05;67,77;66,92;69,40
34,52;29,504;29,956;29,308;29,116;28,648;68,05;65,70;64,57;67,20;66,05;68,52
34;30,412;30,442;29,789;28,958;28,976;68,35;64,57;61,35;64,87;64,90;68,22
34,281;30,867;29,906;29,879;29,522;29,361;68,65;61,00;62,80;64,30;66,05;64,72
34,313;30,794;30,312;30,295;29,585;29,355;68,92;61,82;61,92;63,42;64,35;64,72
35,63;31,827;29,601;30,744;29,699;29,733;66,60;65,70;62,22;62,27;61,77;62,97
35,69;30,814;30,719;30,306;29,977;29,934;61,10;66,52;59,87;60,27;61,20;62,40
35,523;30,498;30,637;30,271;30,202;29,685;63,40;62,10;59,87;62,27;61,20;63,57
35,78;29,886;31,057;30,78;30,391;30,378;63,40;63,75;58,12;60,85;59,77;61,55
34,46;30,028;31,354;30,325;30,807;30,21;63,70;62,65;57,55;61,12;59,77;61,82
34,846;30,186;31,798;30,69;30,801;30,365;62,55;60,72;56,10;59,12;59,50;59,22
33,975;29,782;31,276;31,096;30,685;30,63;66,30;64,02;57,85;59,40;59,77;60,10
34,886;30,048;31,562;30,965;30,685;31,282;62,55;64,30;59,00;59,40;60,05;58,67
34,126;30,862;31,666;31,009;31,266;30,587;64,85;61,00;59,87;60,85;59,50;60,97
32,611;30,988;31,542;30,983;31,111;31,248;69,52;60,45;57,85;61,70;57,52;60,37
32,381;30,555;31,069;30,941;31,028;31,445;72,17;64,30;57,85;58,82;57,52;57,22
30,362;30,76;31,13;30,993;31,148;30,731;76,92;58,25;59,00;57,97;57,22;59,22
29,642;30,045;31,164;30,977;31,235;31,022;80,50;61,55;57,27;58,82;56,95;58,10
29,784;29,95;31,814;31,077;31,992;31,698;77,80;61,00;53,80;57,42;53,32;55,52
30,46;30,381;32,484;31,243;31,591;30,96;76,02;58,52;53,80;56,27;55,00;56,37
30,896;30,157;33,477;31,435;31,932;31,726;76,62;64,30;48,95;57,12;53,32;56,37
31,526;30,457;32,765;31,832;31,941;31,198;75,12;59,07;52,95;54,85;54,42;56,67
29,766;30,248;32,135;31,705;32,241;32,131;79,60;59,90;54,67;56,55;53,87;54,40
29,336;30,807;32,419;31,894;32,2;31,785;79,60;58,52;52,65;55,70;54,15;56,10
29,29;30,968;32,415;31,706;31,901;31,86;74,82;56,35;53,80;54,85;54,15;54,10
29,162;31,049;32,828;32,335;32,084;32,684;80,80;60,45;53,22;54,85;54,70;54,40
29,165;31,043;33,306;32,644;32,284;32,354;82,92;57,97;51,23;54,30;53,02;54,95
28,957;30,876;33,251;32,512;32,323;32,171;84,42;59,62;51,50;54,02;54,42;53,82
28,494;30,457;32,796;32,717;31,768;32,307;86,25;62,65;53,22;55,42;55,82;54,67
28,574;30,368;32,391;32,094;32,666;32,519;85,35;63,20;53,80;55,15;52,47;54,10
28,656;30,743;32,164;32,988;32,592;32,686;86,25;58,25;54,10;52,60;51,10;53,55
28,417;30,746;32,18;32,707;32,692;32,397;87,77;59,07;52,65;52,33;51,10;53,25
28,65;31,573;32,335;33,357;33,166;32,818;85,35;52,85;52,08;50,93;48,88;49,33
28,489;31,03;32,308;33,44;32,816;32,661;87,77;65,15;52,38;50,08;49,98;51,58
28,464;30,743;32,069;33,818;32,94;32,62;87,47;58,80;53,22;50,38;51,10;51,28
28,497;31,064;31,909;33,896;32,957;32,965;85,35;59,35;56,67;48,98;48,05;50,18
28,477;31,195;32,465;33,224;33,166;32,672;83,82;54,45;50,95;48,70;48,33;49,05
28,626;31,412;32,136;33,104;33,557;33,126;80,80;52,57;56,10;49,25;47,50;47,93
28,557;30,923;32,522;33,684;32,942;33,439;86,55;68,20;50,38;48,43;47,78;49,60
28,54;31,399;32,526;33,802;33,452;33,118;83,82;56,35;52,65;46,20;46,95;47,93
28,551;31,396;32,381;33,424;33,639;32,806;85,35;56,90;52,95;48,70;47,23;49,33
28,317;30,851;32,557;33,34;33,187;32,555;83,82;59,35;50,95;48,70;45,58;46,55
28,236;30,54;32,359;33,236;33,375;33,256;82,92;61,55;49,80;47,85;46,40;45,98
28,146;30,748;32,381;33,197;33,481;33,304;88,07;53,92;50,38;45,65;45,05;44,33
28,217;30,744;31,927;33,691;33,344;33,365;87,17;59,07;51,50;46,75;44,50;42,68
28,071;30,714;32,771;33,151;33,369;33,073;84,72;57,97;45,00;44,00;43,40;43,23
28,145;31,243;32,399;33,579;33,512;33,546;85,65;56,35;48,68;43,73;43,13;43,23
28,028;30,72;32,24;33,204;33,526;33,153;88,70;57,97;50,08;44,55;42,88;45,43
28,064;30,624;32,305;33,452;33,365;33,286;84,72;60,72;47,25;42,63;40,98;43,23
28,142;30,809;32,194;33,579;33,825;33,604;86,55;55,80;53,22;43,18;41,25;43,23
27,95;30,587;31,799;33,681;34,173;33,785;89,92;62,37;55,52;42,35;39,63;40,23
27,887;30,657;31,393;33,449;34,374;33,196;88,70;63,20;59,00;43,18;40,98;42,13
27,736;30,654;31,526;33,329;33,899;33,181;88,37;60,17;57,55;47,03;41,50;42,40
27,803;30,213;31,697;33,544;34,437;33,432;86,25;64,87;55,25;42,90;42,60;42,95
27,666;30,183;31,004;33,691;34,025;33,236;91,15;64,87;60,17;43,45;43,13;44,05
27,608;30,004;32,072;33,489;33,82;33,116;87,77;65,42;47,83;45,93;41,78;47,38
27,688;30,844;31,26;34,136;35,336;33,345;92,07;63,75;60,17;41,53;40,98;43,23
27,582;29,835;31,29;33,938;34,408;33,202;86,55;68,50;56,67;47,58;40,43;43,78
27,515;29,698;31,001;34,086;34,205;33,599;93,00;71,30;62,52;45,93;45,85;45,98
27,405;29,423;30,651;33,033;34,269;32,985;92,07;70,45;64,87;50,65;45,58;51,58
27,152;29,151;30,085;31,994;32,894;32,364;94,52;71,57;68,15;57,97;54,70;52,70
26,988;28,692;29,431;31,566;32,917;32,366;93,00;75,27;69,92;60,55;50,53;54,67
26,866;28,424;29,628;30,901;33,251;31,977;94,85;75,85;70,22;63,72;55,27;56,37
26,838;28,314;29,647;31,082;33,844;31,667;94,85;75,27;71,12;60,55;51,93;58,95
26,752;28,292;29,026;31,523;31,697;31,605;95,15;75,27;72,02;62,27;56,95;59,22
26,709;28,146;29,077;31,03;31,676;31,584;95,47;76,97;73,85;60,85;58,37;59,52
26,59;27,928;28,963;30,796;31,02;31,622;94,22;76,70;74,45;64,87;61,47;59,22
26,505;27,932;29,062;30,624;30,735;31,458;96,07;75,85;70,22;65,45;62,32;58,67
26,39;27,759;28,442;30,527;30,539;31,795;93,92;72,15;66,95;60,55;59,50;59,52
26,249;27,496;28,604;29,731;30,228;30,838;94,85;77,55;70,22;62,27;60,05;60,97
26,121;27,208;28,264;29,884;29,84;31,044;96,07;81,30;72,92;61,97;65,47;61,82
25,986;26,912;27,727;28,944;29,208;30,226;96,70;80,15;74,45;68,65;70,10;64,72
25,843;26,613;27,271;28,478;29,014;29,959;97,02;82,45;77,77;72,17;70,10;65,60
25,763;26,373;26,953;28,04;28,709;29,596;97,02;80,42;84,55;74,82;70,70;66,17
25,682;26,118;26,663;27,42;28,079;29,078;98,57;88,30;84,85;78,10;75,37;68,82
25,561;25,976;26,455;27,664;28,314;29,028;97,32;88,60;86,40;75,70;71,85;69,12
25,508;25,833;26,209;27,389;28,137;28,824;98,57;89,17;88,27;77,20;70,97;70,60
25,374;25,693;26,003;27,727;28,157;28,402;98,90;91,25;88,90;74,22;72,45;71,47
25,311;25,65;25,864;27,716;28,001;28,107;97,65;90,35;88,60;76,30;73,60;72,67
25,331;25,499;25,901;27,008;27,431;28,078;98,57;88,87;88,90;81,37;75,07;73,25
25,261;25,567;26,08;27,293;27,459;27,622;100,00;92,12;87,97;76,30;74,77;74,45
25,235;25,549;26,593;27,217;27,166;27,33;99,82;90,35;82,07;77,20;75,37;75,95
25,291;25,982;26,655;27,049;26,86;27,055;98,90;86,25;81,45;76,90;77,15;77,15
25,325;26,135;26,532;26,951;27,045;27,028;99,52;84,50;83,62;77,20;75,67;76,55
25,232;25,862;26,25;26,971;27,066;27,019;100,00;87,70;86,10;76,90;75,07;76,55
25,136;25,641;25,948;26,678;26,752;27,093;99,82;88,87;86,40;78,70;77,15;75,05
25,094;25,578;25,971;26,229;26,289;26,689;99,20;87,70;85,80;81,97;80,40;78,95
25,051;25,673;25,873;25,97;26,178;26,381;98,90;86,82;86,72;83,80;81,30;81,05
25,021;25,563;25,688;26,077;26,389;26,381;98,90;88,30;87,65;82,57;78,32;79,85
24,916;25,369;25,438;26,193;26,387;26,592;99,82;88,87;89,22;80,77;78,32;77,75
24,855;25,167;25,333;26,112;25,914;26,567;100,00;90,05;89,22;80,77;82,50;78,05
24,841;25,191;25,473;25,613;25,787;25,83;99,52;88,87;88,27;85,00;82,77;83,17
24,776;25,08;25,228;25,956;25,47;26,149;99,82;91,55;90,47;81,37;86,10;80,45
24,719;24,882;25,045;25,258;25,38;26,088;100,00;93,62;91,42;87,42;85,47;80,75
24,691;24,779;24,946;25,288;25,263;25,523;100,00;93,62;92,05;86,52;85,80;84,70
24,647;24,702;24,91;25,13;25,161;25,545;100,00;93,32;91,72;87,72;86,10;84,40
24,635;24,658;24,841;25,103;25,189;26,034;100,00;93,62;92,35;87,42;86,10;79,55
24,573;24,599;24,787;25,147;25,368;25,423;100,00;94,80;92,35;86,52;82,50;85,62
24,555;24,585;24,822;25,107;25,807;26,281;100,00;94,20;91,42;86,52;80,70;77,75
24,511;24,581;24,867;25,01;25,156;25,54;100,00;93,32;90,47;87,12;84,57;83,47
24,481;24,578;24,849;25,015;25,164;25,288;99,82;92,42;90,77;86,52;84,27;84,10
24,438;24,496;24,575;24,923;24,663;25,091;100,00;94,20;94,25;87,12;89,42;85,92
24,268;24,203;24,398;24,609;24,452;24,832;100,00;95,40;93,00;90,47;90,92;89,30
24,322;24,34;24,691;24,505;24,942;24,805;100,00;94,20;94,57;88,95;83,67;86,22
24,28;24,234;24,488;24,647;24,666;25,112;100,00;96,30;94,25;90,17;88,50;85,32
24,287;24,239;24,497;24,738;24,72;24,922;100,00;96,00;93,00;88,35;87,60;87,15
24,314;24,314;24,826;24,667;24,804;24,917;100,00;94,20;89,22;88,65;86,40;85,92
24,314;24,361;24,702;24,908;24,854;24,876;100,00;93,32;90,77;86,22;86,10;86,85
24,266;24,319;24,404;24,775;24,822;24,917;100,00;93,92;94,57;87,42;86,10;86,22
24,132;23,988;24,178;24,531;24,399;24,729;100,00;96,30;95,20;89,87;89,72;88,37
24,124;23,999;24,121;24,307;24,39;24,488;100,00;97,80;97,10;91,40;90,02;90,22
24,098;23,997;23,994;24,349;24,265;24,469;100,00;97,20;97,75;90,77;90,62;89,92
24,074;23,982;24,369;24,24;24,304;24,301;100,00;96,00;92,35;91,70;89,72;91,15
24,12;24,172;24,488;24,376;24,284;24,305;100,00;93,32;91,10;90,17;89,72;90,85
24,094;24,114;24,372;24,399;24,414;24,313;100,00;94,50;93,00;90,17;88,20;90,55
24,068;23,994;24,136;24,513;24,761;24,629;100,00;95,70;95,20;88,35;85,47;87,45
24,028;23,905;24,003;24,631;24,494;24,723;100,00;96,30;95,52;87,72;87,60;87,15
23,999;23,851;23,869;24,111;24,136;24,37;100,00;97,20;97,42;92,02;90,62;90,22
23,931;23,812;23,823;24,056;24,041;24,135;100,00;96,90;98,07;92,32;91,25;91,47
23,957;23,791;23,827;23,955;23,914;24,274;100,00;99,00;96,47;92,92;92,77;90,85
23,931;23,815;23,981;24,018;24,449;24,153;100,00;95,70;95,52;92,62;87,60;91,77
23,964;23,841;23,973;24,055;24,752;25,278;100,00;96,60;95,20;92,62;87,60;83,47
23,943;23,913;24,106;24,18;24,666;24,538;100,00;95,70;93,92;91,70;87,30;88,70
23,924;23,892;23,964;24,814;24,396;25,06;100,00;96,30;97,10;86,22;90,32;84,70
23,89;23,765;23,815;24,138;24,262;24,467;100,00;98,40;97,42;91,70;90,02;89,00
23,896;23,756;23,951;24,15;24,357;25,021;100,00;97,50;94,87;91,40;90,92;85,00
23,884;23,747;23,937;24,829;25,04;25,103;100,00;98,10;97,75;86,22;83,67;84,40
23,862;23,693;23,955;24,342;25,085;25,056;100,00;98,40;96,80;91,70;83,67;84,70
23,863;23,677;23,719;24,42;24,327;24,955;100,00;99,00;98,37;91,10;90,02;86,22
23,851;23,66;23,705;24,115;24,334;24,84;100,00;98,70;98,37;92,02;90,32;85,92
23,809;23,625;23,669;24,062;24,331;24,954;100,00;98,70;99,02;92,32;91,25;85,00
23,752;23,552;23,854;24,106;24,26;24,919;100,00;98,70;95,82;92,02;90,62;85,32
23,812;23,818;23,917;23,997;24,201;24,599;100,00;96,00;95,20;92,62;90,92;85,62
23,798;23,675;23,804;24,106;24,237;24,517;100,00;98,10;98,70;91,40;90,02;88,37
23,765;23,607;23,677;23,931;23,978;24,295;100,00;99,30;98,37;93,55;92,45;90,85
23,738;23,531;23,607;23,85;23,829;24,098;100,00;99,30;99,67;93,85;95,22;92,40
23,735;23,505;23,669;23,686;23,839;23,91;100,00;99,60;98,37;95,40;92,77;93,95
23,705;23,465;23,693;23,756;23,729;23,865;100,00;99,00;97,75;94,77;93,67;94,27
23,729;23,472;23,547;23,815;23,752;23,945;100,00;99,30;100,00;94,17;94,30;93,02
23,689;23,43;23,459;23,49;23,646;23,752;100,00;100,00;100,00;97,27;94,60;95,52
23,571;23,277;23,353;23,564;23,486;23,693;100,00;99,60;100,00;96,32;96,45;95,52
23,517;23,256;23,284;23,517;23,448;23,598;100,00;99,90;99,97;96,95;96,45;96,15
23,433;23,202;23,245;23,344;23,448;23,489;100,00;99,30;99,97;97,27;95,82;95,82
23,415;23,1;23,175;23,403;23,355;23,49;100,00;99,30;100,00;96,95;97,07;96,45
23,48;23,191;23,332;23,194;23,338;23,365;100,00;98,70;99,67;98,50;96,75;97,40
23,477;23,166;23,169;23,365;23,151;23,371;100,00;99,30;100,00;97,57;98,60;97,70
23,425;23,142;23,283;23,088;23,212;23,161;100,00;100,00;99,97;99,45;97,67;98,97
23,427;23,172;23,233;23,314;23,416;23,344;100,00;100,00;100,00;97,57;96,45;97,40
23,43;23,112;23,088;23,356;23,302;23,483;100,00;100,00;100,00;97,87;98,30;95,82
23,37;23,028;22,964;23,089;23,152;23,293;100,00;100,00;100,00;99,45;98,30;98,02
23,223;22,952;23,065;23,115;23,068;23,118;100,00;100,00;100,00;99,12;98,92;99,27
23,34;22,983;22,992;23,04;22,953;23,127;100,00;100,00;100,00;99,75;99,55;99,27
23,31;22,923;23,02;22,952;22,956;23,07;100,00;100,00;100,00;100,00;99,55;99,60
23,329;22,982;22,996;23,007;23,053;23,092;100,00;100,00;100,00;99,75;98,92;99,27
23,361;22,982;23,008;22,932;23,212;23,125;100,00;100,00;100,00;100,00;96,75;99,27
23,281;22,919;22,865;22,993;23,191;23,278;100,00;100,00;100,00;100,00;97,37;97,70
23,23;22,874;22,986;22,938;23,163;23,193;100,00;100,00;100,00;100,00;97,37;98,02
23,277;22,952;22,862;23,206;23,14;23,227;100,00;100,00;100,00;97,87;97,67;97,70
23,241;22,85;22,824;22,956;23,068;23,184;100,00;100,00;100,00;100,00;97,67;98,02
23,254;22,902;22,845;22,956;23,095;23,238;100,00;100,00;100,00;100,00;97,67;97,40
23,214;22,89;22,868;22,955;23,154;23,269;100,00;100,00;100,00;100,00;97,07;97,07
23,214;22,911;22,865;23,13;23,23;23,332;100,00;100,00;100,00;97,87;96,45;96,45
23,218;22,922;22,844;23,271;23,23;23,401;100,00;100,00;100,00;96,95;96,75;96,15
23,16;22,838;22,929;22,934;23,349;23,259;100,00;100,00;100,00;100,00;94,60;97,70
23,158;22,794;22,787;23,035;23,151;23,28;100,00;100,00;100,00;99,12;97,37;97,07
23,118;22,72;22,794;22,848;22,856;23,169;100,00;100,00;100,00;100,00;99,55;99,92
23,082;22,726;22,781;22,803;22,785;22,889;100,00;100,00;100,00;100,00;99,85;99,60
22,993;22,661;22,69;22,785;22,636;22,676;100,00;100,00;100,00;100,00;100,00;100,00
23,077;22,735;22,754;22,655;22,675;22,652;100,00;100,00;100,00;100,00;100,00;100,00
23,089;22,796;22,95;22,721;22,742;22,67;100,00;100,00;100,00;100,00;99,85;100,00
23,121;22,941;22,937;22,877;22,797;22,827;100,00;100,00;100,00;99,75;99,85;100,00
23,148;22,904;23,02;22,797;22,83;22,817;100,00;100,00;100,00;100,00;99,22;100,00
23,143;22,976;22,86;22,92;22,845;22,91;100,00;99,30;100,00;99,45;99,22;99,60
23,074;22,778;22,753;22,827;22,778;22,793;100,00;100,00;100,00;100,00;99,55;100,00
23,001;22,717;22,694;22,761;22,72;22,759;100,00;100,00;100,00;100,00;100,00;100,00
22,934;22,669;22,652;22,718;22,709;22,739;100,00;100,00;100,00;100,00;100,00;100,00
22,958;22,612;22,625;22,664;22,631;22,708;100,00;100,00;100,00;100,00;100,00;100,00
23,026;22,672;22,631;22,6;22,631;22,729;100,00;100,00;100,00;100,00;100,00;100,00
23,01;22,721;22,64;22,569;22,618;22,681;100,00;100,00;100,00;100,00;100,00;100,00
23,02;22,759;22,618;22,587;22,581;22,69;100,00;100,00;100,00;100,00;100,00;100,00
22,98;22,634;22,563;22,525;22,567;22,624;100,00;100,00;100,00;100,00;100,00;100,00
23,005;22,628;22,546;22,648;22,59;22,703;100,00;100,00;100,00;100,00;100,00;100,00
22,941;22,585;22,575;22,539;22,658;22,646;100,00;100,00;100,00;100,00;100,00;100,00
22,932;22,572;22,528;22,488;22,602;22,663;100,00;100,00;100,00;100,00;100,00;100,00
22,916;22,476;22,473;22,386;22,398;22,548;100,00;100,00;100,00;100,00;100,00;100,00
22,917;22,484;22,452;22,389;22,382;22,603;100,00;100,00;100,00;100,00;100,00;100,00
22,896;22,467;22,594;22,466;22,646;22,866;100,00;100,00;100,00;100,00;97,07;97,70
22,8;22,479;22,597;22,652;22,757;22,868;100,00;100,00;100,00;99,75;97,37;96,15
22,8;22,703;23,089;23,037;22,887;23,161;100,00;100,00;94,87;94,77;95,82;93,65
22,838;22,715;22,481;23,187;22,814;22,95;100,00;99,60;100,00;92,32;95,82;96,15
22,79;22,349;22,309;22,419;22,373;22,395;100,00;100,00;100,00;100,00;100,00;100,00
22,767;22,278;22,267;22,294;22,236;22,418;100,00;100,00;100,00;100,00;100,00;100,00
22,797;22,366;22,384;22,216;22,306;22,242;100,00;100,00;100,00;100,00;100,00;100,00
22,839;22,366;22,339;22,278;22,213;22,255;100,00;100,00;100,00;100,00;100,00;100,00
22,739;22,37;22,392;22,269;22,243;22,257;100,00;100,00;100,00;100,00;100,00;100,00
22,729;22,278;22,218;22,304;22,129;22,199;100,00;100,00;100,00;100,00;100,00;100,00
22,657;22,213;22,291;22,106;22,106;22,056;100,00;100,00;100,00;100,00;100,00;100,00
22,675;22,307;22,21;22,279;22,176;22,591;100,00;100,00;100,00;100,00;100,00;98,02
22,584;22,166;22,102;22,185;22,021;22,087;100,00;100,00;100,00;100,00;100,00;100,00
22,645;22,161;22,185;22,033;22,058;22,127;100,00;100,00;100,00;100,00;100,00;100,00
22,631;22,137;22,056;22,1;22,072;22,593;100,00;100,00;100,00;100,00;100,00;96,45
22,593;22,057;22,053;22,026;22,015;22,097;100,00;100,00;100,00;100,00;100,00;100,00
22,587;22,029;22,003;21,932;21,856;21,855;100,00;100,00;100,00;100,00;100,00;100,00
22,543;22,005;21,963;21,92;21,799;21,959;100,00;100,00;100,00;100,00;100,00;100,00
22,53;21,999;22;21,875;22,555;22,953;100,00;100,00;100,00;100,00;98,60;94,57
22,433;22,029;21,98;21,993;22,763;22,648;100,00;100,00;100,00;100,00;93,37;95,52
22,398;21,889;21,91;22,085;21,994;22,085;100,00;100,00;100,00;99,12;100,00;100,00
22,281;21,828;21,773;21,816;21,722;21,823;100,00;100,00;100,00;100,00;100,00;100,00
22,249;21,727;21,686;21,661;21,501;21,559;100,00;100,00;100,00;100,00;100,00;100,00
22,281;21,655;21,636;21,585;21,481;21,499;100,00;100,00;100,00;100,00;100,00;100,00
22,303;21,688;21,704;21,565;21,548;21,576;100,00;100,00;100,00;100,00;100,00;100,00
22,257;21,792;21,725;21,569;21,581;21,532;100,00;100,00;100,00;100,00;100,00;100,00
22,255;21,727;21,698;21,648;21,572;21,63;100,00;100,00;100,00;100,00;100,00;100,00
22,258;21,774;21,892;21,706;21,727;21,67;100,00;100,00;100,00;100,00;100,00;100,00
22,279;21,926;21,901;21,823;21,725;21,755;100,00;100,00;100,00;100,00;100,00;100,00
22,334;21,904;21,904;21,819;21,785;21,749;100,00;100,00;100,00;100,00;100,00;100,00
22,339;21,823;21,887;21,794;21,736;21,774;100,00;100,00;100,00;100,00;100,00;100,00
22,294;21,874;21,801;21,874;21,786;21,868;100,00;100,00;100,00;100,00;100,00;100,00
22,228;21,733;21,667;21,715;21,731;21,768;100,00;100,00;100,00;100,00;100,00;100,00
22,2;21,679;21,7;21,673;21,624;21,611;100,00;100,00;100,00;100,00;100,00;100,00
22,221;21,722;21,713;21,636;21,701;21,606;100,00;100,00;100,00;100,00;100,00;100,00
22,284;21,765;21,75;21,593;21,49;21,551;100,00;100,00;100,00;100,00;100,00;100,00
22,334;21,794;21,724;21,715;21,66;21,75;100,00;100,00;100,00;100,00;100,00;100,00
22,133;21,712;21,615;21,572;21,568;21,611;100,00;100,00;100,00;100,00;100,00;100,00
22,221;21,627;21,529;21,481;21,502;21,527;100,00;100,00;100,00;100,00;100,00;100,00
22,088;21,542;21,443;21,452;21,385;21,431;100,00;100,00;100,00;100,00;100,00;100,00
21,991;21,52;21,455;21,386;21,391;21,375;100,00;100,00;100,00;100,00;100,00;100,00
22,005;21,389;21,431;21,395;21,413;21,418;100,00;100,00;100,00;100,00;100,00;100,00
21,899;21,364;21,315;21,389;21,392;21,367;100,00;100,00;100,00;100,00;100,00;100,00
21,921;21,415;21,355;21,231;21,234;21,262;100,00;100,00;100,00;100,00;100,00;100,00
22,024;21,413;21,324;21,24;21,143;21,223;100,00;100,00;100,00;100,00;100,00;100,00
21,957;21,346;21,306;21,146;21,213;21,205;100,00;100,00;100,00;100,00;100,00;100,00
21,966;21,431;21,283;21,099;21,073;21,162;100,00;100,00;100,00;100,00;100,00;100,00
21,768;21,257;21,159;21,106;21,18;21,108;100,00;100,00;100,00;100,00;100,00;100,00
21,868;21,259;21,197;21,136;21,05;21,105;100,00;100,00;100,00;100,00;100,00;100,00
21,85;21,217;21,21;21,161;21,081;21,366;100,00;100,00;100,00;100,00;100,00;100,00
21,804;21,308;21,234;21,065;21,214;21,285;100,00;100,00;100,00;100,00;100,00;100,00
21,753;21,194;21,154;21,108;21,192;21,293;100,00;100,00;100,00;100,00;100,00;100,00
21,758;21,217;21,176;21,057;21,173;21,303;100,00;100,00;100,00;100,00;100,00;100,00
21,84;21,125;21,296;21,217;21,17;21,334;100,00;100,00;100,00;100,00;100,00;100,00
21,85;21,189;21,145;21,211;21,179;21,34;100,00;100,00;100,00;100,00;100,00;100,00
21,798;21,217;21,191;21,091;21,131;21,136;100,00;100,00;100,00;100,00;100,00;100,00
21,773;21,241;21,253;21,151;21,139;21,177;100,00;100,00;100,00;100,00;100,00;100,00
21,838;21,369;21,346;21,211;21,24;21,229;100,00;100,00;100,00;100,00;100,00;100,00
21,884;21,389;21,582;21,323;21,426;21,432;100,00;100,00;100,00;100,00;100,00;100,00
21,945;21,596;21,588;21,582;21,602;21,727;100,00;100,00;100,00;100,00;100,00;100,00
21,966;21,679;21,819;21,649;21,744;21,866;100,00;100,00;100,00;100,00;100,00;100,00
22,002;21,777;21,941;21,924;21,978;22,087;100,00;100,00;100,00;100,00;100,00;100,00
22,014;21,933;22,178;22,126;22,19;22,218;100,00;100,00;100,00;100,00;99,85;100,00
22,199;22,091;22,294;22,303;22,327;22,464;100,00;100,00;100,00;99,45;99,55;98,35
22,281;22,123;22,391;22,252;22,802;22,757;100,00;100,00;99,02;100,00;94,60;94,90
22,273;22,3;22,667;22,666;22,794;23,226;100,00;99,00;96,47;95,10;95,82;91,47
22,403;22,434;23,005;22,905;22,952;23,05;100,00;97,80;95,20;96,32;94,00;96,45
22,437;22,675;22,934;23,034;22,996;23,19;100,00;96,00;96,80;96,65;95,82;96,77
22,569;22,847;23,143;23,058;23,32;23,334;100,00;96,00;94,87;93,85;94,00;94,57
22,599;22,952;23,343;23,356;23,767;23,789;100,00;93,92;92,05;93,25;90,32;91,47
22,681;23,092;23,645;23,628;23,966;24,198;100,00;93,02;90,15;89,57;90,92;88,70
22,681;23,266;23,821;24,02;24,284;24,28;100,00;91,25;88,90;90,17;89,72;90,55
22,741;23,453;24,052;24,157;24,416;28,637;100,00;90,05;90,47;89,25;88,20;69,70
22,868;23,622;24,271;24,24;27,306;27,084;100,00;90,95;86,10;89,25;76,85;76,85
22,967;23,749;24,56;24,72;25,976;25,855;100,00;90,35;83,62;82,57;75,07;75,95
23,106;23,911;24,887;25,429;25,914;28,604;96,40;87,42;82,37;81,07;79,20;67,07
23,187;24,237;25,205;26,158;28,447;29,782;96,70;86,82;79,92;76,00;69,52;65,60
23,313;24,594;25,229;26,028;28,16;29,184;97,02;84,20;79,92;75,12;66,92;59,80
23,447;24,658;25,541;29,015;29,044;30,754;94,85;84,20;79,00;64,57;66,05;56,37
23,493;24,622;26,508;29,598;29,094;29,437;94,52;85,07;73,55;64,87;64,35;62,12
23,716;25,613;27,154;29,588;29,221;29,325;94,52;76,97;72,32;63,72;65,77;61,82
23,669;25,696;27,323;28,883;28,557;28,758;95,15;80,15;72,62;69,82;68,65;67,65
23,761;26,003;28,676;29,973;28,082;29,222;93,92;78,42;68,45;67,20;69,52;66,17
23,792;26,322;28,408;30,796;28,411;30,191;94,85;75,55;67,25;64,00;68,07;63,57
23,814;30,007;27,688;31,484;28,029;29,469;95,77;61,00;71,72;59,70;70,10;64,72
24,18;29,803;27,467;30,375;29,072;29,328;93,00;61,27;73,22;65,75;66,35;66,47
24,42;31,692;27,596;30,775;28,206;28,634;92,37;54,45;71,12;65,15;69,52;67,35
24,719;32,128;29,236;31,453;28,017;29,353;91,45;57,97;67,85;59,70;71,27;64,72
25,435;30,292;31,158;31,276;28,353;29,083;92,07;64,02;59,30;62,85;66,92;67,35
25,398;28,554;31,256;30,423;28,965;29,001;90,82;70,75;57,85;66,60;65,20;70,00
25,205;27,961;33,217;31,878;29,504;29,598;90,82;73,85;54,37;58,55;63,77;64,45
25,238;28,823;30,873;31,583;29,806;29,241;91,45;68,77;64,27;64,30;64,62;65,30
25,319;31,488;30,617;31,464;29,353;29,353;93,30;61,55;63,70;65,75;64,35;64,72
25,432;31,977;29,666;31,075;29,69;29,763;92,07;60,72;66,35;60,85;63,77;63,85
25,546;31,609;29,916;31,464;29,525;29,938;91,75;60,72;68,15;61,70;63,47;61,55
25,729;32,131;29,895;32,007;30,01;30,207;91,45;60,45;69,32;58,27;63,77;62,12
26,749;31,584;30,959;31,708;29,867;30,02;89,30;63,20;63,10;61,70;63,47;61,25
27,904;31,706;30,841;32,087;30,328;30,025;86,25;60,17;61,05;58,27;58,65;62,12
28,268;32,22;31,441;30,814;30,293;30,015;84,12;62,65;61,05;59,12;59,77;61,82
31,24;32,1;31,68;30,759;30,843;30,423;71,87;61,82;56,67;63,15;58,92;60,37
35,117;32,514;31,583;31,29;30,998;30,519;64,27;61,82;59,30;57,97;58,37;59,80
35,92;31,997;31,544;31,158;30,51;30,226;61,10;56,90;57,55;57,97;65,47;60,37
37,095;30,495;32,187;30,993;30,867;30,407;58,52;67,65;60,47;58,27;58,65;59,52
36,043;31,151;31,456;31,487;31,213;30,665;60,52;61,55;56,10;56,27;58,65;58,37
36,628;30,608;32,081;31,488;31,932;31,311;59,10;72,42;55,25;55,70;54,70;56,67
36,621;30,873;30,706;31,852;31,428;30,891;59,95;63,75;64,00;60,27;56,95;57,22
36,287;31,196;31,994;32,195;31,514;30,944;62,55;57,17;54,10;52,33;54,15;52,70
36,873;30,983;31,384;32,276;31,808;31,116;59,10;60,72;55,25;53,72;56,40;56,67
36,619;31,209;31,313;31,562;31,386;31,501;60,82;56,35;69,62;55,15;53,32;55,25
36,352;31,723;31,445;31,724;31,492;31,682;61,10;67,65;53,52;54,30;54,70;54,95
35,83;31,376;32,34;32,084;31,772;31,76;58,52;59,90;54,10;53,45;54,42;53,55
37,194;31,822;32,228;32,34;31,42;32,31;56,52;67,65;53,52;55,42;55,00;54,40
35,994;31,469;31,904;32,236;32,354;31,977;60,52;62,37;57,85;56,27;55,55;56,10
36,074;32;32,414;32,545;32,223;32,012;59,67;56,35;53,80;54,02;54,15;55,25
35,68;31,282;33,651;32,521;32,42;32,233;61,67;59,90;50,08;55,15;53,87;55,80
34,557;31,819;34,842;32,22;32,437;32,405;65,72;56,07;46,68;55,70;55,00;54,40
32,327;32,033;33,409;32,763;32,529;32,544;72,47;56,35;53,22;54,02;54,42;52,97
32,79;32,361;33,134;32,687;33,121;33,162;69,52;56,62;52,38;55,15;51,10;53,25
31,878;32,177;32,559;32,937;32,788;32,634;72,75;53,92;55,82;52,90;51,93;52,70
31,292;31,951;32,507;32,857;33,291;32,847;76,32;54,72;52,95;52,33;50,83;52,40
30,97;31,986;34,657;32,788;33,236;33,035;76,92;55,00;43,60;51,48;50,53;51,00
32,702;31,943;34,745;33,111;33,038;33,276;70,40;56,07;46,68;50,08;49,98;50,18
32,907;32,061;34,82;33,109;33,079;33,232;72,17;55,27;46,40;52,33;51,93;51,58
33,148;31,968;33,936;33,504;33,524;32,856;69,52;55,27;51,80;50,93;48,33;51,00
31,32;32,243;33,189;33,552;33,237;33,417;73,95;52,57;49,53;49,53;47,78;48,48
30,439;32,405;35,086;33,765;33,569;33,322;79,90;55,00;41,93;48,98;47,78;48,78
30,248;32,402;34,57;33,859;34,032;33,813;79,00;52,30;42,48;46,20;43,95;46,83
29,906;32,323;34,562;33,966;33,879;33,958;79,60;51,23;42,20;43,45;44,23;42,95
29,671;32,253;34,562;34,464;34,037;33,834;78,40;46,98;39,15;42,08;40,98;42,40
29,805;32,58;34,687;34,106;34,437;33,963;79,00;46,45;41,10;41,53;40,98;42,68
29,525;32,327;35,014;34,604;34,589;34,572;80,80;46,45;40,55;42,90;41,50;41,58
29,661;32,35;34,064;34,721;34,386;34,355;81,40;52,30;43,05;40,70;38,03;38,58
29,528;32,422;34,721;34,888;35,004;34,693;82,00;46,18;39,70;38,00;39,35;38,30
29,425;32,176;33,344;34,869;34,492;34,587;82,92;52,30;45,28;39,90;38,83;41,85
29,477;32,248;34,038;34,737;34,941;34,335;79,60;48,58;42,20;41,25;39,63;41,03
29,55;32,801;33,939;35,982;34,594;35,283;79,90;46,70;44,45;39,35;43,40;39,68
29,476;32,215;33,787;35,571;34,759;34,229;82,62;52,03;41,10;40,15;36,15;39,95
29,835;33,329;34,04;35,602;35,223;34,399;76,02;43,03;43,88;37,45;38,55;39,40
29,308;32,399;33,546;35,231;34,62;35,057;83,22;49,38;45,55;40,70;37,75;40,48
29,279;32,226;33,911;34,506;34,975;34,735;79,60;51,23;41,38;40,70;35,63;35,60
29,501;32,849;34,21;35,461;35,368;34,818;80,80;45,65;46,98;36,90;35,35;36,15
29,2;32,402;33,812;35,733;35,358;35,422;82,00;57,17;43,05;38,00;38,55;37,50
29,01;32,015;33,766;34,922;35,332;34,718;82,92;54,45;41,38;38,00;37,75;36,70
29,211;32,266;33,492;34,951;35,392;35,106;80,20;52,57;46,98;34,75;33,75;35,88
29,311;32,92;34,209;35,043;35,086;35,091;78,70;43,30;38,05;34,50;34,28;33,48
28,996;32,218;34,097;35,124;35,602;35,339;83,52;56,07;39,98;38,00;34,55;37,23
28,963;31,932;34,038;35,322;35,418;35,276;82,30;49,90;38,88;34,23;31,90;35,08
29,066;32,325;34,03;35,341;36,119;35,403;82,92;50,70;35,85;33,43;34,83;32,93
29,01;32,225;32,907;35,423;35,353;35,628;83,52;57,72;50,38;32,88;32,70;29,75
28,815;31,269;33,271;34,951;35,489;34,984;76,02;57,17;45,85;40,15;30,60;30,80
28,744;31,969;33,144;35,23;34,944;35,523;84,12;55,80;48,68;32,88;39,08;31,88
28,779;31,627;33,656;35,016;35,643;35,12;82,92;56,35;43,60;33,43;33,75;31,88
28,515;31,56;32,493;35,053;35,58;35,762;84,12;53,65;46,40;40,43;32,98;31,33
28,341;31,35;33,892;34,909;35,459;35,189;84,72;52,03;41,38;35,83;31,13;32,68
28,383;31,308;33,664;34,442;36,598;35,257;82,92;56,62;40,55;39,35;30,85;33,20
28,267;31,239;32,629;35,704;36,008;35,259;81,70;56,90;47,83;35,55;32,70;32,68
28,35;31,435;32,714;35,463;36,103;35,212;86,25;59,07;42,75;36,10;31,38;32,40
28,231;30,978;32,141;35,657;35,262;34,808;83,52;61,00;48,68;37,45;30,60;36,15
28,103;31,488;32,333;35,756;36,749;35,6;87,47;61,55;47,83;33,43;27,73;27,65
27,928;30,688;31,842;35,702;34,311;35,245;88,37;62,37;52,08;35,30;37,75;36,95
27,851;30,468;31,508;35,992;34,542;34,89;89,60;60,17;52,38;39,08;42,60;32,93
27,626;29,86;30,959;34,136;33,87;34,263;85,95;61,27;57,55;46,20;39,90;40,23
27,573;29,566;31,141;33,502;35,876;33,87;85,35;63,75;54,10;42,08;36,15;39,68
27,484;29,458;30,873;32,629;34,984;33,289;89,60;65,42;55,25;45,65;39,63;39,13
27,275;29,239;30,653;31,718;33,392;33,594;87,17;64,30;52,08;46,20;40,98;41,85
27,225;29,325;30,651;32,136;33,382;33,4;89,30;60,72;54,95;44,55;42,33;42,68
27,107;28,95;30,36;32,302;32,705;33,354;88,70;65,42;56,67;49,80;43,13;43,78
27,002;28,805;30,127;32,399;32,197;33,452;87,47;61,27;52,95;45,93;46,95;45,70
26,86;28,653;29,926;32,476;32,054;32,927;90,22;60,45;56,10;47,85;47,23;49,05
26,797;28,416;29,644;32,29;31,531;32,624;88,70;61,00;56,10;48,43;49,15;47,93
26,605;28,231;29,422;30,985;31,679;32,34;87,47;64,02;59,00;51,20;48,60;47,65
26,576;28,034;29,314;30,638;31,294;32;91,45;64,30;62,80;53,17;49,15;49,33
26,329;27,703;29,006;30,439;30,484;31,822;86,55;71,87;59,87;54,30;58,07;52,13
26,14;27,295;28,381;30,149;30,124;31,495;86,85;76,97;63,40;58,82;61,20;54,40
25,988;26,933;27,797;28,996;29,734;30,87;85,95;72,15;71,42;66,60;63,47;58,37
25,916;26,763;27,428;28,386;29,755;30,735;89,00;76,70;74,45;69,82;60,05;55,80
25,8;26,549;27,115;28,129;29,334;30,311;91,45;78,70;78,40;69,22;61,47;57,80
25,719;26,246;26,807;28,151;28,977;29,636;92,37;82,17;80,55;69,52;64,05;60,37
25,693;26,054;26,552;27,562;28,829;29,33;93,00;83,90;82,07;73,65;64,62;60,97
25,566;25,896;26,215;27,487;28,229;28,946;93,92;86,82;85,47;72,45;65,20;62,70
25,551;25,766;26,095;27,931;28,29;28,519;95,47;86,25;83,62;67,47;67,22;64,15
25,494;25,674;26,019;27,739;27,9;28,402;93,92;84,77;85,47;70,10;68,37;64,45
25,427;25,554;25,913;27,837;27,844;28,157;94,22;88,87;85,80;66,90;66,62;65,02
25,435;25,509;26,124;27,557;27,461;27,851;95,77;89,77;81,45;69,22;67,50;65,60
25,374;25,563;26,095;27,36;27,298;27,51;95,77;89,77;82,70;68,35;67,80;67,07
25,313;25,563;26,244;27,052;27,039;27,23;95,77;85,65;79,32;70,40;69,25;68,82
25,295;25,639;26,173;26,926;26,894;27,038;97,02;84,50;79,00;71,00;69,25;69,40
25,285;25,635;26,118;26,641;26,72;26,979;95,47;82,45;79,00;72,17;70,10;69,12
25,206;25,572;25,879;26,493;26,598;26,73;95,77;83,62;80,85;72,45;70,10;71,77
25,173;25,444;25,853;26,444;26,184;26,476;94,52;83,62;79,92;72,75;73,60;72,67
25,1;25,365;25,739;26,19;26,051;26,135;93,60;83,62;80,55;74,52;74,20;74,75
25,05;25,325;25,751;25,85;25,572;25,94;93,92;83,02;80,22;76,90;78,62;76,25
24,974;25,288;25,519;25,774;25,803;25,839;93,92;83,90;82,07;77,20;74,20;76,25
24,907;25,136;25,337;25,473;25,467;26,009;95,15;85,37;82,70;79,27;78,32;74,75
24,848;24,999;25,281;25,366;25,34;25,584;95,47;84,77;81,77;79,57;78,32;77,15
24,757;24,936;25,223;25,412;25,156;25,383;93,60;84,50;82,37;78,40;79,80;78,95
24,703;24,82;24,945;25,11;24,955;25,47;95,47;85,95;85,17;80,47;81,60;76,55
24,632;24,623;24,866;25,065;24,94;25,272;95,77;89,17;83,62;79,87;79,50;78,95
24,56;24,575;24,829;24,829;24,825;24,934;94,22;86,25;83,62;81,37;80,10;80,75
24,51;24,502;24,726;24,74;25,009;24,902;95,77;87,12;84,85;82,27;77,15;79,85
24,469;24,352;24,508;24,893;24,588;25,022;96,40;89,17;84,85;79,87;81,00;76,85
24,414;24,266;24,392;24,59;24,623;24,782;96,70;90,35;85,80;81,37;79,50;79,85
24,319;24,162;24,275;24,535;24,452;24,658;95,15;90,65;87,02;81,07;81,30;80,45
24,243;24,071;24,172;24,587;24,578;25,036;96,70;90,65;86,40;80,17;79,80;78,05
24,206;24,015;24,067;24,503;24,54;25,031;96,40;91,82;88,27;80,47;79,80;77,75
24,132;23,945;23,917;24,553;24,354;24,869;97,02;91,25;91,10;79,27;80,40;77,75
24,058;23,8;23,788;24,138;24,215;24,429;97,32;94,50;93,92;83,50;80,40;79,25
23,978;23,624;23,719;24,104;24,399;24,384;97,95;94,80;93,62;81,97;78,32;80,15
23,913;23,601;23,607;24,266;24,431;24,517;97,95;94,80;90,77;80,47;78,02;78,05
23,815;23,537;23,501;24,236;24,172;24,673;97,32;94,20;94,25;79,87;79,50;77,45
23,705;23,278;23,208;23,913;24,018;24,496;97,02;93,92;94,25;83,20;81,60;78,35
23,589;23,181;23,613;23,457;23,997;23,957;97,65;92,72;85,47;89,57;80,70;82,57
23,609;23,416;24,39;23,857;24,062;24,133;96,40;86,52;78,10;82,27;78,32;79,25
23,607;23,436;23,841;24,737;24,939;25,17;98,57;92,72;90,15;75,70;74,77;73,85
23,699;23,365;23,88;24,772;25,876;25,578;98,57;93,92;85,17;80,17;69,52;73,25
23,785;23,553;24,02;24,44;24,325;25,11;98,27;88,87;83,92;78,40;78,02;75,05
23,634;23,571;23,529;24,174;24,123;24,384;96,70;90,65;93,62;79,87;79,20;78,35
23,525;23,1;23,17;24,011;23,78;24,141;97,02;93,32;94,57;81,37;82,77;80,75
23,428;23,07;23,254;23,704;23,979;24,086;97,32;94,20;92,35;84,10;80,70;81,97
23,367;23,113;23,208;23,943;23,996;24,133;98,90;95,70;92,67;81,97;81,90;81,65
23,474;23,157;23,209;23,958;23,726;24,266;98,57;94,50;93,62;81,97;83,67;80,15
23,434;23,118;23,122;23,749;23,924;23,88;98,90;95,40;95,20;83,80;82,20;83,47
23,295;23,023;23,04;23,666;23,732;23,887;98,57;94,50;96,15;84,40;83,07;83,47
23,277;22,952;22,985;23,495;23,588;24,313;98,90;94,80;95,20;86,22;85,47;80,45
23,347;22,979;23,053;23,661;24,215;24,537;99,20;96,30;95,82;85,00;80,40;79,55
23,293;22,982;23,05;23,803;24,135;24,532;99,82;96,00;94,57;84,10;81,90;79,25
23,251;22,94;22,964;23,686;23,729;24,384;98,90;95,70;94,57;84,70;83,67;80,15
23,347;22,932;23,028;23,868;24;25,004;100,00;95,10;94,87;82,87;83,07;75,95
23,211;22,928;23,049;23,55;24,162;24,522;99,82;96,90;95,52;86,22;80,40;80,75
23,22;22,874;22,996;23,505;23,82;24,469;99,82;97,20;94,25;88,35;83,37;79,85
23,286;22,928;22,872;23,773;23,788;24,219;99,52;95,70;97,42;84,10;83,07;80,75
23,1;22,763;22,905;23,457;23,646;23,914;99,20;97,20;95,20;86,22;83,97;83,17
23,212;22,841;22,904;23,531;23,686;23,88;100,00;97,80;95,52;86,22;83,67;83,17
23,079;22,839;22,886;23,394;23,729;24,002;99,52;96,60;95,20;88,05;83,67;83,17
23,154;22,85;22,94;23,528;23,913;24,094;100,00;97,50;96,47;85,90;83,97;82,87
23,146;22,793;22,962;23,335;24,047;24,823;100,00;96,90;95,82;88,65;85,17;78,65
23,058;22,742;22,79;23,474;24,295;24,292;99,82;98,10;97,75;88,05;81,90;82,57
23,125;22,684;22,693;23,229;23,94;24,958;100,00;98,10;98,37;89,25;83,67;78,05
23,079;22,714;22,736;24,553;23,847;24,728;100,00;96,30;97,10;80,17;84,57;78,95
23,026;22,694;22,745;23,531;24,541;24,837;100,00;98,10;97,42;86,82;79,20;78,65
23,014;22,579;22,8;23,456;23,829;24,67;99,82;97,20;93,92;89,87;84,27;80,15
22,961;22,613;22,788;23,677;23,63;24,263;99,82;96,90;97,10;85,90;85,47;81,97
23,007;22,61;22,785;23,365;23,299;23,809;100,00;98,10;95,20;87,72;87,90;85,62
22,928;22,549;22,627;23,125;23,54;23,893;99,82;98,10;98,07;90,47;84,57;86,22
23,058;22,582;22,759;23,217;23,459;23,726;100,00;98,70;96,15;89,25;86,70;85,92
22,973;22,631;22,627;23,403;23,477;23,984;100,00;97,20;99,02;88,05;86,70;83,80
22,962;22,549;22,509;22,959;24,109;23,57;100,00;99,60;99,67;92,02;81,00;87,45
22,98;22,522;22,706;23,242;23,532;23,83;100,00;99,00;97,42;89,57;86,70;85,00
22,998;22,54;22,591;23,265;23,711;24,336;100,00;98,10;97,10;92,02;87,00;81,97
22,993;22,484;22,669;23,059;24,047;23,702;100,00;99,60;97,42;90,47;83,07;86,22
22,961;22,463;22,606;22,99;23,951;24,544;100,00;98,40;97,75;93,25;84,57;80,75
22,982;22,575;22,585;23,589;24,165;24,305;100,00;97,80;99,35;87,12;81,90;81,97
22,911;22,442;22,599;23,307;23,811;24,419;100,00;98,10;97,75;92,02;84,87;81,65
22,893;22,464;22,545;23,31;23,281;23,945;100,00;98,10;97,75;89,25;89,10;84,70
22,86;22,512;22,582;23,244;23,266;23,594;100,00;99,30;98,37;89,25;88,80;85,92
22,847;22,548;24,352;23,272;24,367;24,366;100,00;98,70;83,30;89,57;80,70;81,65
22,859;22,847;23,698;24,569;24,606;24,57;100,00;96,30;92,05;80,47;79,50;80,45
22,886;22,519;23,83;24,532;24,54;24,613;100,00;97,80;86,72;80,47;79,50;79,85
22,857;22,421;24,348;24,112;24,608;24,283;100,00;99,00;83,30;85,90;78,62;83,80
22,926;22,53;23,314;24,623;24,508;24,659;100,00;97,20;93,30;79,87;80,40;79,85
22,878;22,448;22,935;23,789;23,851;24,846;100,00;97,80;93,30;85,90;86,40;78,35
22,856;22,478;22,687;24,255;24,355;24,831;100,00;97,20;97,10;81,37;81,60;78,65
22,788;22,436;22,557;23,305;23,559;24,095;100,00;99,60;98,70;89,25;87,30;84,10
22,83;22,388;23,737;22,934;24,681;24,758;100,00;99,30;89,52;92,32;78,32;78,65
22,8;22,386;22,696;23,57;24,596;24,823;100,00;99,00;97,10;89,87;79,50;78,35
22,796;22,346;24,322;23,592;24,32;24,623;100,00;99,90;82,07;89,87;81,00;79,55
22,854;22,892;23,403;24,675;24,159;24,729;100,00;95,10;92,05;78,97;83,07;78,65
22,868;22,539;22,914;24,151;23,999;24,401;100,00;98,10;94,25;82,57;82,77;81,05
22,769;22,451;23,863;23,771;24,461;24,382;100,00;98,40;86,10;84,40;79,50;80,75
22,766;22,684;24,074;24,423;24,552;24,532;100,00;96,00;90,47;80,77;78,92;79,85
22,802;22,481;22,952;24,36;23,78;24,597;100,00;96,90;94,87;81,37;86,40;79,25
22,811;22,413;22,67;23,55;24,413;24,464;100,00;96,90;96,80;86,82;80,70;80,45
22,788;22,4;23,061;23,762;24,585;24,431;100,00;99,00;94,57;85,90;78,02;80,15
22,794;22,339;22,741;23,695;24,299;24,434;100,00;99,60;96,47;86,82;80,10;79,85
22,684;22,304;22,64;23,943;23,722;24,012;100,00;98,70;96,47;84,70;84,57;84,40
22,736;22,321;23,725;23,511;24,441;24,395;100,00;98,40;86,72;88,95;79,20;80,15
22,753;22,833;23,1;24,517;24,405;24,552;100,00;95,70;94,57;79,57;79,50;79,25
22,723;22,421;23,413;23,209;24,528;24,268;100,00;97,80;91,42;91,40;78,02;81,05
22,717;22,33;22,949;24,207;24,569;24,834;100,00;98,70;95,52;82,87;78,32;77,45
22,735;22,679;23,332;24,333;24,532;24,505;100,00;95,10;93,00;80,47;78,32;79,55
22,8;22,742;23,259;24,104;23,936;24,503;100,00;94,80;91,42;81,67;83,07;79,55
22,69;22,506;22,904;24,283;24,07;24,732;100,00;98,10;94,25;80,17;81,90;77,75
22,685;22,739;22,778;23,677;23,704;24,302;100,00;92,12;93,30;83,50;83,97;80,15
22,648;22,6;22,395;23,085;22,913;23,412;100,00;92,72;96,15;88,65;90,32;86,55
22,53;22,234;22,424;22,525;22,507;22,745;100,00;96,90;96,47;92,92;92,77;91,47
22,539;22,264;22,57;22,628;22,518;22,661;100,00;96,30;95,20;92,02;92,45;92,40
22,618;22,525;22,609;22,492;22,548;22,555;99,82;93,62;94,87;93,25;91,85;92,40
22,448;22,267;22,309;22,555;22,386;22,57;100,00;95,70;96,47;92,62;93,07;92,70
22,524;22,224;22,239;22,327;22,412;22,307;100,00;96,60;97,10;93,85;92,77;93,95
22,375;22,076;22,081;22,219;22,173;22,382;100,00;97,80;99,67;94,77;94,30;93,32
22,492;22,05;21,969;22,149;22,124;22,322;100,00;99,60;99,02;95,40;94,60;94,27
22,288;21,89;22,006;22,094;22,042;22,27;100,00;98,70;98,07;95,72;95,22;94,57
22,412;21,938;21,872;22,085;22,029;22,12;100,00;99,60;100,00;95,72;95,52;95,20
22,224;21,736;21,808;21,911;22,009;22,243;100,00;99,00;100,00;97,57;95,82;94,90
22,191;21,822;21,923;21,996;22,053;22,257;100,00;97,80;99,35;96,32;94,90;94,57
22,254;21,825;21,819;22,109;22,05;22,17;100,00;100,00;100,00;95,10;95,22;94,57
22,197;21,636;21,7;21,944;21,948;22,184;100,00;99,60;100,00;96,32;95,52;94,57
22,172;21,591;21,652;21,895;21,896;21,929;100,00;100,00;100,00;96,65;95,82;96,45
22,134;21,542;21,559;21,823;21,722;21,921;100,00;100,00;100,00;97,27;97,07;95,82
22,082;21,557;21,492;21,652;21,744;21,838;100,00;99,90;100,00;98,50;97,37;96,15
22,088;21,458;21,49;21,522;21,502;21,606;100,00;100,00;100,00;99,75;99,22;99,27
22,026;21,471;21,471;21,502;21,539;21,526;100,00;100,00;100,00;99,75;98,00;99,60
21,974;21,37;21,428;21,535;21,571;21,685;100,00;100,00;100,00;99,45;98,00;97,70
21,991;21,392;21,495;21,511;21,584;21,524;100,00;100,00;100,00;99,75;98,00;99,60
22,012;21,404;21,419;21,524;21,683;21,691;100,00;100,00;100,00;99,12;97,67;97,40
21,889;21,372;21,407;21,41;21,565;21,712;100,00;100,00;100,00;99,75;98,00;97,70
21,948;21,348;21,297;21,477;21,475;21,709;100,00;100,00;100,00;99,45;98,92;97,40
21,832;21,337;21,297;21,314;21,403;21,47;100,00;100,00;100,00;100,00;99,55;99,60
21,84;21,285;21,308;21,373;21,566;21,581;100,00;100,00;100,00;100,00;98,00;98,02
21,797;21,256;21,237;21,337;21,397;21,498;100,00;100,00;100,00;100,00;98,92;98,35
21,813;21,159;21,195;21,241;21,156;21,352;100,00;100,00;100,00;100,00;100,00;100,00
21,771;21,205;21,148;21,161;21,259;21,333;100,00;100,00;100,00;100,00;100,00;99,60
21,791;21,154;21,033;21,065;21,122;21,213;100,00;100,00;100,00;100,00;100,00;100,00
21,698;21,078;21,173;21,059;21,21;21,125;100,00;100,00;100,00;100,00;100,00;100,00
21,756;21,21;21,122;21,151;21,235;21,293;100,00;100,00;100,00;100,00;99,55;99,92
21,658;21,217;21,091;21,05;21,155;21,245;100,00;100,00;100,00;100,00;100,00;100,00
21,871;21,245;21,137;21,072;21,115;21,216;100,00;100,00;100,00;100,00;100,00;100,00
21,752;21,087;21,14;21,005;21,118;21,118;100,00;100,00;100,00;100,00;100,00;100,00
21,886;21,122;21,045;21,25;21,201;21,323;100,00;100,00;100,00;100,00;100,00;100,00
21,707;21,022;21,195;21,032;21,094;21,311;100,00;100,00;100,00;100,00;100,00;100,00
21,728;21,124;21,162;21,237;21,213;21,397;100,00;100,00;100,00;100,00;100,00;98,65
21,774;21,118;21,142;21,278;21,256;21,532;100,00;100,00;100,00;100,00;100,00;98,02
21,614;21,05;21,057;21,311;21,318;21,477;100,00;100,00;100,00;99,75;98,30;98,65
21,682;20,918;20,964;21,136;21,05;21,339;100,00;100,00;100,00;100,00;100,00;99,27
21,701;20,949;20,896;20,865;20,786;20,946;100,00;100,00;100,00;100,00;100,00;100,00
21,643;20,948;20,847;20,745;20,649;20,694;100,00;100,00;100,00;100,00;100,00;100,00
21,496;20,906;20,848;20,677;20,66;20,711;100,00;100,00;100,00;100,00;100,00;100,00
21,539;20,853;20,796;20,663;20,589;20,656;100,00;100,00;100,00;100,00;100,00;100,00
21,45;20,863;20,725;20,606;20,53;20,546;100,00;100,00;100,00;100,00;100,00;100,00
21,481;20,752;20,782;20,541;20,526;20,609;100,00;100,00;100,00;100,00;100,00;100,00
21,551;20,842;20,699;20,575;20,532;20,487;100,00;100,00;100,00;100,00;100,00;100,00
21,395;20,715;20,684;20,604;20,539;20,64;100,00;100,00;100,00;100,00;100,00;100,00
21,32;20,711;20,66;20,623;20,62;20,68;100,00;100,00;100,00;100,00;100,00;100,00
21,284;20,668;20,563;20,631;20,539;20,671;100,00;100,00;100,00;100,00;100,00;100,00
21,28;20,628;20,603;20,508;20,533;20,453;100,00;100,00;100,00;100,00;100,00;100,00
21,334;20,712;20,7;20,527;20,808;20,492;100,00;100,00;100,00;100,00;100,00;100,00
21,257;20,644;20,548;20,722;20,502;20,677;100,00;100,00;100,00;100,00;100,00;100,00
21,283;20,708;20,617;20,495;20,444;20,474;100,00;100,00;100,00;100,00;100,00;100,00
21,456;20,836;20,712;20,518;20,517;20,595;100,00;100,00;100,00;100,00;100,00;100,00
21,519;20,838;20,762;20,563;20,589;20,687;100,00;100,00;100,00;100,00;100,00;100,00
21,438;20,955;20,825;20,687;21,051;20,918;100,00;100,00;100,00;100,00;100,00;100,00
21,513;20,801;20,808;20,773;20,868;21,091;100,00;100,00;100,00;100,00;100,00;100,00
21,526;20,95;20,884;20,826;21,321;21,133;100,00;100,00;100,00;100,00;98,60;100,00
21,416;20,816;20,968;20,903;21,076;21,416;100,00;100,00;100,00;100,00;100,00;100,00
21,522;21,039;21,152;21,103;21,339;21,571;100,00;100,00;100,00;100,00;100,00;98,02
21,532;21,1;21,213;21,262;21,375;21,692;100,00;100,00;100,00;100,00;99,85;98,02
21,6;21,119;21,29;21,429;21,464;22,008;100,00;100,00;100,00;100,00;99,22;94,27
21,664;21,22;21,492;21,421;21,695;21,783;100,00;100,00;100,00;100,00;98,00;98,35
21,716;21,364;21,533;21,713;22,551;22,904;100,00;100,00;100,00;98,82;89,72;88,07
21,792;21,458;21,582;21,707;21,974;22,772;100,00;100,00;100,00;99,45;97,37;90,22
21,828;21,55;23,151;21,905;23,013;22,968;100,00;100,00;87,65;98,50;86,70;88,70
22,063;22,151;23,571;23,37;23,558;23,532;100,00;99,30;85,17;85,30;83,37;84,10
22,239;22,495;23,658;23,714;23,792;23,817;100,00;96,00;85,80;83,20;82,20;82,87
22,264;22,608;23,899;23,768;23,829;23,835;100,00;93,32;84,25;83,20;82,77;82,57
22,425;23,154;23,752;23,898;24,035;24,009;100,00;91,82;85,17;82,57;81,00;81,97
22,472;23,047;23,765;24,118;24,147;24,144;100,00;89,17;84,85;80,77;80,40;80,75
22,561;23,316;24,127;24,206;24,26;24,234;100,00;87,42;82,37;80,47;80,10;80,45
22,666;23,546;24,454;24,432;24,441;24,431;100,00;86,82;81,45;79,27;78,92;79,25
22,747;23,814;24,343;24,537;24,547;24,579;97,02;85,37;82,70;78,97;79,20;78,65
22,821;23,774;24,396;24,529;24,684;24,813;98,90;86,25;81,77;79,87;77,72;78,95
22,923;24,165;24,402;24,613;24,64;26,931;96,40;83,02;83,30;79,27;82,20;68,22
22,962;24,171;24,566;24,659;26,369;27,188;96,40;84,20;82,37;81,97;75,37;68,22
23,019;24,206;24,691;24,808;26,29;26,51;95,15;84,20;81,45;80,77;73,02;71,77
23,223;24,243;24,911;25,913;26,392;28,54;93,30;85,07;79,62;75,12;73,32;61,25
23,317;24,448;25,202;26,498;27,884;29,536;93,30;85,07;78,10;70,70;69,82;57,80
23,4;24,819;25,627;26,565;27,767;29,48;93,00;81,87;75,95;72,45;69,82;57,52
23,63;25,106;25,994;29,289;27,287;28,301;93,30;80,42;73,55;64,00;68,95;61,82
23,747;25,269;26,206;29,685;28,092;27,591;91,45;79,00;73,22;59,40;68,07;65,02
23,94;25,673;27,161;28,731;28,242;28,059;90,82;75,85;70,52;64,87;67,22;62,70
24,025;25,413;27,489;32,345;28,604;29,338;89,60;78,70;68,72;52,90;65,20;58,95
24,117;25,812;28,11;32,089;28,527;30,367;89,92;78,12;66,05;52,60;63,47;57,22
24,203;27,205;28,395;31,2;28,57;30,084;89,00;69,60;66,95;58,55;66,92;59,22
24,274;30,561;27,66;30,248;28,229;30,425;90,22;58,25;71,12;61,70;68,07;60,37
24,438;28,772;27,808;31,349;28,526;29,948;90,22;66,25;70,22;59,40;66,62;61,82
24,91;31,456;28,526;31,098;28,557;29,777;89,00;57,17;69,62;61,97;64,62;62,12
24,781;31,407;30,778;31,599;28,81;29,203;89,92;57,17;59,30;60,55;64,90;64,15
25,827;32,023;32,368;32,656;29,266;30,098;86,85;56,62;55,25;55,15;64,62;60,67
26,032;30,061;31,318;32,138;29,107;30,484;85,95;64,02;56,97;57,12;63,77;58,67
25,792;28,829;32,24;31,796;30,077;29,814;86,55;66,25;56,67;57,97;62,62;62,12
25,729;29,447;30,938;31,971;30,319;30,563;86,55;66,52;58,42;60,27;61,20;60,10
25,835;31,279;30,404;31,909;30,314;29,973;85,02;61,00;59,87;57,12;57,80;60,10
25,976;30,34;30,604;31,961;31,025;29,899;88,70;66,52;59,87;56,55;57,22;60,67
26,063;30,543;30,801;32,289;30,026;30,276;85,95;64,30;60,75;55,42;58,07;58,95
26,132;31,297;30,409;32,643;30,63;30,327;86,85;64,87;63,10;53,17;57,80;59,22
26,919;30,764;30,943;32,587;30,769;30,699;86,25;63,20;62,80;57,97;60,35;61,25
28,04;31,145;31,44;32,596;31,064;31,339;79,60;66,25;61,92;53,72;59,77;55,80
28,678;31,127;32,172;31,56;30,926;31,765;78,40;63,20;59,60;57,97;57,52;56,67
30,665;30,54;32,547;30,693;31,036;31,18;75,12;65,97;58,72;64,00;56,95;56,37
34,308;31,71;32,768;32,514;31,909;31,171;64,57;61,27;52,65;54,85;54,70;57,80
35,804;31,195;31,861;32,066;31,604;30,807;62,55;67,37;59,87;56,55;58,07;58,95
36,453;31,474;33,015;31,449;31,614;31,101;59,37;67,37;52,95;57,97;56,10;59,22
37,633;32,185;31,959;31,524;31,679;31,112;54,82;61,00;60,17;57,97;60,05;58,95
36,504;31,68;31,814;32,205;31,804;31,57;60,25;65,42;59,60;61,70;57,52;58,37
36,838;31,26;32,087;32,164;32,292;31,482;60,25;62,65;58,72;56,85;56,95;58,10
37,082;31,49;31,852;32,519;32,218;31,76;59,10;64,87;59,00;56,00;56,67;58,10
37,308;31,785;31,927;32,912;32,582;31,865;60,25;67,10;57,27;56,27;56,95;58,10
36,47;31,922;32,333;32,261;32,516;32;60,82;65,70;56,40;56,27;54,42;57,52
36,94;31,446;31,724;32,517;31,847;31,961;59,37;62,10;59,87;56,55;55,55;56,95
37,03;31,894;32,036;32,58;32,177;32,687;60,82;61,00;55,52;55,15;53,60;55,25
35,776;31,922;32,397;32,621;32,484;32,417;61,67;63,20;53,22;53,72;52,47;52,97
36,429;31,798;32,049;32,905;32,866;32,428;60,82;63,47;54,95;53,45;51,10;53,25
35,845;31,562;32,45;32,391;32,854;32,648;60,25;58,52;52,95;54,57;50,53;52,13
36,514;31,775;32,811;32,813;33,154;32,813;60,25;57,45;51,23;51,78;52,20;52,70
35,844;32,159;32,856;32,99;33,189;33,257;62,55;56,62;52,08;51,48;49,98;50,18
34,02;32,284;33,516;33,207;33,284;33,201;66,30;64,57;49,23;51,20;49,43;51,28
32,74;32,105;32,962;33,144;33,249;33,05;69,22;56,90;51,50;51,20;51,93;51,28
32,167;32,215;32,618;33,362;33,963;33,693;67,77;59,35;56,67;50,38;48,33;49,60
31,87;31,977;33,128;33,504;33,572;33,469;74,52;56,90;51,23;50,93;48,33;49,05
31,581;31,997;33,731;33,829;34,139;34,484;75,42;62,65;48,95;49,80;47,50;47,10
32,758;31,886;34,077;33,855;33,892;33,648;71,27;56,35;47,53;48,70;48,05;49,60
33,345;32,517;33,782;33,825;33,855;33,741;67,47;55,55;51,50;50,93;48,60;48,78
33,334;32,598;34,565;33,37;34,087;33,481;66,90;53,92;48,95;50,38;47,23;49,88
31,746;32,305;34,163;34,136;34,359;34,136;74,25;57,17;47,25;51,78;46,13;48,20
31,038;32,197;35,153;34,23;34,596;34,305;76,32;57,45;42,75;47,58;44,23;45,43
30,572;32,359;34,776;34,504;34,766;34,667;78,10;54,72;43,60;44,55;43,40;43,50
30,434;32,31;34,966;34,209;34,868;34,905;79,30;57,45;44,15;45,10;43,13;42,13
30,255;32,958;34,311;34,762;34,774;34,67;80,50;46,18;45,00;44,00;43,13;45,70
30,21;32,643;34,902;34,514;34,269;34,474;80,80;50,43;44,15;45,10;45,85;43,78
30,188;32,325;34,526;34,362;34,827;34,718;79,60;60,45;45,00;44,83;43,13;42,95
30,074;32,6;34,659;34,737;34,693;34,562;80,20;54,45;45,00;43,73;44,78;43,23
30,108;32,899;34,636;34,966;35,319;34,793;78,10;49,10;47,83;42,63;40,98;41,85
29,98;32,453;34,145;35,465;35,033;34,545;81,10;55,80;45,55;41,25;41,78;43,23
30,303;33,405;34,431;35,25;35,332;34,487;74,25;46,70;42,20;43,45;40,70;42,13
30,476;33,643;33,919;36,05;35,575;35,236;79,30;53,10;46,40;40,70;40,70;41,03
30,308;33,154;34,247;36,194;35,592;35,156;81,10;49,90;45,85;40,70;42,33;41,85
29,965;32,856;33,879;35,868;35,427;35,108;81,70;57,72;47,53;40,43;40,98;41,30
29,942;32,432;34,266;35,11;35,112;35,071;80,80;62,65;45,28;42,08;40,70;41,85
29,999;33,266;34,548;35,074;35,47;35,083;82,30;51,50;43,33;40,98;41,78;42,68
29,784;32,808;34,764;35,387;35,156;35,391;81,40;51,78;40,25;41,25;39,90;40,75
29,688;33,07;34,652;35,69;35,859;35,291;82,00;48,03;42,48;38,25;38,55;39,95
29,687;32,686;34,999;35,463;36,027;35,276;81,40;51,78;39,98;39,63;38,28;39,95
29,934;33,197;34,907;35,559;35,68;35,64;76,02;51,78;43,60;39,08;36,95;38,30
29,641;33,192;35,03;35,991;35,897;35,89;80,50;52,03;41,38;38,25;38,03;37,78
29,77;33,199;35,053;35,795;35,911;35,65;77,20;50,98;40,25;39,35;36,95;38,58
29,682;33,364;34,626;35,683;35,849;35,757;81,10;52,57;41,38;39,08;37,48;37,78
29,357;32,643;34,377;35,783;35,769;35,668;84,72;55,55;42,48;38,80;37,75;38,30
29,339;32,899;33,86;35,74;35,769;35,934;85,95;52,57;45,00;36,65;37,75;36,95
29,409;32,217;34,371;35,471;36,089;35,523;81,10;57,17;44,45;36,90;35,08;37,23
29,606;32,94;33,988;35,901;36,388;35,563;85,95;57,17;51,80;36,65;35,08;36,43
29,314;32,488;33,638;35,576;36,176;35,921;85,95;58,52;50,38;41,53;36,40;37,50
29,162;32,412;32,937;35,842;35,705;35,932;85,35;56,35;52,08;38,25;35,88;34,80
29,178;32,199;33,694;35,296;36,498;35,326;77,20;57,45;46,13;39,35;35,88;39,40
29,164;32,354;33,447;35,8;37,323;35,144;86,55;61,55;48,38;39,08;36,68;40,75
29,148;32,422;33,419;36,446;37,409;35,754;85,95;59,07;48,95;37,18;34,83;36,43
28,976;32,399;32,819;36,239;36,279;35,278;87,17;55,80;53,80;38,80;42,05;39,95
28,733;32,013;33,279;35,257;35,987;35,454;88,37;60,17;51,23;40,70;40,43;39,40
28,793;31,793;32,965;35,308;35,681;35,076;86,55;62,37;54,95;44,55;38,83;35,35
28,733;31,488;32,512;35,649;35,778;35,137;88,70;64,87;61,05;41,25;39,08;37,78
28,606;31,255;32,217;36,065;35,247;35,072;89,92;66,52;54,67;42,63;39,08;41,85
28,463;30,865;31,747;35,221;35,497;34,883;89,60;67,10;61,05;44,28;43,68;40,23
28,37;30,722;31,749;33,832;36,055;34,603;84,72;66,25;58,72;48,98;39,08;42,40
28,268;30,394;31,532;33,798;34,597;34,251;89,60;69,60;63,40;47,03;49,43;45,98
28,071;30,348;31,723;33,494;35,478;34,888;92,07;68,20;62,52;47,85;41,50;39,68
28,121;30,173;31,188;33,857;36,418;34,438;91,45;69,90;63,40;52,05;41,50;46,25
27,967;29,848;31,072;33,237;33,689;34,21;91,15;69,05;60,17;52,05;49,98;44,05
27,77;29,566;31,059;32,382;33,39;33,872;91,75;69,60;60,75;53,72;51,38;49,05
27,649;29,33;30,33;32,448;32,816;33,711;90,52;69,90;62,22;53,72;51,10;48,48
27,563;29,296;30,489;31,995;32,836;33,302;92,07;66,80;67,55;55,70;51,10;50,45
27,469;29,151;30,516;31,811;32,162;33,131;93,30;69,32;66,05;57,42;53,02;49,60
27,33;28,865;30,296;31,396;32,217;33,023;92,07;71,87;63,70;60,27;56,40;57,52
27,234;28,772;29,883;31,706;31,868;33,002;92,07;69,90;64,87;58,27;58,37;56,10
27,225;28,548;29,48;31,175;31,359;32,684;92,67;73,00;69,62;60,55;60,35;57,22
27,206;28,455;29,282;30,461;31,32;32,479;93,30;74,70;69,92;64,00;62,62;58,10
27,18;28,275;28,977;30,026;30,793;32,092;93,60;79,57;74,15;67,77;65,77;59,80
27,093;28,112;28,796;30,074;30,62;31,666;93,00;79,27;74,15;66,02;64,62;57,80
27,013;27,883;28,478;29,913;30,42;31,099;94,22;79,57;78,70;66,90;64,90;61,55
26,889;27,75;28,234;29,214;30,159;30,587;94,85;83,90;79,32;71,27;66,35;64,15
26,835;27,585;28,046;29,485;30,119;30,298;94,85;82,45;81,15;71,87;65,20;64,15
26,746;27,498;27,912;28,984;29,722;30,391;95,15;84,50;81,45;74,82;67,80;65,90
26,67;27,352;27,71;29,255;29,571;30,138;94,85;83,02;82,37;68,95;67,50;65,02
26,601;27,24;27,557;28,977;29,118;29,634;95,47;83,90;83,92;71,00;70,40;67,65
26,584;27,131;27,483;28,79;28,785;29,146;96,07;86,82;83,62;73,05;71,85;69,70
26,513;27,061;27,557;28,741;28,667;28,987;96,07;86,52;83,00;72,45;71,57;70,60
26,462;27,004;27,495;28,623;28,709;28,943;95,47;87,70;82,70;73,05;70,70;70,60
26,433;26,871;27,186;28,281;28,198;28,798;94,85;85,65;85,47;74,52;75,07;70,87
26,352;26,737;27,202;27,942;27,956;28,341;97,02;88,30;84,25;76,60;75,67;73,85
26,258;26,803;27,483;27,942;27,996;28,303;96,07;85,37;81,15;75,70;74,50;72,67
26,263;27,115;27,568;27,828;28,02;28,203;95,15;82,45;80,22;76,00;73,60;73,25
26,221;27,027;27,309;27,943;28,01;28,179;96,07;83,62;82,07;74,52;73,02;72,95
26,143;26,857;27,301;27,405;27,408;27,719;95,77;83,62;80,55;78,70;77,15;76,55
26,088;26,715;27,149;27,371;27,382;27,459;96,70;85,07;81,77;77,80;76,55;77,45
25,988;26,456;26,834;27,163;27,233;27,453;96,70;86,25;83,92;79,27;78,02;76,85
25,887;26,266;26,596;27,021;26,956;27,217;97,02;87,70;84,85;79,27;78,92;77,75
25,791;26,062;26,47;26,701;26,804;27,027;96,70;88,00;84,85;81,67;79,80;78,05
25,746;26,12;26,412;26,764;27,154;26,996;97,02;86,52;84,85;79,87;75,07;77,75
25,661;25,95;26,362;26,532;26,467;26,733;96,70;87,12;84,25;81,67;80,70;80,45
25,581;25,893;26,286;26,421;26,373;26,589;96,40;87,42;83,62;81,67;81,30;80,75
25,551;25,896;26,299;26,302;26,22;26,416;96,40;86,82;83,30;82,27;81,60;81,05
25,517;25,907;26,209;26,158;26,052;26,18;95,47;84,77;83,62;82,27;81,90;82,27
25,484;25,939;26,114;25,977;26,032;25,968;95,47;84,77;84,25;83,20;81,30;83,47
25,426;25,768;25,982;26,201;26,206;26,282;95,77;86,52;84,55;80,47;78,92;79,25
25,326;25,599;25,314;26,282;26,048;26,382;97,32;88,87;91,72;78,97;81,00;78,35
25,238;25,154;25,343;25,484;25,569;25,818;95,77;91,55;91,72;88,95;84,87;85,32
25,215;25,193;25,304;25,641;25,891;25,979;98,27;93,32;91,72;84,10;81,60;81,65
25,191;25,161;25,755;25,839;25,945;25,98;98,57;92,12;83,92;82,87;79,20;81,35
25,158;25,249;25,305;25,777;25,599;25,72;97,95;90,35;93,00;82,27;82,77;82,87
25,033;24,875;24,916;25,389;25,706;25,69;98,57;94,50;93,62;87,42;80,40;82,27
24,951;24,851;24,995;25,217;25,355;25,671;98,57;94,50;89,85;86,22;85,47;83,47
24,946;24,887;25,101;25,368;25,47;25,566;98,90;92,42;89,22;85,60;82,77;83,80
24,837;24,869;25,171;25,352;25,392;25,325;97,95;91,55;89,52;84,40;82,77;84,70
24,834;24,799;24,858;25,47;25,439;25,667;98,27;91,82;93,62;82,87;83,37;80,45
24,776;24,646;25,053;25,272;25,31;25,415;98,90;94,20;88,60;84,40;83,97;84,40
24,811;24,781;24,964;25,348;25,436;25,598;98,57;91,25;90,77;84,40;82,20;82,27
24,666;24,646;24,811;25,2;25,223;25,325;99,20;94,20;90,47;84,70;83,67;84,10
24,676;24,594;24,885;25,182;25,211;25,339;99,20;93,32;88,90;85,00;83,67;83,80
24,678;24,608;25,147;25,086;25,06;25,115;98,27;92,72;86,10;85,30;83,97;85,32
24,664;24,637;24,766;25,183;25,074;25,226;98,90;90,95;91,42;83,80;84,57;83,47
24,609;24,502;24,678;24,963;24,854;25,097;99,20;94,50;90,47;86,22;86,10;85,00
24,569;24,466;24,576;24,907;25,01;25,145;99,20;93,62;92,35;85,90;84,57;84,40
24,525;24,404;24,435;24,961;24,963;25,132;98,57;93,92;94,87;85,60;84,57;84,40
24,426;24,236;24,23;24,779;24,937;25,08;99,52;95,40;97,10;87,42;83,97;84,70
24,358;24,169;24,296;24,823;24,669;24,919;99,82;96,60;93,30;85,90;86,40;85,62
24,405;24,234;24,39;24,613;24,822;24,887;100,00;94,80;92,05;87,42;85,47;85,92
24,357;24,243;24,225;24,907;24,863;25,089;99,82;93,32;95,82;85,30;84,57;84,10
24,34;24,111;24,166;24,696;24,845;25,005;100,00;96,60;95,20;86,52;84,87;84,70
24,327;24,065;24,133;24,641;24,669;24,954;100,00;96,60;94,25;86,82;86,40;85,32
24,292;24,035;24,041;24,579;24,641;24,867;100,00;96,00;96,80;87,12;85,80;86,22
24,183;23,948;24,038;24,547;24,623;25,091;100,00;97,50;95,52;87,72;86,40;84,40
24,212;23,951;23,994;24,655;25,266;24,895;100,00;97,50;96,80;86,52;81,00;85,32
24,156;23,895;23,946;24,463;24,678;25,051;100,00;96,90;97,75;88,05;85,47;84,70
24,106;23,804;23,902;24,198;24,679;24,596;99,52;97,50;96,80;90,47;84,87;87,15
24,062;23,695;23,818;24,135;24,437;24,699;100,00;97,80;97,75;91,70;87,30;86,55
24,035;23,755;23,829;24,242;24,455;24,652;100,00;98,10;96,15;90,17;87,90;86,85
24,031;23,777;23,786;24,416;24,632;24,69;100,00;96,60;98,37;88,35;85,80;86,22
23,936;23,639;23,835;24,224;24,444;24,649;99,52;97,50;97,10;91,10;87,30;87,15
23,997;23,701;23,874;24,236;24,563;24,599;100,00;97,80;97,10;89,87;86,10;86,85
23,957;23,717;24,04;24,373;24,653;24,608;100,00;97,80;95,52;88,65;85,17;86,85
23,955;23,666;23,856;24,289;24,493;24,746;100,00;98,40;97,10;90,47;87,30;85,62
24,005;23,683;23,783;24,528;24,457;24,826;100,00;97,80;97,42;87,12;87,30;85,62
23,927;23,678;23,776;24,413;24,422;24,659;100,00;98,70;97,10;87,72;87,30;86,22
23,936;23,642;23,728;24,322;24,469;25,511;100,00;96,90;97,42;88,65;87,30;80,15
23,851;23,534;23,639;24,18;24,284;24,611;100,00;97,20;98,07;89,87;87,60;86,55
23,77;23,531;23,562;24,145;24,469;24,7;100,00;98,10;98,07;90,17;86,40;86,22
23,8;23,505;23,543;24,123;24,293;24,563;100,00;99,00;99,02;89,87;87,90;86,85
23,771;23,382;23,525;23,975;24,429;25,159;100,00;99,00;98,07;91,10;86,10;82,57
23,699;23,441;23,469;24,16;24,496;25,476;100,00;98,40;99,97;89,87;87,30;80,15
23,725;23,439;23,413;23,886;24,242;24,57;100,00;99,30;99,97;92,02;87,60;87,15
23,707;23,416;23,543;23,892;24,259;24,51;100,00;99,60;98,07;92,02;87,30;86,55
23,652;23,424;23,535;24,028;24,265;24,437;100,00;98,70;97,75;91,10;87,30;87,15
23,699;23,465;23,598;24,234;24,867;24,936;100,00;99,00;98,37;88,35;83,37;83,17
23,66;23,335;23,416;23,878;24,643;24,77;100,00;98,70;99,35;91,40;83,07;84,10
23,672;23,346;23,407;24,587;24,764;25,383;100,00;98,40;99,35;85,00;83,67;80,45
23,541;23,302;23,388;23,936;24,569;24,587;100,00;99,60;99,02;90,17;83,97;85,62
23,561;23,304;23,391;23,773;24,467;24,349;100,00;99,90;99,02;91,70;84,57;86,85
23,555;23,256;23,301;23,714;23,957;24,334;100,00;99,60;100,00;92,02;89,10;87,45
23,567;23,184;23,229;23,657;23,955;24,056;100,00;99,30;99,35;91,70;88,50;88,70
23,532;23,211;23,223;23,884;24,159;24,178;100,00;99,30;99,97;89,87;86,70;87,45
23,466;23,194;23,298;23,758;24,181;24,12;100,00;99,90;99,02;90,77;86,70;88,37
23,439;23,142;23,257;23,642;24,047;24,429;100,00;100,00;98,70;91,40;87,30;85,62
23,492;23,133;23,172;24,035;24,414;24,946;100,00;98,70;100,00;88,35;84,27;81,65
23,439;23,068;23,059;23,66;24,022;24,852;100,00;99,60;100,00;91,70;87,60;82,57
23,337;23,047;23,136;23,631;24,364;24,381;100,00;99,60;99,35;91,10;83,37;86,22
23,456;23,07;23,091;23,99;23,922;24,46;100,00;99,30;100,00;88,65;88,20;85,62
23,35;23,049;23,106;23,546;23,823;24,062;100,00;99,90;98,70;92,62;88,80;88,07
23,401;23,007;23,101;23,652;23,75;24,33;100,00;99,60;98,37;91,40;88,50;86,85
23,374;23,034;23,068;23,508;23,836;24,837;100,00;99,30;98,70;92,02;88,80;81,97
23,359;22,959;23,013;23,716;24,561;24,775;100,00;99,90;100,00;90,17;83,67;82,27
23,386;22,899;22,953;23,756;23,841;24,861;100,00;99,90;99,35;90,17;89,10;82,57
23,398;22,925;22,99;23,622;23,556;24,861;100,00;99,90;99,67;90,47;90,62;81,35
23,278;22,851;22,832;23,639;24,135;23,809;100,00;100,00;100,00;90,47;87,00;89,30
23,268;22,742;22,833;23,226;24,154;24,428;100,00;100,00;100,00;94,47;85,80;85,62
23,214;22,785;22,838;23,424;23,892;24,788;100,00;100,00;99,97;91,70;87,30;82,27
23,193;22,796;22,808;23,28;23,391;23,856;100,00;100,00;100,00;92,92;91,55;89,00
23,209;22,779;22,76;23,561;23,529;23,863;100,00;99,90;100,00;90,47;90,32;89,00
23,176;22,711;22,667;23,441;23,26;23,964;100,00;99,90;100,00;92,02;92,15;87,45
23,175;22,703;22,705;23,163;23,842;23,811;100,00;100,00;100,00;93,85;87,60;88,37
23,164;22,715;22,655;23,109;23,731;24,342;100,00;100,00;100,00;94,77;89,72;85,32
23,143;22,697;22,703;23,851;24,572;24,86;100,00;100,00;100,00;88,05;82,20;81,35
23,121;22,649;22,718;22,983;23,741;23,916;100,00;100,00;100,00;96,02;87,90;89,30
23,037;22,694;22,794;23,672;23,776;24,017;100,00;100,00;99,97;89,25;87,30;87,15
23,058;22,669;23,073;23,486;24,254;24,127;100,00;100,00;98,70;90,77;85,17;87,15
23,086;22,652;22,776;23,31;23,865;23,964;100,00;100,00;99,97;92,92;87,00;87,45
23,001;22,59;22,726;23,11;24,165;23,838;100,00;100,00;100,00;94,77;82,77;88,37
22,878;22,525;22,706;23,46;23,785;24,435;100,00;100,00;100,00;93,55;87,90;83,80
22,993;22,575;22,603;23,508;24,268;24,343;100,00;100,00;100,00;91,40;83,67;83,80
22,946;22,569;22,569;22,943;23,592;24,191;100,00;100,00;100,00;95,72;88,80;85,62
22,98;22,516;22,648;23,244;23,564;24,408;100,00;99,60;99,02;92,02;90,32;83,17
22,953;22,54;22,608;23,277;23,665;23,951;100,00;99,00;100,00;90,47;86,40;86,22
22,946;22,512;22,512;23,45;24,08;24,319;100,00;100,00;100,00;90,77;84,57;83,80
22,931;22,525;22,437;23,287;23,654;24,153;100,00;100,00;100,00;91,10;88,50;85,62
22,958;22,548;22,46;23,028;23,347;23,624;100,00;100,00;100,00;93,55;89,42;89,00
22,79;22,476;22,424;22,995;23,254;24,032;100,00;100,00;100,00;94,17;90,92;85,00
22,886;22,427;22,451;23,044;22,907;23,331;100,00;100,00;100,00;93,25;93,07;91,15
22,847;22,412;22,658;22,776;22,947;23,064;100,00;100,00;97,75;95,10;92,15;92,10
22,871;22,394;22,513;23,085;23,115;24,04;100,00;100,00;100,00;92,02;91,55;84,40
22,802;22,375;22,384;22,699;22,952;23,445;100,00;100,00;100,00;96,02;92,15;90,22
22,859;22,389;22,412;22,85;23,044;23,173;100,00;100,00;100,00;93,85;91,85;91,15
22,811;22,357;22,231;22,646;22,824;23,505;100,00;100,00;100,00;96,95;94,30;88,07
22,784;22,187;22,294;22,443;22,905;23,337;100,00;100,00;100,00;98,50;92,45;90,85
22,782;22,24;22,613;22,67;22,739;23,191;100,00;100,00;96,15;95,40;93,37;92,40
22,766;22,199;22,358;23,07;23,001;23,771;100,00;100,00;100,00;92,62;91,85;86,22
22,661;22,233;22,372;22,608;23,625;23,305;100,00;100,00;100,00;97,27;84,27;91,47
22,691;22,219;22,352;22,761;23,809;23,645;100,00;100,00;100,00;95,40;83,67;87,45
22,714;22,194;22,196;22,619;22,782;23,851;100,00;100,00;100,00;97,27;94,60;85,00
22,693;22,225;22,287;22,473;23,382;23,247;100,00;100,00;100,00;96,65;86,10;89,62
22,633;22,136;22,319;22,518;22,756;23,305;100,00;100,00;100,00;96,65;92,77;89,92
22,569;22,067;22,093;22,469;22,413;22,558;100,00;100,00;100,00;95,40;94,60;94,27
22,4;21,971;22,061;22,23;22,291;22,388;100,00;100,00;100,00;97,27;95,52;95,20
22,436;21,953;22,05;22,227;22,145;22,372;100,00;100,00;100,00;97,57;97,07;96,15
22,454;21,913;22,044;22,221;22,255;22,455;100,00;100,00;100,00;96,32;96,15;94,90
22,351;21,831;21,959;22,118;22,291;22,385;100,00;100,00;100,00;98,20;95,22;95,20
22,389;21,85;21,966;21,974;22,079;22,172;100,00;100,00;100,00;99,45;97,37;97,70
22,413;21,868;21,886;22,035;22,045;22,164;100,00;100,00;100,00;98,82;97,37;98,02
22,436;21,869;21,786;21,953;21,901;22,149;100,00;100,00;100,00;98,82;98,30;96,77
22,376;21,847;21,795;21,825;21,855;21,962;100,00;100,00;100,00;99,75;98,92;98,35
22,328;21,767;21,747;21,883;21,899;21,991;100,00;100,00;100,00;99,45;98,60;98,35
22,355;21,74;21,765;21,956;22,047;22,018;100,00;100,00;100,00;98,82;97,37;97,40
22,224;21,661;21,755;22,109;22,078;22,129;100,00;100,00;100,00;96,95;95,82;96,15
22,167;21,588;21,724;21,892;21,899;22,139;100,00;100,00;100,00;99,45;98,60;96,77
22,196;21,7;21,805;21,82;21,953;21,963;100,00;100,00;100,00;100,00;98,30;98,35
22,184;21,628;21,681;21,853;21,773;21,878;100,00;100,00;100,00;100,00;99,85;99,60
22,206;21,666;21,78;21,741;22,009;21,869;100,00;100,00;100,00;100,00;97,37;99,27
22,282;21,664;21,716;21,89;21,791;22,154;100,00;100,00;100,00;99,45;98,92;96,77
22,275;21,791;21,648;21,749;21,785;22,157;100,00;100,00;100,00;100,00;99,22;97,40
22,154;21,648;21,578;21,636;21,701;21,893;100,00;100,00;100,00;100,00;99,85;99,27
22,233;21,682;21,623;21,62;21,816;21,785;100,00;100,00;100,00;100,00;98,30;99,60
22,181;21,791;21,697;21,701;22,12;22,123;100,00;100,00;100,00;100,00;95,82;97,07
22,221;21,785;21,734;22,02;22,058;22,127;100,00;100,00;100,00;97,57;96,45;96,45
22,263;21,794;21,712;21,96;21,935;22,053;100,00;100,00;100,00;97,87;97,07;97,07
22,315;21,792;21,695;21,872;22,076;22,042;100,00;100,00;100,00;98,50;95,22;97,07
22,273;21,703;21,628;21,889;21,847;22,193;100,00;100,00;100,00;99,45;97,37;95,82
22,225;21,725;21,686;21,831;21,892;22,067;100,00;100,00;100,00;98,20;97,37;96,15
22,203;21,676;21,578;21,773;21,88;22,041;100,00;100,00;100,00;100,00;98,30;96,45
22,155;21,559;21,652;21,663;21,832;21,89;100,00;100,00;100,00;100,00;97,07;97,40
22,042;21,523;21,618;21,84;21,883;22,249;100,00;100,00;100,00;98,82;96,75;95,20
22,175;21,646;21,615;21,823;21,768;22,109;100,00;100,00;100,00;97,57;99,22;95,20
22,202;21,71;21,637;21,764;21,88;22,07;100,00;100,00;100,00;98,82;97,67;96,15
22,23;21,626;21,621;21,983;21,96;22,295;100,00;100,00;100,00;96,65;97,67;94,27
22,154;21,755;21,727;21,802;22,053;22,258;100,00;100,00;100,00;98,82;95,82;95,20
22,039;21,614;21,669;21,862;21,913;22,258;100,00;100,00;100,00;100,00;98,00;96,77
22,127;21,749;21,725;21,889;22,009;22,285;100,00;100,00;100,00;99,12;96,75;95,82
22,188;21,741;21,825;21,965;22,108;22,243;100,00;100,00;100,00;97,87;95,82;96,15
22,222;21,828;21,862;22,094;22,123;22,385;100,00;100,00;100,00;96,95;95,82;94,90
22,179;21,776;21,945;22,064;22,213;22,56;100,00;100,00;100,00;98,82;95,82;94,57
22,237;21,924;22,036;22,276;22,358;22,744;100,00;100,00;100,00;96,95;95,82;94,27
22,386;22,133;22,375;22,403;22,655;22,854;100,00;99,60;99,97;96,02;91,85;92,10
22,4;22,269;22,327;22,43;22,609;23,155;100,00;98,70;99,02;96,32;94,90;91,77
22,516;22,388;22,322;22,591;22,672;23,121;100,00;99,90;99,35;95,72;94,60;92,70
22,555;22,348;22,575;22,557;22,726;22,938;100,00;99,30;99,67;95,72;95,52;94,57
22,637;22,594;22,649;22,974;23,1;23,367;100,00;99,90;99,02;95,10;94,30;91,77
22,661;22,672;22,862;23,086;23,302;23,779;100,00;99,30;99,35;94,77;93,07;90,55
22,778;22,766;23,022;23,227;23,4;23,877;100,00;99,00;97,42;94,17;91,85;90,22
22,932;22,983;23,301;23,365;23,725;24,243;100,00;96,00;94,25;93,55;88,20;86,55
23,004;23,277;23,508;23,942;23,75;24,444;100,00;95,40;94,25;85,00;88,50;81,05
23,154;23,4;23,6;23,719;24,083;24,404;100,00;95,10;91,10;88,35;84,87;81,97
23,161;23,568;24,497;24,02;24,605;24,696;100,00;89,17;82,07;85,00;79,80;79,25
23,292;23,797;24,845;24,763;24,703;24,787;100,00;91,55;79,92;78,97;79,50;78,65
23,496;24,361;24,916;24,885;24,933;25,208;94,52;82,75;79,92;78,70;78,02;76,55
23,609;24,694;25,06;25,019;25,159;25,98;94,22;81,30;78,70;78,10;76,55;73,25
23,687;24,93;25,252;25,272;25,746;25,694;91,75;79,27;77,47;76,30;73,90;73,85
24,218;25,081;25,439;25,421;25,659;25,967;85,95;78,42;75,95;75,12;74,20;71,47
24,357;25,241;25,554;25,778;26,161;26,572;84,12;76,97;75,35;73,65;72,45;68,52
24,464;25,395;25,737;26,029;26,933;26,621;86,85;76,97;74,75;72,75;71,57;67,65
24,611;25,658;25,947;26,828;26,928;27,148;82,30;74,70;73,55;70,70;69,52;66,17
24,782;25,936;26,241;27,496;27,281;27,509;82,00;73,85;72,32;67,77;67,80;62,97
24,893;26,065;26,667;27,736;27,546;27,47;82,00;73,27;69,92;67,77;67,50;64,15
24,926;26,309;27,137;28,206;27,5;27,8;82,92;71,87;68,45;65,45;67,80;63,85
25,115;26,666;27,759;28,592;27,284;28,003;80,20;69,90;65,47;63,42;68,07;61,82
25,1;26,678;27,594;29,596;28,186;28,184;81,70;70,45;67,25;58,82;66,05;61,82
25,091;28,037;28,193;29,684;28,054;28,843;82,62;65,15;65,77;61,97;65,77;59,52
25,147;28,916;27,858;30,208;28,493;30,436;82,92;62,65;68,45;60,27;64,05;54,67
25,278;27,911;28,694;32,286;28,805;30,704;85,02;68,50;63,70;53,72;62,90;53,55
25,496;30,98;30,773;31,584;29,141;32,43;83,52;53,92;55,25;57,12;62,32;48,48
25,485;31,072;30,18;32,811;28,846;31,318;84,72;56,90;56,97;52,60;63,20;55,25
26,485;30,197;32,689;31,874;29,315;30,781;81,40;62,65;52,65;56,00;62,32;57,80
26,287;28,979;32,814;31,901;29,706;30,817;81,70;66,52;51,50;59,12;61,77;56,67
26,146;28,548;31,785;32,397;29,717;31,006;83,22;68,77;58,12;57,12;61,47;58,95
25,989;29,205;31,091;32,031;30,001;30,308;86,25;68,50;61,05;57,42;63,20;59,80
26,123;29,876;30,181;32,261;30,237;30,316;85,95;64,87;60,17;56,55;61,77;59,52
26,244;30,253;30,429;32,18;30,285;29,919;87,47;65,97;64,87;56,00;60,62;60,97
26,465;30,365;30,468;32,358;30,939;30,061;85,35;68,77;60,75;56,27;58,07;61,82
26,464;30,508;30,287;31,999;30,511;30,6;87,47;66,25;65,17;58,82;61,77;62,12
27,018;29,614;30,875;31,713;30,704;30,551;85,95;73,57;61,92;61,70;62,05;63,85
28,103;31,337;30,524;32,397;30,627;31,122;82,92;67,10;65,17;58,55;62,05;60,97
28,998;30,404;30,624;31,716;30,431;30,495;83,82;71,02;62,22;59,97;62,62;63,27
30,593;30,004;31,258;30,301;30,964;30,838;78,10;66,25;65,77;63,15;60,62;62,70
33,76;31,109;31,057;30,86;31,263;30,791;65,72;69,32;60,47;62,27;59,50;61,55
36,119;30,973;31,534;30,74;31,315;30,68;58,25;65,42;60,17;61,70;60,35;63,57
35,909;30,815;32,069;30,685;31,64;30,83;62,55;69,60;56,40;64,87;59,22;61,82
36,397;31,077;32,338;31,128;31,94;31,098;60,82;68,50;54,67;59,97;58,37;60,10
37,028;31,526;32,532;31,716;32,069;31,42;59,10;62,65;54,95;58,55;57,22;60,97
36,39;31,584;32,133;32,036;32,138;31,324;60,82;67,10;57,85;59,40;57,80;60,10
35,942;31,237;32,049;32,035;31,57;31,31;64,00;61,82;57,27;59,40;58,07;58,67
36,274;31,396;31,827;32,143;32,359;31,31;62,82;59,90;58,42;58,27;56,67;59,22
36,629;31,273;31,721;31,852;31,987;31,279;60,52;59,90;60,17;57,97;57,22;59,22
36,22;31,445;31,886;31,706;31,968;31,571;61,10;59,62;58,12;58,82;58,07;59,22
36,67;31,741;32,419;31,976;31,839;31,925;61,67;59,35;58,12;58,82;57,52;58,67
36,589;32,128;32,251;32,674;32,471;32,639;60,25;61,27;58,42;57,42;57,52;58,10
36,842;32,061;32,164;32,776;32,537;32,094;62,55;59,35;58,72;57,70;56,10;60,37
37,135;32,402;32,399;32,391;33,227;32,148;59,37;57,72;57,27;57,70;54,70;57,80
36,798;33,154;32,892;32,925;33,236;33,03;58,25;60,17;55,82;57,12;55,55;56,67
37,1;32,256;32,998;32,96;33,103;32,641;59,37;60,45;54,67;55,70;52,75;54,95
35,97;32,524;32,866;33,011;33,108;32,567;58,52;54,45;54,37;53,17;51,10;54,67
35,549;32,768;33,182;33,201;33,487;32,722;57,67;55,27;54,95;53,72;52,75;55,52
33,574;32,42;32,8;33,118;33,375;33,301;67,17;59,07;55,25;55,15;52,47;55,80
32,392;32,318;32,836;32,917;33,502;33,179;72,47;57,17;54,95;55,42;53,02;54,40
32,061;32,279;33,006;32,924;33,332;32,836;72,17;57,17;54,95;55,42;53,87;55,52
32,758;32,386;33,884;33,133;33,434;33,231;73,05;56,07;50,95;54,30;52,20;53,82
32,699;32,935;33,586;33,33;33,347;33,304;70,70;55,80;52,38;54,30;51,93;53,25
32,947;32,717;33,978;33,477;33,586;33,966;71,57;53,92;50,08;52,33;51,10;51,85
32,404;32,312;34,489;33,382;34,355;33,691;72,17;56,35;49,23;52,33;48,88;51,28
31,536;32,412;34,682;33,97;33,706;34,599;72,75;56,62;49,23;52,33;51,65;51,58
31,035;32,869;34,193;34,075;34,281;34,072;76,62;55,00;50,08;51,48;49,15;52,40
30,822;32,753;34,701;34,274;34,435;34,552;77,80;56,35;48,95;50,08;49,43;49,88
30,744;33,621;34,567;34,536;34,421;34,56;78,40;52,57;49,80;50,08;49,98;47,93
30,786;33,546;34,891;34,328;34,555;34,086;76,62;52,85;49,23;50,38;48,60;50,18
30,603;33,211;34,701;34,091;34,696;33,926;79,00;54,20;49,53;51,78;48,33;51,00
30,63;32,914;34,589;34,305;34,63;35,12;80,20;58,52;50,08;51,48;48,05;48,78
30,524;32,973;34,562;34,822;34,832;34,868;80,50;54,72;48,10;49,25;48,05;48,78
30,429;32,568;34,123;35,53;34,757;34,349;79,30;57,72;48,68;46,75;48,33;49,60
30,468;33,124;34,246;34,676;34,909;34,562;77,20;52,57;48,68;47,85;45,58;47,65
30,609;33,404;33,87;34,801;35,242;34,274;79,60;55,80;48,38;50,08;45,85;48,20
30,686;33,394;34,284;35,74;35,511;35,266;79,90;51,23;48,10;44,83;45,58;45,98
30,508;33,427;33,936;35,845;35,137;34,752;79,30;51,50;48,38;45,10;46,13;46,55
30,633;33,435;34,547;35,031;35,139;35,062;75,12;55,27;46,40;46,20;41,78;46,55
30,397;33,877;34,42;34,951;35,158;34,603;81,70;49,90;48,10;45,38;44,50;45,98
30,513;33,658;34,863;34,987;35,293;34,29;79,30;51,23;46,68;46,48;44,78;47,65
30,585;34,193;35,314;35,37;35,683;34,794;76,62;53,65;46,98;46,20;43,95;47,10
30,25;34,139;34,543;35,31;35,716;36,45;82,00;54,45;48,68;47,03;46,13;45,70
30,063;32,699;34,21;34,96;35,494;35,47;82,62;57,45;49,80;48,13;45,33;46,55
30,095;33,234;34,701;34,984;35,446;35,506;82,92;56,07;45,85;47,30;42,88;45,15
30,45;33,725;34,878;35,561;35,857;35,278;72,17;47,78;44,73;43,73;40,43;43,78
30,244;33,884;34,377;35,525;35,451;35,404;75,12;53,92;50,95;43,45;44,23;43,23
29,76;32,867;33,902;35,11;35,094;35,324;82,30;54,72;52,08;48,13;46,95;44,05
29,469;32,585;33,011;34,747;34,9;35,657;83,52;60,17;56,97;48,70;48,60;44,60
29,094;31,671;31,853;33,892;33,651;34,752;85,02;64,57;63,40;54,85;50,53;52,13
28,859;30,925;31,412;32,448;32,317;33,71;87,77;71,57;69,62;61,70;57,80;58,10
28,625;30,664;31,172;32,302;32,555;33,339;89,00;71,02;69,92;64,87;60,05;54,67
28,565;30,627;31,277;31,729;32,796;33,589;89,30;73,00;69,02;64,00;60,35;56,10
28,667;30,701;31,188;32,396;32,545;33,587;88,37;71,02;70,52;64,30;63,20;61,25
28,651;30,906;30,959;32,294;32,722;33,247;88,70;72,42;71,72;66,32;64,05;59,52
28,544;30,511;30,619;31,995;32,481;33,131;89,30;74,12;73,85;65,45;64,90;58,67
28,3;29,841;29,994;31,56;31,23;32,384;89,92;76,70;72,92;68,07;65,47;62,12
28,07;29,503;29,894;30,675;31,299;31,757;92,37;80,15;79,00;72,17;66,05;65,60
27,993;29,417;29,832;30,938;31,305;31,821;92,37;79,00;77,47;68,35;69,52;64,15
28,023;29,487;29,806;31,146;31,487;31,817;92,07;78,42;78,40;70,70;68,65;68,82
28,084;29,444;29,82;31,485;31,417;31,91;92,07;79,00;78,10;69,52;70,70;67,95
28,032;29,384;29,671;31,352;31,397;32,033;92,07;80,15;79,92;71,00;70,70;66,17
27,892;29,127;29,355;30,667;30,918;31,488;92,67;82,17;80,85;72,45;71,27;67,35
27,741;28,827;28,993;30,069;30,178;30,831;93,30;81,87;81,77;76,60;79,20;71,17
27,593;28,576;28,876;29,65;29,943;30,279;94,22;83,90;83,92;78,10;76,85;74,75
27,51;28,48;29,085;29,468;30,402;30,492;94,85;84,50;83,62;80,17;74,77;72,67
27,573;28,535;29,566;30,116;30,888;30,973;94,22;84,20;81,45;76,90;73,02;71,47
27,641;28,857;29,833;30,486;31,347;31,571;94,22;83,90;79,62;76,00;72,15;69,12
27,661;28,862;29,701;30,473;31,002;31,676;93,92;83,32;80,85;73,65;71,57;67,95
27,618;28,728;30,441;30,534;30,809;31,36;94,52;85,07;74,45;71,57;68,65;68,82
27,612;28,57;30,018;31,13;31,445;31,558;93,92;83,90;79,00;66,32;68,07;65,60
27,529;28,571;29,61;30,802;31,359;32,108;94,85;84,77;80,55;72,45;67,22;65,02
27,436;28,505;29,29;30,925;31,022;31,878;95,47;84,77;82,07;69,82;69,82;65,30
27,366;28,254;28,949;30,686;31,059;31,713;95,77;85,65;83,92;71,87;70,97;67,07
27,289;28,092;28,664;30,384;30,76;31,498;95,77;86,82;84,85;73,05;71,27;68,82
27,179;27,931;28,287;30,181;30,221;31,243;96,07;87,12;86,10;73,35;71,85;69,40
27,081;27,739;28,018;29,607;29,758;30,474;97,02;88,00;87,65;76,30;74,50;71,47
26,991;27,524;27,819;29,439;29,336;29,637;97,32;89,17;89,52;76,60;75,07;74,15
26,871;27,375;27,677;29,067;29,108;29,303;98,27;89,47;90,15;77,80;76,55;76,25
26,831;27,254;27,73;28,673;28,675;28,996;98,27;91,25;88,90;78,97;78,02;76,85
26,766;27,061;27,433;28,458;28,399;28,554;98,27;91,82;90,15;80,47;79,20;78,95
26,7;26,968;27,496;28,317;28,303;28,463;98,90;93,32;87,97;79,87;78,92;78,65
26,613;26,892;27,434;28,046;27,9;28,236;98,57;91,25;87,35;81,37;82,20;81,05
26,502;26,956;27,591;27,683;27,543;27,932;97,95;89,17;85,80;83,80;83,37;82,57
26,529;27,186;27,343;27,584;27,674;27,738;97,32;87,70;88,27;83,50;81,90;82,87
26,419;26,854;26,878;27,478;27,627;27,828;97,95;90,35;91,10;84,40;82,50;81,65
26,275;26,602;26,777;27,138;27,247;27,571;97,65;91,55;90,77;85,90;85,17;83,80
26,238;26,488;26,624;27,158;27,25;27,361;98,27;92,12;92,67;85,90;83,97;84,70
26,157;26,352;26,464;27,148;27,265;27,343;98,27;93,32;94,25;85,00;83,67;83,80
26,072;26,209;26,243;26,852;26,804;27,217;98,57;93,02;94,57;87,12;86,10;85,00
26,04;25,973;26,117;26,659;26,672;26,838;99,20;93,92;95,52;88,05;86,70;86,22
25,928;25,934;25,908;26,535;26,729;26,817;99,82;94,50;96,15;87,72;85,47;85,62
25,832;25,841;25,806;26,522;26,51;26,815;99,52;94,50;96,80;87,42;85,80;85,32
25,781;25,754;25,769;26,355;26,515;26,601;99,82;94,80;95,82;88,65;85,17;85,92
25,702;25,706;25,803;26,484;26,478;26,713;99,82;95,70;96,15;85,60;84,57;83,80
25,641;25,612;25,714;26,306;26,267;26,375;99,52;96,30;96,15;87,12;85,80;86,55
25,566;25,47;25,459;26,267;26,054;26,29;99,82;95,70;97,75;86,22;87,00;86,22
25,462;25,232;25,342;26,025;25,983;26,135;99,82;96,00;97,75;87,72;86,10;86,55
25,421;25,261;25,267;26,008;26,039;26,155;100,00;96,30;97,42;87,12;85,47;85,62
25,313;25,263;25,39;25,933;25,944;26,235;100,00;96,60;94,87;86,82;86,40;84,70
25,298;25,238;25,63;25,885;25,687;25,942;99,82;95,40;91,10;86,82;87,30;86,85
25,29;25,288;25,476;25,732;25,702;25,778;99,20;93,62;93,30;87,42;87,60;87,15
25,22;25,191;25,461;25,581;25,696;25,742;99,52;95,40;93,30;88,95;87,00;88,07
25,179;25,107;25,185;25,839;25,839;25,907;100,00;95,40;95,20;85,90;84,87;85,00
25,112;25,012;25,199;25,546;25,523;25,761;99,82;96,60;93,92;88,05;87,00;86,22
25,047;24,917;24,851;25,541;25,413;25,606;100,00;96,00;96,80;87,12;87,90;87,15
25,005;24,737;25,41;25,042;25,263;25,322;98,90;94,80;90,15;92,02;87,00;87,45
25,145;25,045;25,291;25,749;25,893;26,173;100,00;95,70;94,87;84,70;85,47;81,05
25,086;25,01;25,386;25,679;25,725;26,229;99,52;93,92;91,72;87,12;84,57;83,47
25,086;25,075;25,252;25,444;25,656;25,687;99,20;93,32;92,05;87,72;85,47;85,62
25,092;25,136;25,429;25,664;26,022;26,078;99,52;91,25;90,77;85,30;83,07;82,57
25,069;25,039;25,282;25,794;25,702;26,029;98,90;93,92;92,35;85,00;85,17;84,10
25,074;25,013;25,182;25,599;25,758;25,87;99,82;94,50;93,92;85,90;84,57;84,40
25,027;24,949;25,203;25,451;25,583;25,638;99,52;94,80;91,42;87,12;84,87;85,92
25,051;24,987;25,298;25,581;25,401;25,705;98,57;93,02;90,47;85,60;87,00;85,32
24,961;24,987;25,183;25,508;25,461;25,557;98,90;93,92;92,35;86,52;86,10;86,55
24,922;24,878;25,145;25,503;25,661;25,662;100,00;95,70;92,67;86,52;84,57;85,62
24,837;24,851;24,917;25,632;25,487;25,875;99,82;94,50;95,52;86,22;87,00;84,70
24,811;24,776;24,873;25,285;25,447;25,856;99,52;96,30;94,87;88,05;86,10;84,40
24,826;24,641;24,646;25,355;25,272;25,924;100,00;96,00;97,42;88,35;88,50;85,00
24,782;24,57;24,681;25,089;25,465;26,157;100,00;97,50;97,42;89,57;86,70;82,27
24,738;24,478;24,54;25,021;25,581;26,664;99,82;97,20;98,07;90,47;84,57;79,25
24,713;24,482;24,647;25,378;25,444;25,731;100,00;97,50;97,10;87,12;86,10;85,00
24,623;24,537;24,637;25,205;25,445;25,593;99,82;97,50;96,80;88,65;85,47;85,92
24,643;24,496;24,669;24,981;25,577;25,4;100,00;96,90;96,15;90,17;84,27;87,45
24,617;24,461;24,805;24,966;26,003;25,732;99,52;97,50;95,82;90,77;80,40;85,00
24,59;24,384;24,549;25,13;25,197;25,78;100,00;97,80;97,10;88,95;88,50;84,40
24,555;24,376;24,547;25,18;25,127;25,392;100,00;97,20;95,82;88,35;87,60;87,45
24,587;24,384;24,534;25,063;25,259;25,29;100,00;97,20;97,42;88,95;86,70;87,45
24,511;24,392;24,497;24,957;25,304;25,371;100,00;98,40;96,80;89,87;86,40;87,15
24,544;24,384;24,51;25,162;25,092;25,314;100,00;97,80;97,75;88,35;88,20;87,15
24,511;24,379;24,432;24,943;25,674;25,999;100,00;98,40;98,37;89,57;84,57;82,57
24,503;24,219;24,268;24,761;24,984;25,572;100,00;98,10;98,70;91,40;88,50;86,55
24,469;24,21;24,246;24,711;24,86;25,197;100,00;98,40;97,10;91,10;89,42;87,77
24,482;24,142;24,619;24,641;24,957;24,966;100,00;98,10;96,47;91,40;88,20;89,00
24,405;24,195;24,408;24,778;25,132;25,1;100,00;98,70;97,75;91,10;87,00;88,07
24,414;24,186;24,325;24,939;25,136;25,815;100,00;98,70;98,07;90,17;86,40;85,00
24,425;24,175;24,239;24,743;25,459;25,839;100,00;98,40;99,02;91,40;87,60;82,57
24,379;24,121;24,228;24,766;24,954;25,203;100,00;98,70;99,02;90,47;88,50;87,77
24,378;24,086;24,166;24,537;24,907;24,999;100,00;99,30;99,35;92,92;89,42;89,00
24,317;24,08;24,186;24,502;24,855;24,917;100,00;98,70;98,70;92,62;89,10;89,62
24,328;24,114;24,109;24,653;24,919;25,037;100,00;99,00;99,35;91,10;88,50;88,70
24,286;24,1;24,171;24,667;25,004;25,036;100,00;99,00;98,70;91,10;87,60;88,37
24,31;24,092;24,08;24,62;24,908;25,316;100,00;97,80;99,02;92,32;88,20;86,22
24,317;24,067;24,156;24,729;24,866;25,078;100,00;99,00;99,02;89,87;88,80;87,77
24,333;24,082;24,227;24,622;24,791;25,285;100,00;98,40;96,47;91,10;89,72;86,22
24,33;24,117;24,129;24,753;24,969;25,083;100,00;98,70;99,97;89,87;88,50;87,77
24,185;23,997;24,083;24,389;24,908;25,508;100,00;99,30;98,07;92,62;88,20;84,70
24,269;23,978;24,112;24,567;25,293;25,119;100,00;99,30;97,42;90,77;84,27;87,45
24,286;24,041;24,195;24,986;25,817;25,841;100,00;98,10;96,80;88,05;81,60;82,27
24,289;24,101;24,212;24,823;24,99;25,878;100,00;96,30;97,10;89,57;87,30;82,27
24,274;24,098;24,233;24,75;24,892;25,177;100,00;97,80;96,47;89,87;88,20;86,55
24,265;24,118;24,881;24,981;25,413;25,358;100,00;98,40;89,22;88,05;83,97;85,32
24,29;24,271;24,667;25,676;25,777;25,694;100,00;97,20;94,57;83,20;81,90;83,47
24,209;24,08;24,333;25,034;24,958;25,651;100,00;98,40;96,15;90,47;88,20;83,80
24,234;24,074;24,367;24,599;24,661;24,899;100,00;97,50;95,82;90,77;89,72;89,00
24,298;24,106;24,248;24,605;24,613;24,753;100,00;97,80;96,15;90,77;90,32;89,92
24,275;24,123;24,392;24,594;24,948;25,839;100,00;97,50;95,82;91,10;88,20;81,35
24,274;24,129;24,236;24,613;24,763;25,448;100,00;97,20;97,42;91,10;89,42;84,10
24,221;24,035;24,13;24,404;24,663;24,943;100,00;98,40;98,70;92,92;89,10;89,30
24,236;24,046;24,265;24,44;25,036;24,784;100,00;98,10;98,07;92,62;86,70;89,62
24,203;23,952;24,065;24,567;25,583;25,08;100,00;98,40;98,37;93,25;81,60;89,00
24,163;23,914;24,094;24,367;25,019;25,491;100,00;99,30;97,42;94,17;87,90;85,00
24,129;23,893;24,008;24,911;25,009;25,65;100,00;98,10;98,07;88,65;89,42;82,27
24,195;23,927;24,451;25,047;25,856;25,862;100,00;97,20;97,75;85,90;79,20;80,15
24,168;23,901;24,121;25,525;25,645;26,06;100,00;98,70;97,75;81,37;79,80;78,05
24,144;23,881;24,613;24,972;25,841;25,688;100,00;97,20;91,72;89,57;78,32;80,15
24,124;23,916;24,188;25,618;24,937;25,878;100,00;98,10;97,75;80,47;89,42;78,65
24,094;23,841;24,085;24,555;25,745;25,885;100,00;99,00;97,75;89,57;76,85;76,85
24,114;23,818;25,528;25,69;26,121;25,967;100,00;99,30;85,17;78,40;73,60;76,55
24,058;23,978;24,364;25,569;25,355;25,824;100,00;96,30;95,52;83,50;83,37;76,55
24,094;23,946;24,098;24,892;25,714;25,873;100,00;97,20;97,42;84,70;76,25;75,65
24,076;23,786;24,59;24,499;25,59;26,04;100,00;98,10;83,92;90,17;76,85;73,85
24,058;23,749;24,094;25,72;25,888;25,873;100,00;98,40;97,10;75,70;73,90;74,75
24,115;24,227;24,622;24,644;25,696;25,734;100,00;86,82;92,35;89,57;75,37;75,95
23,979;23,803;24,15;25,132;24,869;25,58;100,00;97,50;95,52;86,22;83,67;76,85
23,964;23,761;24,585;24,547;25,331;25,358;100,00;97,50;84,55;86,52;76,55;77,75
23,955;24,05;24,446;25,371;25,635;25,599;100,00;95,10;92,05;77,80;75,07;76,25
23,908;23,86;24,995;25,372;25,632;25,645;100,00;95,70;90,77;78,10;75,37;75,95
23,908;23,746;24,925;25,453;25,494;25,493;100,00;97,80;90,15;77,20;75,95;77,15
23,833;23,564;25,493;25,439;25,529;25,424;99,52;97,20;78,70;77,20;75,67;77,45
23,833;23,907;24,39;25,572;25,218;25,604;100,00;94,80;93,00;76,30;77,15;75,35
23,836;23,592;23,961;24,647;25,468;25,476;100,00;97,80;95,52;88,35;75,67;76,25
23,92;23,657;25,305;25,256;25,615;25,636;100,00;96,30;80,85;78,10;74,77;75,35
23,889;23,814;25,685;25,512;25,509;25,551;100,00;95,10;76,57;76,60;75,37;75,95
23,901;23,869;24,493;25,613;25,54;25,671;100,00;94,80;91,72;75,42;75,37;74,75
23,854;23,774;24,846;25,529;25,577;25,641;100,00;95,40;82,37;75,70;74,50;74,75
23,884;24,133;24,516;25,549;25,415;25,487;100,00;92,12;87,65;76,00;75,95;75,95
23,835;23,717;24,345;25,369;25,409;25,34;100,00;93,32;92,67;76,90;75,67;76,85
23,851;23,645;24,569;25,345;25,462;25,401;100,00;96,00;90,15;76,90;75,37;76,25
23,833;23,643;24,582;25,319;25,383;25,365;100,00;96,90;90,15;77,50;75,95;76,85
23,823;23,571;24,295;25,392;25,238;25,413;100,00;96,30;90,47;76,60;76,85;76,55
23,726;23,487;24,541;25,188;25,261;25,398;100,00;95,10;84,85;77,80;77,15;76,55
23,841;23,744;25,627;25,308;25,523;25,357;100,00;96,00;76,87;76,90;75,07;76,85
23,859;24,271;24,473;25,551;25,462;25,484;100,00;92,72;86,40;75,70;75,37;75,95
23,749;23,761;24,133;25,348;25,037;25,465;100,00;91,82;90,47;76,90;79,50;75,95
23,69;23,719;23,886;24,667;24,867;25,436;99,52;91,55;90,77;82,27;81,30;75,65
23,704;23,665;24,029;24,243;24,28;24,348;99,20;89,77;89,85;86,22;84,57;84,70
23,777;23,996;24,286;24,204;24,482;24,464;97,32;87,12;87,35;85,30;82,50;83,17
23,645;23,808;24,008;24,295;24,299;24,466;99,52;90,65;89,22;85,30;84,27;83,80
23,777;23,987;24,065;24,16;24,171;24,227;99,52;88,00;89,52;86,52;85,17;85,92
23,71;23,764;23,883;24,148;24,103;24,189;98,57;92,42;90,47;86,52;86,40;86,22
23,735;23,708;24,009;24,012;24,136;24,168;99,82;91,55;89,85;87,42;85,47;85,92
23,728;23,774;24,055;24,298;24,517;24,461;99,52;89,77;91,72;85,00;82,50;83,17
23,553;23,61;23,58;24,334;24,037;24,494;99,82;93,02;93,92;84,70;90,92;83,17
23,486;23,427;23,462;23,798;23,824;24,144;100,00;94,80;96,80;90,17;92,15;86,55
23,383;23,281;23,607;23,661;23,692;23,854;100,00;94,80;93,92;91,10;91,25;90,22
23,319;23,487;23,395;23,615;23,469;23,529;100,00;93,32;95,52;91,10;91,85;92,10
23,407;23,248;23,253;23,445;23,68;23,555;100,00;96,90;96,15;92,02;89,10;89,62
23,286;23,091;23,223;23,313;23,385;23,513;100,00;98,70;96,47;93,55;92,15;91,47
23,385;23,176;23,373;23,358;23,592;23,532;100,00;96,00;95,82;92,92;89,72;89,92
23,299;23,134;23,447;23,508;24,04;23,728;100,00;96,90;94,57;91,40;85,47;89,30
23,278;23,002;23,128;23,808;23,532;23,749;100,00;98,70;97,42;89,25;91,25;89,30
23,364;23,194;23,149;23,25;23,332;23,368;100,00;96,60;98,37;92,92;91,25;92,10
23,383;23,022;23,005;23,251;23,19;23,293;100,00;98,70;98,07;93,85;91,85;93,02
23,277;23,07;23,391;23,169;23,556;23,407;100,00;94,20;90,47;92,62;86,70;91,77
23,232;23,508;23,508;23,535;23,516;23,543;100,00;88,30;89,52;87,12;86,10;86,85
23,244;23,404;23,392;23,358;23,299;23,251;98,57;88,30;88,90;88,05;86,70;88,37
23,067;23,391;23,292;23,388;23,217;23,281;99,20;87,42;89,22;86,22;86,70;86,85
23,029;23,292;23,206;23,235;22,993;23,106;99,20;87,42;89,22;86,82;87,90;87,77
23,098;23,061;23,05;23,151;23,001;23,058;99,20;91,25;91,10;86,82;87,30;87,45
23,085;22,902;22,902;22,999;22,824;22,896;99,52;92,72;94,87;88,65;88,50;89,30
22,914;22,773;22,824;22,845;22,874;22,899;98,90;94,50;92,05;90,77;88,20;88,37
22,968;22,681;22,836;22,869;22,735;22,793;98,57;91,82;91,72;89,57;89,42;89,92
22,922;22,775;22,899;22,759;22,733;22,757;98,57;92,12;91,10;90,17;89,42;89,92
22,979;22,824;22,796;22,817;22,741;22,69;98,90;94,50;92,05;89,57;89,10;90,22
22,709;22,548;22,461;22,715;22,622;22,63;98,90;93,32;94,87;90,47;90,32;90,55
22,622;22,343;22,336;22,466;22,285;22,339;100,00;96,30;96,80;93,25;94,00;93,65
22,643;22,398;22,482;22,433;22,43;22,497;100,00;95,40;95,20;92,92;91,85;91,77
22,546;22,491;22,573;22,482;22,492;22,5;100,00;94,50;93,92;92,32;91,55;92,10
22,652;22,437;22,555;22,543;22,673;22,576;100,00;95,10;93,62;92,02;89,72;91,77
22,652;22,418;22,494;22,699;22,548;22,66;100,00;96,30;94,57;90,17;91,25;90,85
22,747;22,478;22,561;22,507;22,491;22,498;100,00;94,80;95,82;92,02;91,55;91,47
22,764;22,546;22,519;22,428;22,219;22,333;99,82;96,00;96,80;93,55;95,52;95,82
22,697;22,401;22,351;22,275;22,184;22,208;100,00;95,70;98,07;96,32;96,15;96,45
22,664;22,379;22,378;22,239;22,243;22,194;100,00;96,90;98,07;96,65;94,30;96,15
22,673;22,415;22,331;22,167;22,063;22,093;99,20;97,20;99,02;97,57;97,67;98,02
22,673;22,47;22,284;22,158;22,102;22,115;100,00;96,90;100,00;97,57;97,67;97,70
22,603;22,224;22,17;22,175;22,058;22,05;100,00;98,40;100,00;99,12;97,37;98,65
22,473;22,185;22,054;22,084;21,977;22,07;100,00;99,00;100,00;98,50;98,60;98,35
22,394;22,041;21,838;21,983;21,376;21,808;100,00;99,90;100,00;99,45;100,00;99,60
22,102;21,823;21,513;21,486;21,131;21,355;100,00;100,00;100,00;100,00;100,00;100,00
21,886;21,404;21,302;21,348;20,922;21,008;100,00;100,00;100,00;100,00;100,00;100,00
21,761;21,324;21,327;21,07;20,903;20,982;100,00;100,00;100,00;100,00;100,00;100,00
21,727;21,189;21,143;21,02;20,906;20,946;100,00;100,00;100,00;100,00;100,00;100,00
21,948;21,121;21,128;20,894;20,822;20,854;100,00;100,00;100,00;100,00;100,00;100,00
21,709;21,268;21,158;20,945;21,001;20,918;100,00;100,00;100,00;100,00;100,00;100,00
21,727;21,306;21,199;21,047;21,028;21,028;100,00;100,00;100,00;100,00;100,00;100,00
21,608;21,343;21,382;21,073;20,98;20,965;100,00;100,00;100,00;100,00;100,00;100,00
21,988;21,441;21,412;21,113;21,06;20,995;100,00;100,00;100,00;100,00;100,00;100,00
21,886;21,53;21,229;21,065;21,029;21,054;100,00;100,00;100,00;100,00;100,00;100,00
21,813;21,213;21,131;21,059;20,943;21,059;100,00;100,00;100,00;100,00;100,00;100,00
21,755;21,317;21,208;21,014;20,998;21,026;100,00;0,00;100,00;100,00;100,00;100,00
21,805;21,331;21,094;21,09;20,992;20,982;100,00;0,00;100,00;100,00;100,00;100,00
21,868;21,499;21,202;21,025;21,032;20,959;100,00;100,00;100,00;100,00;100,00;100,00
21,875;21,496;21,156;21,112;20,983;21,102;100,00;100,00;100,00;100,00;100,00;100,00
21,954;21,363;21,197;21,079;21,102;21,065;100,00;100,00;100,00;100,00;100,00;100,00
21,834;21,312;21,232;21,103;21,014;21,06;100,00;100,00;100,00;100,00;100,00;100,00
21,88;21,324;21,293;21,053;21,013;20,988;100,00;100,00;100,00;100,00;100,00;100,00
21,838;21,361;21,329;21,109;21,099;21,078;100,00;100,00;100,00;100,00;100,00;100,00
21,886;21,351;21,383;21,159;21,069;21,103;100,00;100,00;100,00;100,00;100,00;100,00
21,919;21,533;21,251;21,162;21,072;21,004;100,00;100,00;100,00;100,00;100,00;100,00
21,743;21,37;21,24;21,151;21,084;21,004;100,00;100,00;100,00;100,00;100,00;100,00
21,847;21,339;21,237;21,118;21,042;20,985;100,00;100,00;100,00;100,00;100,00;100,00
21,951;21,438;21,284;21,179;21,082;21,03;100,00;100,00;100,00;100,00;100,00;100,00
21,907;21,418;21,462;21,149;21,148;21,069;100,00;100,00;100,00;100,00;100,00;100,00
21,823;21,495;21,382;21,201;21,152;21,053;100,00;100,00;100,00;100,00;100,00;100,00
21,959;21,34;21,25;21,189;21,059;21,001;100,00;100,00;100,00;100,00;100,00;100,00
21,901;21,41;21,179;21,108;21,072;21,081;100,00;100,00;100,00;100,00;100,00;100,00
21,776;21,376;21,3;21,093;21,048;20,971;100,00;100,00;100,00;100,00;100,00;100,00
21,893;21,392;21,247;21,183;21,113;20,979;100,00;100,00;100,00;100,00;100,00;100,00
21,953;21,351;21,214;21,112;21,053;21,035;100,00;100,00;100,00;100,00;100,00;100,00
22,094;21,581;21,551;21,109;21,062;21,025;100,00;100,00;100,00;100,00;100,00;100,00
22,103;21,628;21,446;21,159;21,202;21,183;100,00;100,00;100,00;100,00;100,00;100,00
22,026;21,686;21,608;21,211;21,216;21,251;100,00;100,00;100,00;100,00;100,00;100,00
21,899;21,596;21,541;21,219;21,33;21,354;100,00;100,00;100,00;100,00;100,00;100,00
22,015;21,634;21,588;21,443;21,334;21,45;100,00;100,00;100,00;100,00;100,00;100,00
21,91;21,516;21,424;21,45;21,376;21,38;100,00;100,00;100,00;100,00;100,00;100,00
22,069;21,473;21,458;21,275;21,277;21,272;100,00;100,00;100,00;100,00;100,00;100,00
22,12;21,621;21,514;21,297;21,376;21,373;100,00;100,00;100,00;100,00;100,00;100,00
22,051;21,646;21,369;21,446;21,352;21,369;100,00;100,00;100,00;100,00;100,00;100,00
22,158;21,847;21,626;21,21;21,152;21,251;100,00;100,00;100,00;100,00;100,00;100,00
22,112;21,628;21,631;21,361;21,269;21,26;100,00;100,00;100,00;100,00;100,00;100,00
22,184;21,825;21,685;21,623;21,348;21,262;100,00;100,00;100,00;100,00;100,00;100,00
22,087;21,637;21,618;21,541;21,626;21,419;100,00;100,00;100,00;100,00;100,00;100,00
22,056;21,716;21,471;21,597;21,551;21,455;100,00;100,00;100,00;100,00;100,00;100,00
22,1;21,762;21,513;21,486;21,376;21,352;100,00;100,00;100,00;100,00;100,00;100,00
22,139;21,706;21,542;21,44;21,375;21,217;100,00;100,00;100,00;100,00;100,00;100,00
22,121;21,63;21,495;21,453;21,309;21,351;100,00;100,00;100,00;100,00;100,00;100,00
22,176;21,71;21,538;21,367;21,3;21,277;100,00;100,00;100,00;100,00;100,00;100,00
22,251;21,914;21,547;21,459;21,355;21,397;100,00;100,00;100,00;100,00;100,00;100,00
22,228;21,788;21,74;21,395;21,339;21,312;100,00;100,00;100,00;100,00;100,00;100,00
22,094;21,951;21,456;21,505;21,213;21,234;100,00;100,00;100,00;100,00;100,00;100,00
22,2;21,718;21,489;21,309;21,26;21,07;100,00;100,00;100,00;100,00;100,00;100,00
21,977;21,7;21,49;21,324;21,202;21,229;100,00;100,00;100,00;100,00;100,00;100,00
21,877;21,499;21,363;21,21;21,094;21,076;100,00;100,00;100,00;100,00;100,00;100,00
21,838;21,484;21,389;21,047;21,079;21,029;100,00;100,00;100,00;100,00;100,00;100,00
22,041;21,498;21,385;21,056;21,115;20,961;100,00;100,00;100,00;100,00;100,00;100,00
21,868;21,403;21,364;21,176;21,06;21,121;100,00;100,00;100,00;100,00;100,00;100,00
21,902;21,524;21,348;21,275;21,085;20,983;100,00;100,00;100,00;100,00;100,00;100,00
21,969;21,474;21,265;21,151;21,084;21,068;100,00;100,00;100,00;100,00;100,00;100,00
22,061;21,6;21,581;21,118;21,308;21,085;100,00;100,00;100,00;100,00;100,00;100,00
21,92;21,64;21,611;21,397;21,538;21,438;100,00;100,00;100,00;100,00;100,00;100,00
21,991;21,621;21,56;21,438;21,418;21,22;100,00;100,00;100,00;100,00;100,00;100,00
22,102;21,676;21,631;21,55;21,21;21,161;100,00;100,00;100,00;100,00;100,00;100,00
22,118;21,86;21,683;21,41;21,432;21,334;100,00;100,00;100,00;100,00;100,00;100,00
22,14;21,99;21,71;21,214;21,244;21,51;100,00;100,00;100,00;100,00;100,00;100,00
22,038;21,713;21,551;21,25;21,437;21,467;100,00;100,00;100,00;100,00;100,00;100,00
21,947;21,725;21,615;21,437;21,523;21,421;100,00;100,00;100,00;100,00;100,00;100,00
22,191;22,175;21,66;21,403;21,339;21,493;100,00;100,00;100,00;100,00;100,00;100,00
22,102;21,938;21,609;21,395;21,113;21,432;100,00;100,00;100,00;100,00;100,00;100,00
22,017;21,789;21,614;21,297;21,277;21,389;100,00;100,00;100,00;100,00;100,00;100,00
21,907;21,78;21,565;21,217;21,389;21,532;100,00;100,00;100,00;100,00;100,00;100,00
22,208;21,98;21,548;21,511;21,284;21,596;100,00;100,00;100,00;100,00;100,00;100,00
22,337;22,123;21,741;21,284;21,483;21,401;100,00;100,00;100,00;100,00;100,00;100,00
22,404;22,067;21,721;21,52;21,278;21,492;100,00;100,00;100,00;100,00;100,00;100,00
22,334;21,954;21,56;21,176;21,177;21,241;100,00;100,00;100,00;100,00;100,00;100,00
22,155;22,024;21,093;20,948;20,936;21,036;100,00;100,00;100,00;100,00;100,00;100,00
21,932;21,654;21,137;20,946;21,017;20,965;100,00;100,00;100,00;100,00;100,00;100,00
22,087;21,823;21,007;20,99;21,125;21,109;100,00;100,00;100,00;100,00;100,00;100,00
22,164;21,685;21,041;20,985;21,09;21,133;100,00;100,00;100,00;100,00;100,00;100,00
22,048;21,703;21,075;21,073;21,122;21,259;100,00;100,00;100,00;100,00;100,00;100,00
22,121;21,728;20,999;21,097;21,072;21,311;100,00;100,00;100,00;100,00;100,00;100,00
21,452;21,574;20,934;20,995;21,013;21,272;100,00;100,00;100,00;100,00;100,00;100,00
21,56;21,354;20,863;20,962;21,011;21,311;100,00;100,00;100,00;100,00;100,00;100,00
21,805;21,541;20,946;20,91;21,162;21,285;100,00;100,00;100,00;100,00;100,00;100,00
21,605;21,474;21,185;21,082;21,275;21,364;100,00;100,00;100,00;100,00;100,00;100,00
21,692;21,688;21,195;21,188;21,373;21,424;100,00;100,00;100,00;100,00;100,00;100,00
22,003;21,843;21,265;21,256;21,519;21,574;100,00;100,00;100,00;100,00;100,00;100,00
22,064;21,798;21,404;21,309;21,649;21,651;100,00;100,00;100,00;100,00;100,00;100,00
22,041;21,881;21,563;21,456;21,788;21,749;100,00;100,00;100,00;100,00;100,00;100,00
22,109;22,152;21,519;21,514;21,774;21,762;100,00;100,00;100,00;100,00;100,00;100,00
22,035;21,808;21,667;21,435;21,817;21,749;100,00;100,00;100,00;100,00;100,00;100,00
21,813;21,626;21,62;21,493;21,679;21,801;100,00;100,00;100,00;100,00;100,00;100,00
21,802;21,933;21,663;21,557;21,779;21,85;100,00;100,00;100,00;100,00;100,00;100,00
22,106;21,977;21,734;21,698;22,006;21,959;100,00;100,00;100,00;100,00;100,00;100,00
22,173;21,855;22,035;21,911;22,063;22,145;100,00;100,00;100,00;100,00;100,00;100,00
22,2;21,983;22,061;22,081;22,298;22,041;100,00;100,00;100,00;100,00;100,00;100,00
22,193;21,935;22,06;22,084;22,227;22,018;100,00;100,00;100,00;100,00;100,00;100,00
22,275;21,963;22,005;22,139;22,143;22,044;100,00;100,00;100,00;100,00;100,00;100,00
22,397;22,017;21,942;22,021;22,109;21,977;100,00;100,00;100,00;100,00;100,00;100,00
22,336;21,981;22,05;22,081;22,163;21,924;100,00;100,00;100,00;100,00;100,00;100,00
22,521;22,307;22,105;22,175;22,267;22,106;100,00;100,00;100,00;100,00;100,00;100,00
22,625;22,498;22,2;22,208;22,343;22,021;100,00;100,00;100,00;100,00;100,00;100,00
22,436;22,424;22,245;22,419;22,63;22,179;100,00;100,00;100,00;100,00;100,00;100,00
22,633;22,421;22,407;22,434;22,44;22,291;100,00;100,00;100,00;100,00;100,00;100,00
22,616;22,431;22,484;22,504;22,727;22,357;100,00;100,00;100,00;100,00;100,00;100,00
22,422;22,422;22,266;22,581;22,742;22,651;100,00;100,00;100,00;100,00;100,00;100,00
22,392;22,209;22,208;22,434;22,484;22,301;100,00;100,00;100,00;100,00;100,00;100,00
22,41;22,1;22,027;22,322;22,149;22,181;100,00;100,00;100,00;100,00;100,00;100,00
22,34;22,115;21,978;22,045;22,057;21,994;100,00;100,00;100,00;100,00;100,00;100,00
22,41;21,98;21,972;21,99;22,006;21,971;100,00;100,00;100,00;100,00;100,00;100,00
22,319;21,98;21,895;21,971;22,015;21,913;100,00;100,00;100,00;100,00;100,00;100,00
22,219;21,789;21,799;21,893;21,901;21,823;100,00;100,00;100,00;100,00;100,00;100,00
22,245;21,838;21,817;21,923;21,856;21,872;100,00;100,00;100,00;100,00;100,00;100,00
22,255;21,887;21,844;21,95;21,956;21,88;100,00;100,00;100,00;100,00;100,00;100,00
22,213;21,935;22,048;21,997;22,081;22,015;100,00;100,00;100,00;100,00;100,00;100,00
22,376;22,057;22,03;22,188;21,981;22,097;100,00;100,00;100,00;100,00;100,00;100,00
22,376;22,078;22,073;22,126;22,099;22,115;100,00;100,00;100,00;100,00;100,00;100,00
22,4;22,239;22,114;22,222;22,045;22,301;100,00;100,00;100,00;100,00;100,00;100,00
22,281;22,084;22,064;22,188;22,091;22,188;100,00;100,00;100,00;100,00;100,00;100,00
22,313;22,032;22,014;22,191;22,1;22,273;100,00;100,00;100,00;100,00;100,00;100,00
22,175;22,058;21,794;22,151;22,078;22,304;100,00;100,00;100,00;100,00;100,00;100,00
22,14;21,869;21,846;21,93;21,846;22,024;100,00;100,00;100,00;100,00;100,00;100,00
22,215;21,862;21,767;21,893;21,865;21,93;100,00;100,00;100,00;100,00;100,00;100,00
21,966;21,774;21,715;21,855;21,832;21,817;100,00;100,00;100,00;100,00;100,00;100,00
22,003;21,743;21,786;21,852;21,831;21,767;100,00;100,00;100,00;100,00;100,00;100,00
22,06;21,764;21,715;21,835;21,789;21,762;100,00;100,00;100,00;100,00;100,00;100,00
22,029;21,704;21,67;21,762;21,686;21,722;100,00;100,00;100,00;100,00;100,00;100,00
22,039;21,782;21,691;21,721;21,591;21,642;100,00;100,00;100,00;100,00;100,00;100,00
22,149;21,755;21,694;21,628;21,55;21,67;100,00;100,00;100,00;100,00;100,00;100,00
21,92;21,615;21,514;21,608;21,508;21,637;100,00;100,00;100,00;100,00;100,00;100,00
21,929;21,493;21,475;21,492;21,378;21,455;100,00;100,00;100,00;100,00;100,00;100,00
21,965;21,495;21,519;21,474;21,389;21,432;100,00;100,00;100,00;100,00;100,00;100,00
21,942;21,478;21,434;21,437;21,339;21,388;100,00;100,00;100,00;100,00;100,00;100,00
21,901;21,48;21,431;21,375;21,222;21,269;100,00;100,00;100,00;100,00;100,00;100,00
21,948;21,493;21,421;21,395;21,266;21,291;100,00;100,00;100,00;100,00;100,00;100,00
21,707;21,468;21,464;21,348;21,24;21,274;100,00;100,00;100,00;100,00;100,00;100,00
21,75;21,526;21,441;21,324;21,186;21,25;100,00;100,00;100,00;100,00;100,00;100,00
21,84;21,397;21,317;21,297;21,151;21,182;100,00;100,00;100,00;100,00;100,00;100,00
21,649;21,337;21,291;21,253;21,148;21,148;100,00;100,00;100,00;100,00;100,00;100,00
21,71;21,418;21,333;21,177;21,131;21,177;100,00;100,00;100,00;100,00;100,00;100,00
21,675;21,342;21,228;21,219;21,145;21,161;100,00;100,00;100,00;100,00;100,00;100,00
21,612;21,219;21,176;21,159;21,085;21,133;100,00;100,00;100,00;100,00;100,00;100,00
21,63;21,214;21,111;21,146;21,042;21,091;100,00;100,00;100,00;100,00;100,00;100,00
21,504;21,115;21,088;21,084;20,942;21,001;100,00;100,00;100,00;100,00;100,00;100,00
21,676;21,318;21,164;21,051;20,942;20,974;100,00;100,00;100,00;100,00;100,00;100,00
21,752;21,283;21,195;21,072;20,948;20,959;100,00;100,00;100,00;100,00;100,00;100,00
21,679;21,237;21,202;21,07;20,995;21,019;100,00;100,00;100,00;100,00;100,00;100,00
21,532;21,17;21,036;21,065;20,999;20,996;100,00;100,00;100,00;100,00;100,00;100,00
21,464;21,026;21,029;20,998;20,936;20,983;100,00;100,00;100,00;100,00;100,00;100,00
21,614;21,302;21,165;20,976;20,928;20,931;100,00;100,00;100,00;100,00;100,00;100,00
21,62;21,194;21,042;21,035;20,97;21,042;100,00;100,00;100,00;100,00;100,00;100,00
21,524;21,069;21,004;20,989;20,918;20,965;100,00;100,00;100,00;100,00;100,00;100,00
21,626;21,048;21,023;20,956;20,908;20,896;100,00;100,00;100,00;100,00;100,00;100,00
21,631;21,293;21,047;20,953;20,928;20,91;100,00;100,00;100,00;100,00;100,00;100,00
21,391;21,041;21,008;20,971;20,868;20,887;100,00;100,00;100,00;100,00;100,00;100,00
21,496;21,056;21,066;20,945;20,857;20,885;100,00;100,00;100,00;100,00;100,00;100,00
21,566;21,063;21,01;20,95;20,816;20,841;100,00;100,00;100,00;100,00;100,00;100,00
21,456;21,1;20,986;20,924;20,822;20,866;100,00;100,00;100,00;100,00;100,00;100,00
21,41;21,005;20,933;20,918;20,799;20,822;100,00;100,00;100,00;100,00;100,00;100,00
21,465;20,977;20,958;20,865;20,798;20,808;100,00;100,00;100,00;100,00;100,00;100,00
21,45;21,005;20,964;20,884;20,857;20,828;100,00;100,00;100,00;100,00;100,00;100,00
21,391;20,995;20,916;20,908;20,799;20,853;100,00;100,00;100,00;100,00;100,00;100,00
21,541;20,996;20,903;20,856;20,755;20,765;100,00;100,00;100,00;100,00;100,00;100,00
21,499;20,98;20,928;20,832;20,759;20,77;100,00;100,00;100,00;100,00;100,00;100,00
21,45;20,95;20,945;20,851;20,773;20,792;100,00;100,00;100,00;100,00;100,00;100,00
21,513;20,946;20,962;20,909;20,85;20,805;100,00;100,00;100,00;100,00;100,00;100,00
21,533;21,019;20,976;20,946;20,798;20,832;100,00;100,00;100,00;100,00;100,00;100,00
21,52;20,993;20,958;20,896;20,771;20,785;100,00;100,00;100,00;100,00;100,00;100,00
21,426;21,039;20,949;20,887;20,774;20,759;100,00;100,00;100,00;100,00;100,00;100,00
21,372;20,955;20,919;20,841;20,759;20,779;100,00;100,00;100,00;100,00;100,00;100,00
21,389;20,946;20,922;20,832;20,801;20,751;100,00;100,00;100,00;100,00;100,00;100,00
21,501;21,001;20,912;20,831;20,771;20,786;100,00;100,00;100,00;100,00;100,00;100,00
21,556;21,059;21,045;20,851;20,737;20,745;100,00;100,00;100,00;100,00;100,00;100,00
21,504;21,001;20,903;20,823;20,777;20,731;100,00;100,00;100,00;100,00;100,00;100,00
21,348;20,919;20,891;20,831;20,718;20,699;100,00;100,00;100,00;100,00;100,00;100,00
21,346;20,943;20,854;20,801;20,731;20,761;100,00;100,00;100,00;100,00;100,00;100,00
21,334;20,887;20,782;20,755;20,649;20,66;100,00;100,00;100,00;100,00;100,00;100,00
21,265;20,796;20,794;20,696;20,616;20,612;100,00;100,00;100,00;100,00;100,00;100,00
21,293;20,836;20,782;20,709;20,651;20,629;100,00;100,00;100,00;100,00;100,00;100,00
21,376;20,808;20,773;20,691;20,66;20,65;100,00;100,00;100,00;100,00;100,00;100,00
21,188;20,814;20,78;20,708;20,647;20,616;100,00;100,00;100,00;100,00;100,00;100,00
21,327;20,796;20,767;20,709;20,646;20,66;100,00;100,00;100,00;100,00;100,00;100,00
21,327;20,801;20,794;20,724;20,649;20,654;100,00;100,00;100,00;100,00;100,00;100,00
21,354;20,946;20,817;20,709;20,651;20,637;100,00;100,00;100,00;100,00;100,00;100,00
21,257;21,079;20,847;20,734;20,668;20,678;100,00;100,00;100,00;100,00;100,00;100,00
21,409;21,079;20,879;20,813;20,708;20,699;100,00;100,00;100,00;100,00;100,00;100,00
21,314;20,916;20,802;20,805;20,663;20,696;100,00;100,00;100,00;100,00;100,00;100,00
21,284;20,831;20,795;20,711;20,619;20,647;100,00;100,00;100,00;100,00;100,00;100,00
21,266;20,851;20,791;20,709;20,623;20,634;100,00;100,00;100,00;100,00;100,00;100,00
21,346;20,86;20,805;20,706;20,631;20,637;100,00;100,00;100,00;100,00;100,00;100,00
21,259;20,826;20,779;20,724;20,606;20,635;100,00;100,00;100,00;100,00;100,00;100,00
21,231;20,791;20,816;20,687;20,612;20,601;100,00;100,00;100,00;100,00;100,00;100,00
21,314;20,835;20,794;20,734;20,635;20,677;100,00;100,00;100,00;100,00;100,00;100,00
21,284;20,801;20,801;20,734;20,601;20,623;100,00;100,00;100,00;100,00;100,00;100,00
21,244;21,051;20,832;20,711;20,654;20,601;100,00;100,00;100,00;100,00;100,00;100,00
21,334;20,862;20,82;20,791;20,671;20,697;100,00;100,00;100,00;100,00;100,00;100,00
21,309;20,86;20,782;20,754;20,69;20,696;100,00;100,00;100,00;100,00;100,00;100,00
21,191;20,796;20,746;20,733;20,646;20,69;100,00;100,00;100,00;100,00;100,00;100,00
21,216;20,78;20,697;20,694;20,558;20,62;100,00;100,00;100,00;100,00;100,00;100,00
21,164;20,748;20,742;20,622;20,549;20,529;100,00;100,00;100,00;100,00;100,00;100,00
21,214;20,946;20,774;20,612;20,552;20,527;100,00;100,00;100,00;100,00;100,00;100,00
21,235;20,773;20,764;20,686;20,576;20,604;100,00;100,00;100,00;100,00;100,00;100,00
21,149;20,832;20,764;20,712;20,582;20,632;100,00;100,00;100,00;100,00;100,00;100,00
21,191;20,831;20,697;20,684;20,582;20,647;100,00;100,00;100,00;100,00;100,00;100,00
21,167;20,709;20,688;20,631;20,51;20,529;100,00;100,00;100,00;100,00;100,00;100,00
21,186;20,733;20,647;20,623;20,542;20,533;100,00;100,00;100,00;100,00;100,00;100,00
21,167;20,686;20,634;20,589;20,486;20,51;100,00;100,00;100,00;100,00;100,00;100,00
21,045;20,647;20,651;20,557;20,478;20,462;100,00;100,00;100,00;100,00;100,00;100,00
21,145;20,626;20,631;20,554;20,447;20,478;100,00;100,00;100,00;100,00;100,00;100,00
21,152;20,68;20,644;20,529;20,471;20,446;100,00;100,00;100,00;100,00;100,00;100,00
21,24;20,835;20,728;20,555;20,458;20,481;100,00;100,00;100,00;100,00;100,00;100,00
21,297;20,816;20,751;20,589;20,467;20,461;100,00;100,00;100,00;100,00;100,00;100,00
21,164;20,893;20,703;20,566;20,446;20,452;100,00;100,00;100,00;100,00;100,00;100,00
21,38;20,832;20,759;20,542;20,45;20,446;100,00;100,00;100,00;100,00;100,00;100,00
21,213;20,905;20,643;20,529;20,419;20,408;100,00;100,00;100,00;100,00;100,00;100,00
21,148;20,668;20,591;20,515;20,425;20,43;100,00;100,00;100,00;100,00;100,00;100,00
21,118;20,663;20,659;20,508;20,419;20,409;100,00;100,00;100,00;100,00;100,00;100,00
21,136;20,831;20,651;20,484;20,416;20,374;100,00;100,00;100,00;100,00;100,00;100,00
21,186;20,81;20,674;20,549;20,477;20,459;100,00;100,00;100,00;100,00;100,00;100,00
21,022;20,669;20,557;20,529;20,498;20,461;100,00;100,00;100,00;100,00;100,00;100,00
21,02;20,566;20,544;20,492;20,419;20,45;100,00;100,00;100,00;100,00;100,00;100,00
21,158;20,603;20,612;20,447;20,385;20,387;100,00;100,00;100,00;100,00;100,00;100,00
21,01;20,626;20,56;20,474;20,363;20,351;100,00;100,00;100,00;100,00;100,00;100,00
20,999;20,538;20,512;20,452;20,365;20,329;100,00;100,00;100,00;100,00;100,00;100,00
21,047;20,566;20,487;20,418;20,278;20,322;100,00;100,00;100,00;100,00;100,00;100,00
20,836;20,492;20,394;20,415;20,279;20,309;100,00;100,00;100,00;100,00;100,00;100,00
20,816;20,359;20,314;20,313;20,173;20,226;100,00;100,00;100,00;100,00;100,00;100,00
20,694;20,3;20,22;20,223;20,12;20,121;100,00;100,00;100,00;100,00;100,00;100,00
20,687;20,272;20,252;20,146;20,137;20,14;100,00;100,00;100,00;100,00;100,00;100,00
20,801;20,335;20,374;20,241;20,273;20,249;100,00;100,00;100,00;100,00;100,00;100,00
21,013;20,567;20,468;20,314;20,278;20,31;100,00;100,00;100,00;100,00;100,00;100,00
20,902;20,634;20,524;20,378;20,332;20,359;100,00;100,00;100,00;100,00;100,00;100,00
20,89;20,514;20,489;20,449;20,374;20,487;100,00;100,00;100,00;100,00;100,00;100,00
20,853;20,413;20,461;20,465;20,344;20,436;100,00;100,00;100,00;100,00;100,00;100,00
20,839;20,495;20,511;20,405;20,359;20,357;100,00;100,00;100,00;100,00;100,00;100,00
20,98;20,502;20,468;20,47;20,405;20,369;100,00;100,00;100,00;100,00;100,00;100,00
20,916;20,449;20,424;20,458;20,334;20,394;100,00;100,00;100,00;100,00;100,00;100,00
20,865;20,456;20,425;20,353;20,32;20,316;100,00;100,00;100,00;100,00;100,00;100,00
20,913;20,48;20,464;20,357;20,316;20,347;100,00;100,00;100,00;100,00;100,00;100,00
20,952;20,65;20,467;20,347;20,317;20,317;100,00;100,00;100,00;100,00;100,00;100,00
20,859;20,567;20,48;20,353;20,341;20,314;100,00;100,00;100,00;100,00;100,00;100,00
20,916;20,507;20,456;20,356;20,307;20,329;100,00;100,00;100,00;100,00;100,00;100,00
20,924;20,495;20,453;20,357;20,292;20,32;100,00;100,00;100,00;100,00;100,00;100,00
20,976;20,507;20,495;20,369;20,323;20,31;100,00;100,00;100,00;100,00;100,00;100,00
21,025;20,567;20,598;20,433;20,343;20,348;100,00;100,00;100,00;100,00;100,00;100,00
21,087;20,635;20,617;20,452;20,329;20,357;100,00;100,00;100,00;100,00;100,00;100,00
20,992;20,612;20,64;20,425;20,286;20,319;100,00;100,00;100,00;100,00;100,00;100,00
20,899;20,649;20,598;20,378;20,301;20,313;100,00;100,00;100,00;100,00;100,00;100,00
20,928;20,687;20,594;20,397;20,319;20,292;100,00;100,00;100,00;100,00;100,00;100,00
21,108;20,737;20,535;20,434;20,343;20,36;100,00;100,00;100,00;100,00;100,00;100,00
20,973;20,507;20,47;20,439;20,354;20,444;100,00;100,00;100,00;100,00;100,00;100,00
20,802;20,477;20,439;20,394;20,323;20,35;100,00;100,00;100,00;100,00;100,00;100,00
20,908;20,523;20,49;20,359;20,331;20,307;100,00;100,00;100,00;100,00;100,00;100,00
20,953;20,629;20,468;20,413;20,354;20,396;100,00;100,00;100,00;100,00;100,00;100,00
20,899;20,481;20,44;20,416;20,319;20,354;100,00;100,00;100,00;100,00;100,00;100,00
20,835;20,45;20,425;20,347;20,279;20,307;100,00;100,00;100,00;100,00;100,00;100,00
20,825;20,439;20,402;20,337;20,252;20,247;100,00;100,00;100,00;100,00;100,00;100,00
20,982;20,492;20,416;20,347;20,247;20,226;100,00;100,00;100,00;100,00;100,00;100,00
21,029;20,489;20,449;20,316;20,264;20,236;100,00;100,00;100,00;100,00;100,00;100,00
20,98;20,471;20,447;20,372;20,289;20,307;100,00;100,00;100,00;100,00;100,00;100,00
21,091;20,709;20,533;20,371;20,291;20,304;100,00;100,00;100,00;100,00;100,00;100,00
21,019;20,61;20,449;20,418;20,319;20,314;100,00;100,00;100,00;100,00;100,00;100,00
20,839;20,473;20,415;20,372;20,264;20,292;100,00;100,00;100,00;100,00;100,00;100,00
20,912;20,474;20,437;20,316;20,276;20,269;100,00;100,00;100,00;100,00;100,00;100,00
20,943;20,558;20,467;20,353;20,289;20,292;100,00;100,00;100,00;100,00;100,00;100,00
20,97;20,492;20,424;20,374;20,251;20,272;100,00;100,00;100,00;100,00;100,00;100,00
20,942;20,52;20,478;20,337;20,28;20,236;100,00;100,00;100,00;100,00;100,00;100,00
20,918;20,575;20,44;20,301;20,245;20,241;100,00;100,00;100,00;100,00;100,00;100,00
20,952;20,449;20,402;20,347;20,252;20,273;100,00;100,00;100,00;100,00;100,00;100,00
20,955;20,609;20,446;20,326;20,221;20,263;100,00;100,00;100,00;100,00;100,00;100,00
21,026;20,7;20,49;20,328;20,291;20,3;100,00;100,00;100,00;100,00;100,00;100,00
20,762;20,419;20,341;20,347;20,211;20,263;100,00;100,00;100,00;100,00;100,00;100,00
20,899;20,371;20,363;20,266;20,213;20,204;100,00;100,00;100,00;100,00;100,00;100,00
21,056;20,579;20,468;20,286;20,196;20,183;100,00;100,00;100,00;100,00;100,00;100,00
20,977;20,542;20,427;20,288;20,218;20,224;100,00;100,00;100,00;100,00;100,00;100,00
20,832;20,412;20,316;20,292;20,211;20,27;100,00;100,00;100,00;100,00;100,00;100,00
20,823;20,348;20,323;20,239;20,155;20,19;100,00;100,00;100,00;100,00;100,00;100,00
20,831;20,403;20,363;20,23;20,227;20,192;100,00;100,00;100,00;100,00;100,00;100,00
20,847;20,356;20,323;20,301;20,199;20,205;100,00;100,00;100,00;100,00;100,00;100,00
20,796;20,331;20,312;20,26;20,167;20,192;100,00;100,00;100,00;100,00;100,00;100,00
20,813;20,301;20,294;20,202;20,154;20,154;100,00;100,00;100,00;100,00;100,00;100,00
20,835;20,474;20,314;20,21;20,13;20,111;100,00;100,00;100,00;100,00;100,00;100,00
20,86;20,419;20,371;20,202;20,162;20,139;100,00;100,00;100,00;100,00;100,00;100,00
20,918;20,465;20,412;20,266;20,208;20,202;100,00;100,00;100,00;100,00;100,00;100,00
20,788;20,431;20,393;20,332;20,211;20,22;100,00;100,00;100,00;100,00;100,00;100,00
20,81;20,473;20,388;20,304;20,214;20,214;100,00;100,00;100,00;100,00;100,00;100,00
20,896;20,473;20,424;20,295;20,232;20,254;100,00;100,00;100,00;100,00;100,00;100,00
20,86;20,474;20,43;20,348;20,263;20,303;100,00;100,00;100,00;100,00;100,00;100,00
20,97;20,66;20,486;20,344;20,288;20,294;100,00;100,00;100,00;100,00;100,00;100,00
20,985;20,61;20,511;20,422;20,319;20,347;100,00;100,00;100,00;100,00;100,00;100,00
20,927;20,625;20,561;20,43;20,356;20,368;100,00;100,00;100,00;100,00;100,00;100,00
21,078;20,675;20,616;20,489;20,353;20,409;100,00;100,00;100,00;100,00;100,00;100,00
20,937;20,558;20,544;20,496;20,4;20,427;100,00;100,00;100,00;100,00;100,00;100,00
20,931;20,554;20,535;20,527;20,459;20,487;100,00;100,00;100,00;100,00;100,00;100,00
20,967;20,606;20,641;20,532;20,492;20,532;100,00;100,00;100,00;100,00;100,00;100,00
20,976;20,802;20,665;20,545;20,51;20,588;100,00;100,00;100,00;100,00;100,00;100,00
21,115;20,854;20,721;20,619;20,564;20,64;100,00;100,00;100,00;100,00;100,00;100,00
20,931;20,717;20,665;20,591;20,541;20,637;100,00;100,00;100,00;100,00;100,00;100,00
20,928;20,646;20,638;20,643;20,572;20,631;100,00;100,00;100,00;100,00;100,00;100,00
20,98;20,69;20,696;20,592;20,589;20,669;100,00;100,00;100,00;100,00;100,00;100,00
21,048;20,751;20,737;20,659;20,646;20,718;100,00;100,00;100,00;100,00;100,00;100,00
21,1;20,703;20,74;20,754;20,709;20,745;100,00;100,00;100,00;100,00;100,00;100,00
21,128;20,791;20,857;20,739;20,773;20,853;100,00;100,00;100,00;100,00;100,00;100,00
21,137;21,002;20,965;20,873;20,838;20,97;100,00;100,00;100,00;100,00;100,00;100,00
21,312;21,281;21,072;20,995;20,925;21,154;100,00;100,00;100,00;100,00;100,00;100,00
21,444;21,287;21,139;20,953;21,014;21,297;100,00;100,00;100,00;100,00;100,00;100,00
21,131;21,217;21,14;20,99;21,151;21,443;100,00;100,00;100,00;100,00;100,00;100,00
21,167;21,06;21,251;21,214;21,116;21,415;100,00;100,00;100,00;100,00;100,00;100,00
21,297;21,397;21,29;21,351;21,372;21,401;100,00;100,00;100,00;100,00;100,00;100,00
21,447;21,217;21,37;21,342;21,34;21,819;100,00;100,00;100,00;100,00;100,00;100,00
21,602;21,438;21,53;21,492;21,522;21,948;100,00;100,00;100,00;100,00;100,00;100,00
21,508;21,459;21,532;21,727;21,639;22,066;100,00;100,00;100,00;100,00;100,00;100,00
21,579;21,603;21,734;21,678;21,704;21,733;100,00;100,00;100,00;100,00;100,00;100,00
21,624;21,795;21,743;21,892;21,863;22,057;100,00;100,00;100,00;100,00;100,00;100,00
21,609;21,892;21,884;22,02;22,009;22,475;100,00;100,00;100,00;100,00;100,00;99,60
21,633;21,926;21,829;22,136;22,143;22,527;100,00;100,00;100,00;100,00;100,00;100,00
21,722;21,609;21,962;22,081;22,184;22,239;100,00;100,00;100,00;99,45;100,00;98,02
21,807;21,655;22,225;22,269;22,252;22,334;100,00;100,00;100,00;99,12;99,55;98,35
21,939;22,17;22,264;22,633;22,596;22,7;100,00;100,00;100,00;99,75;100,00;98,65
22,069;22,276;22,339;22,667;22,67;22,868;100,00;100,00;100,00;100,00;100,00;96,15
21,871;22,295;22,479;22,733;22,696;23,091;100,00;100,00;100,00;99,75;99,55;96,77
22,069;22,497;22,579;22,818;22,817;23,277;100,00;100,00;100,00;100,00;99,55;95,82
22,276;22,476;22,567;22,895;22,709;23,049;100,00;100,00;100,00;98,82;99,85;94,90
22,255;22,613;22,555;22,8;22,681;23,131;100,00;100,00;100,00;99,75;97,07;97,40
22,306;22,634;22,515;22,59;22,436;23,311;100,00;100,00;100,00;95,72;95,82;95,20
22,301;22,723;22,551;22,66;22,573;23,002;100,00;100,00;100,00;97,57;96,75;95,82
22,018;22,386;22,494;22,779;22,741;23,157;100,00;100,00;100,00;99,12;100,00;95,52
22,157;22,221;22,512;22,542;22,554;23,038;100,00;100,00;100,00;100,00;98,92;98,02
22,191;22,307;22,481;22,606;22,676;22,64;100,00;100,00;100,00;98,50;99,22;96,77
22,182;22,327;22,498;22,673;22,708;22,64;100,00;100,00;100,00;98,82;98,60;96,77
22,243;22,306;22,631;22,655;22,784;22,729;100,00;100,00;100,00;99,75;98,00;98,02
22,309;22,509;22,814;22,808;23,001;22,97;100,00;100,00;100,00;99,12;97,37;98,02
22,489;22,929;22,95;22,899;23,148;23,017;100,00;100,00;100,00;95,40;98,30;94,57
22,639;22,902;23,022;23,242;23,305;23,472;100,00;100,00;100,00;99,45;96,45;92,10
22,664;23,155;23,245;23,304;23,526;23,869;100,00;100,00;100,00;100,00;94,30;94,27
22,877;23,167;23,431;23,604;23,82;23,925;100,00;100,00;100,00;96,32;94,30;92,70
23,035;23,373;23,576;24,023;23,981;24,895;100,00;100,00;99,97;97,87;90,32;88,07
22,993;23,376;23,692;23,552;23,963;24,852;100,00;100,00;98,37;91,40;88,50;87,45
22,859;23,322;23,502;23,645;23,916;25,05;100,00;100,00;98,07;89,87;90,62;85,62
22,878;23,352;23,571;23,606;23,973;24,646;100,00;100,00;100,00;91,70;86,70;88,37
22,89;23,32;23,474;23,806;24,006;24,67;100,00;100,00;100,00;94,17;88,20;89,30
22,721;23,275;23,286;23,808;23,862;24,672;100,00;100,00;99,67;93,85;97,07;90,85
22,773;22,926;23,292;23,484;23,705;24,46;100,00;100,00;100,00;96,65;95,22;89,00
22,911;23,352;23,492;23,771;23,936;24,327;100,00;100,00;100,00;96,32;95,22;92,40
23,029;23,05;23,595;24,083;24,166;24,369;100,00;99,60;100,00;93,85;92,45;92,70
23,235;23,52;23,735;23,949;24,547;24,632;100,00;100,00;100,00;96,32;90,32;88,70
23,184;23,64;24,15;24,133;24,717;24,878;100,00;100,00;97,10;89,25;87,90;82,87
23,122;23,779;24,325;24,389;24,855;24,54;100,00;100,00;96,15;91,40;89,42;89,30
23,134;23,881;24,269;24,216;24,772;24,522;100,00;100,00;97,42;90,77;91,25;88,07
23,241;23,892;24,231;24,535;24,758;24,86;100,00;100,00;92,35;94,17;86,70;85,92
23,326;23,808;24,493;24,385;25,051;24,663;100,00;99,60;98,07;88,05;86,40;85,32
23,649;24,201;24,825;24,593;25,186;24,984;100,00;99,30;93,30;92,02;84,87;84,70
23,809;24,507;24,984;24,98;25,235;25,25;100,00;99,00;93,92;86,22;87,00;85,00
23,924;24,634;25,273;25,027;25,526;25,403;100,00;100,00;95,52;86,82;87,30;82,27
24,275;24,934;25,349;25,491;25,916;26,016;100,00;99,60;90,77;93,85;87,90;83,17
24,808;25,065;26,757;25,416;26,539;26,209;100,00;96,00;82,70;90,47;82,77;78,35
24,875;25,783;26,642;25,931;26,267;26,98;100,00;95,40;83,30;86,82;79,50;81,65
24,702;25,48;26,384;25,354;26,072;27,256;100,00;99,00;87,97;81,37;75,95;78,65
24,322;25,398;26,369;25,832;26,06;27,242;100,00;97,50;90,15;76,90;84,57;81,35
24,393;25,267;26,104;25,765;26,508;27,005;100,00;98,10;90,15;81,67;74,50;82,57
24,502;25,288;26;25,777;26,192;27,021;100,00;99,30;94,25;85,60;81,00;80,75
24,316;25,18;26,026;25,78;26,504;26,774;100,00;99,00;94,25;93,25;84,87;84,10
24,431;25,291;26,519;26,029;26,673;27,206;100,00;98,70;89,22;89,57;75,07;78,35
24,487;25,427;26,299;26,135;26,678;27,357;100,00;99,00;91,42;85,00;75,07;78,65
24,346;25,151;27,5;25,997;26,572;27,011;100,00;94,50;85,80;76,90;75,37;75,65
24,487;25,852;28,851;26,693;27,392;28,298;100,00;96,30;80,22;78,10;72,15;74,15
24,631;26,1;29,426;27,472;27,641;28,184;100,00;95,40;67,55;76,00;77,42;68,82
24,679;26,35;28,355;28,804;28,687;29,072;100,00;93,32;73,85;68,07;70,70;68,22
24,65;26,784;28,16;28,755;28,386;29,558;100,00;83,62;79,00;68,35;73,90;65,90
24,594;26,789;27,872;28,513;28,875;28,769;100,00;78,12;71,42;73,05;67,22;66,47
24,57;26,764;27,783;29,396;28,711;29,652;100,00;85,37;72,62;64,87;65,77;63,85
24,646;26,974;28,24;28,643;28,776;29,251;100,00;78,42;73,22;65,75;65,20;66,77
24,635;27,038;28,391;29,02;28,971;29,711;100,00;82,45;78,10;64,00;64,90;62,12
24,606;26,973;28,114;28,72;29,159;29,047;100,00;79,57;75,95;66,90;64,62;64,15
24,532;26,934;28,355;28,772;29,385;29,148;100,00;83,02;68,72;69,52;63,47;65,60
24,591;27,191;28,738;28,868;29,16;29,023;100,00;76,42;73,55;65,75;62,90;65,02
24,649;27,191;29,062;29,138;29,522;29,634;100,00;85,37;73,22;66,60;61,47;62,97
24,625;27,118;28,731;29,298;29,352;29,576;100,00;85,07;68,72;65,75;60,62;62,70
24,609;27,45;28,642;29,476;29,833;29,793;100,00;72,42;70,22;63,15;60,92;60,67
24,655;27,741;29,153;29,576;29,914;29,819;100,00;85,07;74,75;62,55;60,62;60,37
24,578;27,036;29,126;29,476;29,832;30,055;100,00;85,65;72,62;68,07;58,92;58,95
24,587;26,956;29,064;30,02;29,938;30,383;100,00;83,62;73,22;59,97;62,62;59,80
24,532;27,223;29,097;29,503;30,415;30,677;100,00;84,50;71,12;67,77;59,50;59,52
24,563;27,383;29,039;29,959;29,433;31,12;100,00;81,87;70,82;63,15;64,05;58,95
24,525;27,338;28,661;29,679;29,848;30,535;100,00;83,32;69,62;63,42;64,90;62,97
24,49;27,605;28,576;29,536;29,444;30,497;100,00;83,90;76,27;62,55;68,37;60,37
24,538;27,227;28,186;29,352;29,044;30,199;100,00;83,62;79,92;68,07;72,45;60,97
24,605;27,126;28,518;28,636;29,879;30,606;100,00;86,82;79,32;74,22;71,27;67,65
24,616;27,186;28,347;29,617;30,093;30,306;100,00;86,82;79,92;72,17;70,40;70,87
24,635;27,789;28,471;30,818;29,95;30,404;100,00;83,62;80,55;68,07;70,10;69,40
24,697;28,325;28,265;28,965;29,526;30,023;100,00;82,45;78,70;71,27;69,82;67,95
24,647;27,14;28,226;28,821;29,544;29,669;100,00;86,82;82,37;75,42;71,85;69,70
24,773;27,175;28,355;28,537;29,883;29,902;100,00;88,60;82,70;74,22;73,60;68,82
24,816;27,225;28,447;28,933;30,159;30,359;100,00;87,70;79,00;74,22;70,40;69,12
24,851;27,369;28,33;29,51;30,16;30,77;100,00;85,37;78,70;71,57;70,40;66,47
24,755;26,931;27,369;29,411;29,445;30,207;100,00;89,47;83,30;72,45;69,52;67,65
24,678;26,787;27,442;28,584;30,397;29,568;100,00;88,60;81,45;74,22;70,97;71,17
24,644;26,727;27,856;28,601;30,723;29,814;100,00;87,42;83,00;75,12;68,95;70,00
24,6;26,495;27,101;28,7;29,056;29,736;100,00;86,25;86,40;76,60;73,32;73,25
24,679;26,624;27,027;28,182;29,77;29,339;100,00;87,12;86,72;77,50;70,40;72,07
24,485;26,197;26,172;27,932;28,375;28,504;100,00;90,95;92,35;79,57;76,55;75,95
24,376;25,569;26,146;27,172;27,937;27,596;100,00;93,92;94,25;83,50;79,80;84,10
24,376;25,714;26,425;27,897;28,145;27,879;100,00;93,92;92,05;84,40;80,10;83,47
24,251;25,436;26,527;27,422;28,331;27,327;100,00;93,92;89,52;83,80;79,20;85,00
24,274;25,442;26,103;27,562;27,734;28,062;100,00;91,82;90,47;82,57;81,00;79,25
24,231;25,351;26,266;26,895;28,938;27,273;100,00;93,92;89,85;86,52;75,07;85,92
24,207;25,141;26,163;27,064;28,029;27,761;100,00;96,90;92,67;85,00;80,70;83,17
24,141;25,021;25,674;26,968;27,287;27,847;100,00;95,40;93,92;86,82;81,30;81,35
24,011;24,972;25,57;26,826;26,738;27,214;100,00;95,40;93,00;82,57;83,97;81,05
24,126;25,01;25,558;26,296;26,478;27,013;100,00;94,80;91,42;87,42;84,27;84,10
24,068;24,819;25,186;26,12;26,298;26,889;100,00;95,40;94,57;86,52;84,57;81,97
24,071;24,937;25,525;25,82;26,075;26,435;100,00;96,90;95,82;88,35;87,30;86,85
24,061;24,887;25,465;26,017;26,465;26,812;100,00;96,60;96,15;89,87;87,60;86,55
24,034;24,834;25,209;25,93;26,244;26,663;100,00;96,90;93,92;89,87;84,27;85,32
24,034;24,869;25,027;25,708;26,026;26,266;100,00;96,60;95,52;87,42;86,70;83,80
23,964;24,87;25,123;25,606;25,965;26,315;100,00;96,60;95,52;89,87;85,80;83,80
23,899;24,65;24,998;25,419;25,752;26,169;100,00;95,70;95,82;89,87;87,00;82,57
23,826;24,41;24,691;25,381;25,355;25,957;100,00;98,40;95,82;91,10;87,30;85,92
23,814;24,349;24,656;25,06;25,497;25,668;100,00;97,80;97,42;90,17;83,37;77,45
23,64;23,945;24,206;25,028;24,855;25,112;100,00;99,00;99,35;85,60;83,37;80,75
23,447;23,755;23,773;24,277;24,331;24,531;100,00;100,00;100,00;96,95;94,90;81,05
23,319;23,404;23,211;23,869;23,661;24,038;100,00;97,20;100,00;92,62;95,22;89,30
23,011;23,038;22,788;23,206;23,175;23,433;100,00;100,00;100,00;96,02;97,37;100,00
22,788;22,555;22,264;22,947;22,742;23,049;100,00;100,00;100,00;99,12;100,00;100,00
22,664;22,382;22,291;22,615;22,555;22,745;100,00;100,00;100,00;100,00;98,30;100,00
22,745;22,421;22,127;22,506;22,307;22,534;100,00;100,00;100,00;100,00;97,67;99,60
22,672;22,215;21,972;22,179;22,073;22,272;100,00;100,00;100,00;100,00;100,00;99,60
22,446;21,935;21,804;21,975;21,875;22,069;100,00;100,00;100,00;100,00;100,00;100,00
22,413;22,066;21,741;21,823;21,786;21,893;100,00;100,00;100,00;100,00;98,92;100,00
22,288;21,997;21,582;21,823;21,877;21,855;100,00;100,00;100,00;100,00;98,00;100,00
22,154;21,875;21,576;21,935;22,097;22,021;100,00;100,00;100,00;98,50;98,60;98,97
22,145;21,797;21,576;21,942;21,852;22,076;100,00;100,00;100,00;100,00;100,00;98,02
22,178;21,823;21,536;21,628;21,736;21,779;100,00;100,00;100,00;100,00;100,00;100,00
22,142;21,752;21,568;21,773;21,916;21,865;100,00;100,00;100,00;100,00;98,30;100,00
22,246;21,657;21,548;21,794;21,599;21,765;100,00;100,00;100,00;100,00;100,00;100,00
22,054;21,532;21,404;21,59;21,478;21,615;100,00;100,00;100,00;100,00;100,00;100,00
21,905;21,52;21,285;21,553;21,495;21,605;100,00;100,00;100,00;100,00;100,00;100,00
21,813;21,628;21,334;21,51;21,489;21,532;100,00;100,00;100,00;100,00;99,85;100,00
21,886;21,63;21,329;21,679;21,514;21,669;100,00;100,00;100,00;99,12;99,85;99,60
21,849;21,522;21,237;21,524;21,416;21,524;100,00;100,00;100,00;100,00;100,00;100,00
21,652;21,189;21,106;21,358;21,334;21,401;100,00;100,00;100,00;100,00;100,00;100,00
21,679;21,116;21,041;21,191;21,134;21,283;100,00;100,00;100,00;100,00;100,00;100,00
21,645;21,115;21,093;21,035;21,054;21,059;100,00;100,00;100,00;100,00;100,00;100,00
21,679;21,275;21,136;21,13;21,099;21,039;100,00;100,00;100,00;100,00;100,00;100,00
21,783;21,382;21,197;21,213;21,162;21,189;100,00;100,00;100,00;100,00;100,00;100,00
21,447;21,075;20,97;21,152;21,001;21,1;100,00;100,00;100,00;100,00;100,00;100,00
21,475;21,112;21,028;21,005;21,001;20,93;100,00;100,00;100,00;100,00;100,00;100,00
21,422;21,005;21,022;21,019;20,973;21,002;100,00;100,00;100,00;100,00;100,00;100,00
21,475;21,121;20,977;20,974;21,048;20,955;100,00;100,00;100,00;100,00;100,00;100,00
21,502;21,183;21,063;21,093;21,085;21,028;100,00;100,00;100,00;100,00;100,00;100,00
21,6;21,073;20,996;21,102;21,001;21,023;100,00;100,00;100,00;100,00;100,00;100,00
21,449;21,004;20,902;20,958;20,9;20,967;100,00;100,00;100,00;100,00;100,00;100,00
21,496;20,924;20,89;20,893;20,816;20,908;100,00;100,00;100,00;100,00;100,00;100,00
21,45;20,913;20,839;20,795;20,703;20,776;100,00;100,00;100,00;100,00;100,00;100,00
21,266;20,817;20,761;20,771;20,688;20,765;100,00;100,00;100,00;100,00;100,00;100,00
21,296;20,751;20,737;20,709;20,659;20,668;100,00;100,00;100,00;100,00;100,00;100,00
21,305;20,776;20,683;20,649;20,589;20,662;100,00;100,00;100,00;100,00;100,00;100,00
21,309;20,712;20,651;20,634;20,588;20,643;100,00;100,00;100,00;100,00;100,00;100,00
21,32;20,798;20,702;20,626;20,551;20,566;100,00;100,00;100,00;100,00;100,00;100,00
21,238;20,805;20,656;20,62;20,634;20,619;100,00;100,00;100,00;100,00;100,00;100,00
21,216;20,81;20,625;20,58;20,613;20,594;100,00;100,00;100,00;100,00;100,00;100,00
21,324;20,663;20,662;20,575;20,493;20,532;100,00;100,00;100,00;100,00;100,00;100,00
21,214;20,694;20,585;20,58;20,601;20,641;100,00;100,00;100,00;100,00;100,00;100,00
21,093;20,649;20,502;20,446;20,45;20,461;100,00;100,00;100,00;100,00;100,00;100,00
21,174;20,643;20,542;20,406;20,489;20,527;100,00;100,00;100,00;100,00;100,00;100,00
21,148;20,668;20,526;20,575;20,551;20,499;100,00;100,00;100,00;100,00;100,00;100,00
20,945;20,518;20,351;20,598;20,51;20,492;100,00;100,00;100,00;100,00;100,00;100,00
20,857;20,306;20,387;20,495;20,508;20,47;100,00;100,00;100,00;100,00;100,00;100,00
21,057;20,595;20,455;20,493;20,554;20,678;100,00;100,00;100,00;100,00;100,00;100,00
20,902;20,612;20,338;20,498;20,554;20,573;100,00;100,00;100,00;100,00;100,00;100,00
20,906;20,317;20,397;20,396;20,408;20,403;100,00;100,00;100,00;100,00;100,00;100,00
20,952;20,399;20,285;20,295;20,353;20,402;100,00;100,00;100,00;100,00;100,00;100,00
20,842;20,369;20,273;20,236;20,28;20,3;100,00;100,00;100,00;100,00;100,00;100,00
20,983;20,298;20,328;20,249;20,307;20,306;100,00;100,00;100,00;100,00;100,00;100,00
20,881;20,493;20,239;20,244;20,205;20,247;100,00;100,00;100,00;100,00;100,00;100,00
20,819;20,247;20,263;20,187;20,192;20,155;100,00;100,00;100,00;100,00;100,00;100,00
20,773;20,255;20,309;20,226;20,176;20,183;100,00;100,00;100,00;100,00;100,00;100,00
20,845;20,351;20,344;20,226;20,195;20,155;100,00;100,00;100,00;100,00;100,00;100,00
20,993;20,413;20,348;20,273;20,192;20,162;100,00;100,00;100,00;100,00;100,00;100,00
20,908;20,476;20,344;20,248;20,205;20,179;100,00;100,00;100,00;100,00;100,00;100,00
20,937;20,394;20,343;20,254;20,19;20,192;100,00;100,00;100,00;100,00;100,00;100,00
21,026;20,43;20,335;20,255;20,167;20,174;100,00;100,00;100,00;100,00;100,00;100,00
20,856;20,337;20,328;20,198;20,176;20,162;100,00;100,00;100,00;100,00;100,00;100,00
20,882;20,539;20,337;20,236;20,174;20,171;100,00;100,00;100,00;100,00;100,00;100,00
20,955;20,546;20,323;20,217;20,186;20,151;100,00;100,00;100,00;100,00;100,00;100,00
20,89;20,576;20,351;20,22;20,211;20,165;100,00;100,00;100,00;100,00;100,00;100,00
20,916;20,541;20,388;20,216;20,226;20,149;100,00;100,00;100,00;100,00;100,00;100,00
20,933;20,421;20,328;20,294;20,226;20,236;100,00;100,00;100,00;100,00;100,00;100,00
20,913;20,347;20,312;20,252;20,173;20,118;100,00;100,00;100,00;100,00;100,00;100,00
20,913;20,328;20,294;20,224;20,146;20,139;100,00;100,00;100,00;100,00;100,00;100,00
20,934;20,492;20,314;20,229;20,165;20,134;100,00;100,00;100,00;100,00;100,00;100,00
20,902;20,474;20,35;20,266;20,176;20,186;100,00;100,00;100,00;100,00;100,00;100,00
20,939;20,396;20,334;20,254;20,167;20,154;100,00;100,00;100,00;100,00;100,00;100,00
20,979;20,442;20,357;20,221;20,207;20,161;100,00;100,00;100,00;100,00;100,00;100,00
20,915;20,532;20,39;20,249;20,213;20,18;100,00;100,00;100,00;100,00;100,00;100,00
20,906;20,412;20,365;20,263;20,186;20,165;100,00;100,00;100,00;100,00;100,00;100,00
20,982;20,499;20,343;20,251;20,186;20,158;100,00;100,00;100,00;100,00;100,00;100,00
20,97;20,421;20,363;20,233;20,168;20,146;100,00;100,00;100,00;100,00;100,00;100,00
20,916;20,474;20,363;20,235;20,156;20,134;100,00;100,00;100,00;100,00;100,00;100,00
20,933;20,456;20,335;20,22;20,139;20,134;100,00;100,00;100,00;100,00;100,00;100,00
20,857;20,439;20,314;20,204;20,118;20,12;100,00;100,00;100,00;100,00;100,00;100,00
20,822;20,39;20,295;20,18;20,102;20,09;100,00;100,00;100,00;100,00;100,00;100,00
20,905;20,431;20,316;20,187;20,1;20,081;100,00;100,00;100,00;100,00;100,00;100,00
20,971;20,422;20,291;20,199;20,121;20,083;100,00;100,00;100,00;100,00;100,00;100,00
20,992;20,419;20,304;20,154;20,058;20,021;100,00;100,00;100,00;100,00;100,00;100,00
20,952;20,474;20,26;20,158;20,058;20,04;100,00;100,00;100,00;100,00;100,00;100,00
20,813;20,313;20,218;20,112;20,004;19,994;100,00;100,00;100,00;100,00;100,00;100,00
20,758;20,328;20,207;20,069;20;19,959;100,00;100,00;100,00;100,00;100,00;100,00
20,78;20,353;20,18;20,077;19,981;19,972;100,00;100,00;100,00;100,00;100,00;100,00
20,768;20,28;20,151;20,071;20;19,979;100,00;100,00;100,00;100,00;100,00;100,00
20,826;20,247;20,156;20,047;19,972;19,968;100,00;100,00;100,00;100,00;100,00;100,00
20,81;20,202;20,165;20,031;19,978;19,947;100,00;100,00;100,00;100,00;100,00;100,00
20,838;20,22;20,171;20,038;19,953;19,935;100,00;100,00;100,00;100,00;100,00;100,00
20,722;20,242;20,158;20,038;19,935;19,923;100,00;100,00;100,00;100,00;100,00;100,00
20,789;20,223;20,124;20,035;19,925;19,895;100,00;100,00;100,00;100,00;100,00;100,00
20,81;20,171;20,123;20,003;19,9;19,866;100,00;100,00;100,00;100,00;100,00;100,00
20,668;20,165;20,105;19,999;19,882;19,867;100,00;100,00;100,00;100,00;100,00;100,00
20,795;20,201;20,09;19,985;19,885;19,838;100,00;100,00;100,00;100,00;100,00;100,00
20,684;20,164;20,059;19,968;19,854;19,823;100,00;100,00;100,00;100,00;100,00;100,00
20,573;20,145;20,025;19,954;19,841;19,813;100,00;100,00;100,00;100,00;100,00;100,00
20,739;20,099;20,052;19,947;19,853;19,782;100,00;100,00;100,00;100,00;100,00;100,00
20,711;20,099;20,03;19,925;19,817;19,783;100,00;100,00;100,00;100,00;100,00;100,00
20,684;20,086;20,025;19,925;19,836;19,783;100,00;100,00;100,00;100,00;100,00;100,00
20,736;20,3;20,115;19,919;19,811;19,748;100,00;100,00;100,00;100,00;100,00;100,00
20,721;20,189;20,065;19,892;19,782;19,729;100,00;100,00;100,00;100,00;100,00;100,00
20,647;20,146;20,034;19,882;19,782;19,72;100,00;100,00;100,00;100,00;100,00;100,00
20,48;20,055;19,973;19,861;19,763;19,698;100,00;100,00;100,00;100,00;100,00;100,00
20,459;19,984;19,944;19,827;19,758;19,73;100,00;100,00;100,00;100,00;100,00;100,00
20,56;19,997;19,925;19,813;19,739;19,708;100,00;100,00;100,00;100,00;100,00;100,00
20,53;19,963;19,928;19,814;19,71;19,686;100,00;100,00;100,00;100,00;100,00;100,00
20,536;20,006;19,9;19,783;19,707;19,664;100,00;100,00;100,00;100,00;100,00;100,00
20,45;19,969;19,894;19,783;19,685;19,657;100,00;100,00;100,00;100,00;100,00;100,00
20,468;20,03;19,912;19,783;19,68;19,659;100,00;100,00;100,00;100,00;100,00;100,00
20,501;20,044;19,869;19,789;19,677;19,63;100,00;100,00;100,00;100,00;100,00;100,00
20,552;19,954;19,872;19,773;19,665;19,615;100,00;100,00;100,00;100,00;100,00;100,00
20,526;19,932;19,844;19,752;19,633;19,586;100,00;100,00;100,00;100,00;100,00;100,00
20,617;19,917;19,827;19,742;19,603;19,565;100,00;100,00;100,00;100,00;100,00;100,00
20,493;19,917;19,825;19,713;19,575;19,53;100,00;100,00;100,00;100,00;100,00;100,00
20,539;19,886;19,779;19,685;19,574;19,534;100,00;100,00;100,00;100,00;100,00;100,00
20,546;19,87;19,807;19,655;19,553;19,518;100,00;100,00;100,00;100,00;100,00;100,00
20,476;19,895;19,77;19,645;19,539;19,506;100,00;100,00;100,00;100,00;100,00;100,00
20,307;19,86;19,751;19,648;19,534;19,515;100,00;100,00;100,00;100,00;100,00;100,00
20,323;19,85;19,749;19,62;19,539;19,49;100,00;100,00;100,00;100,00;100,00;100,00
20,249;19,861;19,723;19,627;19,545;19,496;100,00;100,00;100,00;100,00;100,00;100,00
20,162;19,845;19,71;19,627;19,515;19,496;100,00;100,00;100,00;100,00;100,00;100,00
20,261;19,779;19,679;19,598;19,502;19,477;100,00;100,00;100,00;100,00;100,00;100,00
20,326;19,742;19,645;19,552;19,461;19,428;100,00;100,00;100,00;100,00;100,00;100,00
20,325;19,758;19,748;19,548;19,439;19,39;100,00;100,00;100,00;100,00;100,00;100,00
20,369;19,875;19,76;19,527;19,403;19,391;100,00;100,00;100,00;100,00;100,00;100,00
20,294;19,749;19,746;19,462;19,365;19,322;100,00;100,00;100,00;100,00;100,00;100,00
20,332;19,872;19,723;19,441;19,35;19,344;100,00;100,00;100,00;100,00;100,00;100,00
20,03;19,689;19,534;19,465;19,377;19,337;100,00;100,00;100,00;100,00;100,00;100,00
20,055;19,558;19,537;19,418;19,369;19,361;100,00;100,00;100,00;100,00;100,00;100,00
20,152;19,609;19,527;19,425;19,355;19,316;100,00;100,00;100,00;100,00;100,00;100,00
20,328;19,595;19,527;19,4;19,312;19,309;100,00;100,00;100,00;100,00;100,00;100,00
20,242;19,629;19,549;19,39;19,325;19,305;100,00;100,00;100,00;100,00;100,00;100,00
20,264;19,671;19,601;19,4;19,34;19,318;100,00;100,00;100,00;100,00;100,00;100,00
20,301;19,832;19,542;19,433;19,31;19,297;100,00;100,00;100,00;100,00;100,00;100,00
20,348;19,661;19,528;19,405;19,285;19,285;100,00;100,00;100,00;100,00;100,00;100,00
20,198;19,695;19,517;19,402;19,28;19,249;100,00;100,00;100,00;100,00;100,00;100,00
20,103;19,606;19,5;19,371;19,278;19,212;100,00;100,00;100,00;100,00;100,00;100,00
20,044;19,556;19,45;19,371;19,262;19,24;100,00;100,00;100,00;100,00;100,00;100,00
20,207;19,524;19,419;19,334;19,203;19,169;100,00;100,00;100,00;100,00;100,00;100,00
20,23;19,512;19,383;19,28;19,15;19,124;100,00;100,00;100,00;100,00;100,00;100,00
20,08;19,506;19,343;19,255;19,127;19,112;100,00;100,00;100,00;100,00;100,00;100,00
20,096;19,416;19,316;19,228;19,122;19,099;100,00;100,00;100,00;100,00;100,00;100,00
20,046;19,468;19,335;19,215;19,115;19,084;100,00;100,00;100,00;100,00;100,00;100,00
20,263;19,492;19,362;19,224;19,128;19,09;100,00;100,00;100,00;100,00;100,00;100,00
20,006;19,486;19,349;19,216;19,11;19,077;100,00;100,00;100,00;100,00;100,00;100,00
19,938;19,605;19,425;19,212;19,149;19,084;100,00;100,00;100,00;100,00;100,00;100,00
20,041;19,531;19,393;19,291;19,193;19,112;100,00;100,00;100,00;100,00;100,00;100,00
20,003;19,469;19,362;19,3;19,219;19,149;100,00;100,00;100,00;100,00;100,00;100,00
19,979;19,437;19,359;19,302;19,238;19,1;100,00;100,00;100,00;100,00;100,00;100,00
20,004;19,531;19,403;19,372;19,28;19,146;100,00;100,00;100,00;100,00;100,00;100,00
20,062;19,618;19,468;19,408;19,341;19,206;100,00;100,00;100,00;100,00;100,00;100,00
20,062;19,833;19,575;19,436;19,368;19,302;100,00;100,00;100,00;100,00;100,00;100,00
19,94;19,689;19,534;19,542;19,421;19,441;100,00;100,00;100,00;100,00;100,00;100,00
19,959;19,645;19,593;19,456;19,384;19,402;100,00;100,00;100,00;100,00;100,00;100,00
20,021;19,629;19,651;19,517;19,421;19,352;100,00;100,00;100,00;100,00;100,00;100,00
20,09;19,789;19,668;19,518;19,452;19,461;100,00;100,00;100,00;100,00;100,00;100,00
20,059;19,919;19,754;19,599;19,539;19,581;100,00;100,00;100,00;100,00;100,00;100,00
19,987;19,953;19,825;19,646;19,553;19,634;100,00;100,00;100,00;100,00;100,00;100,00
20,154;19,99;19,907;19,727;19,584;19,723;100,00;100,00;100,00;100,00;100,00;100,00
20,158;20,015;19,957;19,741;19,729;19,795;100,00;100,00;100,00;100,00;100,00;100,00
20,041;20,071;20,063;19,757;19,769;19,95;100,00;100,00;100,00;100,00;100,00;100,00
20,18;20,097;19,979;19,804;19,758;19,972;100,00;100,00;100,00;100,00;100,00;100,00
20,301;20,125;20,077;19,888;19,872;20,151;100,00;100,00;100,00;100,00;100,00;100,00
20,421;20,217;20,278;20,044;20,058;20,359;100,00;100,00;100,00;100,00;100,00;100,00
20,388;20,332;20,459;20,252;20,331;20,444;100,00;100,00;100,00;100,00;100,00;100,00
20,461;20,444;20,501;20,493;20,666;20,791;100,00;100,00;100,00;100,00;100,00;100,00
20,647;20,546;20,678;20,662;20,736;21,248;100,00;100,00;100,00;100,00;100,00;98,35
20,663;20,705;20,817;20,868;20,952;22,354;100,00;100,00;100,00;100,00;100,00;96,77
20,717;20,801;20,976;21,151;21,678;24,272;100,00;100,00;100,00;100,00;99,85;86,85
20,937;20,909;21,213;21,389;25,406;25,551;100,00;100,00;100,00;100,00;86,40;82,57
20,974;21,078;21,444;21,614;25,89;26,138;100,00;100,00;100,00;100,00;85,47;73,55
20,899;21,211;21,84;22,388;26,379;27,413;100,00;100,00;99,35;97,57;80,10;74,15
20,882;21,394;21,904;25,133;25,714;26,41;100,00;100,00;99,02;83,50;83,07;76,85
21,02;21,56;22,237;25,795;26,215;26,928;100,00;100,00;97,42;85,00;84,57;75,65
21,039;21,826;22,412;27,406;27,056;27,302;100,00;100,00;97,10;76,60;78,92;70,60
21,266;22,085;22,603;27,875;25,928;28,035;100,00;99,60;96,80;73,05;83,37;69,12
21,323;22,31;22,976;26,678;25,32;27,234;100,00;99,00;95,82;79,27;86,40;73,85
21,361;22,54;23,206;26,738;26,33;26,17;100,00;97,50;93,92;80,77;80,70;80,75
21,507;22,738;23,655;27,315;25,423;25,985;100,00;96,30;93,00;80,47;83,97;81,05
21,6;22,982;23,634;27,521;24,449;26,25;100,00;94,80;95,82;78,97;90,02;79,55
21,731;23,287;24,567;27,334;25,129;25,771;100,00;93,32;88,60;77,20;84,87;82,57
21,85;23,549;25,144;27,206;24,816;25,52;100,00;95,10;87,02;79,87;85,80;80,15
21,971;24,333;26,23;27,82;25,066;25,853;100,00;90,05;81,45;79,27;84,27;80,15
22,051;24,204;27,434;27,444;24,86;26,187;100,00;92,42;75,05;78,97;84,57;80,75
22,221;25,081;27,192;28,168;25,24;26;100,00;88,00;79,00;77,50;84,27;79,55
22,92;25,572;26,058;27,251;25,778;25,924;100,00;86,52;86,72;76,30;79,20;79,55
24,381;28,153;25,267;27,975;25,755;26,379;100,00;78,70;88,90;78,97;80,10;77,75
23,615;26,988;25,362;27,394;25,416;26,238;100,00;82,45;87,65;75,70;80,40;76,55
23,214;27,343;25,68;27,467;26,055;26,04;100,00;76,42;84,25;74,82;77,72;79,55
23,173;27,783;26,175;27,223;26,556;26,115;100,00;75,27;83,30;74,52;75,07;76,55
23,259;28,54;26,22;28,526;26,405;26,912;100,00;75,27;79,62;71,87;76,55;74,15
23,296;27,444;26,318;27,612;26,521;26,661;100,00;78,70;83,62;70,70;75,95;72,95
23,428;27,872;28,334;27,951;26,539;27,039;100,00;77,55;72,02;72,17;73,90;72,37
23,529;28,323;27,985;28,02;27,027;27,439;100,00;74,70;74,45;73,92;73,32;73,25
23,753;28,17;27,309;28,592;27,917;27,197;100,00;70,75;73,55;70,70;70,70;73,25
24,466;29,151;27,823;28,532;27,374;27,851;100,00;75,55;73,55;69,82;72,45;72,67
25,228;29,564;27,66;28,598;27,719;27,298;100,00;74,70;75,65;69,82;71,57;72,67
26,512;28,549;26,908;27,851;28,439;27,287;100,00;76,70;82,07;71,27;70,10;72,07
26,811;27,923;27,823;27,613;27,84;27,543;100,00;77,27;72,32;72,75;69,82;70,30
27,001;28,458;28,04;27,366;27,596;27,716;96,07;76,12;69,92;72,45;70,70;70,87
28,416;27,976;27,644;27,518;27,736;27,542;96,07;73,85;72,62;71,27;69,82;71,17
30,584;28,82;28,944;27,444;28,17;27,99;85,65;68,50;66,65;74,22;68,07;70,00
31,292;28,675;28,441;27,911;28,157;27,795;83,82;70,75;69,62;70,40;68,07;70,30
31,711;28,692;28,131;28,489;28,304;27,717;81,10;69,60;72,02;67,47;69,25;70,30
32,03;28,364;28,606;28,742;28,554;27,909;79,30;71,30;67,25;68,35;66,05;68,52
33,191;28,98;28,662;28,433;29,445;28,322;76,62;66,80;69,92;67,77;65,20;68,52
32,476;28,993;29,062;28,449;29,255;28,614;75,12;67,92;68,72;69,22;66,35;69,40
33,524;28,342;28,916;28,596;28,905;28,358;75,72;71,30;69,02;68,65;67,22;70,00
33,154;28,944;29,029;29,037;29,113;28,626;77,20;68,20;68,72;68,65;67,80;69,70
32,965;28,787;28,881;29,257;29,727;29,19;74,25;67,37;70,52;66,02;61,77;64,72
33,72;28,588;29,833;29,498;29,685;29,607;74,25;67,65;62,52;64,30;60,05;62,70
33,031;28,735;29,665;30,042;30,21;29,935;72,47;66,52;61,92;61,12;56,95;59,52
32,064;28,665;30,13;30,034;29,828;29,798;78,10;63,75;60,75;58,55;59,77;59,52
32,573;29,501;30,228;30,098;30,555;30,295;76,02;63,47;60,47;60,27;57,80;59,22
30,384;28,815;29,83;30,148;30,136;30,221;81,70;64,02;60,17;57,97;55,82;54,10
29,528;28,579;30,264;29,991;30,055;30,077;87,17;72,42;60,75;57,12;57,80;59,22
28,966;28,667;30,018;30,034;30,018;30,132;88,37;70,17;62,80;59,12;59,77;59,80
29,599;28,587;30,308;29,989;30,336;30,425;88,70;69,60;61,05;60,85;60,62;59,22
29,422;28,952;30,524;30,236;30,595;30,683;88,37;67,10;61,65;59,97;60,05;58,10
29,121;29,134;30,74;30,14;30,815;30,619;93,30;68,77;61,92;61,97;58,65;59,22
28,59;29,122;31,149;30,396;30,904;30,704;91,75;67,10;59,00;61,12;59,77;60,97
28,45;29,293;31,726;30,346;30,657;30,449;96,40;67,92;59,00;62,27;60,92;61,25
28,081;29,477;30,952;30,654;30,999;30,794;96,40;63,47;60,47;61,97;58,37;60,97
27,903;29,531;31,26;30,674;31,192;30,773;93,60;65,15;59,60;60,27;58,37;60,10
27,748;29,434;31,363;30,92;31,636;30,397;97,65;67,10;60,17;60,85;57,52;60,67
27,671;29,773;31,482;30,823;31,619;31,099;90,82;65,15;59,00;59,70;57,52;60,37
27,458;29,787;32,148;31,175;31,299;31,025;94,22;63,20;56,40;58,27;58,37;58,95
27,285;29,477;34,165;31,363;31,479;31,069;98,90;67,10;50,95;57,97;56,40;57,80
27,375;29,719;32,272;31,331;31,803;31,286;94,52;64,02;55,25;56,85;55,55;55,25
27,158;29,859;31,412;31,596;31,393;31,299;97,95;65,15;58,72;57,70;55,00;58,67
27,285;29,894;30,935;31,645;31,399;31,848;97,02;63,20;59,30;56,55;53,87;56,10
27,334;30,098;30,889;32,028;31,922;31,803;96,07;69,32;63,10;54,02;54,15;53,25
27,318;29,784;30,864;31,352;31,889;31,25;98,27;61,82;60,75;57,42;56,40;56,10
27,222;30,079;30,703;31,798;31,757;32,012;96,40;72,15;66,05;56,27;60,92;55,52
27,247;29,235;30,638;31,708;32,162;32,089;97,95;81,00;67,25;56,00;55,82;55,52
27,284;29,358;30,674;32,121;32,167;31,765;97,02;71,02;61,35;56,27;54,70;63,57
27,171;29,576;30,045;31,843;31,932;32,03;99,20;70,17;69,32;55,70;55,00;57,52
27,203;29,63;30,495;31,35;32,022;31,589;97,32;68,77;59,60;52,90;51,93;52,97
27,107;29,293;30,045;31,268;31,119;31,484;97,95;74,70;66,35;56,55;66,92;56,37
27,025;28,932;30,664;31,182;31,796;31,107;98,57;74,12;61,35;59,97;52,75;60,37
27,12;29,116;30,814;31,69;32,199;31,866;97,65;77,27;59,60;53,72;51,93;53,25
27,112;28,744;30,545;31,724;32,453;31,798;96,07;77,85;61,05;52,90;49,98;49,88
26,991;29,361;30,51;31,607;32,397;31,592;99,52;68,50;61,92;52,33;50,83;49,88
27,087;29,577;31,007;31,702;32,438;31,888;97,32;72,42;60,17;50,93;48,88;51,00
27,011;29,032;30,683;31,992;32,059;32,138;100,00;71,30;57,55;53,17;50,83;50,18
27,01;29,32;30,237;31,935;31,968;32,359;98,57;72,72;69,02;52,05;51,93;52,40
26,928;29,2;29,938;31,497;31,746;32,221;98,57;76,70;69,02;54,30;54,15;53,25
26,818;29,236;30,041;31,453;31,986;31,822;96,07;74,70;71,12;56,27;52,20;52,70
26,767;28,82;29,999;31,488;31,602;31,591;96,40;80,15;62,52;53,72;52,47;52,13
26,698;28,725;29,301;31,069;31,195;31,248;100,00;82,45;78,40;55,70;55,00;57,52
26,656;28,254;28,777;29,906;30,959;30,97;100,00;87,12;77,77;73,65;60,35;57,80
26,515;27,953;28,447;30,372;30,506;31,083;100,00;86,25;82,70;59,40;60,92;57,80
26,418;27,706;28,159;29,851;30,458;30,793;100,00;88,87;87,02;72,17;66,62;67,35
26,301;27,655;28,176;29,663;30,469;30,872;100,00;88,60;86,10;76,30;68,07;69,12
26,223;27,762;28,07;29,48;30,215;30,577;100,00;86,82;85,47;78,10;70,40;69,12
26,127;27,557;27,931;29,436;30,944;30,463;100,00;86,25;88,90;76,90;68,37;71,77
26,207;27,787;27,784;29,425;30,409;30,327;100,00;85,07;89,85;77,50;71,57;73,55
26,089;27,467;27,94;29,051;30,764;30,149;100,00;84,50;87,35;77,50;69,25;74,45
26,158;27,588;27,734;29,474;30,324;30,2;100,00;86,25;87,97;76,90;70,97;71,47
26,088;27,448;27,825;29,344;29,83;29,956;100,00;85,95;84,85;76,30;74,77;73,85
26,029;27,496;27,635;28,928;29,315;30,028;100,00;85,37;86,10;77,20;75,67;73,85
25,913;27,189;27,608;28,491;29,168;29,219;100,00;88,60;87,02;81,67;75,67;77,75
25,784;26,973;27,217;28,505;28,664;28,941;100,00;87,42;91,10;79,87;79,50;79,25
25,752;26,923;27,075;27,906;28,359;28,761;100,00;88,60;91,10;84,10;79,50;79,55
25,714;26,696;26,818;27,64;27,965;28,461;100,00;89,47;94,25;86,82;82,20;81,65
25,65;26,618;26,906;27,556;27,915;28,367;100,00;90,65;90,47;84,70;84,27;81,35
25,609;26,513;26,75;27,45;27,725;28,247;100,00;92,72;91,42;85,60;86,70;81,65
25,532;26,339;26,696;27,194;27,787;28,203;100,00;93,02;90,47;83,80;83,07;80,15
25,41;26,167;26,481;26,925;27,663;28,129;100,00;93,02;90,77;90,17;83,67;81,65
25,331;26,088;26,31;26,957;27,265;27,777;100,00;91,55;93,00;89,87;86,10;87,15
25,266;25,98;26,209;26,866;27,031;27,535;100,00;94,20;93,92;88,35;87,60;85,62
25,186;25,794;26,114;26,672;26,899;27,321;100,00;95,40;93,62;90,17;88,20;86,22
25,095;25,685;25,953;26,447;26,727;26,965;100,00;95,70;95,52;90,77;89,10;89,00
25,021;25,569;25,739;26,313;26,37;26,735;100,00;96,60;95,82;92,02;90,62;90,85
24,917;25,4;25,567;26,003;26,189;26,575;100,00;97,80;97,75;92,92;91,55;90,55
24,843;25,27;25,331;25,775;25,879;26,361;100,00;96,30;97,42;93,55;92,45;90,55
24,776;25,139;25,323;25,613;25,826;26,095;100,00;97,80;98,70;94,17;92,77;92,10
24,706;25,08;25,241;25,523;25,607;25,985;100,00;97,50;98,37;95,40;93,07;91,47
24,681;25,009;25,088;25,305;25,531;25,887;100,00;99,00;99,35;96,32;94,00;89,92
24,594;24,867;24,972;25,107;25,348;25,713;100,00;99,00;100,00;97,57;94,00;92,10
24,582;24,832;24,882;25,218;25,464;25,699;100,00;99,30;99,35;93,85;90,92;91,15
24,532;24,725;24,822;25,264;25,476;25,551;100,00;100,00;99,97;92,32;90,62;91,47
24,467;24,652;24,758;25,328;25,358;25,622;100,00;99,00;100,00;92,32;92,15;90,55
24,481;24,638;24,676;25,078;25,211;25,476;100,00;99,90;100,00;94,17;93,07;92,70
24,452;24,647;24,626;25,069;25,229;25,34;100,00;99,30;99,97;93,85;91,85;92,40
24,392;24,605;24,667;25,077;25,116;25,288;100,00;99,90;98,37;92,62;92,45;92,10
24,293;24,485;24,675;25,081;24,966;25,069;100,00;99,00;99,02;92,62;93,67;94,27
24,263;24,396;24,55;24,964;24,958;25,089;100,00;100,00;99,02;93,85;93,37;93,32
24,147;24,299;24,549;25,06;24,805;25,148;100,00;99,60;98,07;92,32;94,30;91,77
24,135;24,289;24,446;24,76;24,652;24,682;100,00;99,90;99,97;94,17;94,00;95,52
24,092;24,171;24,213;24,563;24,602;24,814;100,00;99,60;100,00;96,02;94,60;93,02
24,028;24,097;24,144;24,39;24,669;24,563;100,00;100,00;100,00;96,32;91,55;95,20
23,955;23,997;24,133;24,584;24,401;24,719;100,00;100,00;99,67;93,85;95,22;93,65
23,951;23,978;23,999;24,331;24,251;24,404;100,00;100,00;100,00;95,40;94,60;95,52
23,875;23,821;23,821;24,139;24,165;24,195;100,00;100,00;100,00;96,65;93,37;95,52
23,785;23,774;23,785;24,165;24,109;24,189;100,00;100,00;100,00;94,47;94,00;94,90
23,762;23,725;23,713;24,023;23,917;24,018;100,00;100,00;100,00;95,40;95,82;95,52
23,64;23,6;23,615;23,946;24,204;24,295;100,00;100,00;100,00;95,40;92,45;92,70
23,507;23,532;23,598;23,842;23,889;24,017;100,00;100,00;99,35;96,65;94,90;94,27
23,504;23,499;23,57;23,914;23,665;23,842;100,00;100,00;99,02;94,17;96,15;95,52
23,457;23,454;23,652;23,69;23,573;23,687;100,00;99,30;98,07;96,02;95,52;96,77
23,403;23,395;23,37;23,57;23,394;23,643;100,00;99,30;100,00;96,32;96,75;95,20
23,304;23,302;23,394;23,374;23,319;23,445;100,00;100,00;98,37;97,57;97,67;97,07
23,319;23,287;23,559;23,374;23,472;23,403;100,00;99,00;96,15;97,57;94,60;97,40
23,239;23,247;23,389;23,568;23,586;23,622;100,00;98,40;98,07;94,17;91,85;93,95
23,205;23,158;23,259;23,334;23,508;23,663;100,00;100,00;99,35;94,17;94,00;93,02
23,194;23,104;23,238;23,218;23,151;23,305;100,00;99,90;97,75;96,65;96,45;96,45
23,133;23,115;23,25;23,229;23,296;23,244;100,00;98,10;96,80;95,72;93,67;95,52
23,113;23,025;23,038;23,22;23,158;23,41;100,00;100,00;99,97;95,10;94,00;93,65
23,05;22,937;23,016;23,083;22,973;23,211;100,00;100,00;99,35;94,77;97,67;95,52
23,022;22,917;23,133;22,935;22,883;22,979;100,00;99,00;97,75;98,50;96,45;98,35
23,007;22,925;22,952;23,085;22,98;23,175;100,00;99,60;99,02;94,47;94,90;93,95
22,983;22,851;22,863;22,904;23,091;23,073;100,00;100,00;99,02;96,32;93,37;95,20
22,898;22,759;22,741;22,974;22,998;23,227;100,00;100,00;99,67;94,77;94,30;94,27
22,839;22,7;22,788;22,739;22,6;22,835;100,00;99,90;99,02;97,57;98,00;97,07
22,787;22,679;22,886;22,605;22,717;22,7;100,00;99,60;98,07;98,50;96,45;98,35
22,772;22,672;22,708;22,791;22,723;22,817;100,00;99,60;99,97;96,02;95,52;95,52
22,767;22,628;22,679;22,575;22,381;22,616;100,00;100,00;99,67;98,20;99,85;98,97
22,714;22,585;22,697;22,464;22,46;22,516;100,00;99,00;98,07;98,82;96,75;98,35
22,661;22,573;22,621;22,573;22,431;22,543;100,00;99,30;99,35;96,95;96,45;97,40
22,672;22,509;22,534;22,467;22,312;22,404;100,00;100,00;99,97;97,87;98,30;98,65
22,54;22,445;22,663;22,389;22,37;22,386;100,00;99,90;98,07;98,20;97,37;98,35
22,599;22,44;22,521;22,489;22,348;22,345;100,00;100,00;99,97;96,65;97,07;98,35
22,576;22,376;22,431;22,303;22,258;22,276;100,00;100,00;99,67;98,20;97,67;98,97
22,513;22,366;22,373;22,363;22,415;22,384;100,00;100,00;100,00;97,87;96,15;97,40
22,476;22,3;22,406;22,351;22,264;22,352;100,00;100,00;99,67;97,27;97,07;97,70
22,542;22,281;22,276;22,304;22,273;22,418;100,00;100,00;100,00;97,57;97,07;96,45
22,488;22,243;22,21;22,316;22,172;22,345;100,00;100,00;100,00;97,27;98,00;97,40
22,454;22,215;22,246;22,243;22,369;22,358;100,00;100,00;100,00;98,82;95,82;97,70
22,376;22,221;22,196;22,181;22,124;22,185;100,00;100,00;100,00;97,87;97,67;98,35
22,378;22,182;22,14;22,209;22,158;22,185;100,00;100,00;100,00;97,57;97,37;98,35
22,312;22,145;22,067;22,19;22,14;22,219;100,00;100,00;100,00;97,57;97,37;98,35
22,297;22,143;22,056;22,193;22,181;22,23;100,00;100,00;100,00;97,27;96,45;97,70
22,281;22,117;22,021;22,129;22,085;22,166;100,00;100,00;100,00;97,57;96,75;97,70
22,242;22,091;21,962;22,084;22,158;22,21;100,00;100,00;100,00;98,20;97,67;97,70
22,33;22,047;21,93;22,112;22,099;22,222;100,00;100,00;100,00;97,57;97,07;98,02
22,258;22,039;21,933;22,097;22,158;22,178;100,00;100,00;100,00;97,57;96,45;97,40
22,228;21,956;21,862;22,094;22,123;22,202;100,00;100,00;100,00;97,27;96,45;97,07
22,148;21,92;21,84;22,137;22,075;22,149;100,00;100,00;100,00;96,95;96,45;97,40
22,09;21,776;21,75;22,036;22,021;22,07;100,00;100,00;100,00;97,87;96,75;97,40
22,06;21,807;21,715;22,097;22,293;22,181;100,00;100,00;100,00;96,65;94,90;97,07
22,061;21,753;21,73;21,822;22,061;22,196;100,00;100,00;100,00;99,75;96,75;96,77
22,053;21,743;21,646;21,959;22,067;22,066;100,00;100,00;100,00;98,82;97,07;98,02
21,996;21,756;21,715;22,032;22,009;22,038;100,00;100,00;100,00;97,57;96,45;97,70
22,063;21,755;21,663;21,975;22,087;22,073;100,00;100,00;100,00;97,57;95,82;97,07
21,991;21,758;21,651;22,099;22,126;22,108;100,00;100,00;100,00;96,65;95,82;96,77
21,972;21,716;21,624;21,999;22,02;22,158;100,00;100,00;100,00;96,95;96,45;96,45
21,837;21,703;21,636;21,817;21,913;21,978;100,00;100,00;100,00;100,00;97,07;97,70
22,026;21,7;21,6;22,021;22,009;22,067;100,00;100,00;100,00;97,57;96,45;97,07
22,003;21,661;21,569;21,997;21,88;22,088;100,00;100,00;100,00;96,95;97,37;97,07
21,99;21,609;21,588;21,791;21,865;21,843;100,00;100,00;100,00;98,82;96,45;98,65
21,933;21,593;21,507;21,852;21,849;21,98;100,00;100,00;100,00;99,45;97,37;97,70
21,932;21,576;21,467;21,816;21,846;21,957;100,00;100,00;100,00;98,20;98,30;97,70
21,801;21,516;21,519;21,724;21,871;21,832;100,00;100,00;100,00;98,82;97,37;98,35
21,838;21,523;21,424;21,783;21,829;21,929;100,00;100,00;100,00;98,82;97,37;97,40
21,869;21,516;21,49;21,721;21,942;21,987;100,00;100,00;100,00;98,82;95,82;97,07
21,826;21,462;21,388;21,829;21,822;21,96;100,00;100,00;100,00;99,12;97,07;97,07
21,804;21,403;21,34;21,612;21,871;21,892;100,00;100,00;100,00;100,00;96,15;97,70
21,692;21,373;21,407;21,572;21,881;21,893;100,00;100,00;100,00;100,00;96,15;97,40
21,73;21,354;21,343;21,572;21,678;21,822;100,00;100,00;100,00;100,00;97,37;98,02
21,733;21,357;21,271;21,634;21,683;21,779;100,00;100,00;100,00;100,00;97,37;98,35
21,691;21,299;21,248;21,538;21,591;21,695;100,00;100,00;100,00;100,00;98,30;98,65
21,709;21,352;21,259;21,523;21,679;21,626;100,00;100,00;100,00;100,00;99,55;99,27
21,675;21,275;21,105;21,324;21,386;21,548;100,00;100,00;100,00;100,00;100,00;100,00
21,566;21,119;21,176;21,07;21,361;21,37;100,00;100,00;100,00;100,00;100,00;100,00
21,53;21,121;21,108;21,192;21,293;21,297;100,00;100,00;100,00;100,00;100,00;100,00
21,504;21,072;21,041;21,069;21,202;21,194;100,00;100,00;100,00;100,00;100,00;100,00
21,581;21,122;21,068;21,048;21,07;21,205;100,00;100,00;100,00;100,00;100,00;100,00
21,581;21,093;20,961;21,073;21,102;21,113;100,00;100,00;100,00;100,00;100,00;100,00
21,385;20,93;20,908;21,011;20,986;20,992;100,00;100,00;100,00;100,00;100,00;100,00
21,467;20,905;20,859;20,933;20,93;21,01;100,00;100,00;100,00;100,00;100,00;100,00
21,456;20,913;20,872;20,755;20,804;20,924;100,00;100,00;100,00;100,00;100,00;100,00
21,477;20,939;20,897;20,779;20,796;20,725;100,00;100,00;100,00;100,00;100,00;100,00
21,428;20,948;20,866;20,961;20,885;20,897;100,00;100,00;100,00;100,00;100,00;100,00
21,247;20,863;20,823;20,893;20,804;20,866;100,00;100,00;100,00;100,00;100,00;100,00
21,274;20,819;20,859;20,759;20,69;20,706;100,00;100,00;100,00;100,00;100,00;100,00
21,192;20,845;20,808;20,758;20,659;20,665;100,00;100,00;100,00;100,00;100,00;100,00
21,297;20,893;20,866;20,712;20,706;20,687;100,00;100,00;100,00;100,00;100,00;100,00
21,385;20,964;20,965;20,798;20,905;20,77;100,00;100,00;100,00;100,00;100,00;100,00
21,355;20,971;20,921;20,924;20,876;20,873;100,00;100,00;100,00;100,00;100,00;100,00
21,397;20,831;20,74;20,913;20,799;20,844;100,00;100,00;100,00;100,00;100,00;100,00
21,244;20,835;20,913;20,771;20,878;20,717;100,00;100,00;100,00;100,00;100,00;100,00
21,269;20,878;20,765;20,919;20,657;20,82;100,00;100,00;100,00;100,00;100,00;100,00
21,285;20,833;20,794;20,643;20,739;20,58;100,00;100,00;100,00;100,00;100,00;100,00
21,296;20,782;20,613;20,902;20,668;20,808;100,00;100,00;100,00;100,00;100,00;100,00
21,143;20,66;20,612;20,579;20,539;20,529;100,00;100,00;100,00;100,00;100,00;100,00
21,245;20,688;20,601;20,555;20,518;20,53;100,00;100,00;100,00;100,00;100,00;100,00
21,122;20,646;20,582;20,453;20,422;20,436;100,00;100,00;100,00;100,00;100,00;100,00
21,165;20,589;20,542;20,511;20,422;20,499;100,00;100,00;100,00;100,00;100,00;100,00
21,228;20,629;20,57;20,442;20,473;20,433;100,00;100,00;100,00;100,00;100,00;100,00
21,134;20,659;20,594;20,578;20,484;20,487;100,00;100,00;100,00;100,00;100,00;100,00
21,245;20,771;20,634;20,504;20,421;20,409;100,00;100,00;100,00;100,00;100,00;100,00
21,171;20,709;20,514;20,47;20,382;20,416;100,00;100,00;100,00;100,00;100,00;100,00
21,038;20,533;20,487;20,397;20,326;20,366;100,00;100,00;100,00;100,00;100,00;100,00
21,057;20,512;20,486;20,394;20,416;20,368;100,00;100,00;100,00;100,00;100,00;100,00
21,013;20,474;20,427;20,419;20,32;20,394;100,00;100,00;100,00;100,00;100,00;100,00
20,98;20,424;20,375;20,354;20,261;20,294;100,00;100,00;100,00;100,00;100,00;100,00
21,073;20,487;20,436;20,273;20,211;20,273;100,00;100,00;100,00;100,00;100,00;100,00
20,953;20,576;20,437;20,208;20,185;20,159;100,00;100,00;100,00;100,00;100,00;100,00
21,06;20,606;20,412;20,263;20,285;20,304;100,00;100,00;100,00;100,00;100,00;100,00
20,983;20,471;20,459;20,273;20,242;20,254;100,00;100,00;100,00;100,00;100,00;100,00
21,054;20,515;20,341;20,402;20,32;20,359;100,00;100,00;100,00;100,00;100,00;100,00
20,906;20,35;20,255;20,264;20,146;20,205;100,00;100,00;100,00;100,00;100,00;100,00
20,903;20,264;20,238;20,162;20,133;20,13;100,00;100,00;100,00;100,00;100,00;100,00
20,881;20,301;20,325;20,136;20,097;20,066;100,00;100,00;100,00;100,00;100,00;100,00
20,921;20,405;20,439;20,208;20,229;20,125;100,00;100,00;100,00;100,00;100,00;100,00
20,95;20,498;20,478;20,307;20,244;20,165;100,00;100,00;100,00;100,00;100,00;100,00
20,936;20,517;20,47;20,334;20,303;20,252;100,00;100,00;100,00;100,00;100,00;100,00
20,971;20,471;20,313;20,393;20,223;20,252;100,00;100,00;100,00;100,00;100,00;100,00
20,836;20,301;20,241;20,205;20,089;20,124;100,00;100,00;100,00;100,00;100,00;100,00
20,845;20,278;20,245;20,13;20,058;20,083;100,00;100,00;100,00;100,00;100,00;100,00
20,868;20,322;20,292;20,092;20,123;19,999;100,00;100,00;100,00;100,00;100,00;100,00
20,927;20,455;20,283;20,22;20,12;20,151;100,00;100,00;100,00;100,00;100,00;100,00
20,82;20,269;20,18;20,143;20,068;20,044;100,00;100,00;100,00;100,00;100,00;100,00
20,777;20,23;20,201;20,108;20,031;20,025;100,00;100,00;100,00;100,00;100,00;100,00
20,802;20,255;20,226;20,099;20,072;20,016;100,00;100,00;100,00;100,00;100,00;100,00
20,865;20,335;20,313;20,14;20,123;20,059;100,00;100,00;100,00;100,00;100,00;100,00
20,9;20,444;20,437;20,258;20,279;20,205;100,00;100,00;100,00;100,00;100,00;100,00
21,065;20,592;20,428;20,326;20,289;20,242;100,00;100,00;100,00;100,00;100,00;100,00
20,945;20,474;20,276;20,366;20,276;20,332;100,00;100,00;100,00;100,00;100,00;100,00
20,942;20,372;20,322;20,238;20,216;20,223;100,00;100,00;100,00;100,00;100,00;100,00
20,916;20,439;20,285;20,236;20,226;20,185;100,00;100,00;100,00;100,00;100,00;100,00
20,879;20,32;20,269;20,254;20,152;20,202;100,00;100,00;100,00;100,00;100,00;100,00
20,885;20,306;20,28;20,198;20,171;20,156;100,00;100,00;100,00;100,00;100,00;100,00
20,924;20,348;20,312;20,205;20,1;20,227;100,00;100,00;100,00;100,00;100,00;100,00
20,882;20,421;20,282;20,115;20,096;20,105;100,00;100,00;100,00;100,00;100,00;100,00
20,942;20,413;20,273;20,186;20,131;20,128;100,00;100,00;100,00;100,00;100,00;100,00
20,916;20,297;20,224;20,179;20,093;20,112;100,00;100,00;100,00;100,00;100,00;100,00
20,82;20,267;20,201;20,152;20,009;20,043;100,00;100,00;100,00;100,00;100,00;100,00
20,794;20,266;20,221;20,077;20,013;20,004;100,00;100,00;100,00;100,00;100,00;100,00
20,82;20,279;20,32;20,115;20,077;20,059;100,00;100,00;100,00;100,00;100,00;100,00
20,903;20,399;20,377;20,198;20,179;20,161;100,00;100,00;100,00;100,00;100,00;100,00
20,928;20,501;20,502;20,266;20,23;20,158;100,00;100,00;100,00;100,00;100,00;100,00
20,999;20,526;20,467;20,344;20,291;20,26;100,00;100,00;100,00;100,00;100,00;100,00
20,965;20,588;20,44;20,353;20,32;20,249;100,00;100,00;100,00;100,00;100,00;100,00
20,881;20,449;20,375;20,332;20,257;20,26;100,00;100,00;100,00;100,00;100,00;100,00
20,99;20,502;20,487;20,322;20,41;20,261;100,00;100,00;100,00;100,00;100,00;100,00
21,072;20,628;20,437;20,501;20,418;20,444;100,00;100,00;100,00;100,00;100,00;100,00
20,959;20,412;20,387;20,422;20,298;20,39;100,00;100,00;100,00;100,00;100,00;100,00
20,992;20,444;20,437;20,331;20,387;20,331;100,00;100,00;100,00;100,00;100,00;100,00
21,014;20,527;20,569;20,45;20,498;20,521;100,00;100,00;100,00;100,00;100,00;100,00
20,973;20,666;20,662;20,56;20,612;20,788;100,00;100,00;100,00;100,00;100,00;100,00
21,103;20,816;20,823;20,742;20,681;20,754;100,00;100,00;100,00;100,00;100,00;100,00
21,186;20,931;21,019;20,89;20,928;21,02;100,00;100,00;100,00;100,00;100,00;100,00
21,41;21,189;21,358;21,09;21,291;21,189;100,00;100,00;100,00;100,00;100,00;100,00
21,446;21,437;21,287;21,422;21,538;21,858;100,00;100,00;100,00;100,00;99,85;99,27
21,435;21,318;21,519;21,415;21,548;21,415;100,00;100,00;100,00;100,00;100,00;100,00
21,603;21,636;21,618;21,514;21,55;21,612;100,00;100,00;100,00;100,00;100,00;100,00
21,678;21,691;21,646;21,523;21,737;21,631;100,00;100,00;100,00;100,00;99,55;100,00
21,814;21,725;21,771;21,636;21,785;21,869;100,00;100,00;100,00;100,00;99,85;100,00
21,814;21,771;21,768;21,782;21,758;21,831;100,00;100,00;100,00;100,00;100,00;100,00
21,947;21,865;21,805;21,89;21,75;21,798;100,00;100,00;100,00;100,00;100,00;100,00
22,018;21,914;22,206;21,783;22,111;22,114;100,00;100,00;100,00;100,00;99,22;99,92
22,069;22,264;22,403;22,231;22,33;22,31;100,00;100,00;100,00;99,45;98,30;99,27
22,1;22,367;22,473;22,466;22,47;22,922;100,00;100,00;100,00;99,12;98,60;96,15
22,221;22,242;22,279;22,576;22,157;22,952;100,00;99,90;100,00;98,82;98,92;97,40
22,273;22,298;22,352;22,386;22,479;22,631;100,00;100,00;100,00;99,45;98,60;99,27
22,276;22,273;22,452;22,537;22,412;22,654;100,00;100,00;100,00;99,45;99,85;98,35
22,175;22,348;22,319;22,487;23,004;22,615;100,00;100,00;100,00;100,00;96,45;100,00
22,352;22,627;22,859;22,7;23,266;22,729;100,00;99,30;99,67;98,50;94,90;98,65
22,694;23,143;23,298;23,465;23,589;23,571;100,00;97,50;98,07;94,47;93,07;94,57
22,949;23,242;23,41;23,66;23,508;23,759;100,00;95,40;97,42;93,85;93,67;93,95
22,983;23,486;23,57;23,532;24,121;24,053;100,00;97,50;97,42;93,85;90,32;90,85
23,019;23,459;23,66;23,85;23,948;24,454;100,00;98,70;97,10;92,92;93,07;91,15
22,993;23,549;23,63;23,958;24,124;24,153;100,00;96,30;94,57;93,55;88,80;91,77
23,079;23,517;23,58;23,734;24,114;24,174;100,00;94,20;97,10;93,25;91,85;92,10
23,199;23,773;24,12;24,032;24,047;24,171;100,00;96,30;94,87;93,25;91,85;93,02
23,49;24,46;25,039;24,688;25,028;25,162;100,00;96,00;91,10;89,87;90,32;89,00
23,859;24,995;26,462;26,41;25,555;26,834;100,00;93,02;83,92;83,20;88,50;81,97
24,103;25,677;27,674;28,226;26,025;27,405;100,00;87,42;80,22;78,40;85,17;79,85
24,092;25,615;26,203;28,337;26,157;27,641;100,00;90,65;86,10;80,47;83,97;78,35
24,265;25,418;26,077;26,676;26,081;26,846;100,00;88,60;81,45;85,00;78,92;79,25
24,547;26,031;26,758;28,475;26,572;27,498;100,00;87,42;83,30;75,12;78,92;75,65
24,464;25,742;25,907;27,682;26,223;27,711;99,20;89,17;86,40;79,87;78,92;73,55
24,503;25,674;26,123;26,615;25,862;27,103;98,27;87,12;86,72;77,80;83,97;78,35
25,418;29,036;27,535;28,142;27,075;28,856;97,32;75,85;82,07;79,57;80,40;74,75
25,485;28,425;27,271;28,665;27,532;28,518;96,40;76,97;81,45;78,10;76,85;77,15
25,345;29,398;27,876;29,244;27,462;29,244;96,70;74,12;79,32;76,30;81,90;74,45
25,742;28,516;27,663;28,551;28,082;28,691;94,52;76,12;79,32;75,12;71,85;70,60
25,494;27,535;27,222;28,461;27,188;28,527;95,47;78,12;80,22;72,45;76,85;71,17
25,708;27,809;27,563;28,3;27,706;28,919;95,47;80,42;79,92;73,92;78,92;73,25
25,789;27,498;27,076;28,543;27,677;29,636;95,77;84,50;83,00;72,75;80,40;68,52
25,849;27,205;26,552;28,201;28,747;29,044;96,40;81,00;86,10;72,45;68,65;67,07
26,195;27,655;27,738;27,881;29,061;29,282;96,07;83,62;83,30;80,17;70,97;65,60
26,562;28,096;28,2;28,524;28,474;29,006;94,22;83,90;71,12;68,65;66,35;64,72
26,88;27,278;28,261;27,956;28,164;28,453;93,92;83,32;76,87;71,87;73,02;72,07
27,706;28,095;28,552;28,306;28,287;28,204;92,37;78,70;74,15;71,27;68,07;70,00
28,073;28,529;29,017;28,386;28,827;28,757;89,92;76,97;70,22;70,10;66,35;67,95
30,167;29,355;28,906;28,76;28,851;29,827;82,62;75,55;68,72;67,47;68,37;64,45
31,36;29,274;29,428;29,176;29,11;29,202;77,20;71,57;64,57;66,32;63,77;64,72
30,143;28,995;28,181;29,036;29,064;29,061;81,70;65,97;79,00;65,15;66,05;64,15
29,254;28,193;28,741;28,562;29,303;28,845;83,22;78,42;67,25;73,05;62,90;64,15
30,023;28,53;28,303;29,553;29,549;29,453;83,52;74,97;77,47;62,85;61,47;63,27
29,822;29,044;29,126;29,377;29,964;29,921;83,22;78,42;66,35;65,45;60,62;61,82
29,498;28,333;29,141;29,682;29,833;29,458;84,12;80,72;66,95;62,55;61,20;61,82
30,087;28,905;29,213;29,811;29,958;29,886;82,00;76,42;68,15;62,27;62,32;61,55
31,636;29,746;29,603;30,002;30,847;30,425;77,20;76,12;65,77;63,42;56,95;62,12
32,585;29,817;30,06;30,397;31,065;30,791;70,40;65,97;63,10;59,97;58,92;59,52
32,742;29,879;30,033;30,73;30,184;30,285;66,90;72,72;62,52;60,27;60,05;60,97
33,694;29,572;31,08;30,595;30,717;30,465;70,10;68,20;58,42;60,55;56,10;60,10
33,971;29,523;30,429;30,97;30,885;30,746;66,60;67,37;59,30;58,55;55,27;58,37
32,77;29,808;30,087;30,931;30,904;31,065;67,77;64,57;64,57;56,27;55,27;55,52
32,363;29,938;30,685;31,14;31,487;31,697;72,47;67,92;57,55;54,85;53,60;55,80
30,822;29,485;30,327;31,128;31,052;31,145;78,10;63,75;59,30;54,85;55,27;54,10
30,572;29,515;30,849;30,405;31,419;31,091;74,82;69,60;63,70;57,97;55,00;58,95
30,672;29,906;30,765;31,583;31,565;31,858;76,92;67,65;60,75;56,85;53,87;54,95
29,649;29,311;30,418;30,348;31,091;30,539;82,30;65,97;70,52;59,97;54,42;57,52
29,843;29,792;31,169;30,938;31,609;31,821;82,92;70,75;57,27;59,70;53,60;53,82
29,599;29,792;32,013;31,523;31,49;32,169;82,30;63,20;52,65;53,17;50,83;49,60
29,162;29,792;31,183;31,479;31,386;32,136;83,52;64,02;55,25;53,17;50,53;50,73
29,189;29,63;31,523;31,041;31,837;31,881;86,55;66,25;54,10;54,57;52,47;52,97
29,17;30,575;31,692;31,459;32,498;32,167;83,22;58,25;58,42;53,17;50,25;51,58
28,925;30,356;31,407;31,963;31,857;32,373;87,17;60,17;60,17;54,02;49,98;50,45
28,588;30,064;31,579;31,64;32,496;32,117;87,77;64,30;56,40;56,55;51,38;52,40
28,328;30,136;33,476;32,048;32,433;32,34;89,92;61,27;52,08;52,60;51,65;51,28
28,295;30,002;33,539;32,606;32,121;33,098;88,70;64,30;46,98;52,33;52,75;52,13
28,341;30,653;34,798;32,353;33,111;32,828;87,77;59,62;46,98;51,20;49,70;50,45
28,386;30,598;31,986;33,162;32,897;32,935;87,17;62,10;53,22;50,38;48,05;50,45
28,289;30,835;31,912;32,854;33,074;32,672;86,25;56,90;50,38;48,43;47,78;49,33
28,118;30,63;32,307;32,363;32,737;32,577;89,30;61,00;50,95;49,80;48,60;48,20
28,087;30,965;31,837;32,809;32,719;32,811;89,30;60,45;54,67;50,38;48,88;49,05
28,203;30,604;32,146;33,099;33,37;33,116;89,60;65,15;50,95;50,38;46,13;49,60
28,406;31,274;32,414;33,542;33,456;33,74;87,47;55,27;50,08;48,70;47,78;47,38
28,541;31,583;32,438;33,983;33,705;34,003;87,17;57,97;50,08;47,85;46,40;46,25
28,455;31,069;31,635;33,547;33,076;33,487;88,37;63,75;54,67;47,58;47,78;48,48
28,212;30,343;30,674;32,387;32,243;32,251;90,22;64,87;64,87;51,20;50,25;51,85
28,045;29,951;30,368;31,811;32,013;32,015;89,60;65,15;67,55;56,00;50,25;51,85
27,692;29,11;29,738;30,893;31,698;31,685;92,67;78,12;72,92;66,02;55,00;53,25
27,509;29,026;28,927;30,33;31,373;31,287;93,00;79,00;78,10;68,35;62,90;55,52
27,374;28,615;29,031;29,698;30,437;30,902;90,22;75,55;74,15;71,57;63,77;65,90
27,186;28,427;28,461;29,805;30,396;30,891;89,60;74,42;79,00;68,95;62,90;62,12
26,928;27,961;28,292;29,255;29,672;31,059;94,85;83,32;79,92;74,52;73,60;60,97
26,639;27,778;28,15;28,938;29,803;29,707;97,95;83,90;80,85;76,30;71,85;73,55
26,604;27,655;28,153;29,156;29,929;29,49;97,65;83,90;82,07;76,30;72,15;74,45
26,552;27,741;28;28,883;29,303;29,415;95,77;83,32;83,62;77,80;69,82;73,55
26,418;27,295;28,129;28,607;29,327;29,609;97,95;86,82;85,47;79,27;75,67;74,75
26,572;28,112;29,17;29,482;30,627;30,872;97,65;86,52;81,45;77,20;73,02;72,95
26,76;28,516;29,903;30,624;31,536;31,72;96,70;83,32;74,45;72,75;68,07;65,90
26,889;28,809;30,096;30,923;31,897;32,57;96,70;80,15;73,22;69,52;55,82;63,57
26,99;28,898;30,384;31,383;32,712;32,717;96,40;79,85;69,92;67,20;51,65;52,97
27,033;29,312;30,706;32,18;32,286;33,241;95,47;77,27;66,05;61,12;59,22;49,88
27,047;29,012;29,77;33,561;32,776;32,847;93,00;75,27;72,02;53,45;53,02;53,55
26,937;28,862;30,722;33,502;33,522;32,389;91,45;76,12;63,40;51,78;44,50;48,48
27,041;29,3;30,859;33,134;34,525;32,768;93,92;73,27;65,47;48,70;45,05;46,83
27,106;29,338;29,706;32,924;35,059;33,028;94,85;76,42;70,82;49,53;45,05;49,05
26,763;28,375;29,238;31,711;33,016;32,082;95,47;78,42;75,95;56,55;48,33;49,60
26,681;28,232;29,252;31,892;32,539;32,327;96,40;81,87;73,85;52,90;55,82;47,38
26,575;28,362;29,645;32,103;32,414;32,184;99,52;78,42;67,85;58,55;48,33;46,55
26,507;28,347;29,19;31,889;32,09;32,043;98,27;79,57;75,65;55,70;55,55;51,58
26,408;28,222;29,115;31,342;33,186;32,195;97,32;80,15;68,72;57,97;46,95;47,10
26,095;27,65;28,761;30,495;30,643;30,996;96,40;80,72;73,55;61,12;55,82;50,73
26,034;27,545;28,344;29,991;32,379;30,77;97,02;80,15;71,42;62,27;48,88;49,88
25,791;27,092;27,884;29,341;29,124;30,117;98,27;80,15;74,45;62,27;64,62;53,82
25,801;26,871;28,118;28,669;29,897;29,363;99,52;82,17;72,62;63,72;57,22;60,10
25,746;26,953;27,981;29,105;29,458;30,066;97,65;78,70;74,75;65,45;62,62;59,22
25,58;26,65;27,64;29,146;29,649;30,117;96,40;81,60;76,87;62,55;59,50;58,95
25,519;26,496;27,644;29,047;29,817;30,312;97,95;81,30;76,27;61,97;58,07;54,95
25,438;26,342;27,372;28,731;29,398;30,055;97,65;84,77;78,10;65,15;61,47;61,25
25,366;26,184;27,056;28,064;28,982;30,284;98,90;84,50;77,47;69,82;68,65;63,57
25,264;26,005;26,775;28,681;28,449;30,028;99,52;81,60;76,27;66,90;70,40;64,72
25,151;25,895;26,752;28,444;28,482;29,336;97,65;80,15;79,00;71,00;70,40;68,22
25,005;25,618;26,401;27,521;27,72;28,832;98,27;84,77;79,00;73,65;69,82;70,60
25,034;25,806;26,465;27,098;27,675;28,25;95,77;81,00;80,55;73,92;70,70;70,30
24,948;25,599;26,276;27,067;27,907;28,3;98,90;83,90;82,37;75,42;69,52;67,95
24,879;25,421;25,771;27,289;27,465;28,361;97,32;85,65;87,35;73,92;73,02;67,35
24,84;25,168;25,581;26,347;26,937;27,669;100,00;89,47;87,02;80,77;77,15;73,85
24,766;25,246;25,763;26,241;26,589;27,132;99,82;88,87;87,35;81,07;79,50;76,85
24,726;25,132;25,537;26,259;26,462;26,996;100,00;90,65;88,60;81,67;81,00;75,95
24,676;25,027;25,255;25,824;26,221;26,747;100,00;90,95;89,85;84,40;82,77;80,75
24,591;24,895;25,25;25,549;26,134;26,402;99,82;91,25;90,77;86,52;81,00;81,65
24,464;24,752;25,083;25,914;26,037;26,198;100,00;93,32;92,05;84,40;81,30;81,65
24,455;24,646;24,925;25,552;25,865;26,039;99,82;93,32;93,30;89,25;82,77;83,47
24,389;24,579;24,867;25,31;25,505;25,765;100,00;95,10;94,25;89,57;85,17;85,62
24,382;24,558;24,603;25,496;25,528;25,806;100,00;94,50;95,52;86,22;85,80;84,40
24,319;24,354;24,502;25,256;25,383;25,604;100,00;95,40;96,47;88,35;85,47;86,22
24,292;24,336;24,373;24,864;25,333;25,54;100,00;96,60;97,10;92,92;86,70;86,22
24,192;24,188;24,322;24,513;24,948;25,287;100,00;96,30;97,10;94,77;89,72;88,07
24,171;24,165;24,18;24,441;24,794;25,141;100,00;97,50;98,70;94,17;90,62;89,30
24,133;24,124;24,104;24,351;24,587;24,983;100,00;99,00;99,35;95,10;92,15;90,85
24,059;24,04;23,964;24,364;24,556;24,882;100,00;98,40;100,00;94,77;91,85;91,15
23,99;23,937;23,896;24,349;24,584;24,741;100,00;99,60;100,00;94,77;90,92;91,47
23,997;23,812;23,804;24,402;24,422;24,6;100,00;99,00;100,00;95,40;92,15;92,10
23,943;23,808;23,833;24,277;24,292;24,561;100,00;100,00;100,00;93,85;92,15;91,77
23,895;23,774;23,826;24,292;24,171;24,32;100,00;100,00;100,00;93,25;93,67;93,32
23,82;23,6;23,678;24,168;24,047;24,299;100,00;99,60;100,00;94,77;94,00;93,32
23,841;23,643;23,535;24,022;23,954;24,278;100,00;100,00;100,00;95,10;95,82;93,32
23,696;23,486;23,489;23,628;23,705;24,025;100,00;100,00;100,00;99,45;98,60;94,27
23,719;23,511;23,522;23,501;23,892;23,943;100,00;100,00;100,00;99,45;94,30;94,90
23,689;23,529;23,427;23,643;23,875;24,076;100,00;99,90;100,00;98,20;94,90;93,95
23,595;23,37;23,346;23,436;23,609;23,853;100,00;100,00;100,00;100,00;96,75;95,52
23,615;23,397;23,713;23,397;23,762;23,812;100,00;100,00;97,75;100,00;94,60;95,52
23,654;23,508;23,582;23,999;24,1;24,086;100,00;99,90;99,97;93,25;91,55;92,40
23,517;23,274;23,361;23,661;23,615;23,991;100,00;100,00;100,00;97,27;95,52;94,27
23,573;23,358;23,71;23,592;23,976;23,854;100,00;100,00;96,47;96,32;91,25;94,27
23,625;23,508;23,583;24,02;24,082;24,159;100,00;98,70;99,35;92,62;91,25;91,15
23,588;23,422;23,531;23,677;23,501;24,008;100,00;99,90;98,70;95,40;96,15;92,40
23,528;23,425;23,471;23,477;23,615;23,621;100,00;99,30;100,00;96,65;94,30;95,52
23,511;23,332;23,248;23,633;23,698;23,637;100,00;100,00;100,00;95,40;93,37;94,90
23,469;23,266;23,362;23,552;23,523;23,628;100,00;100,00;99,35;95,40;94,60;95,20
23,445;23,275;23,43;23,471;23,371;23,523;100,00;99,90;98,37;96,02;95,82;95,82
23,424;23,313;23,478;23,507;23,371;23,531;100,00;99,00;97,75;95,40;95,52;95,52
23,401;23,325;23,358;23,403;23,427;23,612;100,00;98,40;98,70;96,02;94,90;93,65
23,398;23,232;23,236;23,293;23,316;23,595;100,00;100,00;99,97;96,95;95,82;94,27
23,388;23,161;23,206;23,281;23,265;23,627;100,00;99,90;99,67;96,95;96,15;94,27
23,329;23,145;23,328;23,239;23,295;23,433;100,00;99,90;98,37;96,95;95,52;95,52
23,328;23,187;23,323;23,215;23,382;23,335;100,00;98,70;98,70;96,65;93,67;96,15
23,341;23,14;23,101;23,244;23,236;23,462;100,00;100,00;100,00;96,32;95,82;94,57
23,26;23,091;23,049;23,217;23,179;23,37;100,00;100,00;100,00;96,65;95,82;95,52
23,199;23,005;22,95;23,134;23,137;23,314;100,00;100,00;100,00;96,95;95,82;95,82
23,2;22,95;22,865;23,11;23,139;23,188;100,00;100,00;100,00;96,65;95,52;96,15
23,019;22,754;22,628;23,002;22,964;23,169;100,00;100,00;100,00;97,57;97,67;96,15
22,911;22,543;22,652;22,687;22,838;22,952;100,00;100,00;100,00;100,00;97,07;98,35
23,011;22,691;22,651;22,91;23,017;23,103;100,00;100,00;100,00;97,87;95,82;96,15
22,992;22,718;22,54;22,958;22,974;23,055;100,00;100,00;100,00;97,87;96,15;96,45
22,788;22,461;22,389;22,793;22,739;22,857;100,00;100,00;100,00;99,45;99,55;98,02
22,745;22,388;22,413;22,507;22,631;22,797;100,00;100,00;100,00;100,00;99,22;98,65
22,871;22,545;22,525;22,61;22,83;22,959;100,00;100,00;100,00;100,00;97,07;96,77
22,845;22,613;22,364;22,866;22,744;22,868;100,00;100,00;100,00;97,27;97,37;97,40
22,724;22,357;22,364;22,492;22,445;22,721;100,00;100,00;100,00;100,00;100,00;99,92
22,766;22,498;22,409;22,384;22,612;22,648;100,00;100,00;100,00;100,00;98,60;99,92
22,781;22,463;22,342;22,473;22,678;22,732;100,00;100,00;100,00;100,00;98,92;98,35
22,79;22,331;22,366;22,41;22,564;22,769;100,00;100,00;100,00;100,00;98,60;98,02
22,83;22,44;22,355;22,608;22,678;22,86;100,00;100,00;100,00;99,45;98,00;97,40
22,776;22,475;22,627;22,633;22,624;22,688;100,00;100,00;100,00;99,75;98,30;98,65
22,79;22,476;22,497;22,775;22,817;22,793;100,00;100,00;100,00;98,20;96,45;97,70
22,811;22,469;22,436;22,649;22,802;22,959;100,00;100,00;100,00;99,12;96,75;96,77
22,788;22,466;22,539;22,61;22,63;22,756;100,00;100,00;100,00;99,12;98,00;98,35
22,797;22,527;22,537;22,597;22,919;22,673;100,00;100,00;100,00;98,82;95,52;98,65
22,764;22,46;22,376;22,576;22,624;22,769;100,00;100,00;100,00;99,12;97,67;97,70
22,648;22,382;22,33;22,504;22,696;22,708;100,00;100,00;100,00;99,75;96,75;98,02
22,627;22,349;22,313;22,531;22,654;22,769;100,00;100,00;100,00;99,12;97,07;97,40
22,663;22,284;22,246;22,605;22,593;22,748;100,00;100,00;100,00;98,50;97,67;97,70
22,624;22,234;22,134;22,53;22,564;22,682;100,00;100,00;100,00;99,12;97,67;98,02
22,515;22,191;22,255;22,273;22,536;22,628;100,00;100,00;100,00;100,00;97,67;98,65
22,615;22,264;22,255;22,448;22,63;22,619;100,00;100,00;100,00;99,45;97,67;98,97
22,591;22,236;22,23;22,543;22,964;23,658;100,00;100,00;100,00;99,75;95,52;91,77
22,524;22,249;22,175;22,61;22,794;23,01;100,00;100,00;100,00;98,50;96,45;95,82
22,555;22,194;22,151;22,54;22,633;22,868;100,00;100,00;100,00;98,82;97,07;96,45
22,518;22,202;22,185;22,533;22,676;22,803;100,00;100,00;100,00;98,50;96,75;96,77
22,388;22,084;22,103;22,437;22,515;22,648;100,00;100,00;100,00;99,45;97,67;97,70
22,412;22,05;22,061;22,363;22,469;22,498;100,00;100,00;100,00;99,45;98,00;98,35
22,424;22,021;21,929;22,436;22,319;22,442;100,00;100,00;100,00;98,50;99,55;98,65
22,392;21,895;21,98;22,003;22,072;22,231;100,00;100,00;100,00;100,00;100,00;100,00
22,354;21,927;21,941;22,136;22,218;22,184;100,00;100,00;100,00;100,00;100,00;100,00
22,288;21,963;21,841;21,923;22,009;22,124;100,00;100,00;100,00;100,00;100,00;100,00
22,255;21,84;21,923;21,92;22,166;21,948;100,00;100,00;100,00;100,00;100,00;100,00
22,325;21,927;21,782;21,841;21,847;21,977;100,00;100,00;100,00;100,00;100,00;100,00
22,176;21,752;21,767;21,713;21,706;21,799;100,00;100,00;100,00;100,00;100,00;100,00
22,228;21,822;21,786;21,752;21,746;21,816;100,00;100,00;100,00;100,00;100,00;100,00
22,312;21,869;21,71;21,712;21,799;21,84;100,00;100,00;100,00;100,00;100,00;100,00
22,176;21,715;21,771;21,676;21,7;21,797;100,00;100,00;100,00;100,00;100,00;100,00
22,181;21,832;21,707;21,777;21,799;21,822;100,00;100,00;100,00;100,00;100,00;100,00
22,109;21,701;21,646;21,63;21,565;21,628;100,00;100,00;100,00;100,00;100,00;100,00
22,094;21,637;21,645;21,519;21,557;21,56;100,00;100,00;100,00;100,00;100,00;100,00
22,142;21,626;21,608;21,605;21,52;21,649;100,00;100,00;100,00;100,00;100,00;100,00
22,109;21,585;21,563;21,471;21,458;21,535;100,00;100,00;100,00;100,00;100,00;100,00
22,109;21,544;21,53;21,517;21,447;21,507;100,00;100,00;100,00;100,00;100,00;100,00
21,966;21,492;21,484;21,438;21,465;21,413;100,00;100,00;100,00;100,00;100,00;100,00
21,935;21,514;21,49;21,429;21,464;21,486;100,00;100,00;100,00;100,00;100,00;100,00
21,991;21,529;21,529;21,477;21,599;21,425;100,00;100,00;100,00;100,00;100,00;100,00
22,047;21,51;21,443;21,446;21,369;21,455;100,00;100,00;100,00;100,00;100,00;100,00
21,932;21,45;21,429;21,412;21,388;21,492;100,00;100,00;100,00;100,00;100,00;100,00
21,954;21,403;21,418;21,33;21,425;21,415;100,00;100,00;100,00;100,00;100,00;100,00
21,872;21,364;21,342;21,363;21,278;21,337;100,00;100,00;100,00;100,00;100,00;100,00
21,846;21,363;21,315;21,311;21,244;21,404;100,00;100,00;100,00;100,00;100,00;100,00
21,808;21,378;21,483;21,25;21,277;21,207;100,00;100,00;100,00;100,00;100,00;100,00
21,933;21,579;21,652;21,422;21,532;21,413;100,00;100,00;100,00;100,00;100,00;100,00
21,92;21,56;21,535;21,554;21,413;21,45;100,00;100,00;100,00;100,00;100,00;100,00
21,907;21,53;21,541;21,446;21,41;21,363;100,00;100,00;100,00;100,00;100,00;100,00
21,898;21,576;21,574;21,487;21,481;21,412;100,00;100,00;100,00;100,00;100,00;100,00
21,962;21,477;21,392;21,477;21,256;21,355;100,00;100,00;100,00;100,00;100,00;100,00
21,913;21,401;21,334;21,302;21,24;21,283;100,00;100,00;100,00;100,00;100,00;100,00
21,722;21,299;21,283;21,254;21,214;21,229;100,00;100,00;100,00;100,00;100,00;100,00
21,691;21,291;21,287;21,238;21,149;21,176;100,00;100,00;100,00;100,00;100,00;100,00
21,747;21,349;21,37;21,232;21,333;21,162;100,00;100,00;100,00;100,00;100,00;100,00
21,774;21,361;21,277;21,3;21,376;21,296;100,00;100,00;100,00;100,00;100,00;100,00
21,706;21,237;21,165;21,312;21,241;21,337;100,00;100,00;100,00;100,00;100,00;100,00
21,791;21,225;21,185;21,056;21,076;21,131;100,00;100,00;100,00;100,00;100,00;100,00
21,694;21,284;21,156;21,059;21,008;21,082;100,00;100,00;100,00;100,00;100,00;100,00
21,728;21,183;21,208;21,056;21,082;20,999;100,00;100,00;100,00;100,00;100,00;100,00
21,707;21,165;21,183;21,134;21,073;21,082;100,00;100,00;100,00;100,00;100,00;100,00
21,743;21,274;21,134;20,992;20,967;21,001;100,00;100,00;100,00;100,00;100,00;100,00
21,685;21,262;21,076;21,019;20,936;21,004;100,00;100,00;100,00;100,00;100,00;100,00
21,608;21,118;21,088;20,974;20,922;20,956;100,00;100,00;100,00;100,00;100,00;100,00
21,557;21,22;21,133;20,97;20,899;20,962;100,00;100,00;100,00;100,00;100,00;100,00
21,655;21,171;20,967;21,05;20,974;21,152;100,00;100,00;100,00;100,00;100,00;100,00
21,544;21,007;20,961;20,903;20,813;20,943;100,00;100,00;100,00;100,00;100,00;100,00
21,502;21,039;20,934;20,859;20,799;20,845;100,00;100,00;100,00;100,00;100,00;100,00
21,481;21,008;20,973;20,796;20,755;20,792;100,00;100,00;100,00;100,00;100,00;100,00
21,563;21,044;20,913;20,813;20,737;20,78;100,00;100,00;100,00;100,00;100,00;100,00
21,397;20,945;20,924;20,776;20,77;20,733;100,00;100,00;100,00;100,00;100,00;100,00
21,418;21,032;20,924;20,819;20,737;20,759;100,00;100,00;100,00;100,00;100,00;100,00
21,483;21,047;20,956;20,77;20,771;20,749;100,00;100,00;100,00;100,00;100,00;100,00
21,566;20,97;20,873;20,792;20,709;20,761;100,00;100,00;100,00;100,00;100,00;100,00
21,422;20,995;20,871;20,74;20,653;20,669;100,00;100,00;100,00;100,00;100,00;100,00
21,516;21,017;20,885;20,694;20,746;20,755;100,00;100,00;100,00;100,00;100,00;100,00
21,53;21,069;20,925;20,823;20,927;20,916;100,00;100,00;100,00;100,00;100,00;100,00
21,462;21,112;20,995;21,019;20,887;20,928;100,00;100,00;100,00;100,00;100,00;100,00
21,579;21,201;21,079;20,995;20,91;20,936;100,00;100,00;100,00;100,00;100,00;100,00
21,483;21,02;20,842;21,016;20,875;20,897;100,00;100,00;100,00;100,00;100,00;100,00
21,378;20,835;20,839;20,774;20,73;20,796;100,00;100,00;100,00;100,00;100,00;100,00
21,409;20,871;20,799;20,755;20,776;20,758;100,00;100,00;100,00;100,00;100,00;100,00
21,312;20,816;20,792;20,755;20,672;20,751;100,00;100,00;100,00;100,00;100,00;100,00
21,376;20,946;20,774;20,721;20,683;20,662;100,00;100,00;100,00;100,00;100,00;100,00
21,323;20,78;20,731;20,684;20,589;20,619;100,00;100,00;100,00;100,00;100,00;100,00
21,302;20,761;20,706;20,622;20,521;20,546;100,00;100,00;100,00;100,00;100,00;100,00
21,245;20,762;20,686;20,564;20,456;20,455;100,00;100,00;100,00;100,00;100,00;100,00
21,259;20,733;20,706;20,532;20,566;20,548;100,00;100,00;100,00;100,00;100,00;100,00
21,244;20,819;20,694;20,604;20,523;20,548;100,00;100,00;100,00;100,00;100,00;100,00
21,247;20,751;20,711;20,601;20,552;20,521;100,00;100,00;100,00;100,00;100,00;100,00
21,189;20,795;20,56;20,619;20,493;20,49;100,00;100,00;100,00;100,00;100,00;100,00
21,13;20,61;20,592;20,499;20,443;20,427;100,00;100,00;100,00;100,00;100,00;100,00
21,228;20,657;20,637;20,504;20,399;20,442;100,00;100,00;100,00;100,00;100,00;100,00
21,09;20,637;20,523;20,431;20,357;20,347;100,00;100,00;100,00;100,00;100,00;100,00
21,029;20,527;20,443;20,443;20,378;20,413;100,00;100,00;100,00;100,00;100,00;100,00
21,1;20,504;20,468;20,369;20,326;20,313;100,00;100,00;100,00;100,00;100,00;100,00
21,22;20,637;20,545;20,391;20,353;20,325;100,00;100,00;100,00;100,00;100,00;100,00
21,194;20,749;20,683;20,436;20,428;20,387;100,00;100,00;100,00;100,00;100,00;100,00
21,336;20,833;20,764;20,567;20,496;20,471;100,00;100,00;100,00;100,00;100,00;100,00
21,214;20,903;20,743;20,589;20,517;20,462;100,00;100,00;100,00;100,00;100,00;100,00
21,235;20,724;20,734;20,604;20,484;20,502;100,00;100,00;100,00;100,00;100,00;100,00
21,331;20,814;20,7;20,609;20,615;20,619;100,00;100,00;100,00;100,00;100,00;100,00
21,149;20,69;20,617;20,598;20,502;20,552;100,00;100,00;100,00;100,00;100,00;100,00
21,146;20,637;20,606;20,57;20,495;20,558;100,00;100,00;100,00;100,00;100,00;100,00
21,208;20,628;20,603;20,549;20,493;20,523;100,00;100,00;100,00;100,00;100,00;100,00
21,217;20,748;20,725;20,544;20,541;20,492;100,00;100,00;100,00;100,00;100,00;100,00
21,302;20,835;20,73;20,674;20,653;20,594;100,00;100,00;100,00;100,00;100,00;100,00
21,312;20,869;20,881;20,705;20,771;20,746;100,00;100,00;100,00;100,00;100,00;100,00
21,372;21,075;21,028;20,927;20,952;20,945;100,00;100,00;100,00;100,00;100,00;100,00
21,426;21,119;21,054;21,036;20,875;20,93;100,00;100,00;100,00;100,00;100,00;100,00
21,501;21,21;21,127;21,036;20,912;21,057;100,00;100,00;100,00;100,00;100,00;100,00
21,703;21,262;21,367;21,113;21,151;21,121;100,00;100,00;100,00;100,00;100,00;100,00
21,725;21,478;21,468;21,274;21,223;21,131;100,00;100,00;100,00;100,00;100,00;100,00
21,731;21,678;21,462;21,452;21,245;21,455;100,00;100,00;100,00;100,00;100,00;100,00
21,795;21,53;21,678;21,409;21,465;21,428;100,00;100,00;100,00;100,00;100,00;100,00
21,896;21,669;21,649;21,789;21,725;21,797;100,00;100,00;100,00;100,00;100,00;100,00
22,009;21,858;22,09;21,893;22,053;21,926;100,00;100,00;100,00;100,00;100,00;100,00
22,108;22,373;22,079;22,139;22,388;22,548;100,00;100,00;100,00;100,00;99,55;99,60
22,206;22,321;22,413;22,606;22,622;22,651;100,00;100,00;100,00;99,45;98,92;99,92
22,386;22,436;22,603;22,82;22,814;22,847;100,00;99,90;100,00;99,12;98,92;99,92
22,515;22,775;22,627;22,887;23,08;23,227;100,00;100,00;100,00;99,45;98,00;97,40
22,773;23,038;23,032;23,095;23,211;24,12;100,00;99,60;99,02;98,50;96,45;92,70
22,856;23,328;23,148;23,547;23,292;25,037;100,00;97,80;99,35;95,10;97,07;89,30
22,697;23,247;23,145;23,508;23,713;26,439;100,00;98,10;98,07;95,72;94,30;83,80
22,628;23,245;23,236;23,298;26,138;28,598;100,00;98,70;98,37;95,72;85,17;74,75
22,634;23,271;23,388;23,51;27,253;28,193;100,00;97,80;98,07;95,72;83,07;75,95
22,522;23,346;23,743;24,035;26,784;28,919;100,00;96,90;95,20;93,55;80,40;71,77
22,615;23,456;23,889;24,805;27,214;28,861;100,00;94,80;91,72;91,70;82,50;75,05
22,63;23,642;23,961;30,13;28,581;28,614;100,00;93,02;94,25;68,65;77,15;74,45
22,729;23,8;25,426;29,055;28,132;27,887;100,00;92,72;84,55;73,92;77,15;74,15
22,769;23,914;25,32;29,542;26,9;29,59;100,00;90,65;85,17;72,75;80,70;69,12
22,845;24,145;25,063;29,891;26,204;28,552;100,00;89,77;86,10;68,65;84,57;74,15
22,92;24,246;25,156;30,356;27,459;27,845;100,00;89,17;87,02;68,95;78,02;75,65
23,032;24,734;25,259;30,296;27,714;28,178;100,00;88,60;87,97;71,87;74,20;72,95
23,211;25,001;25,395;29,661;27,663;27,724;100,00;89,47;87,35;72,75;78,02;73,85
23,407;25,835;25,939;30,301;26,923;28,279;100,00;85,07;83,62;70,70;76,55;75,95
23,49;25,572;27,285;30,756;27,265;28,089;100,00;86,52;79,00;68,65;73,32;72,95
23,675;26,527;28,112;30,746;26,9;28,053;99,82;83,02;76,87;65,45;77,72;75,95
23,74;26,428;28,331;31,63;27,073;28,965;99,52;82,75;76,57;65,15;74,50;72,95
23,845;26,27;28,018;31,203;27,205;28,651;98,57;82,45;74,15;64,87;77,42;70,00
24,127;26,828;28,522;31,726;28,064;28,348;97,95;80,15;72,92;61,70;73,60;71,47
24,969;28,096;28,546;32,007;28,156;29,369;95,47;76,12;73,22;61,40;73,60;71,17
25,2;30,279;28,843;30,988;28,275;29,445;94,22;67,10;71,12;68,07;73,32;70,60
25,151;30,738;29,064;30,711;28,14;28,804;95,77;66,25;74,45;66,32;76,55;71,17
25,179;30,959;28,914;31,162;28,489;29,395;95,77;66,52;74,75;67,47;70,97;69,70
25,275;31,08;28,944;30,042;28,996;29,077;95,77;67,65;70,82;70,70;71,27;70,00
25,456;30,429;28,504;30,093;28,433;28,979;96,40;70,17;76,27;69,52;73,32;70,87
26,012;31,035;29,493;30,876;28,474;29,244;95,15;66,25;70,22;66,90;72,72;71,17
26,083;31,03;29,647;30,532;28,687;29,639;94,22;67,92;75,65;66,90;69,25;68,82
26,233;31,093;29,426;30,314;28,939;29,811;94,85;69,90;68,72;66,60;68,07;67,35
27,787;29,738;28,835;29,827;29,428;29,555;88,37;76,12;74,15;68,65;67,22;67,07
27,559;29,156;29,284;30,274;29,637;29,545;89,00;72,15;72,32;67,77;66,05;70,00
30,51;29,679;29,564;29,824;30,324;30,034;76,92;76,42;64,87;67,47;61,77;65,02
36,409;29,932;29,491;30,114;30,162;30,034;55,12;68,77;68,72;64,30;63,47;64,15
36,109;29,875;29,997;29,701;29,576;29,717;58,80;67,10;66,05;65,15;64,90;65,90
33,314;29,48;29,636;29,938;29,392;29,902;65,15;76,70;66,65;65,15;63,47;66,47
39,274;29,827;30,031;30,084;30,857;30,261;48,65;63,20;64,00;63,42;62,05;63,57
41,764;30,606;30,152;30,282;30,186;30,93;45,05;73,57;63,10;64,57;62,62;62,40
40,451;30,46;30,216;30,412;30,946;30,64;48,38;63,20;61,65;60,85;60,05;59,22
41,278;30,783;30,324;31,412;30,986;31,341;47,53;67,10;59,30;58,82;56,10;60,10
40,195;30,669;30,567;31,336;31,324;30,793;47,53;58,80;57,85;54,85;55,27;56,37
41,337;32,935;30,165;31,396;31,359;31,472;46,43;55,80;62,52;56,27;55,55;56,95
40,335;32,521;30,404;31,253;32,017;31,506;49,50;65,42;61,35;57,97;54,70;56,37
41,862;32,264;30,616;30,983;31,41;31,188;43,13;58,80;63,40;60,27;55,55;57,22
41,314;33,232;30,904;31,337;32,343;31,945;44,50;61,27;57,27;57,42;54,42;55,25
40,619;33,231;30,831;31,781;32,458;31,612;44,50;53,10;60,17;54,85;52,20;54,10
41,981;32,29;30,769;31,848;32,299;32,241;40,65;55,00;58,42;54,02;49,98;52,40
40,41;31,336;31,185;31,865;31,955;32,312;43,68;54,72;56,67;49,80;51,10;51,85
41,106;30,346;31,277;32,164;32,136;32,368;41,48;60,17;54,37;52,33;50,53;50,45
38,047;30,441;31,305;31,878;32,017;32,524;50,33;61,82;54,95;53,72;52,20;51,58
37,358;30,835;31,091;31,858;32,297;31,925;50,05;57,45;56,67;54,30;50,83;53,25
37,779;30,665;31,23;32,074;32,676;32,225;49,20;58,25;53,52;51,78;49,98;51,00
36,287;30,91;31,832;31,945;32,207;32,207;57,10;55,00;53,80;51,78;51,65;51,58
32,743;30,64;31,762;31,992;32,74;32,466;66,60;57,72;53,22;51,48;49,70;51,00
31,422;31,104;31,724;31,997;32,694;32,33;69,52;54,72;54,67;53,17;49,15;51,00
30,426;30,901;32,174;32,547;32,117;32,572;74,82;57,17;51,80;50,93;52,75;51,28
29,967;31,062;31,909;32,22;32,737;32,547;76,92;55,00;51,50;50,93;49,15;49,60
31,316;31,064;32,447;32,442;32,709;32,757;73,95;55,80;49,53;50,65;48,05;49,33
30,468;31,454;32,141;32,646;32,687;32,453;76,92;52,57;50,38;48,98;48,05;49,05
29,985;31,269;31,684;32,717;33,224;32,997;77,20;54,20;54,67;48,98;47,50;47,65
29,569;31,03;32,236;32,659;33,126;33,297;78,70;58,80;49,53;50,65;47,50;47,65
29,012;31,632;32,563;32,638;32,785;32,613;80,20;51,78;48,38;48,98;48,60;48,78
28,928;31,469;32,814;32,549;33,146;32,676;75,12;54,20;49,80;48,43;47,50;49,33
28,804;31,873;33,395;33,332;32,985;32,965;80,50;52,30;46,68;47,58;47,23;48,20
28,785;31,695;33,916;33,342;33,364;33,606;80,80;52,03;45,28;47,03;45,33;46,83
28,642;31,955;32,876;33,43;33,557;33,482;79,60;50,18;47,25;46,48;45,58;45,98
28,943;32,126;33,222;33,486;34,038;33,461;77,20;55,00;48,10;46,20;45,05;46,25
28,96;31,876;32,866;33,983;34,054;33,748;79,60;53,65;47,25;45,93;44,78;45,70
28,913;32,051;32,544;33,466;33,877;33,646;81,70;52,57;48,38;44,28;44,50;44,88
28,631;31,971;32,867;33,437;33,414;33,337;84,12;49,63;48,10;46,20;44,50;45,98
28,878;32,036;32,935;33,886;33,909;33,72;78,10;54,72;46,40;45,93;43,95;45,43
28,777;31,671;32,778;33,922;33,758;33,75;80,20;57,45;48,10;44,83;43,40;44,05
28,779;32,241;33,162;33,911;34,018;33,823;82,62;51,78;46,13;44,83;42,05;44,05
28,909;32,131;33,078;33,629;34,198;33,71;82,00;48,83;45,28;44,83;41,25;44,33
28,651;31,963;32,967;33,825;34,037;33,899;84,42;50,70;47,83;44,00;43,68;44,88
28,19;31,907;32,952;33,926;34,005;33,694;85,95;48,58;42,75;43,73;42,60;42,68
28,832;32,725;33,481;33,745;33,825;33,931;78,10;43,55;48,38;40,98;40,98;41,03
28,444;31,715;33,314;34,352;34,165;34,254;82,62;62,65;44,45;40,98;39,63;40,48
28,505;31,514;32,161;34,303;34,43;34,072;82,62;59,35;55,52;40,98;40,98;41,30
28,267;31,057;33,051;33,745;34,562;33,899;80,50;56,62;44,45;47,03;39,90;41,58
28,557;31,604;32,809;34,195;34,526;34,67;83,22;53,65;45,85;39,63;39,90;39,13
28,29;31,277;33,118;34,075;34,323;33,84;83,22;54,72;46,40;41,53;42,05;41,85
28,118;31,107;32,785;34,273;34,584;34,183;84,72;62,65;46,68;42,08;40,98;41,30
28,145;31,643;33,028;34,187;34,254;34,224;85,02;53,37;45,28;40,70;39,90;41,85
28,139;31,412;32,076;34,257;34,842;34,29;82,30;57,97;54,67;40,43;39,63;41,03
27,918;30,429;31,901;34,217;34,236;34,045;84,72;61,55;54,67;42,90;40,43;41,03
27,94;30,079;32,539;33,793;34,239;33,579;81,40;65,42;51,50;44,55;39,90;42,95
27,956;31,63;32,656;33,944;33,934;33,917;87,47;50,70;47,83;44,00;41,50;44,60
28,006;30,954;31,607;34,07;34,486;33,718;89,00;64,02;55,25;41,80;43,13;40,75
27,861;30,33;32,253;34,648;34,295;34,146;87,17;62,65;48,95;39,90;40,43;41,58
27,917;30,543;31,777;35,797;34,382;33,978;86,55;62,37;55,82;38,00;41,78;44,60
27,772;30,248;31,677;34,854;34,401;34,04;90,22;65,15;56,67;45,10;42,33;42,95
27,708;30,25;31,287;33,812;35,58;34,474;89,92;67,65;58,42;42,90;39,90;40,23
27,587;30,136;31,064;33,701;34,237;33,906;90,82;67,10;60,17;46,75;46,13;39,95
27,577;29,993;31,37;34,239;37,612;33,569;90,52;69,90;61,92;45,93;37,48;45,15
27,408;29,873;30,521;36,34;34,457;34,094;93,92;67,37;64,57;39,63;44,78;42,40
27,205;29,393;30,575;33,713;33,522;33,156;92,67;71,57;58,72;48,70;46,68;47,65
27,233;29,585;30,333;32,753;34,33;33,567;92,67;73,27;65,17;48,98;43,95;46,55
27,083;28,821;30,279;31,817;33,552;32,819;92,37;71,87;62,52;54,85;49,43;50,73
26,95;28,884;30,023;31,855;33,447;32,648;89,60;71,87;65,17;56,27;46,68;51,85
26,911;28,581;29,822;31,583;32,621;32,516;92,07;73,27;65,17;56,00;52,20;53,25
26,757;28,533;29,607;31,508;31,336;32,438;93,30;73,85;65,77;55,70;54,15;50,45
26,684;28,361;29,531;30,936;31,534;32,009;94,22;77,27;69,02;58,82;56,95;57,22
26,576;28,076;28,827;30,579;31,277;31,803;93,60;76,70;68,45;59,40;56,10;53,82
26,464;27,873;28,947;30,308;31,352;31,547;93,30;77,85;70,22;60,85;53,60;55,25
26,336;27,647;28,521;29,568;30,633;31,484;95,77;76,97;73,85;63,72;60,35;55,80
26,226;27,462;28,145;29,637;30,418;31,149;92,67;79,27;72,32;62,85;58,65;58,67
26,097;27,211;28,082;30,22;29,908;31,033;92,07;74,42;72,32;63,42;66,62;61,25
26,029;26,973;27,685;30,54;29,541;30,352;93,92;80,15;72,02;61,70;62,90;64,45
25,94;26,792;27,434;28,927;28,857;29,887;94,52;76,97;74,15;64,87;64,62;60,97
25,787;26,781;27,292;28,256;28,538;29,393;94,22;81,30;77,77;67,77;71,85;67,95
25,705;26,612;27,081;28,092;28,256;29,119;93,92;84,50;77,17;69,82;71,27;69,12
25,619;26,442;26,737;27,675;27,95;28,735;94,85;87,70;85,47;73,05;71,27;70,00
25,512;26,132;26,481;27,382;27,812;28,292;97,32;88,87;83,30;75,12;73,32;70,87
25,439;26,014;26,342;27,081;27,408;28,217;97,65;87,12;83,00;77,50;77,72;72,37
25,322;25,93;26,155;26,704;27,332;27,892;98,27;90,65;86,10;81,07;75,67;75,05
25,215;25,766;25,844;26,791;26,996;27,607;97,65;90,35;90,47;80,47;79,20;75,95
25,113;25,592;25,691;26,584;27,214;27,495;98,27;90,65;90,47;84,10;75,95;76,25
25,103;25,395;25,567;26,676;26,806;27,242;97,95;90,95;92,05;80,77;78,32;76,55
25,039;25,398;25,593;26,47;26,703;26,963;99,52;92,72;91,72;81,37;78,62;78,05
25,034;25,371;25,442;26,639;26,622;26,882;99,82;91,25;92,05;79,57;78,92;77,75
24,993;25,232;25,598;26,329;26,333;26,538;98,27;92,42;89,85;81,97;80,10;81,05
24,907;25,182;25,673;26,147;26,513;26,541;99,82;93,92;87,65;82,57;78,02;79,25
24,881;25,25;25,751;26,501;26,279;26,502;99,82;90,95;87,35;78,97;79,80;78,95
24,892;25,266;25,682;26,117;26,057;26,241;99,20;90,95;88,27;81,67;81,60;80,75
24,755;25,13;25,276;26,005;25,817;26,118;100,00;92,42;92,35;82,57;82,77;81,35
24,659;25,015;25,142;25,567;25,554;25,885;99,82;93,62;91,42;85,90;84,27;84,10
24,635;24,872;24,996;25,603;25,616;25,942;100,00;93,02;93,30;85,00;84,27;82,27
24,576;24,791;25,211;25,351;25,38;25,516;100,00;94,80;88,90;86,82;84,87;85,62
24,579;24,864;25,365;25,403;25,313;25,474;100,00;92,12;88,27;85,60;84,87;85,62
24,575;24,831;25,284;25,322;25,273;25,346;99,82;93,32;88,90;86,22;85,47;85,92
24,538;24,807;24,952;25,247;25,22;25,63;99,82;93,02;91,42;86,82;87,00;82,57
24,454;24,638;24,945;25,057;25,053;25,407;100,00;94,20;89,85;87,72;86,40;84,40
24,416;24,747;24,954;25,162;24,804;25,141;100,00;91,25;90,15;86,22;88,80;86,85
24,376;24,694;24,763;25,126;24,787;25,186;100,00;91,82;92,05;85,90;89,10;85,92
24,357;24,561;24,898;24,738;24,816;24,946;100,00;93,02;89,52;89,25;87,00;87,15
24,302;24,57;24,801;24,829;24,72;24,878;100,00;92,42;90,77;88,05;88,20;88,07
24,26;24,519;24,676;24,502;24,763;24,914;100,00;92,42;90,77;90,77;87,60;85,62
24,209;24,42;24,569;24,667;24,578;25,022;100,00;92,72;91,42;88,35;89,10;85,92
24,16;24,336;24,538;24,434;24,561;24,578;100,00;91,82;91,42;90,47;87,30;89,00
24,114;24,316;24,348;24,349;24,428;24,47;100,00;93,02;93,00;91,10;88,50;90,55
24,065;24,178;24,348;24,322;24,268;24,656;100,00;94,80;92,05;90,77;90,62;87,15
24,022;24,144;24,333;24,295;24,23;24,327;100,00;93,62;92,05;90,47;90,02;90,22
23,972;24,109;24,296;24,266;24,133;24,325;100,00;93,32;92,05;90,47;90,62;89,92
23,948;24,077;24,159;24,168;24,337;24,249;100,00;93,62;93,00;91,10;87,60;90,55
23,899;23,942;24,014;24,162;24,059;24,352;100,00;94,80;93,30;90,77;90,32;88,37
23,854;23,866;23,916;24,091;23,919;24,538;100,00;95,40;94,87;90,77;91,55;86,85
23,797;23,791;23,905;24,008;23,976;24,194;100,00;95,10;93,62;90,77;90,32;89,92
23,77;23,756;23,949;23,997;23,997;24,216;100,00;94,50;92,67;90,47;89,72;89,00
23,762;23,719;23,803;23,952;23,85;24,07;100,00;96,30;93,62;90,47;90,62;90,22
23,714;23,681;23,804;23,899;23,982;24,127;100,00;95,10;93,30;90,77;88,50;88,70
23,646;23,591;23,774;23,887;23,786;23,963;100,00;96,00;93,00;90,17;90,02;90,55
23,663;23,604;23,582;23,889;23,874;23,979;100,00;96,00;96,47;89,57;88,20;89,62
23,513;23,495;23,344;23,767;23,654;23,826;100,00;98,70;99,02;90,17;90,32;90,22
23,447;23,209;23,248;23,373;23,487;23,598;100,00;99,30;99,35;96,65;91,55;92,10
23,466;23,23;23,133;23,531;23,462;23,61;100,00;99,00;100,00;92,62;91,25;91,15
23,307;23,034;22,916;23,392;23,338;23,519;100,00;98,70;100,00;93,85;92,15;91,15
23,283;22,874;22,996;23,301;23,45;23,278;100,00;99,60;99,35;93,85;90,02;93,65
23,382;23,067;23,065;23,683;23,66;23,884;100,00;99,90;98,70;89,87;89,72;88,37
23,361;23,116;23,208;23,498;23,556;23,702;100,00;97,50;96,80;91,10;90,02;89,62
23,383;23,121;23,428;23,416;23,406;23,428;100,00;97,50;93,30;91,10;90,32;90,85
23,374;23,226;23,398;23,502;23,394;23,428;100,00;97,80;93,62;90,47;89,42;90,85
23,328;23,176;23,338;23,549;23,582;23,489;100,00;97,50;94,25;89,25;87,30;89,62
23,28;23,1;23,1;23,504;23,398;23,577;99,82;98,10;98,37;89,57;88,80;89,30
23,245;22,98;23,172;23,365;23,223;23,355;100,00;98,70;94,25;90,47;90,32;90,22
23,251;23,098;23,193;23,274;23,475;23,338;100,00;96,90;93,62;90,77;87,90;90,85
23,257;23,142;23,355;23,454;23,356;23,344;100,00;96,30;91,72;88,95;88,20;89,62
23,304;23,157;23,284;23,437;23,582;23,573;100,00;96,30;93,62;88,35;86,70;87,45
23,292;23,086;23,173;23,498;23,391;23,487;100,00;95,40;94,25;88,05;87,90;88,37
23,181;23,062;23,181;23,338;23,529;23,41;100,00;96,60;94,87;89,57;86,10;88,70
23,218;23,088;23,151;23,483;23,663;23,69;100,00;97,20;93,92;88,05;86,70;87,77
23,254;23,061;23,106;23,379;23,468;23,856;100,00;96,30;94,57;89,87;89,10;87,45
23,215;23,037;23,079;23,259;23,376;23,789;100,00;96,60;93,92;90,77;89,10;87,77
23,151;22,996;23,091;23,394;23,808;24,083;100,00;96,30;94,87;88,95;85,17;85,32
23,166;23,001;23,13;23,424;23,483;23,744;100,00;96,90;94,57;88,95;87,90;87,77
23,197;23,005;23,023;23,332;23,323;23,658;100,00;96,90;95,82;89,57;89,42;87,45
23,133;22,996;23,278;23,365;23,493;23,52;100,00;97,20;92,35;89,57;87,30;88,70
23,134;23,004;23,322;23,454;23,804;23,504;100,00;96,60;93,30;88,35;83,67;88,70
23,098;22,983;23,008;23,66;23,782;24,111;100,00;97,50;95,82;88,65;87,30;85,62
23,074;22,934;22,919;23,313;23,385;24,153;100,00;98,40;96,15;90,17;89,42;86,22
23,106;22,892;22,929;23,313;23,655;23,911;100,00;98,10;96,15;90,17;88,20;87,15
23,01;22,884;22,866;23,544;23,568;23,907;100,00;96,90;96,80;88,95;87,00;86,85
22,965;22,872;22,875;23,298;23,437;23,627;100,00;99,60;97,42;90,47;88,50;87,77
22,968;22,823;22,806;23,866;23,89;24,34;100,00;98,10;98,70;87,42;86,70;85,00
22,88;22,735;22,905;23,331;23,609;23,637;100,00;99,00;97,42;89,57;87,00;88,07
22,911;22,736;22,729;23,377;23,765;24,07;100,00;99,00;99,35;90,17;88,80;85,62
22,911;22,696;22,727;23,292;23,403;23,621;100,00;99,60;98,07;90,77;88,20;88,37
22,901;22,673;22,688;23,403;23,374;23,905;100,00;98,70;98,70;89,57;89,72;87,15
22,83;22,585;22,646;23,086;23,271;23,353;100,00;99,60;99,35;91,70;89,72;90,22
22,86;22,59;22,739;23,067;23,486;23,32;100,00;99,60;98,70;92,02;88,50;90,22
22,824;22,572;22,628;23,19;23,227;23,732;100,00;98,10;99,35;92,62;91,85;88,37
22,678;22,497;22,582;22,992;23,161;23,723;100,00;99,60;98,70;93,55;91,55;89,30
22,776;22,539;22,566;23,088;23,064;23,26;100,00;99,90;99,35;92,62;92,15;91,77
22,73;22,451;22,487;22,856;23,029;23,731;100,00;99,90;99,97;94,77;92,15;89,62
22,76;22,421;22,373;22,926;22,98;23,227;100,00;99,30;100,00;94,47;92,77;92,10
22,742;22,422;22,31;22,631;22,938;23,146;100,00;100,00;100,00;96,65;92,45;92,40
22,61;22,209;22,291;22,67;22,853;23,037;100,00;100,00;100,00;96,95;94,60;93,02
22,61;22,294;22,322;22,609;22,845;22,959;100,00;100,00;100,00;96,95;94,00;93,65
22,648;22,306;22,463;22,615;23,017;22,907;100,00;100,00;100,00;97,57;92,15;94,90
22,584;22,298;22,342;22,947;22,901;23,323;100,00;100,00;100,00;95,10;93,37;92,40
22,648;22,27;22,29;22,818;22,697;23,049;100,00;100,00;100,00;95,72;95,52;93,95
22,516;22,272;22,287;22,735;22,803;22,952;100,00;100,00;100,00;95,40;94,00;94,27
22,593;22,354;22,318;22,893;22,856;22,956;100,00;100,00;100,00;94,47;93,67;93,95
22,582;22,306;22,281;22,808;22,845;22,89;100,00;100,00;100,00;94,77;93,67;94,57
22,618;22,27;22,398;22,64;22,691;22,82;100,00;100,00;100,00;96,65;94,90;95,20
22,564;22,281;22,239;22,817;23,367;23,124;100,00;100,00;100,00;94,77;90,02;93,32
22,489;22,263;22,173;22,457;23,145;23,719;100,00;100,00;100,00;98,82;93,37;89,92
22,488;22,208;22,124;22,672;22,803;23,103;100,00;100,00;100,00;96,32;94,30;93,65
22,491;22,203;22,264;22,494;22,925;22,931;100,00;100,00;100,00;97,57;92,77;93,95
22,5;22,179;22,061;22,634;22,723;23,008;100,00;100,00;100,00;96,95;94,90;93,95
22,466;22,1;22,073;22,448;22,581;22,757;100,00;100,00;100,00;96,95;95,52;95,52
22,512;22,146;22,072;22,648;22,85;22,884;100,00;100,00;100,00;96,02;94,00;94,57
22,503;22,087;22,033;22,506;22,591;22,83;100,00;100,00;100,00;97,27;96,15;94,90
22,488;22,117;22,06;22,281;23,049;22,986;100,00;100,00;100,00;99,75;92,15;95,20
22,457;22,142;22,051;22,569;23,026;23,678;100,00;100,00;100,00;97,27;93,37;89,92
22,419;22,117;22,102;22,636;22,958;23,127;100,00;100,00;100,00;96,32;93,07;93,65
22,431;22,085;22,029;22,756;22,916;23,493;100,00;100,00;100,00;95,40;94,30;90,55
22,427;22,078;22,003;22,57;23,37;23,657;100,00;100,00;100,00;96,65;92,15;89,62
22,427;22,067;22;22,645;23,184;23,868;100,00;100,00;100,00;96,32;94,00;88,70
22,389;22,03;21,988;22,476;22,66;23,532;100,00;100,00;100,00;97,57;95,52;90,85
22,369;22,018;22,102;22,397;22,464;22,884;100,00;100,00;100,00;97,87;96,15;94,90
22,298;22,021;21,975;22,445;22,464;22,77;100,00;100,00;100,00;97,27;96,15;94,90
22,16;21,776;21,832;22,179;22,006;22,284;100,00;100,00;100,00;99,45;99,85;99,27
22,248;21,773;21,768;21,782;21,645;21,709;100,00;100,00;100,00;100,00;100,00;100,00
22,17;21,771;21,966;21,673;21,795;21,667;100,00;100,00;100,00;100,00;100,00;100,00
22,109;21,856;21,944;21,889;21,849;21,846;100,00;100,00;100,00;100,00;99,55;100,00
22,067;21,797;21,88;21,819;21,774;21,712;100,00;100,00;100,00;100,00;100,00;100,00
22,112;21,829;21,786;21,777;21,67;21,713;100,00;100,00;100,00;100,00;100,00;100,00
22,109;21,794;21,752;21,695;21,756;21,651;100,00;100,00;100,00;100,00;99,85;100,00
21,957;21,661;21,587;21,706;21,45;21,538;100,00;100,00;100,00;100,00;100,00;100,00
21,986;21,581;21,556;21,47;21,392;21,351;100,00;100,00;100,00;100,00;100,00;100,00
22,024;21,648;21,785;21,471;21,847;21,551;100,00;100,00;100,00;100,00;99,22;100,00
21,948;21,651;21,496;21,698;21,678;21,669;100,00;100,00;100,00;100,00;100,00;100,00
21,981;21,566;21,47;21,535;21,565;21,535;100,00;100,00;100,00;100,00;100,00;100,00
22,027;21,6;21,568;21,631;21,71;21,612;100,00;100,00;100,00;100,00;99,55;100,00
22,005;21,535;21,493;21,582;21,51;21,721;100,00;100,00;100,00;100,00;100,00;100,00
21,896;21,526;21,327;21,535;21,524;21,492;100,00;100,00;100,00;100,00;100,00;100,00
21,81;21,438;21,366;21,315;21,311;21,455;100,00;100,00;100,00;100,00;100,00;100,00
21,91;21,474;21,369;21,323;21,585;21,553;100,00;100,00;100,00;100,00;100,00;100,00
21,898;21,428;21,274;21,475;21,548;21,737;100,00;100,00;100,00;100,00;100,00;100,00
21,814;21,284;21,259;21,228;21,305;21,492;100,00;100,00;100,00;100,00;100,00;100,00
21,808;21,254;21,238;21,296;21,24;21,342;100,00;100,00;100,00;100,00;100,00;100,00
21,774;21,29;21,262;21,177;21,133;21,161;100,00;100,00;100,00;100,00;100,00;100,00
21,884;21,441;21,385;21,165;21,268;21,229;100,00;100,00;100,00;100,00;100,00;100,00
21,91;21,45;21,373;21,391;21,434;21,404;100,00;100,00;100,00;100,00;100,00;100,00
21,902;21,478;21,349;21,575;21,554;21,526;100,00;100,00;100,00;100,00;100,00;100,00
21,977;21,539;21,453;21,591;21,514;21,623;100,00;100,00;100,00;100,00;100,00;100,00
22,038;21,593;21,675;21,557;21,612;21,63;100,00;100,00;100,00;100,00;100,00;100,00
22,093;21,661;21,594;21,628;21,606;21,614;100,00;100,00;100,00;100,00;100,00;100,00
22,069;21,633;21,587;21,676;21,654;21,664;100,00;100,00;100,00;100,00;100,00;100,00
22,067;21,649;21,587;21,785;21,721;21,788;100,00;100,00;100,00;100,00;99,85;100,00
22,069;21,682;21,566;21,752;21,591;21,692;100,00;100,00;100,00;100,00;100,00;100,00
22,029;21,602;21,446;21,62;21,514;21,643;100,00;100,00;100,00;100,00;100,00;100,00
21,834;21,364;21,321;21,517;21,373;21,562;100,00;100,00;100,00;100,00;100,00;100,00
21,782;21,257;21,275;21,306;21,305;21,404;100,00;100,00;100,00;100,00;100,00;100,00
21,692;21,247;21,164;21,312;21,318;21,321;100,00;100,00;100,00;100,00;100,00;100,00
21,676;21,155;21,109;21,167;21,108;21,191;100,00;100,00;100,00;100,00;100,00;100,00
21,658;21,116;21,075;21,062;21,183;21,128;100,00;100,00;100,00;100,00;100,00;100,00
21,709;21,115;20,996;21,127;20,928;20,992;100,00;100,00;100,00;100,00;100,00;100,00
21,605;21,02;20,934;20,893;20,771;20,736;100,00;100,00;100,00;100,00;100,00;100,00
21,6;21,013;20,976;20,851;20,814;20,722;100,00;100,00;100,00;100,00;100,00;100,00
21,536;21,017;21,079;20,888;20,856;20,853;100,00;100,00;100,00;100,00;100,00;100,00
21,524;21,125;21,094;20,948;20,859;20,813;100,00;100,00;100,00;100,00;100,00;100,00
21,657;21,148;21,136;20,973;20,97;20,882;100,00;100,00;100,00;100,00;100,00;100,00
21,563;21,1;20,959;21,035;20,859;20,934;100,00;100,00;100,00;100,00;100,00;100,00
21,45;21,004;20,899;20,859;20,777;20,767;100,00;100,00;100,00;100,00;100,00;100,00
21,389;20,928;20,945;20,822;20,799;20,764;100,00;100,00;100,00;100,00;100,00;100,00
21,483;20,891;20,848;20,893;20,709;20,764;100,00;100,00;100,00;100,00;100,00;100,00
21,475;20,893;20,968;20,691;20,731;20,619;100,00;100,00;100,00;100,00;100,00;100,00
21,481;21,005;21,005;20,863;20,823;20,798;100,00;100,00;100,00;100,00;100,00;100,00
21,562;21,007;20,943;20,928;20,887;20,93;100,00;100,00;100,00;100,00;100,00;100,00
21,524;20,977;20,962;20,813;20,968;20,936;100,00;100,00;100,00;100,00;100,00;100,00
21,53;21,119;20,985;20,847;20,948;20,983;100,00;100,00;100,00;100,00;100,00;100,00
21,514;21,017;20,967;20,989;20,971;21,155;100,00;100,00;100,00;100,00;100,00;100,00
21,474;20,973;21,005;20,99;20,948;21,125;100,00;100,00;100,00;100,00;100,00;100,00
21,461;20,992;20,962;20,946;20,887;20,928;100,00;100,00;100,00;100,00;100,00;100,00
21,519;21,007;21,115;20,913;21,03;20,906;100,00;100,00;100,00;100,00;100,00;100,00
21,618;21,232;21,329;21,116;21,18;21,214;100,00;100,00;100,00;100,00;100,00;100,00
21,643;21,287;21,41;21,259;21,24;21,275;100,00;100,00;100,00;100,00;100,00;100,00
21,743;21,504;21,527;21,446;21,284;21,334;100,00;100,00;100,00;100,00;100,00;100,00
21,813;21,539;21,562;21,544;21,416;21,599;100,00;100,00;100,00;100,00;100,00;100,00
21,759;21,611;21,743;21,587;21,614;21,554;100,00;100,00;100,00;100,00;100,00;100,00
21,838;21,761;21,881;21,788;21,724;21,822;100,00;100,00;100,00;100,00;100,00;100,00
21,847;21,819;21,901;21,913;21,765;21,924;100,00;100,00;100,00;100,00;100,00;100,00
22,03;21,828;22,05;21,984;21,951;21,974;100,00;100,00;100,00;100,00;100,00;100,00
22,112;21,969;22,257;22,197;22,163;22,479;100,00;100,00;100,00;99,75;98,60;98,97
22,29;22,333;22,489;22,389;22,533;22,546;100,00;100,00;99,67;98,50;97,37;98,65
22,442;22,473;22,805;22,679;22,932;22,812;100,00;99,00;98,70;97,57;95,82;98,02
22,666;22,851;22,95;23,097;23,194;23,543;100,00;97,20;98,37;96,32;95,22;94,90
22,809;22,98;23,116;23,205;23,067;23,631;100,00;98,40;98,07;96,32;95,82;93,95
22,91;23,115;23,328;23,412;23,54;24,026;100,00;99,60;98,07;95,40;94,90;92,40
23,034;23,358;23,453;23,771;23,78;24,796;100,00;96,90;97,42;94,77;94,60;89,92
23,232;23,304;23,628;23,853;24,46;24,431;100,00;97,80;96,47;95,10;92,15;93,32
23,43;23,759;24,132;24,168;24,872;25,867;100,00;94,80;94,57;93,25;88,80;84,70
23,447;24,209;24,33;24,525;27,647;28,367;100,00;95,10;94,25;91,70;80,40;74,75
23,454;24,194;24,32;25,792;28,805;29,407;99,82;95,40;93,00;87,42;76,85;72,95
23,434;24,363;24,672;28,062;29,522;29,677;98,90;90,65;86,40;78,10;66,62;61,25
23,445;24,622;25,221;29,183;29,525;30,133;97,32;87,70;83,00;68,95;67,22;64,45
23,525;24,735;25,648;29,637;27,385;30,077;98,57;85,95;80,85;65,45;72,15;58,67
23,568;25,018;25,699;30,397;26,965;29,878;96,07;85,07;80,55;62,85;74,50;60,67
23,743;25,27;25,665;29,233;27,126;29,488;95,77;82,17;81,77;66,32;73,32;63,27
23,823;25,517;26,387;28,661;27,607;28,211;94,85;80,42;74,75;69,82;72,45;64,45
23,997;26,587;26,753;29,045;27,38;27,95;92,67;74,97;74,45;66,60;70,70;66,17
24,237;26,841;27,067;29,187;27,416;28,709;92,37;74,97;72,02;67,20;69,52;61,82
24,311;28,039;28,05;29,409;27,473;29,865;91,45;68,77;68,45;64,87;68,65;59,80
24,502;27,666;28,411;30,428;28,023;30,712;90,52;72,42;67,25;61,40;66,92;55,25
24,713;27,549;28,753;30,548;27,901;30,37;88,07;71,30;65,17;60,27;67,80;57,22
24,869;27,521;29,537;31,721;28,215;30,796;89,60;71,02;65,47;56,85;67,22;56,10
25,088;28,425;29,911;30,574;28,821;31,817;88,70;67,10;63,70;60,85;65,20;52,13
25,651;29,704;30,175;31,912;29,181;32,771;87,47;62,65;63,40;56,85;63,20;51,28
25,648;31,311;30,465;31,889;29,13;32,694;87,17;57,72;63,70;57,42;62,62;50,45
25,763;31,588;30,152;32,113;29,587;33,435;88,07;59,62;65,17;58,55;63,77;49,33
25,791;31,588;29,868;31,633;29,836;31,563;87,77;59,90;66,65;63,15;64,35;60,37
25,893;31,612;29,897;32,241;30,314;31,964;88,37;61,27;66,95;59,97;65,77;55,80
26,127;31,661;30,322;32,3;29,975;31,098;87,77;60,45;67,25;61,40;67,80;58,95
26,761;31,658;30,159;32,985;29,86;31,83;86,55;61,00;66,65;58,82;62,62;57,22
27,338;31,435;29,953;32,13;30,447;31,132;84,12;64,02;69,02;58,82;60,62;58,37
27,518;32,009;30,474;32,532;31,124;31,573;84,42;61,55;65,47;58,27;59,22;57,22
27,089;30,675;30,415;31,579;30,24;30,841;87,77;71,57;66,35;65,45;65,20;61,25
27,352;31,811;30,793;32,32;31,196;31,376;86,85;65,97;63,10;58,82;60,62;59,80
30,798;31,363;30,357;31,051;31,183;31,243;76,02;68,20;65,17;62,55;60,92;60,67
31,912;31,07;30,394;31,109;31,391;31,44;74,25;69,05;65,47;61,12;56,95;60,10
31,808;30,896;30,612;31,133;31,388;31,459;74,52;63,47;62,22;58,82;56,67;56,10
32,287;30,558;30,651;31,072;31,557;32,107;73,05;72,15;64,87;60,55;57,80;56,10
32,763;30,923;31,109;31,453;31,261;31,894;72,17;70,45;59,60;58,82;58,07;57,22
33,71;31,273;31,149;31,258;31,7;32,244;68,65;68,50;60,17;59,40;58,07;57,52
34,701;31,601;31,006;31,544;31,754;31,891;64,27;66,80;66,05;57,70;56,95;57,22
35,666;31,266;31,133;31,997;32,095;32,051;63,40;68,20;61,35;59,12;58,92;58,37
36,728;32,117;31,346;32,463;32,56;31,687;60,52;60,45;61,65;58,55;58,37;60,10
36,235;32,648;31,549;32,149;32,881;32,437;62,82;60,45;61,05;59,40;56,95;57,52
37,075;32,993;31,662;32,302;32,343;31,901;60,25;56,62;60,75;58,27;58,07;59,52
35,809;33,071;31,002;32,084;32,712;32,017;61,67;57,45;65,17;59,40;55,82;59,52
32,582;30,749;30,585;31,811;31,464;31,336;69,52;64,87;65,47;60,27;59,22;60,67
32,143;30,263;30,727;31,044;31,793;31,222;73,35;72,42;67,25;61,97;59,50;60,97
32,707;31,95;30,785;31,711;32,231;32,153;71,57;71,57;74,75;59,40;58,65;58,67
33,798;31,048;31,653;32,331;32,079;32,404;69,22;73,57;60,75;61,12;60,92;58,95
35,413;31,208;31,816;32,75;32,387;32,722;63,70;67,37;60,47;57,70;55,55;58,37
34,426;31,209;32,002;32,811;33,106;32,985;63,70;64,87;59,00;56,27;56,67;55,52
34,166;31,649;32,059;32,833;33,219;33,237;64,27;61,82;59,60;56,27;54,15;55,25
33,367;31,346;32,12;32,768;32,983;33,216;70,10;59,35;58,12;56,85;55,00;54,67
33,879;31,472;32,207;32,616;33,73;32,73;67,77;61,27;55,82;57,12;51,93;53,25
32,277;31,297;32,397;32,935;33,736;33,469;72,75;59,62;56,40;53,45;51,93;53,25
31,909;31,636;32,41;32,763;33,447;33,113;73,65;59,35;54,37;54,02;51,65;52,70
30,915;31,783;32,618;32,92;33,451;32,962;77,20;59,62;55,82;54,85;52,20;52,70
30,611;32,022;32,891;33,098;33,986;33,609;76,92;61,27;55,52;54,30;50,83;52,97
30,412;32,097;33,026;33,738;33,832;34,059;78,40;60,17;56,97;52,90;51,93;52,97
30,606;31,542;33,011;33,432;34,089;34,111;80,20;60,17;54,95;53,45;50,83;51,00
30,469;32,322;33,196;33,658;33,829;33,567;78,70;56,90;54,67;52,05;51,93;52,13
30,396;31,883;33,274;33,628;34,381;33,958;78,70;58,52;55,25;52,90;50,25;52,97
30,245;32,177;33,289;33,638;33,951;33,963;79,00;61,55;52,65;53,72;49,70;53,25
30,168;32,676;33,191;33,621;34,477;34,315;80,50;56,35;56,67;52,60;51,38;51,28
30,071;32,035;33,897;33,872;34,16;34,445;80,50;62,10;52,38;52,90;49,70;52,70
29,94;32,387;33,881;33,834;34,055;33,963;79,60;62,92;51,50;51,20;50,25;51,58
30,186;32,884;33,099;34,301;34,438;34,628;79,30;54,72;55,25;50,93;49,15;50,18
29,531;32,21;33,412;34,075;34,447;33,616;79,90;55,27;52,38;51,20;48,88;50,18
29,669;32,823;33,651;34,116;33,798;34,34;82,62;56,62;51,23;49,53;49,15;48,20
29,569;32,366;32,887;34,025;34,209;34,165;84,42;60,45;54,95;50,08;49,15;49,33
29,771;32,75;33,445;34,045;34,2;34,949;78,40;53,10;50,08;49,25;46,95;48,78
29,368;31,989;33,628;34,32;34,609;34,817;82,00;59,62;48,38;47,03;45,58;47,38
29,77;32,995;34,049;34,511;34,977;34,555;77,50;48,83;47,25;45,93;43,95;45,70
29,755;33,154;33,777;34,428;34,614;35,247;80,80;49,10;49,53;45,10;45,05;45,15
29,499;32,282;33,599;34,232;34,805;34,825;81,40;55,80;48,95;48,13;45,05;46,55
29,393;32,213;33,567;34,018;34,203;34,34;80,50;55,80;48,68;48,13;46,13;46,55
29,653;33,026;33,963;34,161;34,74;34,126;72,75;52,30;45,28;46,75;42,60;44,60
29,609;32,953;33,671;34,42;34,897;34,829;79,00;55,80;46,13;44,28;46,40;44,05
29,206;31,279;33,936;34,438;34,001;34,829;85,02;65,97;44,15;42,90;43,13;42,68
28,917;31,715;33,659;34,379;34,82;34,423;83,22;59,90;46,98;42,90;41,25;44,33
28,987;32,758;33,946;34,575;35,04;34,364;78,40;50,70;52,65;44,83;43,13;44,60
28,827;32,282;32,471;34,868;34,888;35,235;84,42;56,90;56,67;46,20;43,13;43,78
28,917;31,545;33,892;34,388;35,023;34,835;82,30;59,35;43,05;45,93;41,78;43,78
29,075;31,924;33,477;34,949;35,242;34,806;82,30;57,17;49,80;39,08;41,78;40,48
28,938;32,331;33,452;35,106;35,062;35,023;85,02;59,07;56,10;44,28;42,88;42,68
28,709;32,33;32,7;35,052;34,623;35,54;85,65;60,72;54,37;49,53;45,33;44,05
28,51;30,781;32,424;34,022;34,565;34,244;82,92;61,55;56,40;45,10;42,88;46,25
28,505;30,996;33,123;34,301;35,059;34,257;86,25;62,65;50,65;45,65;42,05;45,15
28,48;31,282;32,079;34,35;34,227;34,47;85,02;61,27;59,00;43,45;44,23;43,50
28,314;31,065;32,048;33,41;34,052;34,018;86,85;63,75;60,17;50,93;46,95;45,70
28,295;30,744;31,08;34,23;33,844;34,013;90,22;69,90;65,47;46,48;47,50;47,38
28,096;30,151;30,789;32,953;32,534;33,322;90,82;69,60;73,22;56,00;57,22;48,78
27,936;29,709;30,402;31,721;32,233;32,697;91,15;71,02;71,72;62,85;57,80;55,80
27,839;29,506;30,007;31,676;31,827;32,667;92,67;76,70;73,22;63,15;62,32;55,80
27,767;29,232;29,63;30,847;31,602;32,118;92,07;79,00;74,15;71,87;62,90;62,12
27,666;29,119;29,863;30,516;31,654;31,378;92,67;73,57;73,55;69,22;63,20;62,97
27,596;29,118;29,485;30,812;31,326;31,858;94,22;78,12;74,75;66,90;64,62;61,25
27,593;28,977;29,604;30,495;31,187;31,363;92,07;77,27;75,95;69,52;66,05;66,17
27,406;29,04;29,407;30,603;30,659;31,537;93,92;78,12;77,47;71,27;69,52;67,07
27,281;28,733;29,099;30,066;30,444;31,383;93,92;77,85;77,17;71,27;72,45;67,95
27,185;28,441;28,73;29,539;29,989;30,76;93,00;79,85;79,62;73,65;74,20;70,00
27,092;28,189;28,424;29,115;29,682;29,985;94,85;83,02;83,30;78,10;73,02;72,67
26,971;27,884;28,135;29,096;29,384;29,954;95,15;85,37;85,17;78,97;74,77;73,55
26,928;27,842;28,043;28,805;29,243;29,83;95,15;84,50;86,40;78,10;76,25;73,25
26,769;27,636;27,605;28,424;28,862;29,458;96,40;87,70;88,27;82,57;78,62;76,55
26,67;27,265;27,459;28,104;28,38;29,1;97,02;87,12;88,27;83,80;82,50;78,35
26,57;27,262;27,465;27,929;28,265;28,736;97,02;88,60;90,47;83,20;79,80;77,15
26,468;27,045;27,817;28,206;28,314;28,681;97,32;90,35;83,92;79,57;78,92;76,25
26,502;27,312;28,043;28,132;28,135;28,497;97,65;86,52;83,62;80,47;80,10;78,65
26,53;27,165;27,884;28,054;28,251;28,409;96,40;89,17;84,25;81,67;77,72;78,65
26,439;27,179;27,691;28,114;28,156;28,588;97,65;87,12;84,55;79,57;77,42;76,25
26,33;27,141;27,532;27,822;28,217;28,551;98,27;87,42;84,55;81,07;75,37;75,95
26,243;27,134;27,672;27,895;28,195;28,446;96,70;84,20;83,92;79,87;76,85;76,55
26,158;27,34;27,461;28,01;28,236;28,384;96,07;83,62;85,17;78,10;75,95;76,55
26,111;27,033;27,408;27,713;27,946;28,359;97,95;85,37;83,62;80,17;78,32;76,25
26,065;27,076;27,351;27,711;27,996;28,308;97,02;83,90;84,25;79,87;77,72;76,85
26,012;26,957;27,172;27,396;27,388;27,945;98,27;85,65;86,72;82,87;81,30;78,65
25,963;26,767;27,056;27,183;27,32;27,638;98,27;87,42;87,02;85,00;81,30;80,45
25,881;26,593;26,923;27,171;27,149;27,534;97,95;87,70;86,10;82,27;82,77;80,45
25,87;26,453;26,713;27,083;26,984;27,259;98,27;88,60;88,27;83,20;82,77;82,27
25,804;26,309;26,384;27,002;26,936;27,107;98,27;88,60;91,10;83,50;83,37;83,17
25,729;26,134;26,287;26,812;26,923;27,067;97,95;92,42;91,10;84,70;82,20;82,57
25,636;26,023;26,263;26,655;26,786;27,107;98,90;90,95;89,52;84,40;83,07;81,35
25,577;25,962;26,319;26,655;26,624;27,066;98,90;91,25;88,27;83,80;83,67;81,97
25,529;25,974;26,138;26,626;26,655;27,11;99,82;90,65;90,47;84,10;85,17;81,35
25,467;25,838;26,026;26,49;26,615;26,957;99,52;91,25;91,10;86,22;83,67;82,27
25,381;25,706;25,847;26,498;26,678;26,811;99,20;92,72;92,35;85,00;81,30;82,27
25,345;25,616;25,671;26,263;26,747;27,14;98,90;91,82;93,92;86,52;79,50;80,45
25,291;25,464;25,519;26,04;26,342;27,22;99,52;94,20;95,82;86,82;83,97;78,65
25,237;25,419;25,426;25,976;26,338;26,556;100,00;94,80;94,87;87,42;82,77;82,57
25,209;25,31;25,343;25,913;26,127;26,926;99,52;95,10;94,87;86,22;84,27;79,25
25,177;25,261;25,234;25,742;25,931;26,378;99,82;95,40;97,75;88,65;86,70;84,70
25,121;25,142;25,215;25,563;25,908;26,2;100,00;95,40;96,47;89,87;84,57;84,40
25,091;25,042;25,126;25,618;25,858;26,083;100,00;95,70;95,20;89,87;83,67;85,62
25,062;25,033;25,095;25,697;25,896;26,501;100,00;96,90;97,75;87,72;84,27;80,75
25,025;25,033;25,098;25,601;25,838;26,121;100,00;97,20;97,42;88,65;84,87;83,47
24,963;24,987;25,08;25,394;25,589;26,282;100,00;95,70;96,80;91,10;87,30;82,27
24,958;25,007;25,574;25,647;27,157;26,339;100,00;95,40;93,30;86,52;75,07;81,35
24,93;25,059;25,255;26,132;26,763;27,27;100,00;95,40;94,87;85,60;78,92;77,45
24,887;24,928;25,139;25,702;26,025;26,527;100,00;96,00;95,52;85,90;82,77;80,75
24,887;24,885;25,132;25,465;25,557;25,988;100,00;94,80;92,67;90,47;86,40;85,00
24,834;24,81;25,24;25,305;25,445;25,665;100,00;95,40;91,72;89,57;87,60;87,77
24,797;24,87;25,243;25,532;25,506;25,713;100,00;94,50;93,00;87,42;87,30;86,22
24,825;24,911;25,05;25,505;25,465;25,691;100,00;95,10;95,52;88,35;87,30;86,55
24,796;24,845;24,954;25,317;25,496;25,813;100,00;96,30;97,42;89,25;87,30;85,92
24,74;24,705;24,741;25,461;25,531;25,817;100,00;96,30;98,70;89,25;86,70;85,62
24,682;24,552;24,644;25,197;25,355;25,668;100,00;97,20;99,02;91,40;87,90;85,62
24,646;24,549;24,507;25,249;25,24;25,599;100,00;98,10;98,07;89,25;88,80;85,92
24,572;24,448;24,59;24,772;25,004;25,284;100,00;97,50;98,70;94,17;90,62;90,22
24,602;24,52;24,664;24,826;25,159;25,29;100,00;98,40;98,70;94,77;87,90;88,37
24,596;24,567;24,62;25,197;25,381;25,901;100,00;98,10;98,37;88,65;87,30;83,80
24,572;24,493;24,608;25,244;25,56;26,299;100,00;98,10;98,37;90,47;86,10;81,97
24,55;24,514;24,585;25,246;25,384;25,803;100,00;98,40;97,75;88,65;87,00;85,00
24,526;24,432;24,532;25,215;25,244;25,503;100,00;98,70;97,42;90,17;87,60;86,85
24,493;24,36;24,467;25,135;25,109;25,703;100,00;97,80;98,07;88,65;90,02;84,10
24,425;24,331;24,449;24,87;24,866;25,456;100,00;98,40;98,07;91,10;91,55;86,22
24,438;24,342;24,46;24,696;24,933;25,191;100,00;98,70;98,70;93,55;89,72;89,30
24,44;24,352;24,358;24,895;25,007;25,215;100,00;98,40;99,97;91,40;89,72;89,00
24,369;24,296;24,314;24,74;25,066;25,272;100,00;97,80;100,00;93,55;87,90;89,30
24,381;24,308;24,328;24,775;24,966;25,275;100,00;99,00;99,35;93,25;91,55;87,77
24,379;24,293;24,339;24,948;25,333;25,313;100,00;99,00;99,67;90,47;86,40;87,77
24,357;24,26;24,293;24,966;25,288;25,49;100,00;98,40;99,97;89,87;87,60;86,85
24,357;24,218;24,246;24,943;25,024;25,766;100,00;99,30;100,00;91,40;88,80;85,92
24,367;24,222;24,252;24,933;25,069;25,43;100,00;98,70;99,02;89,57;90,92;86,85
24,337;24,28;24,395;24,876;25,012;25,25;100,00;96,60;97,75;89,87;88,50;87,45
24,345;24,313;24,435;24,881;25,118;25,139;100,00;98,70;98,07;90,17;87,30;89,00
24,366;24,262;24,354;24,814;25,151;25,989;100,00;97,50;99,35;92,02;88,20;83,17
24,342;24,259;24,29;24,963;25,228;25,827;100,00;98,70;99,97;91,10;89,10;85,00
24,28;24,234;24,246;25,047;25,127;25,667;100,00;98,40;99,02;89,87;89,10;86,22
24,305;24,166;24,234;24,87;24,969;25,337;100,00;98,40;100,00;91,10;89,72;87,77
24,284;24,129;24,171;24,804;24,864;25,298;100,00;98,70;100,00;91,40;90,62;88,07
24,246;24,124;24,2;24,613;24,881;25,156;100,00;99,00;99,97;92,92;91,25;89,00
24,233;24,108;24,195;24,581;24,936;25,015;100,00;99,60;100,00;93,25;89,42;89,62
24,219;24,138;24,126;24,596;25,54;25,519;100,00;99,30;100,00;93,55;83,97;87,15
24,21;24,037;24,076;24,569;24,823;25,564;100,00;99,30;99,97;94,77;90,62;87,45
24,175;24,061;24,224;24,535;24,773;25,266;100,00;99,90;99,35;93,25;90,92;87,77
24,145;24,047;24,147;24,507;24,731;24,899;100,00;99,60;100,00;94,77;90,92;90,85
24,129;24,012;24,046;24,451;24,922;25,255;100,00;99,60;100,00;94,77;89,42;87,77
24,123;23,957;23,975;24,667;24,744;25,238;100,00;99,30;100,00;92,32;90,92;87,77
24,127;23,954;23,982;24,358;24,646;24,896;100,00;100,00;100,00;94,77;91,25;90,85
24,115;23,949;24,071;24,401;24,653;24,787;100,00;100,00;100,00;94,77;91,25;90,85
24,089;23,988;24,106;24,569;24,711;24,881;100,00;100,00;100,00;93,55;90,62;90,85
24,07;23,957;24,219;24,448;24,655;24,728;100,00;100,00;99,97;93,85;90,92;91,47
24,061;23,954;24,178;24,414;25,461;24,882;100,00;100,00;100,00;95,72;83,67;90,55
24,061;23,985;23,982;25,395;25,786;25,757;100,00;100,00;100,00;86,52;82,50;84,10
24,041;23,851;23,922;24,694;24,857;25,346;100,00;99,90;100,00;94,47;91,85;88,37
24,109;24,108;24,216;24,313;24,703;24,925;100,00;96,90;99,67;94,47;91,85;89,62
24,126;24,058;24,271;24,452;24,719;24,92;100,00;99,30;98,37;93,55;90,92;89,62
24,156;24,079;24,361;24,738;25,25;25,005;100,00;99,60;98,07;91,40;85,47;89,62
24,168;24,13;24,198;25,419;25,462;25,516;100,00;99,60;99,97;85,90;85,17;85,62
24,067;24,074;24,077;24,706;25,153;25,476;100,00;100,00;100,00;92,62;87,00;85,92
24,08;24,015;24,086;24,703;24,753;25,104;100,00;99,60;99,35;91,40;90,92;88,37
24,058;24,022;24,129;24,587;24,611;25,018;100,00;99,30;98,70;92,32;91,55;88,70
24,065;24,028;24,209;24,697;25,404;25,142;100,00;99,90;99,35;91,40;84,27;87,77
24,079;23,933;24,151;25,024;25,103;25,479;100,00;99,60;99,67;88,95;88,80;85,32
24,003;23,883;23,99;24,389;25,109;25,54;100,00;100,00;100,00;95,40;88,50;84,70
24,003;23,946;24,764;24,893;25,668;25,615;100,00;99,60;95,20;89,25;83,37;84,10
24,02;23,878;24,215;25,674;25,33;25,647;100,00;99,90;99,35;84,10;88,50;84,40
23,997;23,838;24,095;24,429;25,2;25,2;100,00;100,00;99,67;93,85;85,47;88,37
23,991;23,958;24,293;24,389;25,548;25,358;100,00;98,70;99,67;94,47;83,07;85,92
23,982;23,999;25,541;24,957;25,555;25,606;100,00;96,90;86,72;90,47;83,67;84,10
24,022;24,464;25,569;25,509;25,435;25,464;100,00;95,10;87,02;85,00;84,57;85,00
24,201;25,057;25,456;25,552;25,468;25,453;99,20;88,00;88,60;84,40;83,97;85,00
24,142;24,47;25,418;25,418;25,342;25,407;100,00;96,90;87,65;85,30;84,87;85,32
24,129;24,732;25,447;25,435;25,313;25,34;100,00;91,55;87,65;85,30;85,47;85,92
24,154;24,561;25,433;25,423;25,555;25,409;100,00;92,12;88,27;85,30;83,37;85,32
24,135;24,484;24,934;25,575;25,577;25,688;100,00;94,50;92,35;83,80;83,67;83,47
24,117;24,535;24,659;25,168;25,203;25,516;100,00;92,72;92,67;87,72;86,10;84,40
24,097;24,333;24,531;24,855;25,182;25,199;100,00;93,92;95,20;89,25;85,80;87,15
24,074;24,142;24,399;24,738;25,005;25,141;100,00;97,50;95,52;90,47;87,00;87,15
24,025;24,1;24,254;24,519;24,647;25,03;100,00;95,40;96,15;92,32;90,02;87,77
23,925;24,015;24,114;24,292;24,304;24,517;100,00;96,90;97,10;93,25;92,77;92,10
23,892;23,96;24,023;24,209;24,301;24,313;100,00;96,60;98,07;93,85;92,45;93,65
23,758;23,845;23,925;24,112;23,899;24,056;100,00;99,00;98,37;95,10;95,82;95,52
23,61;23,717;23,535;23,955;23,592;23,892;100,00;100,00;100,00;95,40;97,67;96,45
23,447;23,131;23,01;23,498;22,92;23,504;100,00;100,00;100,00;100,00;100,00;100,00
23,383;22,962;22,925;23,007;22,91;23,08;100,00;100,00;100,00;100,00;100,00;98,65
23,466;23,086;22,887;22,778;22,739;22,736;100,00;100,00;100,00;100,00;100,00;100,00
23,447;23,088;22,941;22,714;22,741;22,75;100,00;100,00;100,00;100,00;100,00;100,00
23,371;23,127;22,898;22,73;22,69;22,724;100,00;100,00;100,00;100,00;100,00;100,00
23,293;22,962;22,868;22,738;22,721;22,736;100,00;100,00;100,00;100,00;100,00;100,00
23,241;22,901;22,865;22,756;22,717;22,714;100,00;100,00;100,00;100,00;100,00;100,00
23,239;22,902;22,91;22,679;22,764;22,685;100,00;100,00;100,00;100,00;100,00;100,00
23,176;22,911;22,808;22,788;22,733;22,706;100,00;100,00;100,00;100,00;100,00;100,00
23,2;22,901;22,845;22,696;22,694;22,678;100,00;100,00;100,00;100,00;100,00;100,00
23,308;22,993;22,767;22,714;22,61;22,655;100,00;100,00;100,00;100,00;100,00;100,00
23,304;22,941;22,847;22,625;22,633;22,631;100,00;100,00;100,00;100,00;100,00;100,00
23,205;22,961;22,745;22,634;22,655;22,613;100,00;100,00;100,00;100,00;100,00;100,00
23,112;22,679;22,696;22,616;22,61;22,613;100,00;100,00;100,00;100,00;100,00;100,00
23,161;22,717;22,747;22,587;22,613;22,605;100,00;100,00;100,00;100,00;100,00;100,00
23,007;22,681;22,778;22,606;22,61;22,579;100,00;100,00;100,00;100,00;100,00;100,00
23,161;22,778;22,778;22,557;22,554;22,533;100,00;100,00;100,00;100,00;100,00;100,00
23,049;22,898;22,714;22,566;22,531;22,516;100,00;100,00;100,00;100,00;100,00;100,00
23,217;22,854;22,73;22,564;22,54;22,509;100,00;100,00;100,00;100,00;100,00;100,00
23,161;22,865;22,809;22,609;22,63;22,69;100,00;100,00;100,00;100,00;100,00;100,00
23,106;22,788;22,717;22,618;22,59;22,621;100,00;100,00;100,00;100,00;100,00;100,00
23,097;22,77;22,726;22,609;22,566;22,564;100,00;100,00;100,00;100,00;100,00;100,00
23,062;22,904;22,803;22,56;22,827;22,639;100,00;100,00;100,00;100,00;99,55;100,00
22,961;22,585;22,585;22,561;22,637;23,146;100,00;100,00;100,00;100,00;100,00;98,35
22,961;22,516;22,724;22,464;22,64;23,038;100,00;100,00;100,00;100,00;99,55;99,27
22,856;22,154;22,364;22,627;22,3;22,766;100,00;100,00;100,00;99,45;100,00;99,27
22,742;22,328;22,37;22,397;22,421;22,691;100,00;100,00;100,00;100,00;98,92;99,60
22,714;22,276;22,255;22,2;22,173;22,605;100,00;100,00;100,00;100,00;100,00;100,00
22,675;22,221;22,263;22,14;22,091;22,26;100,00;100,00;100,00;100,00;100,00;100,00
22,675;22,193;22,202;22,058;22,097;22,218;100,00;100,00;100,00;100,00;100,00;100,00
22,634;22,231;22,272;22,106;22,041;22,129;100,00;100,00;100,00;100,00;100,00;100,00
22,546;22,181;22,173;22,082;22,047;22,166;100,00;100,00;100,00;100,00;100,00;100,00
22,608;22,12;22,237;22,082;22,075;22,097;100,00;100,00;100,00;100,00;100,00;100,00
22,63;22,1;22,158;22,151;22,072;22,205;100,00;100,00;100,00;100,00;100,00;100,00
22,495;22,237;22,252;22,084;22,069;22,085;100,00;100,00;100,00;100,00;100,00;100,00
22,578;22,222;22,288;22,218;22,218;22,164;100,00;100,00;100,00;100,00;100,00;100,00
22,753;22,278;22,284;22,194;22,076;22,225;100,00;100,00;100,00;100,00;100,00;100,00
22,613;22,389;22,297;22,157;22,106;22,172;100,00;100,00;100,00;100,00;100,00;100,00
22,678;22,267;22,278;22,139;22,078;22,219;100,00;100,00;100,00;100,00;100,00;100,00
22,572;22,364;22,261;22,053;22,002;22,067;100,00;100,00;100,00;100,00;100,00;100,00
22,705;22,278;22,197;22,079;22,021;22,099;100,00;100,00;100,00;100,00;100,00;100,00
22,639;22,234;22,216;22,035;21,968;22,042;100,00;100,00;100,00;100,00;100,00;100,00
22,413;22,233;22,193;21,983;21,959;22,038;100,00;100,00;100,00;100,00;100,00;100,00
22,501;22,145;22,152;22,032;21,947;22,021;100,00;100,00;100,00;100,00;100,00;100,00
22,621;22,196;22,157;21,993;21,92;21,965;100,00;100,00;100,00;100,00;100,00;100,00
22,473;22,269;22,115;22,005;21,908;21,996;100,00;100,00;100,00;100,00;100,00;100,00
22,578;22,191;22,155;21,945;21,959;21,994;100,00;100,00;100,00;100,00;100,00;100,00
22,642;22,316;22,175;21,986;21,959;21,986;100,00;100,00;100,00;100,00;100,00;100,00
22,596;22,175;22,106;21,996;21,896;22,033;100,00;100,00;100,00;100,00;100,00;100,00
22,455;22,072;22,103;21,953;21,93;22,033;100,00;100,00;100,00;100,00;100,00;100,00
22,41;22,056;22,041;21,984;21,956;21,96;100,00;100,00;100,00;100,00;100,00;100,00
22,491;22,041;22,09;21,954;21,875;21,917;100,00;100,00;100,00;100,00;100,00;100,00
22,566;22,202;22,155;21,93;21,914;21,914;100,00;100,00;100,00;100,00;100,00;100,00
22,596;22,242;22,167;21,994;21,968;22,021;100,00;100,00;100,00;100,00;100,00;100,00
22,546;22,251;22,185;22,018;22,03;22,024;100,00;100,00;100,00;100,00;100,00;100,00
22,507;22,255;22,166;22,011;21,986;22,033;100,00;100,00;100,00;100,00;100,00;100,00
22,646;22,24;22,227;22,002;22,057;22,033;100,00;100,00;100,00;100,00;100,00;100,00
22,612;22,275;22,278;22,094;22,363;22,279;100,00;100,00;100,00;100,00;100,00;100,00
22,663;22,254;22,197;22,218;22,14;22,358;100,00;100,00;100,00;100,00;100,00;100,00
22,612;22,284;22,237;22,044;22,102;22,251;100,00;100,00;100,00;100,00;100,00;100,00
22,642;22,319;22,34;22,114;22,252;22,239;100,00;100,00;100,00;100,00;100,00;100,00
22,655;22,206;22,452;22,333;22,495;22,464;100,00;100,00;100,00;100,00;100,00;100,00
22,609;22,316;22,384;22,324;22,513;22,573;100,00;100,00;100,00;100,00;100,00;100,00
22,509;22,348;22,364;22,307;22,545;22,624;100,00;100,00;100,00;100,00;99,85;99,92
22,524;22,297;22,384;22,239;22,522;22,469;100,00;100,00;100,00;100,00;99,22;100,00
22,463;22,367;22,452;22,463;22,59;22,688;100,00;100,00;100,00;100,00;99,55;99,60
22,47;22,2;22,392;22,409;22,436;22,622;100,00;100,00;100,00;100,00;100,00;100,00
22,533;22,197;22,337;22,334;22,388;22,606;100,00;100,00;100,00;100,00;100,00;100,00
22,543;22,288;22,488;22,307;22,47;22,421;100,00;100,00;100,00;100,00;100,00;100,00
22,634;22,397;22,584;22,479;22,533;22,657;100,00;100,00;100,00;100,00;100,00;100,00
22,691;22,612;22,736;22,609;22,763;22,971;100,00;100,00;100,00;100,00;100,00;100,00
22,729;22,714;22,892;22,85;23,073;23,457;100,00;100,00;100,00;100,00;100,00;98,65
22,784;22,391;23,086;22,983;23,391;23,726;100,00;100,00;100,00;100,00;98,00;97,70
22,911;22,401;23,146;23,1;23,158;23,571;100,00;100,00;100,00;100,00;97,67;97,40
23,097;22,844;23,136;23,197;23,604;23,643;100,00;100,00;100,00;97,87;98,00;94,57
23,035;22,902;23,486;23,292;23,842;24,224;100,00;100,00;100,00;98,20;97,37;96,77
23,251;22,935;23,677;23,302;23,85;24,596;100,00;100,00;99,97;100,00;96,75;93,32
23,215;23,061;23,717;23,6;24,044;24,246;100,00;100,00;95,82;97,57;93,67;91,15
23,152;22,85;23,776;23,633;23,889;24,058;100,00;100,00;96,80;95,40;93,07;91,15
23,167;22,931;23,713;23,771;23,765;23,779;100,00;100,00;95,52;94,17;93,67;92,70
23,041;22,836;23,528;23,797;23,845;23,902;100,00;100,00;98,70;93,55;92,77;92,40
23,188;22,91;23,595;23,889;23,911;24,252;100,00;100,00;96,80;92,62;92,77;89,30
23,097;22,949;23,655;23,887;24,071;24,325;100,00;100,00;98,07;92,92;90,92;90,22
23,176;23,118;23,939;24,148;24,112;24,401;100,00;100,00;97,42;93,85;90,92;90,22
23,224;22,896;23,996;23,853;23,958;24,322;100,00;100,00;93,00;93,85;91,55;90,22
23,355;22,901;24,083;24,044;24,023;24,112;100,00;100,00;92,35;90,77;90,62;90,55
23,226;22,782;24,194;24,076;24,138;24,178;100,00;100,00;92,05;91,70;90,02;90,55
22,907;23,074;24,428;24,311;24,299;24,766;100,00;100,00;90,15;89,57;89,42;88,07
23,516;23,373;24,652;24,696;24,634;24,634;100,00;100,00;89,52;87,72;88,20;87,77
23,642;23,38;24,951;25,133;24,893;25,435;100,00;100,00;86,72;86,22;85,80;82,27
23,642;23,511;24,957;25,069;24,93;25,413;100,00;100,00;86,40;85,30;84,57;82,27
23,541;23,615;26,33;25,331;25,34;25,861;100,00;100,00;82,70;84,10;83,97;80,15
23,57;23,913;27,459;26,184;25,815;27,144;100,00;100,00;78,40;81,67;82,50;73,55
23,8;24,26;27,861;26,979;26,017;29,529;100,00;100,00;76,57;80,47;81,60;65,30
23,786;24,505;27,041;28,292;26,109;28,805;100,00;100,00;78,70;75,70;82,20;69,12
23,809;25,5;28,375;27,638;26,393;28,954;99,52;100,00;75,65;78,10;79,20;67,35
24,04;27,053;28,629;27,521;26,684;28,601;100,00;98,40;72,62;76,30;78,92;68,22
23,984;27,172;28,658;28,856;26,889;29,089;99,52;90,05;71,42;71,57;75,37;67,07
24,242;27,161;28,973;28,969;27,259;29,83;100,00;85,95;72,02;70,10;75,95;64,15
24,376;27,206;29,426;27,836;27,388;29,714;97,65;84,50;68,15;73,92;75,07;64,45
24,602;27,918;30,189;29,086;28,65;30,012;99,82;84,77;65,47;69,52;70,70;62,12
24,937;28,497;28,966;31,09;28,342;30,752;92,07;81,60;68,72;63,15;69,82;59,22
25,774;27,993;28,56;30,466;28,837;32,112;95,47;74,12;71,12;63,72;70,10;57,80
26,971;28,515;28,876;29,676;30,218;31,12;97,65;77,85;69,02;68,35;64,62;62,97
26,552;28,092;27,461;30,309;28,413;30,167;97,02;87,70;79,92;66,90;72,72;67,65
27,098;28,744;28,669;28,395;29,766;29,358;99,20;85,37;74,75;73,65;67,80;70,00
30,756;29,595;29,044;28,955;29,728;29,749;88,37;79,85;69,02;71,00;67,22;67,07
32,351;29,924;29,222;29,545;30,052;30,539;79,60;80,42;68,45;69,22;67,22;64,72
30,351;28,658;28,298;29,544;29,045;29,525;81,10;74,42;71,42;66,90;66,35;67,35
28,507;27,431;27,562;28,783;28,341;28,864;91,45;79,85;79,62;70,40;72,72;70,87
27,708;27,227;27,402;28,204;28,369;28,344;95,15;88,30;83,00;73,05;73,32;71,47
27,661;27,534;28,065;28,128;28,706;28,381;93,00;84,50;75,05;75,12;70,70;72,37
27,875;28,356;27,985;28,375;28,85;29,138;93,30;79,85;79,62;73,65;70,40;70,00
28,711;28,24;28,159;28,75;29,004;29,42;89,00;81,30;77,77;72,75;68,37;71,47
28,455;28,023;28,788;28,783;29,42;28,894;92,37;82,75;76,27;71,27;67,50;69,70
29,372;29,104;28,75;29,129;29,706;29,556;87,77;79,85;73,22;71,00;67,22;68,82
31,371;29,171;29,412;29,612;30,365;29,771;81,40;85,65;69,02;67,77;65,20;66,47
33,491;30,772;29,27;30,005;30,925;30,116;76,62;68,20;70,52;66,02;65,47;66,17
33,089;31,339;29,665;30,343;31,116;30,287;75,42;63,75;68,72;66,90;63,20;66,77
33,777;33,172;29,701;30,41;31,171;30,748;70,10;61,00;71,72;64,30;64,62;65,90
34,116;31,633;30,165;30,648;31,415;30,912;69,82;63,20;66,95;66,02;61,77;63,27
33,544;29,68;30,486;30,939;31,239;31,359;73,35;73,57;66,05;63,42;61,47;62,97
33,985;29,661;30,031;31,052;31,495;30,661;73,35;69,60;68,45;62,27;60,62;62,70
33,311;29,649;30,344;31,122;31,205;30,986;70,10;67,10;65,47;61,12;59,50;60,67
33,414;30,442;30,614;31,035;31,268;31,594;73,95;68,20;64,27;61,97;62,32;61,55
32,061;30,021;30,783;30,952;31,633;31,612;76,32;67,10;61,05;60,27;57,80;58,67
31,054;30,322;30,88;31,052;31,858;31,381;78,70;62,37;60,75;60,55;56,67;58,67
30,532;30,867;30,852;31,544;31,953;32,028;81,40;61,00;61,65;57,70;56,40;56,95
30,463;30,754;31,303;31,566;32,238;31,78;80,20;62,10;60,75;58,27;56,95;58,67
29,801;30,383;31,258;32,063;32,578;32,353;84,72;63,20;62,52;57,42;53,02;56,67
29,674;30,672;32,143;32,458;32,94;33,068;84,12;61,27;55,25;57,42;53,32;55,52
29,891;31,518;32,573;32,289;33,182;32,864;82,92;62,65;54,10;55,42;50,25;52,13
29,789;31,68;32,258;32,47;33,654;33,671;83,22;59,07;54,95;53,72;51,65;52,70
29,633;31,798;32,419;32,977;33,113;33,257;83,22;55,27;54,95;52,33;51,93;53,55
29,393;31,888;31,922;32,588;32,814;32,639;83,22;56,35;56,40;54,85;52,75;54,10
28,791;30,973;31,128;32,354;32,164;32,185;80,50;61,00;60,75;54,85;55,55;55,25
28,478;30,751;30,38;31,583;31,337;31,866;87,17;59,62;66,05;57,42;57,80;56,37
28,117;29,549;29,62;30,68;30,534;31,234;90,22;67,92;74,75;62,27;68,07;63,27
27,826;28,884;28,99;29,991;29,871;30,653;91,75;79,57;79,62;72,17;70,10;68,82
27,375;28,457;28,502;29,132;29,566;30,375;93,60;81,30;83,00;79,27;74,50;71,17
27,189;28,026;28,261;28,809;29,273;29,91;94,22;85,07;83,92;76,60;75,37;73,85
27,169;27,873;28,112;29,029;29,219;29,658;95,77;86,25;85,17;76,90;75,37;74,45
27,09;27,853;28,636;28,861;28,883;29,676;96,07;86,52;83,00;78,70;78,32;74,15
27,205;28,411;28,79;28,559;29,124;29,474;96,40;84,20;83,92;80,17;77,72;74,45
27,279;28,309;29,02;29,01;29,36;30,125;96,70;86,52;83,30;80,47;78,32;75,05
27,437;28,842;30,034;29,222;29,293;30,098;96,07;82,45;74,15;78,70;75,37;72,67
27,696;29,668;29,892;29,315;29,447;29,95;92,37;75,27;74,15;75,12;72,72;71,47
27,734;29,224;30,284;29,607;30,611;30,061;94,52;82,75;78,10;71,87;68,37;68,52
27,906;29,855;31,737;30,701;31,57;32,544;94,52;79,00;67,25;72,75;64,90;62,70
28,087;30,773;32,522;31,539;32,128;32,633;94,52;76,97;60,47;63,72;59,22;59,52
28,29;31,56;32,867;32,169;32,544;33,928;93,60;68,77;55,82;58,27;56,40;52,40
28,405;31,498;32,745;32,328;33,124;34,898;93,92;72,15;63,70;57,12;53,60;48,78
28,507;31,532;32,937;32,942;33,933;35,557;93,00;69,60;58,72;58,27;50,53;47,10
28,724;31,464;32,798;33,148;34,038;36,549;91,45;67,65;60,47;53,45;50,83;43,50
28,816;31,414;32,856;33,705;34,597;35,458;89,60;71,30;54,67;58,27;48,33;47,38
28,895;31,485;32,876;33,835;33,802;35,324;91,45;69,90;63,10;50,65;49,43;44,88
28,804;31,373;32,048;35,334;34,553;34,789;92,37;69,90;66,95;44,55;48,60;47,38
28,422;30,376;32,23;33,978;34,237;33,926;92,07;68,50;56,40;52,33;49,15;50,45
28,342;30,809;32,01;33,394;33,681;33,728;92,67;69,60;58,12;52,90;51,38;50,45
28,137;30,899;32,171;33,296;33,849;33,614;93,60;66,52;56,40;52,05;49,70;51,28
28,164;30,542;32,24;33,181;33,628;33,335;93,00;73,85;57,27;52,05;52,75;51,85
27,971;30,468;31,185;33,437;32,983;33,364;95,15;70,17;68,15;52,33;51,65;52,97
27,565;29,399;29,711;32,1;31,375;32,149;94,52;79,85;78,40;55,70;62,62;56,37
27,137;28,422;29,077;30,449;30,231;30,59;96,70;81,00;82,70;72,45;66,92;70,60
27,144;28,552;29,468;30,117;31,242;31,299;97,32;83,90;79,32;72,75;68,37;66,17
27,083;28,541;29,062;31,558;30,978;31,648;96,70;83,62;80,85;69,22;68,37;65,90
27,013;28,287;29,149;30,216;30,633;31,195;97,95;83,90;81,45;76,00;71,85;67,95
27,09;28,577;29,507;30,669;32,902;32,056;97,65;83,90;81,15;72,17;63,77;66,17
27,157;28,598;29,655;31,958;32,783;32,483;97,65;85,95;79,62;66,60;63,47;62,40
27,144;28,493;29,507;32,847;31,868;32,2;97,02;86,25;82,37;64,30;67,22;65,02
27,165;28,577;29,495;32,646;31,61;32,672;97,65;85,37;80,85;64,87;67,50;63,57
27,129;28,551;29,334;31,524;32,082;32,728;97,65;81,87;78,40;67,47;65,77;63,85
26,928;28,322;28,982;30,418;31,531;31,336;97,65;83,90;81,45;71,87;70,10;67,95
26,846;28,025;29,121;29,911;31,337;31,438;97,95;84,77;81,77;78,40;69,82;67,95
26,812;28,029;28,922;30,661;30,947;31,888;97,32;86,25;83,62;73,05;72,15;66,17
26,838;28,062;29,026;30,439;30,683;31,609;97,95;85,37;81,45;72,75;71,57;67,95
26,744;27,984;28,64;30,044;30,682;31,479;98,90;86,52;80,22;76,90;72,45;68,82
26,613;27,624;28,757;29,607;30,138;30,777;99,52;88,30;83,00;76,60;73,60;70,87
26,559;27,447;28,265;29,742;30,49;30,537;99,52;88,87;86,40;75,70;70,10;70,30
26,452;27,389;27,992;29,336;30,308;30,778;99,52;89,47;87,97;79,87;72,45;70,60
26,444;27,307;27,951;29,961;30,05;30,407;100,00;89,47;88,27;74,52;73,90;71,77
26,416;27,168;27,848;29,094;29,668;30,268;99,82;90,95;87,02;82,27;76,55;72,67
26,384;27,149;28,827;29,39;29,312;29,637;100,00;90,95;80,55;76,30;75,67;75,05
26,393;27,535;29,179;29,221;29,148;29,27;100,00;90,05;78,70;76,90;76,55;76,55
26,389;27,688;29,004;29,162;28,941;29,159;100,00;85,07;81,77;76,90;77,42;76,85
26,364;27,455;28,79;29,012;28,673;29,012;100,00;90,35;81,77;78,10;78,92;77,75
26,365;27,783;28,7;28,574;28,582;28,741;100,00;85,95;82,70;80,17;79,20;78,95
26,362;27,654;28,085;28,642;28,658;28,68;100,00;89,47;87,35;79,57;78,92;79,25
26,376;27,391;27,576;28,5;28,557;28,733;100,00;89,77;89,52;81,67;80,40;79,55
26,352;27,209;27,416;28,031;28,265;28,742;100,00;90,35;90,15;85,30;83,07;80,15
26,289;27,14;27,524;27,845;28,342;28,551;100,00;90,95;90,47;85,60;81,30;81,65
26,221;26,999;27,507;27,875;28,483;28,628;100,00;92,42;90,15;86,22;78,92;78,95
26,158;27,075;27,357;28,173;28,218;28,485;100,00;91,82;90,77;82,57;81,90;79,85
26,121;26,987;27,392;27,697;27,655;28,162;100,00;92,12;90,15;85,90;85,47;82,57
26,069;26,766;27,36;27,573;27,484;27,716;100,00;93,92;90,15;86,82;86,40;85,62
26,055;26,653;27,209;27,354;27,431;27,546;100,00;93,92;91,72;88,05;86,70;86,85
25,942;26,266;26,843;27,33;27,083;27,455;100,00;94,80;91,72;88,35;89,42;87,45
25,931;26,593;26,874;27,234;27,038;27,278;100,00;94,20;93,00;87,42;88,80;88,07
25,755;26,318;26,767;27,073;26,832;27,237;100,00;95,10;93,30;88,95;90,02;88,37
25,749;26,488;26,493;26,92;26,812;26,96;100,00;93,92;95,20;89,57;89,72;89,62
25,653;26,118;26,226;26,53;26,484;26,797;100,00;95,70;96,47;92,92;91,55;91,15
25,604;25,97;26,045;26,456;26,459;26,695;100,00;97,20;98,07;92,62;91,25;90,85
25,58;25,794;25,817;26,458;26,373;26,436;100,00;98,10;99,67;91,70;92,15;92,70
25,506;25,693;25,769;26,362;26,215;26,384;100,00;98,10;98,37;92,32;92,77;92,40
25,447;25,676;25,953;26,134;26,501;26,547;100,00;97,20;96,15;93,55;89,42;90,55
25,36;25,673;26,18;26,356;26,31;26,519;100,00;96,90;93,62;91,10;90,62;90,55
25,348;25,865;26,218;26,312;26,193;26,207;100,00;94,50;93,92;91,70;91,25;92,40
25,273;25,682;25,916;26,304;26,157;26,212;100,00;96,30;95,82;91,10;91,55;92,10
25,232;25,554;25,947;26,17;26;26,166;100,00;96,90;95,20;92,02;92,45;92,40
25,231;25,557;25,803;26,028;26,074;25,971;100,00;97,50;96,80;92,62;90,62;93,02
25,136;25,375;25,604;25,911;26,278;26,298;100,00;97,80;97,42;92,92;89,42;90,55
25,104;25,36;25,569;26,054;25,914;26,256;100,00;97,20;97,42;91,40;91,85;90,55
25,101;25,298;25,509;25,651;25,702;25,905;100,00;97,80;96,80;94,17;92,77;92,10
25,063;25,333;25,435;25,91;26,078;26,161;100,00;97,50;97,75;91,70;90,32;90,55
25,037;25,241;25,31;25,775;25,827;26,279;100,00;97,80;98,37;93,85;92,45;90,22
25,021;25,162;25,238;25,635;25,642;25,826;100,00;97,80;98,70;93,85;92,77;92,70
24,972;25,078;25,244;25,494;25,746;25,713;100,00;98,40;98,07;94,17;90,92;92,70
24,957;25,063;25,159;25,333;25,357;25,543;100,00;98,40;98,70;95,10;94,00;93,95
24,899;24,977;25,063;25,266;25,182;25,644;100,00;99,60;99,35;95,40;95,52;92,70
24,867;24,901;25,042;25,136;25,263;25,316;100,00;99,60;99,02;96,02;94,00;95,20
24,864;24,925;25,06;25,218;25,231;25,525;100,00;98,70;98,37;94,77;94,60;93,65
24,835;24,884;25,065;25,085;25,024;25,18;100,00;98,70;98,07;96,02;94,90;96,15
24,826;24,92;25,126;25,1;25,355;25,217;100,00;97,80;97,75;95,40;91,85;94,90
24,778;24,869;24,945;25,218;25,231;25,687;100,00;98,70;99,02;94,77;94,60;91,77
24,755;24,779;24,86;24,963;25,365;25,29;100,00;99,30;99,97;96,65;92,77;94,57
24,681;24,688;24,766;24,87;25,387;25,22;100,00;100,00;99,97;96,95;91,85;95,20
24,673;24,673;24,725;24,902;24,957;25,39;100,00;100,00;99,67;96,32;94,90;93,65
24,666;24,646;24,873;24,931;24,893;25,098;100,00;99,60;98,70;95,40;95,82;95,20
24,646;24,708;24,773;25,183;25,25;25,665;100,00;99,00;99,67;94,47;93,67;91,47
24,608;24,635;24,841;24,984;24,801;25,156;100,00;99,90;98,07;95,10;95,82;94,57
24,594;24,582;24,675;24,858;25,034;25,074;100,00;100,00;100,00;96,02;94,30;94,57
24,513;24,507;24,484;24,799;25,051;25,362;100,00;100,00;100,00;96,65;95,52;92,40
24,467;24,426;24,461;24,629;24,647;24,907;100,00;100,00;100,00;97,87;96,75;96,45
24,479;24,402;24,519;24,603;25,083;25,185;100,00;100,00;100,00;97,57;93,07;94,27
24,491;24,417;24,461;25,021;25,081;25,543;100,00;100,00;100,00;94,77;93,67;91,47
24,438;24,404;24,407;24,482;24,828;25,412;100,00;100,00;100,00;98,20;95,22;92,40
24,449;24,378;24,62;24,647;24,725;24,889;100,00;100,00;98,70;96,95;95,22;95,20
24,467;24,448;24,678;24,75;25,113;25,013;100,00;100,00;99,97;95,72;92,77;94,57
24,408;24,431;24,576;24,834;25,273;25,401;100,00;100,00;99,97;96,02;91,55;92,10
24,41;24,426;24,838;25,372;25,49;25,462;100,00;100,00;98,70;91,70;90,62;91,77
24,422;24,398;24,494;25,551;25,115;25,49;100,00;100,00;100,00;90,77;93,37;91,47
24,431;24,387;24,431;24,788;25,098;25,173;100,00;100,00;100,00;95,40;93,07;93,95
24,467;24,387;24,553;24,879;25,589;25,541;100,00;100,00;99,02;94,77;89,10;90,55
24,452;24,435;24,658;25,069;25,577;25,59;100,00;99,60;99,35;94,17;89,42;90,55
24,443;24,487;24,52;25,484;25,464;25,467;100,00;100,00;100,00;90,77;90,02;91,15
24,438;24,414;24,546;24,822;25,39;25,451;100,00;100,00;99,97;96,02;90,32;91,15
24,44;24,408;24,487;25,06;25,308;25,433;100,00;100,00;100,00;95,10;91,25;91,77
24,373;24,382;24,566;24,996;25,398;25,462;100,00;100,00;100,00;94,17;90,32;91,15
24,351;24,367;24,466;25,43;25,48;25,451;100,00;100,00;100,00;90,77;89,72;91,15
24,339;24,32;24,393;24,801;25,354;25,442;100,00;100,00;100,00;96,32;90,32;90,85
24,328;24,313;24,343;24,784;25,078;25,435;100,00;100,00;100,00;96,95;91,55;91,77
24,343;24,278;24,333;24,895;25,101;25,444;100,00;100,00;100,00;94,17;92,15;90,85
24,336;24,259;24,39;25,036;24,966;25,224;100,00;100,00;100,00;93,25;93,07;92,10
24,323;24,262;24,314;24,829;24,981;25,141;100,00;100,00;100,00;94,77;92,77;92,70
24,204;24,188;24,188;24,49;24,529;24,919;100,00;100,00;100,00;97,57;95,82;94,57
24,144;24,142;24,301;24,519;24,523;24,613;100,00;100,00;100,00;96,32;95,22;95,82
24,197;24,145;24,112;24,599;24,507;24,761;100,00;100,00;100,00;95,72;95,82;94,90
24,186;24,034;24,056;24,236;24,26;24,652;100,00;100,00;100,00;98,50;97,07;95,82
24,192;24,056;24,186;24,313;24,333;24,47;100,00;100,00;100,00;97,27;96,45;96,45
24,207;24,112;24,064;24,39;25,009;25,085;100,00;100,00;100,00;96,95;91,85;92,10
24,136;23,997;23,976;24,153;24,29;24,804;100,00;100,00;100,00;98,82;96,45;94,57
24,126;23,943;24,178;24,298;24,328;24,366;100,00;100,00;99,67;96,65;95,22;96,45
24,142;24,056;24,178;24,349;24,623;24,405;100,00;99,90;100,00;96,02;92,77;95,52
24,115;24;23,978;24,62;24,69;24,92;100,00;100,00;100,00;94,47;93,37;93,02
24,079;23,907;24,008;24,123;24,157;24,416;100,00;100,00;99,97;97,57;96,15;95,82
24,02;23,917;24,441;24,218;24,872;24,86;100,00;100,00;99,35;96,65;91,85;92,70
24;23,866;24,293;24,901;24,94;24,913;100,00;100,00;99,67;92,62;91,55;92,70
23,961;23,765;23,844;24,805;24,682;24,861;100,00;100,00;100,00;93,25;92,77;92,70
23,924;23,704;23,783;24,044;24,283;24,464;100,00;100,00;100,00;97,27;95,52;95,52
23,896;23,743;23,767;24,165;24,613;24,576;100,00;100,00;100,00;96,65;92,77;94,27
23,908;23,728;23,717;24,488;24,678;24,693;100,00;100,00;100,00;95,40;92,15;93,32
23,827;23,671;23,716;24,022;24,746;24,77;100,00;100,00;100,00;98,50;91,85;93,02
23,884;23,699;23,72;24,313;24,245;24,741;100,00;100,00;100,00;96,02;94,90;93,02
23,884;23,678;23,701;24,207;24,022;24,49;100,00;100,00;100,00;96,02;96,15;94,27
23,874;23,683;23,949;23,987;24,585;24,496;100,00;100,00;99,35;96,95;92,45;94,27
23,899;23,717;24,16;24,726;24,646;24,749;100,00;100,00;99,97;92,62;92,45;92,70
23,875;23,821;24,109;24,652;24,57;24,659;100,00;100,00;100,00;92,92;92,77;93,32
23,789;23,684;23,705;24,275;24,286;24,33;100,00;100,00;100,00;95,72;94,30;95,20
23,668;23,511;23,558;23,842;23,954;24,141;100,00;100,00;100,00;97,87;96,15;96,15
23,717;23,513;23,577;23,758;23,794;24,252;100,00;100,00;100,00;98,50;97,37;95,20
23,75;23,513;23,535;23,85;23,85;24,363;100,00;100,00;100,00;97,87;97,37;94,57
23,737;23,508;23,522;23,883;23,85;24,085;100,00;100,00;100,00;97,27;96,45;96,45
23,749;23,564;23,541;23,746;23,997;23,967;100,00;100,00;100,00;98,82;95,82;97,07
23,674;23,52;23,559;23,913;24,077;24,265;100,00;100,00;100,00;97,27;95,22;94,90
23,701;23,529;23,493;23,899;23,96;24,227;100,00;100,00;100,00;97,27;96,45;95,52
23,701;23,471;23,495;23,838;23,991;24,234;100,00;100,00;100,00;97,87;98,00;94,90
23,651;23,535;24,576;23,786;24,752;24,623;100,00;100,00;93,92;99,12;90,32;92,10
23,66;23,723;24,157;24,84;24,719;24,816;100,00;100,00;98,70;90,77;90,92;91,15
23,64;23,595;23,786;24,441;24,372;24,578;100,00;100,00;100,00;95,40;93,07;93,32
23,726;23,568;23,696;24,159;24,23;24,366;100,00;100,00;100,00;96,02;94,60;93,95
23,756;23,601;23,74;24,035;24,129;24,287;100,00;100,00;100,00;96,02;94,90;94,57
23,758;23,642;23,789;23,972;24,494;24,2;100,00;100,00;100,00;96,95;90,92;95,82
23,782;23,64;23,671;24,219;24,684;24,989;100,00;100,00;100,00;96,65;90,92;89,92
23,782;23,529;23,639;23,945;24,355;24,616;100,00;100,00;100,00;97,57;94,00;93,02
23,782;23,571;23,8;23,911;24,186;24,342;100,00;100,00;100,00;97,57;94,30;94,90
23,823;23,661;23,717;24,16;24,454;24,532;100,00;100,00;100,00;95,40;92,45;93,02
23,762;23,621;23,615;23,997;24,07;24,454;100,00;100,00;100,00;97,57;96,15;94,57
23,72;23,508;23,624;24,065;23,978;24,479;100,00;100,00;100,00;96,02;97,67;93,32
23,735;23,52;23,66;23,771;23,889;24,505;100,00;100,00;100,00;99,12;97,67;92,40
23,719;23,571;23,72;23,945;24,502;24,575;100,00;100,00;100,00;97,27;91,55;92,10
23,764;23,645;24,156;24,569;24,722;24,663;100,00;100,00;100,00;92,32;90,32;91,47
23,771;23,669;24,037;24,6;24,744;24,688;100,00;100,00;100,00;92,62;90,02;91,15
23,726;23,592;23,553;24,517;24,034;24,681;100,00;100,00;100,00;93,25;96,75;91,47
23,631;23,453;23,547;23,723;23,86;24,062;100,00;100,00;100,00;99,75;97,37;96,45
23,553;23,453;23,705;23,695;23,877;23,567;100,00;100,00;100,00;99,45;97,07;100,00
23,615;23,454;23,8;23,928;23,94;24,144;100,00;100,00;100,00;97,57;96,75;96,77
23,755;23,649;23,91;23,848;23,836;23,83;100,00;100,00;100,00;98,20;97,37;98,65
23,801;23,723;24,074;23,931;24,089;23,973;100,00;100,00;99,97;97,57;95,22;97,40
23,78;23,767;23,83;24,111;24,071;24,126;100,00;100,00;100,00;96,65;95,82;96,15
23,66;23,586;23,672;23,866;23,776;23,933;100,00;100,00;100,00;100,00;98,00;98,02
23,695;23,595;23,704;23,741;23,887;23,821;100,00;100,00;100,00;99,12;96,75;98,35
23,734;23,643;23,628;24,088;23,922;24,025;100,00;100,00;100,00;95,72;96,75;96,45
23,595;23,597;23,704;23,806;23,732;23,824;100,00;100,00;100,00;98,50;98,30;98,02
23,713;23,607;23,844;23,788;23,741;23,767;100,00;100,00;100,00;98,50;97,67;98,65
23,719;23,66;23,924;23,824;23,72;23,678;100,00;100,00;99,02;97,87;97,37;98,97
23,761;23,756;23,93;23,826;23,713;23,809;100,00;100,00;99,02;97,27;97,37;97,40
23,741;23,808;23,665;23,809;23,616;23,722;100,00;99,60;100,00;97,27;98,30;98,35
23,538;23,487;23,648;23,661;23,415;23,701;100,00;100,00;100,00;98,82;99,22;98,02
23,448;23,328;23,386;23,383;23,053;23,346;100,00;100,00;100,00;100,00;100,00;100,00
23,404;23,296;23,128;23,149;22,932;22,95;100,00;100,00;100,00;100,00;100,00;100,00
23,359;23,193;23,071;22,996;22,911;22,899;100,00;100,00;100,00;100,00;100,00;100,00
23,437;23,173;23,113;22,931;22,863;22,874;100,00;100,00;100,00;100,00;100,00;100,00
23,323;23,073;22,928;22,89;22,871;22,874;100,00;100,00;100,00;100,00;100,00;100,00
23,398;23,044;22,895;22,794;22,764;22,769;100,00;100,00;100,00;100,00;100,00;100,00
23,439;23,13;22,669;22,763;22,596;22,759;100,00;100,00;100,00;100,00;100,00;100,00
23,133;22,874;22,561;22,537;22,386;22,44;100,00;100,00;100,00;100,00;100,00;100,00
22,902;22,721;22,228;22,413;22,143;22,307;100,00;100,00;100,00;100,00;100,00;100,00
23,106;22,481;22,035;22,084;21,816;22,082;100,00;100,00;100,00;100,00;100,00;100,00
22,835;22,218;21,971;21,892;21,801;21,908;100,00;100,00;100,00;100,00;100,00;100,00
22,788;22,215;22,009;21,863;21,788;21,844;100,00;100,00;100,00;100,00;100,00;100,00
22,609;22,151;22,064;21,951;21,919;21,856;100,00;100,00;100,00;100,00;100,00;100,00
22,491;22,103;22,157;21,969;21,98;21,913;100,00;100,00;100,00;100,00;100,00;100,00
22,775;22,203;22,19;22,042;22,035;22,017;100,00;100,00;100,00;100,00;100,00;100,00
22,676;22,448;22,21;22,084;22,021;22,041;100,00;100,00;100,00;100,00;100,00;100,00
22,714;22,334;22,255;22,085;22,006;22,006;100,00;100,00;100,00;100,00;100,00;100,00
22,675;22,364;22,386;22,067;22,047;22,033;100,00;100,00;100,00;100,00;100,00;100,00
22,766;22,479;22,272;22,127;22,061;22,06;100,00;100,00;100,00;100,00;100,00;100,00
22,778;22,424;22,34;22,112;22,073;22,06;100,00;100,00;100,00;100,00;100,00;100,00
22,73;22,373;22,281;22,145;22,175;22,127;100,00;100,00;100,00;100,00;100,00;100,00
22,832;22,506;22,348;22,234;22,118;22,108;100,00;100,00;100,00;100,00;100,00;100,00
22,699;22,357;22,297;22,245;22,164;22,155;100,00;100,00;100,00;100,00;100,00;100,00
22,639;22,331;22,278;22,2;22,176;22,169;100,00;100,00;100,00;100,00;100,00;100,00
22,745;22,309;22,297;22,136;22,076;22,069;100,00;100,00;100,00;100,00;100,00;100,00
22,839;22,398;22,179;22,136;21,825;21,829;100,00;100,00;100,00;100,00;100,00;100,00
22,803;22,512;22,249;21,884;21,889;21,841;100,00;100,00;100,00;100,00;100,00;100,00
22,616;22,33;22,213;21,971;21,917;21,902;100,00;100,00;100,00;100,00;100,00;100,00
22,67;22,218;22,178;22,121;22,015;22,015;100,00;100,00;100,00;100,00;100,00;100,00
22,563;22,179;22,018;22,036;21,932;21,984;100,00;100,00;100,00;100,00;100,00;100,00
22,648;22,1;22,058;21,945;21,919;21,893;100,00;100,00;100,00;100,00;100,00;100,00
22,513;22,166;21,999;21,951;21,819;21,799;100,00;100,00;100,00;100,00;100,00;100,00
22,455;22,111;21,951;21,849;21,746;21,777;100,00;100,00;100,00;100,00;100,00;100,00
22,602;22,252;22,157;21,838;21,911;21,779;100,00;100,00;100,00;100,00;100,00;100,00
22,693;22,239;22,197;21,944;21,886;21,811;100,00;100,00;100,00;100,00;100,00;100,00
22,558;22,278;22,063;21,93;21,819;21,881;100,00;100,00;100,00;100,00;100,00;100,00
22,669;22,239;22,196;21,923;21,866;21,844;100,00;100,00;100,00;100,00;100,00;100,00
22,618;22,316;22,076;21,938;21,913;21,874;100,00;100,00;100,00;100,00;100,00;100,00
22,507;22,12;22,029;21,987;21,878;21,91;100,00;100,00;100,00;100,00;100,00;100,00
22,516;22,088;22;21,913;21,849;21,829;100,00;100,00;100,00;100,00;100,00;100,00
22,488;22,023;21,99;21,91;21,849;21,825;100,00;100,00;100,00;100,00;100,00;100,00
22,681;22,306;22,14;21,895;21,883;21,893;100,00;100,00;100,00;100,00;100,00;100,00
22,657;22,278;22,191;21,95;21,91;21,852;100,00;100,00;100,00;100,00;100,00;100,00
22,546;22,221;22,117;21,993;21,896;21,956;100,00;100,00;100,00;100,00;100,00;100,00
22,504;22,151;22,056;21,913;21,948;21,948;100,00;100,00;100,00;100,00;100,00;100,00
22,56;22,145;22,011;21,953;21,911;21,914;100,00;100,00;100,00;100,00;100,00;100,00
22,587;22,102;22,069;21,887;21,956;21,886;100,00;100,00;100,00;100,00;100,00;100,00
22,636;22,163;22,124;21,996;21,96;21,939;100,00;100,00;100,00;100,00;100,00;100,00
22,602;22,176;22,133;21,983;21,95;21,907;100,00;100,00;100,00;100,00;100,00;100,00
22,579;22,136;22,003;21,947;21,883;21,859;100,00;100,00;100,00;100,00;100,00;100,00
22,549;22,05;22,061;21,887;21,837;21,844;100,00;100,00;100,00;100,00;100,00;100,00
22,548;22,154;22,106;21,872;21,825;21,801;100,00;100,00;100,00;100,00;100,00;100,00
22,519;22,173;22,1;21,996;21,932;21,907;100,00;100,00;100,00;100,00;100,00;100,00
22,497;22,175;22,102;21,991;21,926;21,893;100,00;100,00;100,00;100,00;100,00;100,00
22,582;22,117;22,064;21,936;21,868;21,852;100,00;100,00;100,00;100,00;100,00;100,00
22,618;22,219;22,03;21,941;21,849;21,837;100,00;100,00;100,00;100,00;100,00;100,00
22,557;22,106;21,966;21,887;21,849;21,829;100,00;100,00;100,00;100,00;100,00;100,00
22,415;21,983;21,938;21,871;21,785;21,767;100,00;100,00;100,00;100,00;100,00;100,00
22,342;21,993;21,89;21,795;21,786;21,739;100,00;100,00;100,00;100,00;100,00;100,00
22,307;21,986;21,902;21,797;21,773;21,758;100,00;100,00;100,00;100,00;100,00;100,00
22,389;22,084;22;21,788;21,762;21,764;100,00;100,00;100,00;100,00;100,00;100,00
22,352;22,032;21,923;21,783;21,786;21,737;100,00;100,00;100,00;100,00;100,00;100,00
22,363;21,956;21,825;21,758;21,678;21,675;100,00;100,00;100,00;100,00;100,00;100,00
22,263;21,887;21,798;21,731;21,553;21,627;100,00;100,00;100,00;100,00;100,00;100,00
22,266;21,859;21,713;21,709;21,481;21,568;100,00;100,00;100,00;100,00;100,00;100,00
22,255;21,756;21,715;21,591;21,465;21,529;100,00;100,00;100,00;100,00;100,00;100,00
22,124;21,779;21,593;21,605;21,416;21,415;100,00;100,00;100,00;100,00;100,00;100,00
22,126;21,645;21,505;21,438;21,375;21,418;100,00;100,00;100,00;100,00;100,00;100,00
22,103;21,704;21,624;21,385;21,432;21,373;100,00;100,00;100,00;100,00;100,00;100,00
22,096;21,81;21,651;21,475;21,455;21,401;100,00;100,00;100,00;100,00;100,00;100,00
22,121;21,722;21,676;21,526;21,45;21,41;100,00;100,00;100,00;100,00;100,00;100,00
22,041;21,631;21,514;21,422;21,337;21,352;100,00;100,00;100,00;100,00;100,00;100,00
22,094;21,741;21,634;21,346;21,416;21,277;100,00;100,00;100,00;100,00;100,00;100,00
22,097;21,698;21,576;21,49;21,394;21,422;100,00;100,00;100,00;100,00;100,00;100,00
22,152;21,664;21,562;21,449;21,376;21,385;100,00;100,00;100,00;100,00;100,00;100,00
22,164;21,666;21,643;21,426;21,501;21,386;100,00;100,00;100,00;100,00;100,00;100,00
22,248;21,764;21,664;21,523;21,471;21,511;100,00;100,00;100,00;100,00;100,00;100,00
22,227;21,823;21,66;21,527;21,538;21,458;100,00;100,00;100,00;100,00;100,00;100,00
22,319;21,725;21,744;21,532;21,429;21,432;100,00;100,00;100,00;100,00;100,00;100,00
22,521;22,151;21,981;21,554;21,612;21,571;100,00;100,00;100,00;100,00;100,00;100,00
22,5;22,205;22,011;21,602;21,582;21,664;100,00;100,00;100,00;100,00;100,00;100,00
22,47;22,219;22,003;21,621;21,627;21,692;100,00;100,00;100,00;100,00;100,00;100,00
22,557;22,272;21,88;21,651;21,631;21,707;100,00;100,00;100,00;100,00;100,00;100,00
22,619;22,264;22,002;21,657;21,612;21,686;100,00;100,00;100,00;100,00;100,00;100,00
22,661;22,366;22,117;21,731;21,628;21,744;100,00;100,00;100,00;100,00;100,00;100,00
22,691;22,357;22,185;21,733;21,746;21,764;100,00;100,00;100,00;100,00;100,00;100,00
22,619;22,376;22,136;21,863;21,826;21,862;100,00;100,00;100,00;100,00;100,00;100,00
22,685;22,276;21,896;21,713;21,694;21,74;100,00;100,00;100,00;100,00;100,00;100,00
22,482;22,276;21,817;21,758;21,657;21,795;100,00;100,00;100,00;100,00;100,00;100,00
22,228;22,139;21,747;21,712;21,64;21,758;100,00;100,00;100,00;100,00;100,00;100,00
22,403;22,373;22,103;21,675;21,875;21,734;100,00;100,00;100,00;100,00;100,00;100,00
22,384;22,194;22,015;21,962;21,948;21,902;100,00;100,00;100,00;100,00;100,00;100,00
22,434;22,188;22,099;21,978;22,078;22,088;100,00;100,00;100,00;100,00;100,00;100,00
22,616;22,276;22,239;21,993;22,067;21,978;100,00;100,00;100,00;100,00;100,00;100,00
22,506;22,187;22,254;22,143;22,145;22,154;100,00;100,00;100,00;100,00;100,00;100,00
22,489;22,319;22,31;22,219;22,319;22,21;100,00;100,00;100,00;100,00;100,00;100,00
22,561;22,33;22,321;22,31;22,298;22,384;100,00;100,00;100,00;100,00;100,00;100,00
22,634;22,355;22,254;22,295;22,184;22,184;100,00;100,00;100,00;100,00;100,00;100,00
22,437;22,2;22,21;22,245;22,008;22,036;100,00;100,00;100,00;100,00;100,00;100,00
22,599;22,215;22,246;22,096;22,12;22,07;100,00;100,00;100,00;100,00;100,00;100,00
22,521;22,272;22,252;22,181;22,215;22,14;100,00;100,00;100,00;100,00;100,00;100,00
22,682;22,354;22,309;22,273;22,191;22,199;100,00;100,00;100,00;100,00;100,00;100,00
22,754;22,376;22,372;22,343;22,291;22,446;100,00;100,00;100,00;100,00;100,00;100,00
22,694;22,424;22,479;22,395;22,461;22,442;100,00;100,00;100,00;100,00;100,00;100,00
22,736;22,4;22,392;22,358;22,372;22,336;100,00;100,00;100,00;100,00;100,00;100,00
22,8;22,498;22,322;22,197;22,293;22,218;100,00;100,00;100,00;100,00;100,00;100,00
22,747;22,298;22,246;22,361;22,243;22,398;100,00;100,00;100,00;100,00;100,00;100,00
22,664;22,225;22,152;22,12;22,121;22,169;100,00;100,00;100,00;100,00;100,00;100,00
22,616;22,03;22,044;22,114;22,09;22,169;100,00;100,00;100,00;100,00;100,00;100,00
22,415;22,039;22,117;22,096;22,182;22,287;100,00;100,00;100,00;100,00;100,00;100,00
22,554;22,13;22,236;22,191;22,373;22,357;100,00;100,00;100,00;100,00;100,00;100,00
22,691;22,33;22,495;22,355;22,569;22,613;100,00;100,00;100,00;100,00;100,00;100,00
22,785;22,464;22,406;22,525;22,675;22,94;100,00;100,00;100,00;100,00;100,00;100,00
22,964;22,59;22,676;22,661;22,489;22,996;100,00;100,00;100,00;100,00;100,00;100,00
22,955;22,473;22,372;22,863;22,613;23,196;100,00;100,00;100,00;100,00;100,00;100,00
23,004;22,375;22,452;22,715;22,631;23,179;100,00;100,00;100,00;100,00;100,00;99,92
22,803;22,327;22,545;22,787;22,794;23,22;100,00;100,00;100,00;100,00;100,00;100,00
22,922;22,606;22,709;22,814;22,694;23,146;100,00;100,00;100,00;100,00;100,00;100,00
23,019;22,735;22,619;22,818;22,838;23,28;100,00;100,00;100,00;100,00;100,00;100,00
23,044;22,815;22,76;22,827;22,871;23,203;100,00;100,00;100,00;100,00;100,00;100,00
23,049;22,814;22,672;22,977;22,905;23,349;100,00;100,00;100,00;100,00;100,00;100,00
23,05;22,681;22,847;22,949;22,815;23,205;100,00;100,00;100,00;100,00;100,00;100,00
23,028;22,959;22,824;23,004;22,973;23,223;100,00;100,00;100,00;100,00;100,00;100,00
22,968;22,772;22,682;22,839;22,794;23,146;100,00;100,00;100,00;100,00;100,00;99,27
22,979;22,739;22,751;22,784;22,67;23,029;100,00;100,00;100,00;100,00;100,00;100,00
23,05;22,907;22,809;22,839;22,751;23,038;100,00;100,00;100,00;100,00;100,00;100,00
22,902;22,763;22,838;22,806;22,63;22,983;100,00;100,00;100,00;100,00;100,00;100,00
22,974;22,823;22,797;22,877;22,63;23,041;100,00;100,00;100,00;100,00;100,00;100,00
22,895;22,712;22,773;22,86;22,53;23,001;100,00;100,00;100,00;100,00;100,00;100,00
23,028;22,773;22,782;22,708;22,63;22,793;100,00;100,00;100,00;100,00;100,00;100,00
23,035;22,898;22,673;22,706;22,551;22,812;100,00;100,00;100,00;100,00;100,00;100,00
22,973;22,714;22,579;22,64;22,588;22,736;100,00;100,00;100,00;100,00;100,00;100,00
22,856;22,561;22,627;22,608;22,649;22,712;100,00;100,00;100,00;100,00;100,00;100,00
22,962;22,739;22,655;22,666;22,657;22,833;100,00;100,00;100,00;100,00;100,00;100,00
22,839;22,702;22,649;22,678;22,531;22,805;100,00;100,00;100,00;100,00;100,00;100,00
22,959;22,654;22,778;22,672;22,684;22,808;100,00;100,00;100,00;100,00;100,00;100,00
22,802;22,781;22,824;22,803;22,836;22,992;100,00;100,00;100,00;100,00;100,00;100,00
23,011;22,926;22,748;22,842;22,706;23,112;100,00;100,00;100,00;100,00;100,00;100,00
22,914;22,796;22,781;22,721;22,702;22,965;100,00;100,00;100,00;100,00;100,00;100,00
22,895;22,72;22,818;22,802;22,696;22,838;100,00;100,00;100,00;100,00;100,00;100,00
22,767;22,685;22,817;22,871;22,842;22,919;100,00;100,00;100,00;100,00;100,00;100,00
22,91;22,914;22,913;22,895;22,802;23,133;100,00;100,00;100,00;100,00;100,00;100,00
23,089;23,023;23,071;23,013;22,929;23,328;100,00;100,00;100,00;100,00;100,00;100,00
23,161;23,122;23,155;23,074;22,917;23,431;100,00;100,00;100,00;100,00;100,00;100,00
23,202;23,191;23,208;23,142;22,976;23,305;100,00;100,00;100,00;100,00;100,00;100,00
23,232;23,247;23,295;23,208;22,968;23,277;100,00;100,00;100,00;100,00;100,00;100,00
23,304;23,299;23,257;23,293;23,016;23,293;100,00;100,00;100,00;100,00;100,00;100,00
23,398;23,23;23,272;23,356;23,113;23,409;100,00;100,00;100,00;100,00;100,00;100,00
23,43;23,269;23,295;23,421;23,214;23,555;100,00;100,00;100,00;100,00;100,00;100,00
23,368;23,167;23,371;23,422;23,115;23,546;100,00;100,00;100,00;100,00;100,00;100,00
23,323;23,209;23,305;23,463;23,1;23,532;100,00;100,00;100,00;100,00;100,00;100,00
23,349;23,217;23,112;23,49;23,221;23,471;100,00;100,00;100,00;100,00;100,00;100,00
23,311;23,248;23,124;23,514;23,133;23,392;100,00;100,00;100,00;100,00;100,00;100,00
23,269;23,11;23,142;23,502;23,149;23,356;100,00;100,00;100,00;100,00;100,00;99,92
23,268;23,133;23,215;23,358;23,319;23,386;100,00;100,00;100,00;100,00;100,00;100,00
23,245;23,181;23,245;23,301;23,19;23,35;100,00;100,00;100,00;100,00;100,00;100,00
23,218;23,212;23,238;23,326;23,23;23,302;100,00;100,00;100,00;100,00;100,00;100,00
23,19;23,17;23,17;23,295;23,122;23,344;100,00;100,00;100,00;100,00;100,00;100,00
23,205;23,154;23,088;23,239;23,151;23,227;100,00;100,00;100,00;100,00;100,00;100,00
23,248;23,109;23,076;23,178;23,109;23,227;100,00;100,00;100,00;100,00;100,00;100,00
23,095;23,013;22,999;23,133;22,979;23,181;100,00;100,00;100,00;100,00;100,00;100,00
23,019;22,898;22,845;23,031;22,857;22,974;100,00;100,00;100,00;100,00;100,00;100,00
22,878;22,853;22,767;22,914;22,785;22,764;100,00;100,00;100,00;100,00;100,00;100,00
22,901;22,717;22,735;22,871;22,654;22,759;100,00;100,00;100,00;100,00;100,00;100,00
22,871;22,742;22,663;22,782;22,546;22,64;100,00;100,00;100,00;100,00;100,00;100,00
22,818;22,569;22,557;22,73;22,478;22,576;100,00;100,00;100,00;100,00;100,00;100,00
22,753;22,51;22,527;22,627;22,413;22,5;100,00;100,00;100,00;100,00;100,00;100,00
22,73;22,521;22,557;22,587;22,46;22,498;100,00;100,00;100,00;100,00;100,00;100,00
22,769;22,594;22,56;22,56;22,413;22,476;100,00;100,00;100,00;100,00;100,00;100,00
22,829;22,622;22,545;22,515;22,354;22,385;100,00;100,00;100,00;100,00;100,00;100,00
22,833;22,473;22,439;22,472;22,336;22,337;100,00;100,00;100,00;100,00;100,00;100,00
22,618;22,4;22,366;22,397;22,306;22,318;100,00;100,00;100,00;100,00;100,00;100,00
22,605;22,324;22,327;22,337;22,245;22,285;100,00;100,00;100,00;100,00;100,00;100,00
22,554;22,3;22,251;22,282;22,209;22,231;100,00;100,00;100,00;100,00;100,00;100,00
22,485;22,24;22,196;22,188;22,05;22,145;100,00;100,00;100,00;100,00;100,00;100,00
22,539;22,306;22,24;22,136;22,012;22,021;100,00;100,00;100,00;100,00;100,00;100,00
22,561;22,154;22,117;22,123;21,977;22,006;100,00;100,00;100,00;100,00;100,00;100,00
22,546;22,313;22,187;22,045;22,029;21,927;100,00;100,00;100,00;100,00;100,00;100,00
22,578;22,245;22,158;22,097;22,061;22,051;100,00;100,00;100,00;100,00;100,00;100,00
22,442;22,163;22,073;22,085;22,063;22,053;100,00;100,00;100,00;100,00;100,00;100,00
22,304;22,05;22,005;22,155;22,054;22,047;100,00;100,00;100,00;100,00;100,00;100,00
22,288;22,018;22,021;22,026;22;22,024;100,00;100,00;100,00;100,00;100,00;100,00
22,33;22,058;22,054;21,986;21,999;22,015;100,00;100,00;100,00;100,00;100,00;100,00
22,31;22,056;21,974;21,974;21,959;21,99;100,00;100,00;100,00;100,00;100,00;100,00
22,182;21,935;21,881;21,939;21,863;21,969;100,00;100,00;100,00;100,00;100,00;100,00
22,213;21,89;21,847;21,801;21,799;21,74;100,00;100,00;100,00;100,00;100,00;100,00
22,17;21,844;21,843;21,878;21,777;21,791;100,00;100,00;100,00;100,00;100,00;100,00
22,163;21,88;21,792;21,835;21,759;21,744;100,00;100,00;100,00;100,00;100,00;100,00
22,164;21,823;21,823;21,816;21,713;21,736;100,00;100,00;100,00;100,00;100,00;100,00
22,246;21,86;21,841;21,783;21,724;21,704;100,00;100,00;100,00;100,00;100,00;100,00
22,213;21,84;21,794;21,816;21,752;21,71;100,00;100,00;100,00;100,00;100,00;100,00
22,245;21,986;21,847;21,77;21,707;21,692;100,00;100,00;100,00;100,00;100,00;100,00
22,33;21,916;21,865;21,78;21,74;21,728;100,00;100,00;100,00;100,00;100,00;100,00
22,307;21,933;21,902;21,798;21,736;21,733;100,00;100,00;100,00;100,00;100,00;100,00
22,266;21,98;21,908;21,788;21,743;21,758;100,00;100,00;100,00;100,00;100,00;100,00
22,167;21,957;21,871;21,825;21,746;21,762;100,00;100,00;100,00;100,00;100,00;100,00
22,24;21,877;21,816;21,838;21,788;21,852;100,00;100,00;100,00;100,00;100,00;100,00
22,222;21,869;21,872;21,807;21,819;21,838;100,00;100,00;100,00;100,00;100,00;100,00
22,328;21,938;21,871;21,852;21,773;21,807;100,00;100,00;100,00;100,00;100,00;100,00
22,316;21,986;21,886;21,886;21,709;21,758;100,00;100,00;100,00;100,00;100,00;100,00
22,324;22,017;21,887;21,86;21,669;21,725;100,00;100,00;100,00;100,00;100,00;100,00
22,287;21,924;21,746;21,762;21,522;21,596;100,00;100,00;100,00;100,00;100,00;100,00
22,085;21,924;21,672;21,679;21,513;21,474;100,00;100,00;100,00;100,00;100,00;100,00
22,094;21,764;21,651;21,651;21,484;21,446;100,00;100,00;100,00;100,00;100,00;100,00
21,954;21,627;21,569;21,461;21,284;21,363;100,00;100,00;100,00;100,00;100,00;100,00
22,063;21,752;21,547;21,481;21,299;21,262;100,00;100,00;100,00;100,00;100,00;100,00
22,061;21,704;21,441;21,446;21,202;21,302;100,00;100,00;100,00;100,00;100,00;100,00
22,057;21,667;21,426;21,369;21,179;21,152;100,00;100,00;100,00;100,00;100,00;100,00
22,023;21,608;21,41;21,366;21,256;21,148;100,00;100,00;100,00;100,00;100,00;100,00
21,977;21,499;21,284;21,321;21,223;21,204;100,00;100,00;100,00;100,00;100,00;100,00
21,884;21,449;21,256;21,256;21,113;21,134;100,00;100,00;100,00;100,00;100,00;100,00
21,752;21,483;21,275;21,253;20,988;21,013;100,00;100,00;100,00;100,00;100,00;100,00
21,887;21,337;21,208;21,216;21,014;20,999;100,00;100,00;100,00;100,00;100,00;100,00
21,862;21,388;21,179;21,228;21,019;21,045;100,00;100,00;100,00;100,00;100,00;100,00
21,82;21,378;21,183;21,151;20,971;20,937;100,00;100,00;100,00;100,00;100,00;100,00
21,791;21,355;21,182;21,119;20,95;20,937;100,00;100,00;100,00;100,00;100,00;100,00
21,553;21,076;21,017;21,076;20,905;20,894;100,00;100,00;100,00;100,00;100,00;100,00
21,389;20,958;20,931;20,945;20,805;20,799;100,00;100,00;100,00;100,00;100,00;100,00
21,247;20,971;20,919;20,931;20,794;20,739;100,00;100,00;100,00;100,00;100,00;100,00
21,245;20,816;20,794;20,885;20,718;20,764;100,00;100,00;100,00;100,00;100,00;100,00
21,149;20,758;20,768;20,78;20,709;20,677;100,00;100,00;100,00;100,00;100,00;100,00
21,412;20,934;20,847;20,693;20,649;20,588;100,00;100,00;100,00;100,00;100,00;100,00
21,538;21,051;20,796;20,745;20,654;20,644;100,00;100,00;100,00;100,00;100,00;100,00
21,544;21,039;20,831;20,813;20,788;20,623;100,00;100,00;100,00;100,00;100,00;100,00
21,38;21,013;20,767;20,876;20,718;20,762;100,00;100,00;100,00;100,00;100,00;100,00
21,418;20,903;20,69;20,752;20,523;20,592;100,00;100,00;100,00;100,00;100,00;100,00
21,262;20,959;20,64;20,64;20,514;20,489;100,00;100,00;100,00;100,00;100,00;100,00
21,145;20,62;20,615;20,623;20,554;20,507;100,00;100,00;100,00;100,00;100,00;100,00
21,357;20,665;20,595;20,755;20,606;20,662;100,00;100,00;100,00;100,00;100,00;100,00
21,244;20,601;20,66;20,563;20,578;20,527;100,00;100,00;100,00;100,00;100,00;100,00
21,247;20,829;20,646;20,56;20,52;20,551;100,00;100,00;100,00;100,00;100,00;100,00
21,161;20,722;20,654;20,567;20,52;20,518;100,00;100,00;100,00;100,00;100,00;100,00
21,228;20,708;20,591;20,622;20,622;20,583;100,00;100,00;100,00;100,00;100,00;100,00
21,176;20,634;20,609;20,623;20,536;20,515;100,00;100,00;100,00;100,00;100,00;100,00
21,336;20,878;20,654;20,586;20,521;20,499;100,00;100,00;100,00;100,00;100,00;100,00
21,257;20,767;20,702;20,585;20,61;20,549;100,00;100,00;100,00;100,00;100,00;100,00
21,361;20,93;20,768;20,68;20,603;20,563;100,00;100,00;100,00;100,00;100,00;100,00
21,364;20,853;20,762;20,709;20,629;20,657;100,00;100,00;100,00;100,00;100,00;100,00
21,41;20,913;20,774;20,683;20,56;20,585;100,00;100,00;100,00;100,00;100,00;100,00
21,355;20,839;20,752;20,66;20,572;20,546;100,00;100,00;100,00;100,00;100,00;100,00
21,244;20,93;20,705;20,586;20,539;20,533;100,00;100,00;100,00;100,00;100,00;100,00