"","LOT_sampleID","organ","position","plant_family","plant_genus","plant_species","project","sample_id","experiment","primer_fwd","primer_rev","tag_fwd","tag_rev","plate_no","plate_col","plate_row","id","sample_id.y","type","control_type","pos_tag_F.rows.","pos_tag_R.col.","library","nb_reads","nb_motus","organ.y","position.y","plant_family.y","low_contamination_level","pcrbias","not_too_untargeted_taxa","seqdepth_ok","derepl.otus","derepl.reads","filt.otus","filt.reads","clust97.otus","clust97.reads","metabar.reads","metabar.otus","Genus","Species","Family","TreeZone"
"1001-Rendo","LOT01-1001","root","endophyte","Bromeliaceae","Wehauria","sp","LOT1","1001-Rendo","LOT01","GTGAATCATCGAATCTTTGAA","TCCTCCGCTTATTGATATGC","acagcaca","acacacac",1,1,"B","1001-Rendo","1001-Rendo","sample",NA,"2","1","library1",6948,198,"root","endophyte","Bromeliaceae",TRUE,"too much untargeted",FALSE,TRUE,5189,15258,2376,12445,517,12445,6948,198,NA,NA,NA,NA
"1002-Rendo","LOT01-1002","root","endophyte","Bromeliaceae","Guzmania","sp","LOT1","1002-Rendo","LOT01","GTGAATCATCGAATCTTTGAA","TCCTCCGCTTATTGATATGC","gtgtacat","acacacac",1,1,"C","1002-Rendo","1002-Rendo","sample",NA,"3","1","library1",32633,507,"root","endophyte","Bromeliaceae",TRUE,NA,TRUE,TRUE,10112,51795,5706,47381,928,47381,32633,507,NA,NA,NA,NA
"1003-Rendo","LOT01-1003","root","endophyte","Bromeliaceae","Aechmea","sp","LOT1","1003-Rendo","LOT01","GTGAATCATCGAATCTTTGAA","TCCTCCGCTTATTGATATGC","tatgtcag","acacacac",1,1,"D","1003-Rendo","1003-Rendo","sample",NA,"4","1","library1",11691,216,"root","endophyte","Bromeliaceae",TRUE,NA,TRUE,TRUE,9136,34122,4155,29135,546,29135,11691,216,NA,NA,NA,NA
"1004-Rendo","LOT01-1004","root","endophyte","Bromeliaceae","Wehauria","sp","LOT1","1004-Rendo","LOT01","GTGAATCATCGAATCTTTGAA","TCCTCCGCTTATTGATATGC","tagtcgca","acacacac",1,1,"E","1004-Rendo","1004-Rendo","sample",NA,"5","1","library1",5971,287,"root","endophyte","Bromeliaceae",TRUE,NA,TRUE,TRUE,6838,27078,3742,23980,618,23980,5971,287,NA,NA,NA,NA
"1005-Rendo","LOT01-1005","root","endophyte","Bromeliaceae","Aechmea","sp","LOT1","1005-Rendo","LOT01","GTGAATCATCGAATCTTTGAA","TCCTCCGCTTATTGATATGC","tactatac","acacacac",1,1,"F","1005-Rendo","1005-Rendo","sample",NA,"6","1","library1",15667,242,"root","endophyte","Bromeliaceae",TRUE,NA,TRUE,TRUE,6754,24519,3326,21090,562,21090,15667,242,NA,NA,NA,NA
"1006-Rendo","LOT01-1006","root","endophyte","Bromeliaceae","Vriesea_Wehauria","sp","LOT1","1006-Rendo","LOT01","GTGAATCATCGAATCTTTGAA","TCCTCCGCTTATTGATATGC","actagatc","acacacac",1,1,"G","1006-Rendo","1006-Rendo","sample",NA,"7","1","library1",32270,549,"root","endophyte","Bromeliaceae",TRUE,NA,TRUE,TRUE,18600,65057,8033,54462,1149,54462,32270,549,NA,NA,NA,NA
"1007-Rendo","LOT01-1007","root","endophyte","Bromeliaceae","Wehauria","sp","LOT1","1007-Rendo","LOT01","GTGAATCATCGAATCTTTGAA","TCCTCCGCTTATTGATATGC","gatcgcga","acacacac",1,1,"H","1007-Rendo","1007-Rendo","sample",NA,"8","1","library1",14908,483,"root","endophyte","Bromeliaceae",TRUE,NA,TRUE,TRUE,8721,26337,4679,22287,934,22287,14908,483,NA,NA,NA,NA
"1001-Ylendo","LOT01-1001","young_leaf","endophyte","Bromeliaceae","Wehauria","sp","LOT1","1001-Ylendo","LOT01","GTGAATCATCGAATCTTTGAA","TCCTCCGCTTATTGATATGC","cgctctcg","acacacac",2,1,"A","1001-Ylendo","1001-Ylendo","sample",NA,"9","1","library1",30311,622,"young_leaf","endophyte","Bromeliaceae",TRUE,NA,TRUE,TRUE,15738,49009,6080,39345,1163,39345,30311,622,NA,NA,NA,NA
"1002-Ylendo","LOT01-1002","young_leaf","endophyte","Bromeliaceae","Guzmania","sp","LOT1","1002-Ylendo","LOT01","GTGAATCATCGAATCTTTGAA","TCCTCCGCTTATTGATATGC","gtcgtaga","acacacac",2,1,"B","1002-Ylendo","1002-Ylendo","sample",NA,"10","1","library1",15930,1003,"young_leaf","endophyte","Bromeliaceae",TRUE,"too much untargeted",FALSE,TRUE,13963,35676,7419,29118,2055,29118,15930,1003,NA,NA,NA,NA
"1003-Ylendo","LOT01-1003","young_leaf","endophyte","Bromeliaceae","Aechmea","sp","LOT1","1003-Ylendo","LOT01","GTGAATCATCGAATCTTTGAA","TCCTCCGCTTATTGATATGC","gtcacgtc","acacacac",2,1,"C","1003-Ylendo","1003-Ylendo","sample",NA,"11","1","library1",9361,275,"young_leaf","endophyte","Bromeliaceae",TRUE,"too much untargeted",FALSE,TRUE,12988,35256,5661,27919,880,27919,9361,275,NA,NA,NA,NA
"1004-Ylendo","LOT01-1004","young_leaf","endophyte","Bromeliaceae","Wehauria","sp","LOT1","1004-Ylendo","LOT01","GTGAATCATCGAATCTTTGAA","TCCTCCGCTTATTGATATGC","gactgatg","acacacac",2,1,"D","1004-Ylendo","1004-Ylendo","sample",NA,"12","1","library1",14777,833,"young_leaf","endophyte","Bromeliaceae",TRUE,"too much untargeted",FALSE,TRUE,11893,37084,6708,31898,1759,31898,14777,833,NA,NA,NA,NA
"1005-Ylendo","LOT01-1005","young_leaf","endophyte","Bromeliaceae","Aechmea","sp","LOT1","1005-Ylendo","LOT01","GTGAATCATCGAATCTTTGAA","TCCTCCGCTTATTGATATGC","agactatg","acacacac",2,1,"E","1005-Ylendo","1005-Ylendo","sample",NA,"13","1","library1",9657,436,"young_leaf","endophyte","Bromeliaceae",TRUE,"too much untargeted",FALSE,TRUE,11339,38964,5510,33124,1090,33124,9657,436,NA,NA,NA,NA
"1006-Ylendo","LOT01-1006","young_leaf","endophyte","Bromeliaceae","Vriesea_Wehauria","sp","LOT1","1006-Ylendo","LOT01","GTGAATCATCGAATCTTTGAA","TCCTCCGCTTATTGATATGC","gcgtcagc","acacacac",2,1,"F","1006-Ylendo","1006-Ylendo","sample",NA,"14","1","library1",16996,1123,"young_leaf","endophyte","Bromeliaceae",TRUE,"too much untargeted",FALSE,TRUE,19689,57956,9588,47848,2218,47848,16996,1123,NA,NA,NA,NA
"1007-Ylendo","LOT01-1007","young_leaf","endophyte","Bromeliaceae","Wehauria","sp","LOT1","1007-Ylendo","LOT01","GTGAATCATCGAATCTTTGAA","TCCTCCGCTTATTGATATGC","tgacatca","acacacac",2,1,"G","1007-Ylendo","1007-Ylendo","sample",NA,"15","1","library1",9841,733,"young_leaf","endophyte","Bromeliaceae",TRUE,"too much untargeted",FALSE,TRUE,10521,27940,5644,23062,1609,23062,9841,733,NA,NA,NA,NA
"1008-Ylendo","LOT01-1008","young_leaf","endophyte","Bromeliaceae","Wehauria","sp","LOT1","1008-Ylendo","LOT01","GTGAATCATCGAATCTTTGAA","TCCTCCGCTTATTGATATGC","acatgtgt","acacacac",2,1,"H","1008-Ylendo","1008-Ylendo","sample",NA,"16","1","library1",28717,927,"young_leaf","endophyte","Bromeliaceae",TRUE,"too much untargeted",FALSE,TRUE,18775,57544,9369,48134,1995,48134,28717,927,NA,NA,NA,NA
"1001-OLendo","LOT01-1001","old_leaf","endophyte","Bromeliaceae","Wehauria","sp","LOT1","1001-OLendo","LOT01","GTGAATCATCGAATCTTTGAA","TCCTCCGCTTATTGATATGC","atgatcgc","acacacac",3,1,"B","1001-OLendo","1001-OLendo","sample",NA,"18","1","library1",13745,592,"old_leaf","endophyte","Bromeliaceae",TRUE,"too much untargeted",FALSE,TRUE,14003,34954,6570,27511,1327,27511,13745,592,NA,NA,NA,NA
"1002-Olendo","LOT01-1002","old_leaf","endophyte","Bromeliaceae","Guzmania","sp","LOT1","1002-Olendo","LOT01","GTGAATCATCGAATCTTTGAA","TCCTCCGCTTATTGATATGC","acgacgag","acacacac",3,1,"C","1002-Olendo","1002-Olendo","sample",NA,"19","1","library1",17777,734,"old_leaf","endophyte","Bromeliaceae",TRUE,"too much untargeted",FALSE,TRUE,21408,55828,9622,44041,1783,44041,17777,734,NA,NA,NA,NA
"1003-Olendo","LOT01-1003","old_leaf","endophyte","Bromeliaceae","Aechmea","sp","LOT1","1003-Olendo","LOT01","GTGAATCATCGAATCTTTGAA","TCCTCCGCTTATTGATATGC","catcagtc","acacacac",3,1,"D","1003-Olendo","1003-Olendo","sample",NA,"20","1","library1",14225,718,"old_leaf","endophyte","Bromeliaceae",TRUE,"too much untargeted",FALSE,TRUE,20098,54153,9218,43264,1750,43264,14225,718,NA,NA,NA,NA
"1004-Olendo","LOT01-1004","old_leaf","endophyte","Bromeliaceae","Wehauria","sp","LOT1","1004-Olendo","LOT01","GTGAATCATCGAATCTTTGAA","TCCTCCGCTTATTGATATGC","atcagtca","acacacac",3,1,"E","1004-Olendo","1004-Olendo","sample",NA,"21","1","library1",14258,444,"old_leaf","endophyte","Bromeliaceae",TRUE,"too much untargeted",FALSE,TRUE,13298,41425,5934,34059,1239,34059,14258,444,NA,NA,NA,NA
"1005-Olendo","LOT01-1005","old_leaf","endophyte","Bromeliaceae","Aechmea","sp","LOT1","1005-Olendo","LOT01","GTGAATCATCGAATCTTTGAA","TCCTCCGCTTATTGATATGC","tctactga","acacacac",3,1,"F","1005-Olendo","1005-Olendo","sample",NA,"22","1","library1",10425,317,"old_leaf","endophyte","Bromeliaceae",TRUE,"too much untargeted",FALSE,TRUE,8452,22232,3971,17734,678,17734,10425,317,NA,NA,NA,NA
"1006-Olendo","LOT01-1006","old_leaf","endophyte","Bromeliaceae","Vriesea_Wehauria","sp","LOT1","1006-Olendo","LOT01","GTGAATCATCGAATCTTTGAA","TCCTCCGCTTATTGATATGC","gatgatct","acacacac",3,1,"G","1006-Olendo","1006-Olendo","sample",NA,"23","1","library1",27304,1020,"old_leaf","endophyte","Bromeliaceae",TRUE,"too much untargeted",FALSE,TRUE,20826,60008,9734,48913,1978,48913,27304,1020,NA,NA,NA,NA
"1007-Olendo","LOT01-1007","old_leaf","endophyte","Bromeliaceae","Wehauria","sp","LOT1","1007-Olendo","LOT01","GTGAATCATCGAATCTTTGAA","TCCTCCGCTTATTGATATGC","ctgcgtac","acacacac",3,1,"H","1007-Olendo","1007-Olendo","sample",NA,"24","1","library1",23575,742,"old_leaf","endophyte","Bromeliaceae",TRUE,"too much untargeted",FALSE,TRUE,19913,68900,10378,59357,1612,59357,23575,742,NA,NA,NA,NA
"3433-Repi","LOT01-3433","root","epiphyte","Bromeliaceae","Aechmea","sp3433","LOT1","3433-Repi","LOT01","GTGAATCATCGAATCTTTGAA","TCCTCCGCTTATTGATATGC","agcgacta","acacacac",4,1,"A","3433-Repi","3433-Repi","sample",NA,"25","1","library1",13455,348,"root","epiphyte","Bromeliaceae",TRUE,NA,TRUE,TRUE,9638,32572,4392,27326,757,27326,13455,348,"Aechmea","Aechmea mertensii","Bromeliaceae",0
"3436-Repi","LOT01-3436","root","epiphyte","Orchidaceae","Xylobium","sp3436","LOT1","3436-Repi","LOT01","GTGAATCATCGAATCTTTGAA","TCCTCCGCTTATTGATATGC","tcagtgtc","acacacac",4,1,"B","3436-Repi","3436-Repi","sample",NA,"26","1","library1",5305,405,"root","epiphyte","Orchidaceae",TRUE,NA,TRUE,TRUE,6113,17087,3287,14256,782,14256,5305,405,"Xylobium","Xylobium variegatum","Orchidaceae",0
"3437-Repi","LOT01-3437","root","epiphyte","Orchidaceae","Xylobium","sp3437","LOT1","3437-Repi","LOT01","GTGAATCATCGAATCTTTGAA","TCCTCCGCTTATTGATATGC","actctgct","acacacac",4,1,"C","3437-Repi","3437-Repi","sample",NA,"27","1","library1",19964,990,"root","epiphyte","Orchidaceae",TRUE,NA,TRUE,TRUE,13944,37137,7850,31036,1931,31036,19964,990,"Xylobium","Xylobium varicosum","Orchidaceae",0
"3438-Repi","LOT01-3438","root","epiphyte","Orchidaceae","Prosthechea","sp1","LOT1","3438-Repi","LOT01","GTGAATCATCGAATCTTTGAA","TCCTCCGCTTATTGATATGC","atatagcg","acacacac",4,1,"D","3438-Repi","3438-Repi","sample",NA,"28","1","library1",11137,599,"root","epiphyte","Orchidaceae",TRUE,NA,TRUE,TRUE,6534,17304,3952,14717,1119,14717,11137,599,"Prosthechea","Prosthechea fragrans","Orchidaceae",0
"3441-Repi","LOT01-3441","root","epiphyte","Araceae","Syngonium","sp3441","LOT1","3441-Repi","LOT01","GTGAATCATCGAATCTTTGAA","TCCTCCGCTTATTGATATGC","ctatgcta","acacacac",4,1,"E","3441-Repi","3441-Repi","sample",NA,"29","1","library1",17792,609,"root","epiphyte","Araceae",TRUE,NA,TRUE,TRUE,9943,29684,5612,25348,1221,25348,17792,609,"Philodendron","Philodendron applanatum","Araceae",0
"3443-Repi","LOT01-3443","root","epiphyte","Araceae","Anthurium","sp3443","LOT1","3443-Repi","LOT01","GTGAATCATCGAATCTTTGAA","TCCTCCGCTTATTGATATGC","tcgcgctg","acacacac",4,1,"F","3443-Repi","3443-Repi","sample",NA,"30","1","library1",15416,914,"root","epiphyte","Araceae",TRUE,NA,TRUE,TRUE,13190,32948,7187,26937,1897,26937,15416,914,"Anthurium","Anthurium interruptum","Araceae",0
"3444-Repi","LOT01-3444","root","epiphyte","Araceae","Monstera","dubia","LOT1","3444-Repi","LOT01","GTGAATCATCGAATCTTTGAA","TCCTCCGCTTATTGATATGC","agcacagt","acacacac",4,1,"G","3444-Repi","3444-Repi","sample",NA,"31","1","library1",30522,1052,"root","epiphyte","Araceae",TRUE,NA,TRUE,TRUE,15229,48523,8672,41938,2016,41938,30522,1052,"Monstera","Monstera dubia","Araceae",0
"3445-Repi","LOT01-3445","root","epiphyte","Araceae","Anthurium","ernestii","LOT1","3445-Repi","LOT01","GTGAATCATCGAATCTTTGAA","TCCTCCGCTTATTGATATGC","tagctagt","acacacac",4,1,"H","3445-Repi","3445-Repi","sample",NA,"32","1","library1",13974,619,"root","epiphyte","Araceae",TRUE,NA,TRUE,TRUE,7811,23644,4610,20421,1165,20421,13974,619,"Anthurium","Anthurium ernestii","Araceae",0
"1008-Rendo","LOT01-1008","root","endophyte","Bromeliaceae","Wehauria","sp","LOT1","1008-Rendo","LOT01","GTGAATCATCGAATCTTTGAA","TCCTCCGCTTATTGATATGC","acacacac","acagcaca",1,2,"A","1008-Rendo","1008-Rendo","sample",NA,"1","2","library1",44898,528,"root","endophyte","Bromeliaceae",TRUE,NA,TRUE,TRUE,14797,68702,7637,61541,1075,61541,44898,528,NA,NA,NA,NA
"1010-Rendo","LOT01-1010","root","endophyte","Bromeliaceae","Vriesea_Wehauria","sp","LOT1","1010-Rendo","LOT01","GTGAATCATCGAATCTTTGAA","TCCTCCGCTTATTGATATGC","gtgtacat","acagcaca",1,2,"C","1010-Rendo","1010-Rendo","sample",NA,"3","2","library1",37477,372,"root","endophyte","Bromeliaceae",TRUE,NA,TRUE,TRUE,10288,51364,4987,46062,726,46062,37477,372,NA,NA,NA,NA
"1011-Rendo","LOT01-1011","root","endophyte","Bromeliaceae","Wehauria","sp","LOT1","1011-Rendo","LOT01","GTGAATCATCGAATCTTTGAA","TCCTCCGCTTATTGATATGC","tatgtcag","acagcaca",1,2,"D","1011-Rendo","1011-Rendo","sample",NA,"4","2","library1",23726,653,"root","endophyte","Bromeliaceae",TRUE,NA,TRUE,TRUE,11057,37490,5951,32379,1212,32379,23726,653,NA,NA,NA,NA
"1012-Rendo","LOT01-1012","root","endophyte","Bromeliaceae","Wehauria","sp","LOT1","1012-Rendo","LOT01","GTGAATCATCGAATCTTTGAA","TCCTCCGCTTATTGATATGC","tagtcgca","acagcaca",1,2,"E","1012-Rendo","1012-Rendo","sample",NA,"5","2","library1",40244,497,"root","endophyte","Bromeliaceae",TRUE,NA,TRUE,TRUE,11033,48335,5890,43190,944,43190,40244,497,NA,NA,NA,NA
"1013-Rendo","LOT01-1013","root","endophyte","Bromeliaceae","Wehauria","sp","LOT1","1013-Rendo","LOT01","GTGAATCATCGAATCTTTGAA","TCCTCCGCTTATTGATATGC","tactatac","acagcaca",1,2,"F","1013-Rendo","1013-Rendo","sample",NA,"6","2","library1",42331,754,"root","endophyte","Bromeliaceae",TRUE,NA,TRUE,TRUE,10562,54210,5550,49193,1429,49193,42331,754,NA,NA,NA,NA
"1014-Rendo","LOT01-1014","root","endophyte","Bromeliaceae","Vriesea_Wehauria","sp","LOT1","1014-Rendo","LOT01","GTGAATCATCGAATCTTTGAA","TCCTCCGCTTATTGATATGC","actagatc","acagcaca",1,2,"G","1014-Rendo","1014-Rendo","sample",NA,"7","2","library1",16599,239,"root","endophyte","Bromeliaceae",TRUE,NA,TRUE,TRUE,8515,33798,4344,29626,472,29626,16599,239,NA,NA,NA,NA
"1015-Rendo","LOT01-1015","root","endophyte","Bromeliaceae","Wehauria","sp","LOT1","1015-Rendo","LOT01","GTGAATCATCGAATCTTTGAA","TCCTCCGCTTATTGATATGC","gatcgcga","acagcaca",1,2,"H","1015-Rendo","1015-Rendo","sample",NA,"8","2","library1",33979,565,"root","endophyte","Bromeliaceae",TRUE,NA,TRUE,TRUE,10928,45005,5334,39407,1177,39407,33979,565,NA,NA,NA,NA
"1010-Ylendo","LOT01-1010","young_leaf","endophyte","Bromeliaceae","Vriesea_Wehauria","sp","LOT1","1010-Ylendo","LOT01","GTGAATCATCGAATCTTTGAA","TCCTCCGCTTATTGATATGC","cgctctcg","acagcaca",2,2,"A","1010-Ylendo","1010-Ylendo","sample",NA,"9","2","library1",15008,482,"young_leaf","endophyte","Bromeliaceae",TRUE,NA,TRUE,TRUE,13696,36987,5578,28865,937,28865,15008,482,NA,NA,NA,NA
"1012-Ylendo","LOT01-1012","young_leaf","endophyte","Bromeliaceae","Wehauria","sp","LOT1","1012-Ylendo","LOT01","GTGAATCATCGAATCTTTGAA","TCCTCCGCTTATTGATATGC","gtcacgtc","acagcaca",2,2,"C","1012-Ylendo","1012-Ylendo","sample",NA,"11","2","library1",17421,526,"young_leaf","endophyte","Bromeliaceae",TRUE,"too much untargeted",FALSE,TRUE,12185,37873,6506,32186,1198,32186,17421,526,NA,NA,NA,NA
"1013-Ylendo","LOT01-1013","young_leaf","endophyte","Bromeliaceae","Wehauria","sp","LOT1","1013-Ylendo","LOT01","GTGAATCATCGAATCTTTGAA","TCCTCCGCTTATTGATATGC","gactgatg","acagcaca",2,2,"D","1013-Ylendo","1013-Ylendo","sample",NA,"12","2","library1",14326,1028,"young_leaf","endophyte","Bromeliaceae",TRUE,"too much untargeted",FALSE,TRUE,13107,34935,6938,28752,1959,28752,14326,1028,NA,NA,NA,NA
"1014-Ylendo","LOT01-1014","young_leaf","endophyte","Bromeliaceae","Vriesea_Wehauria","sp","LOT1","1014-Ylendo","LOT01","GTGAATCATCGAATCTTTGAA","TCCTCCGCTTATTGATATGC","agactatg","acagcaca",2,2,"E","1014-Ylendo","1014-Ylendo","sample",NA,"13","2","library1",10595,685,"young_leaf","endophyte","Bromeliaceae",TRUE,NA,TRUE,TRUE,8161,25517,4690,22036,1314,22036,10595,685,NA,NA,NA,NA
"1017-Ylendo","LOT01-1017","young_leaf","endophyte","Bromeliaceae","Wehauria","sp","LOT1","1017-Ylendo","LOT01","GTGAATCATCGAATCTTTGAA","TCCTCCGCTTATTGATATGC","acatgtgt","acagcaca",2,2,"H","1017-Ylendo","1017-Ylendo","sample",NA,"16","2","library1",15112,880,"young_leaf","endophyte","Bromeliaceae",TRUE,"too much untargeted",FALSE,TRUE,11884,35205,6559,29879,1719,29879,15112,880,NA,NA,NA,NA
"1008-Olendo","LOT01-1008","old_leaf","endophyte","Bromeliaceae","Wehauria","sp","LOT1","1008-Olendo","LOT01","GTGAATCATCGAATCTTTGAA","TCCTCCGCTTATTGATATGC","gtacgact","acagcaca",3,2,"A","1008-Olendo","1008-Olendo","sample",NA,"17","2","library1",13329,479,"old_leaf","endophyte","Bromeliaceae",TRUE,"too much untargeted",FALSE,TRUE,10382,28104,4921,22643,1024,22643,13329,479,NA,NA,NA,NA
"1010-Olendo","LOT01-1010","old_leaf","endophyte","Bromeliaceae","Vriesea_Wehauria","sp","LOT1","1010-Olendo","LOT01","GTGAATCATCGAATCTTTGAA","TCCTCCGCTTATTGATATGC","acgacgag","acagcaca",3,2,"C","1010-Olendo","1010-Olendo","sample",NA,"19","2","library1",7855,510,"old_leaf","endophyte","Bromeliaceae",TRUE,"too much untargeted",FALSE,TRUE,9862,26772,5147,22053,1093,22053,7855,510,NA,NA,NA,NA
"1011-Olendo","LOT01-1011","old_leaf","endophyte","Bromeliaceae","Wehauria","sp","LOT1","1011-Olendo","LOT01","GTGAATCATCGAATCTTTGAA","TCCTCCGCTTATTGATATGC","catcagtc","acagcaca",3,2,"D","1011-Olendo","1011-Olendo","sample",NA,"20","2","library1",14441,484,"old_leaf","endophyte","Bromeliaceae",TRUE,"too much untargeted",FALSE,TRUE,15107,41939,6433,33201,1165,33201,14441,484,NA,NA,NA,NA
"1013-Olendo","LOT01-1013","old_leaf","endophyte","Bromeliaceae","Wehauria","sp","LOT1","1013-Olendo","LOT01","GTGAATCATCGAATCTTTGAA","TCCTCCGCTTATTGATATGC","tctactga","acagcaca",3,2,"F","1013-Olendo","1013-Olendo","sample",NA,"22","2","library1",26315,712,"old_leaf","endophyte","Bromeliaceae",TRUE,"too much untargeted",FALSE,TRUE,16272,48348,7464,39538,1538,39538,26315,712,NA,NA,NA,NA
"1014-Olendo","LOT01-1014","old_leaf","endophyte","Bromeliaceae","Vriesea_Wehauria","sp","LOT1","1014-Olendo","LOT01","GTGAATCATCGAATCTTTGAA","TCCTCCGCTTATTGATATGC","gatgatct","acagcaca",3,2,"G","1014-Olendo","1014-Olendo","sample",NA,"23","2","library1",7106,650,"old_leaf","endophyte","Bromeliaceae",TRUE,"too much untargeted",FALSE,TRUE,14335,42993,6594,35250,1488,35250,7106,650,NA,NA,NA,NA
"1015-Olendo","LOT01-1015","old_leaf","endophyte","Bromeliaceae","Wehauria","sp","LOT1","1015-Olendo","LOT01","GTGAATCATCGAATCTTTGAA","TCCTCCGCTTATTGATATGC","ctgcgtac","acagcaca",3,2,"H","1015-Olendo","1015-Olendo","sample",NA,"24","2","library1",13279,494,"old_leaf","endophyte","Bromeliaceae",TRUE,"too much untargeted",FALSE,TRUE,15193,41449,6483,32738,1300,32738,13279,494,NA,NA,NA,NA
"3446-Repi","LOT01-3446","root","epiphyte","Araceae","Anthurium","sp3446","LOT1","3446-Repi","LOT01","GTGAATCATCGAATCTTTGAA","TCCTCCGCTTATTGATATGC","agcgacta","acagcaca",4,2,"A","3446-Repi","3446-Repi","sample",NA,"25","2","library1",17775,669,"root","epiphyte","Araceae",TRUE,NA,TRUE,TRUE,10741,30076,5971,25297,1300,25297,17775,669,"Anthurium","Anthurium dombeyanum","Araceae",0
"3448-Repi","LOT01-3448","root","epiphyte","Bromeliaceae","Vriesea","sp3448","LOT1","3448-Repi","LOT01","GTGAATCATCGAATCTTTGAA","TCCTCCGCTTATTGATATGC","tcagtgtc","acagcaca",4,2,"B","3448-Repi","3448-Repi","sample",NA,"26","2","library1",9211,289,"root","epiphyte","Bromeliaceae",TRUE,NA,TRUE,TRUE,6404,19832,3393,16819,615,16819,9211,289,"Werauhia","Werauhia gigantea","Bromeliaceae",0
"3449-Repi","LOT01-3449","root","epiphyte","Bromeliaceae","Catopsis","sp3449","LOT1","3449-Repi","LOT01","GTGAATCATCGAATCTTTGAA","TCCTCCGCTTATTGATATGC","atatagcg","acagcaca",4,2,"D","3449-Repi","3449-Repi","sample",NA,"28","2","library1",12617,603,"root","epiphyte","Bromeliaceae",TRUE,NA,TRUE,TRUE,12209,42059,6783,36626,1264,36626,12617,603,"Mezobromelia","Mezobromelia pleiosticha","Bromeliaceae",0
"3450-Repi","LOT01-3450","root","epiphyte","Araceae","Anthurium","sp3450","LOT1","3450-Repi","LOT01","GTGAATCATCGAATCTTTGAA","TCCTCCGCTTATTGATATGC","ctatgcta","acagcaca",4,2,"E","3450-Repi","3450-Repi","sample",NA,"29","2","library1",18268,694,"root","epiphyte","Araceae",TRUE,NA,TRUE,TRUE,11302,31630,6132,26449,1422,26449,18268,694,"Anthurium","Anthurium trinervium","Araceae",0
"3451-Repi","LOT01-3451","root","epiphyte","Araceae","Philodendron","sp3451","LOT1","3451-Repi","LOT01","GTGAATCATCGAATCTTTGAA","TCCTCCGCTTATTGATATGC","tcgcgctg","acagcaca",4,2,"F","3451-Repi","3451-Repi","sample",NA,"30","2","library1",12941,712,"root","epiphyte","Araceae",TRUE,NA,TRUE,TRUE,8661,22403,4951,18685,1359,18685,12941,712,"Philodendron","Philodendron juninense","Araceae",0
"3457-Repi","LOT01-3457","root","epiphyte","Cyclanthaceae","Sphaeradenia","sp","LOT1","3457-Repi","LOT01","GTGAATCATCGAATCTTTGAA","TCCTCCGCTTATTGATATGC","agcacagt","acagcaca",4,2,"G","3457-Repi","3457-Repi","sample",NA,"31","2","library1",24437,616,"root","epiphyte","Cyclanthaceae",TRUE,NA,TRUE,TRUE,13212,46543,7063,40392,1137,40392,24437,616,"Sphaeradenia","Sphaeradenia angustifolia","Cyclanthaceae",0
"3458-Repi","LOT01-3458","root","epiphyte","Bromeliaceae","Wehauria","gigantea","LOT1","3458-Repi","LOT01","GTGAATCATCGAATCTTTGAA","TCCTCCGCTTATTGATATGC","tagctagt","acagcaca",4,2,"H","3458-Repi","3458-Repi","sample",NA,"32","2","library1",23489,511,"root","epiphyte","Bromeliaceae",TRUE,NA,TRUE,TRUE,10606,36088,5767,31236,902,31236,23489,511,"Werauhia","Werauhia gigantea","Bromeliaceae",0
"1016-Rendo","LOT01-1016","root","endophyte","Bromeliaceae","Wehauria","sp","LOT1","1016-Rendo","LOT01","GTGAATCATCGAATCTTTGAA","TCCTCCGCTTATTGATATGC","acacacac","gtgtacat",1,3,"A","1016-Rendo","1016-Rendo","sample",NA,"1","3","library1",43604,507,"root","endophyte","Bromeliaceae",TRUE,NA,TRUE,TRUE,13663,55168,7788,49291,1024,49291,43604,507,NA,NA,NA,NA
"1017-Rendo","LOT01-1017","root","endophyte","Bromeliaceae","Wehauria","sp","LOT1","1017-Rendo","LOT01","GTGAATCATCGAATCTTTGAA","TCCTCCGCTTATTGATATGC","acagcaca","gtgtacat",1,3,"B","1017-Rendo","1017-Rendo","sample",NA,"2","3","library1",7708,274,"root","endophyte","Bromeliaceae",TRUE,"too much untargeted",FALSE,TRUE,6623,27976,3057,24410,619,24410,7708,274,NA,NA,NA,NA
"1018-Rendo","LOT01-1018","root","endophyte","Bromeliaceae","Vriesea_Wehauria","sp","LOT1","1018-Rendo","LOT01","GTGAATCATCGAATCTTTGAA","TCCTCCGCTTATTGATATGC","tatgtcag","gtgtacat",1,3,"D","1018-Rendo","1018-Rendo","sample",NA,"4","3","library1",22046,263,"root","endophyte","Bromeliaceae",TRUE,NA,TRUE,TRUE,6533,34941,3654,32058,528,32058,22046,263,NA,NA,NA,NA
"1018-Ylendo","LOT01-1018","young_leaf","endophyte","Bromeliaceae","Vriesea_Wehauria","sp","LOT1","1018-Ylendo","LOT01","GTGAATCATCGAATCTTTGAA","TCCTCCGCTTATTGATATGC","cgctctcg","gtgtacat",2,3,"A","1018-Ylendo","1018-Ylendo","sample",NA,"9","3","library1",17719,739,"young_leaf","endophyte","Bromeliaceae",TRUE,NA,TRUE,TRUE,13694,33486,5292,25077,1252,25077,17719,739,NA,NA,NA,NA
"1019-Ylendo","LOT01-1019","young_leaf","endophyte","Bromeliaceae","Vriesea_Wehauria","sp","LOT1","1019-Ylendo","LOT01","GTGAATCATCGAATCTTTGAA","TCCTCCGCTTATTGATATGC","gtcgtaga","gtgtacat",2,3,"B","1019-Ylendo","1019-Ylendo","sample",NA,"10","3","library1",30980,1350,"young_leaf","endophyte","Bromeliaceae",TRUE,NA,TRUE,TRUE,22978,83126,11490,71631,2771,71631,30980,1350,NA,NA,NA,NA
"3433-Ylendo","LOT01-3433","young_leaf","endophyte","Bromeliaceae","Aechmea","sp3433","LOT1","3433-Ylendo","LOT01","GTGAATCATCGAATCTTTGAA","TCCTCCGCTTATTGATATGC","gtcacgtc","gtgtacat",2,3,"C","3433-Ylendo","3433-Ylendo","sample",NA,"11","3","library1",22935,150,"young_leaf","endophyte","Bromeliaceae",TRUE,NA,TRUE,TRUE,3854,27253,2188,25565,348,25565,22935,150,"Aechmea","Aechmea mertensii","Bromeliaceae",0
"3436-Ylendo","LOT01-3436","young_leaf","endophyte","Orchidaceae","Xylobium","sp3436","LOT1","3436-Ylendo","LOT01","GTGAATCATCGAATCTTTGAA","TCCTCCGCTTATTGATATGC","agactatg","gtgtacat",2,3,"E","3436-Ylendo","3436-Ylendo","sample",NA,"13","3","library1",1653,165,"young_leaf","endophyte","Orchidaceae",TRUE,"too much untargeted",FALSE,TRUE,2639,8020,1519,6863,336,6863,1653,165,"Xylobium","Xylobium variegatum","Orchidaceae",0
"3437-Ylendo","LOT01-3437","young_leaf","endophyte","Orchidaceae","Xylobium","sp3437","LOT1","3437-Ylendo","LOT01","GTGAATCATCGAATCTTTGAA","TCCTCCGCTTATTGATATGC","gcgtcagc","gtgtacat",2,3,"F","3437-Ylendo","3437-Ylendo","sample",NA,"14","3","library1",2072,208,"young_leaf","endophyte","Orchidaceae",TRUE,"too much untargeted",FALSE,TRUE,2501,6465,1489,5448,437,5448,2072,208,"Xylobium","Xylobium varicosum","Orchidaceae",0
"1016-Olendo","LOT01-1016","old_leaf","endophyte","Bromeliaceae","Wehauria","sp","LOT1","1016-Olendo","LOT01","GTGAATCATCGAATCTTTGAA","TCCTCCGCTTATTGATATGC","gtacgact","gtgtacat",3,3,"A","1016-Olendo","1016-Olendo","sample",NA,"17","3","library1",16176,644,"old_leaf","endophyte","Bromeliaceae",TRUE,"too much untargeted",FALSE,TRUE,13933,40155,6407,32628,1414,32628,16176,644,NA,NA,NA,NA
"1017-Olendo","LOT01-1017","old_leaf","endophyte","Bromeliaceae","Wehauria","sp","LOT1","1017-Olendo","LOT01","GTGAATCATCGAATCTTTGAA","TCCTCCGCTTATTGATATGC","atgatcgc","gtgtacat",3,3,"B","1017-Olendo","1017-Olendo","sample",NA,"18","3","library1",28686,865,"old_leaf","endophyte","Bromeliaceae",TRUE,"too much untargeted",FALSE,TRUE,18389,56738,9020,47354,1848,47354,28686,865,NA,NA,NA,NA
"1018-Olendo","LOT01-1018","old_leaf","endophyte","Bromeliaceae","Vriesea_Wehauria","sp","LOT1","1018-Olendo","LOT01","GTGAATCATCGAATCTTTGAA","TCCTCCGCTTATTGATATGC","catcagtc","gtgtacat",3,3,"D","1018-Olendo","1018-Olendo","sample",NA,"20","3","library1",17930,473,"old_leaf","endophyte","Bromeliaceae",TRUE,"too much untargeted",FALSE,TRUE,15747,43838,6542,34612,1145,34612,17930,473,NA,NA,NA,NA
"1019-Olendo","LOT01-1019","old_leaf","endophyte","Bromeliaceae","Vriesea_Wehauria","sp","LOT1","1019-Olendo","LOT01","GTGAATCATCGAATCTTTGAA","TCCTCCGCTTATTGATATGC","atcagtca","gtgtacat",3,3,"E","1019-Olendo","1019-Olendo","sample",NA,"21","3","library1",15348,866,"old_leaf","endophyte","Bromeliaceae",TRUE,"too much untargeted",FALSE,TRUE,14884,39733,7556,32381,1924,32381,15348,866,NA,NA,NA,NA
"3433-Olendo","LOT01-3433","old_leaf","endophyte","Bromeliaceae","Aechmea","sp3433","LOT1","3433-Olendo","LOT01","GTGAATCATCGAATCTTTGAA","TCCTCCGCTTATTGATATGC","gatgatct","gtgtacat",3,3,"G","3433-Olendo","3433-Olendo","sample",NA,"23","3","library1",25867,118,"old_leaf","endophyte","Bromeliaceae",TRUE,"too much untargeted",FALSE,TRUE,6692,42545,3577,39412,347,39412,25867,118,"Aechmea","Aechmea mertensii","Bromeliaceae",0
"3436-Olendo","LOT01-3436","old_leaf","endophyte","Orchidaceae","Xylobium","sp3436","LOT1","3436-Olendo","LOT01","GTGAATCATCGAATCTTTGAA","TCCTCCGCTTATTGATATGC","ctgcgtac","gtgtacat",3,3,"H","3436-Olendo","3436-Olendo","sample",NA,"24","3","library1",21549,152,"old_leaf","endophyte","Orchidaceae",TRUE,"too much untargeted",FALSE,TRUE,9121,38819,4713,34402,473,34402,21549,152,"Xylobium","Xylobium variegatum","Orchidaceae",0
"3463-Repi","LOT01-3463","root","epiphyte","Araceae","Philodendron","sp3463","LOT1","3463-Repi","LOT01","GTGAATCATCGAATCTTTGAA","TCCTCCGCTTATTGATATGC","agcgacta","gtgtacat",4,3,"A","3463-Repi","3463-Repi","sample",NA,"25","3","library1",17442,522,"root","epiphyte","Araceae",TRUE,"too much untargeted",FALSE,TRUE,10755,35729,5875,30843,1009,30843,17442,522,"Philodendron","Philodendron asplundii","Araceae",0
"3464-Repi","LOT01-3464","root","epiphyte","Bromeliaceae","Guzmania","sp3464","LOT1","3464-Repi","LOT01","GTGAATCATCGAATCTTTGAA","TCCTCCGCTTATTGATATGC","tcagtgtc","gtgtacat",4,3,"B","3464-Repi","3464-Repi","sample",NA,"26","3","library1",10140,297,"root","epiphyte","Bromeliaceae",TRUE,NA,TRUE,TRUE,5378,17008,3238,14862,591,14862,10140,297,"Guzmania","Guzmania calothyrsus","Bromeliaceae",0
"3465-Repi","LOT01-3465","root","epiphyte","Gesneriaceae","Paradymonia","sp","LOT1","3465-Repi","LOT01","GTGAATCATCGAATCTTTGAA","TCCTCCGCTTATTGATATGC","actctgct","gtgtacat",4,3,"C","3465-Repi","3465-Repi","sample",NA,"27","3","library1",24711,466,"root","epiphyte","Gesneriaceae",TRUE,NA,TRUE,TRUE,12378,42050,6532,36196,922,36196,24711,466,"Paradrymonia","Paradrymonia ciliosa","Gesneriaceae",0
"3470-Repi","LOT01-3470","root","epiphyte","Bromeliaceae","Guzmania","sp3470","LOT1","3470-Repi","LOT01","GTGAATCATCGAATCTTTGAA","TCCTCCGCTTATTGATATGC","atatagcg","gtgtacat",4,3,"D","3470-Repi","3470-Repi","sample",NA,"28","3","library1",16046,543,"root","epiphyte","Bromeliaceae",TRUE,NA,TRUE,TRUE,8506,25536,4896,21894,972,21894,16046,543,"Guzmania","Guzmania confusa","Bromeliaceae",0
"3472-Repi","LOT01-3472","root","epiphyte","Orchidaceae","Encyclia","sp1","LOT1","3472-Repi","LOT01","GTGAATCATCGAATCTTTGAA","TCCTCCGCTTATTGATATGC","ctatgcta","gtgtacat",4,3,"E","3472-Repi","3472-Repi","sample",NA,"29","3","library1",22434,998,"root","epiphyte","Orchidaceae",TRUE,NA,TRUE,TRUE,13857,39814,8103,34013,1934,34013,22434,998,"Prosthechea","Prosthechea pygmaea","Orchidaceae",0
"3479-Repi","LOT01-3479","root","epiphyte","Orchidaceae","Maxillaria","desvauxiana","LOT1","3479-Repi","LOT01","GTGAATCATCGAATCTTTGAA","TCCTCCGCTTATTGATATGC","tcgcgctg","gtgtacat",4,3,"F","3479-Repi","3479-Repi","sample",NA,"30","3","library1",31391,927,"root","epiphyte","Orchidaceae",TRUE,NA,TRUE,TRUE,16204,50236,9095,43118,1778,43118,31391,927,"Maxillaria","Maxillaria desvauxiana","Orchidaceae",0
"4901-Repi","LOT01-4901","root","epiphyte","Orchidaceae","Prosthechea","sp1","LOT1","4901-Repi","LOT01","GTGAATCATCGAATCTTTGAA","TCCTCCGCTTATTGATATGC","agcacagt","gtgtacat",4,3,"G","4901-Repi","4901-Repi","sample",NA,"31","3","library1",30728,918,"root","epiphyte","Orchidaceae",TRUE,NA,TRUE,TRUE,16923,56566,8907,48541,2005,48541,30728,918,NA,NA,NA,NA
"4902-Repi","LOT01-4902","root","epiphyte","Orchidaceae","Prosthechea","sp1","LOT1","4902-Repi","LOT01","GTGAATCATCGAATCTTTGAA","TCCTCCGCTTATTGATATGC","tagctagt","gtgtacat",4,3,"H","4902-Repi","4902-Repi","sample",NA,"32","3","library1",12656,732,"root","epiphyte","Orchidaceae",TRUE,NA,TRUE,TRUE,9543,25601,5617,21667,1498,21667,12656,732,NA,NA,NA,NA
"3437-Rendo","LOT01-3437","root","endophyte","Orchidaceae","Xylobium","sp3437","LOT1","3437-Rendo","LOT01","GTGAATCATCGAATCTTTGAA","TCCTCCGCTTATTGATATGC","acacacac","tatgtcag",1,4,"A","3437-Rendo","3437-Rendo","sample",NA,"1","4","library1",41809,746,"root","endophyte","Orchidaceae",TRUE,NA,TRUE,TRUE,23033,108643,11703,97306,1556,97306,41809,746,"Xylobium","Xylobium varicosum","Orchidaceae",0
"3438-Rendo","LOT01-3438","root","endophyte","Orchidaceae","Prosthechea","sp1","LOT1","3438-Rendo","LOT01","GTGAATCATCGAATCTTTGAA","TCCTCCGCTTATTGATATGC","acagcaca","tatgtcag",1,4,"B","3438-Rendo","3438-Rendo","sample",NA,"2","4","library1",32966,688,"root","endophyte","Orchidaceae",TRUE,NA,TRUE,TRUE,14306,48543,7867,42097,1233,42097,32966,688,"Prosthechea","Prosthechea fragrans","Orchidaceae",0
"3441-Rendo","LOT01-3441","root","endophyte","Araceae","Syngonium","sp3441","LOT1","3441-Rendo","LOT01","GTGAATCATCGAATCTTTGAA","TCCTCCGCTTATTGATATGC","gtgtacat","tatgtcag",1,4,"C","3441-Rendo","3441-Rendo","sample",NA,"3","4","library1",43419,499,"root","endophyte","Araceae",TRUE,NA,TRUE,TRUE,14874,61019,8418,54562,999,54562,43419,499,"Philodendron","Philodendron applanatum","Araceae",0
"3443-Rendo","LOT01-3443","root","endophyte","Araceae","Anthurium","sp3443","LOT1","3443-Rendo","LOT01","GTGAATCATCGAATCTTTGAA","TCCTCCGCTTATTGATATGC","tagtcgca","tatgtcag",1,4,"E","3443-Rendo","3443-Rendo","sample",NA,"5","4","library1",11594,592,"root","endophyte","Araceae",TRUE,NA,TRUE,TRUE,9018,27668,4990,23633,1278,23633,11594,592,"Anthurium","Anthurium interruptum","Araceae",0
"3444-Rendo","LOT01-3444","root","endophyte","Araceae","Monstera","dubia","LOT1","3444-Rendo","LOT01","GTGAATCATCGAATCTTTGAA","TCCTCCGCTTATTGATATGC","tactatac","tatgtcag",1,4,"F","3444-Rendo","3444-Rendo","sample",NA,"6","4","library1",20541,429,"root","endophyte","Araceae",TRUE,NA,TRUE,TRUE,6883,28914,4035,26066,807,26066,20541,429,"Monstera","Monstera dubia","Araceae",0
"3445-Rendo","LOT01-3445","root","endophyte","Araceae","Anthurium","ernestii","LOT1","3445-Rendo","LOT01","GTGAATCATCGAATCTTTGAA","TCCTCCGCTTATTGATATGC","actagatc","tatgtcag",1,4,"G","3445-Rendo","3445-Rendo","sample",NA,"7","4","library1",12416,430,"root","endophyte","Araceae",TRUE,"too much untargeted",FALSE,TRUE,6522,22531,3608,19617,808,19617,12416,430,"Anthurium","Anthurium ernestii","Araceae",0
"3446-Rendo","LOT01-3446","root","endophyte","Araceae","Anthurium","sp3446","LOT1","3446-Rendo","LOT01","GTGAATCATCGAATCTTTGAA","TCCTCCGCTTATTGATATGC","gatcgcga","tatgtcag",1,4,"H","3446-Rendo","3446-Rendo","sample",NA,"8","4","library1",18916,402,"root","endophyte","Araceae",TRUE,NA,TRUE,TRUE,10285,34122,5591,29424,859,29424,18916,402,"Anthurium","Anthurium dombeyanum","Araceae",0
"3443-Ylendo","LOT01-3443","young_leaf","endophyte","Araceae","Anthurium","sp3443","LOT1","3443-Ylendo","LOT01","GTGAATCATCGAATCTTTGAA","TCCTCCGCTTATTGATATGC","cgctctcg","tatgtcag",2,4,"A","3443-Ylendo","3443-Ylendo","sample",NA,"9","4","library1",6472,413,"young_leaf","endophyte","Araceae",TRUE,NA,TRUE,TRUE,9009,19670,3742,14281,855,14281,6472,413,"Anthurium","Anthurium interruptum","Araceae",0
"3444-Ylendo","LOT01-3444","young_leaf","endophyte","Araceae","Monstera","dubia","LOT1","3444-Ylendo","LOT01","GTGAATCATCGAATCTTTGAA","TCCTCCGCTTATTGATATGC","gtcgtaga","tatgtcag",2,4,"B","3444-Ylendo","3444-Ylendo","sample",NA,"10","4","library1",1293,138,"young_leaf","endophyte","Araceae",TRUE,NA,TRUE,TRUE,1311,3404,702,2775,296,2775,1293,138,"Monstera","Monstera dubia","Araceae",0
"3445-Ylendo","LOT01-3445","young_leaf","endophyte","Araceae","Anthurium","ernestii","LOT1","3445-Ylendo","LOT01","GTGAATCATCGAATCTTTGAA","TCCTCCGCTTATTGATATGC","gtcacgtc","tatgtcag",2,4,"C","3445-Ylendo","3445-Ylendo","sample",NA,"11","4","library1",10600,282,"young_leaf","endophyte","Araceae",TRUE,NA,TRUE,TRUE,5242,23738,2566,21011,522,21011,10600,282,"Anthurium","Anthurium ernestii","Araceae",0
"3446-Ylendo","LOT01-3446","young_leaf","endophyte","Araceae","Anthurium","sp3446","LOT1","3446-Ylendo","LOT01","GTGAATCATCGAATCTTTGAA","TCCTCCGCTTATTGATATGC","gactgatg","tatgtcag",2,4,"D","3446-Ylendo","3446-Ylendo","sample",NA,"12","4","library1",744,152,"young_leaf","endophyte","Araceae",TRUE,"too much untargeted",FALSE,TRUE,4050,13034,1735,10428,338,10428,744,152,"Anthurium","Anthurium dombeyanum","Araceae",0
"3448-Ylendo","LOT01-3448","young_leaf","endophyte","Bromeliaceae","Vriesea","sp3448","LOT1","3448-Ylendo","LOT01","GTGAATCATCGAATCTTTGAA","TCCTCCGCTTATTGATATGC","agactatg","tatgtcag",2,4,"E","3448-Ylendo","3448-Ylendo","sample",NA,"13","4","library1",5603,328,"young_leaf","endophyte","Bromeliaceae",TRUE,NA,TRUE,TRUE,2594,8870,1633,7675,556,7675,5603,328,"Werauhia","Werauhia gigantea","Bromeliaceae",0
"3449-Ylendo","LOT01-3449","young_leaf","endophyte","Bromeliaceae","Catopsis","sp3449","LOT1","3449-Ylendo","LOT01","GTGAATCATCGAATCTTTGAA","TCCTCCGCTTATTGATATGC","tgacatca","tatgtcag",2,4,"G","3449-Ylendo","3449-Ylendo","sample",NA,"15","4","library1",13134,466,"young_leaf","endophyte","Bromeliaceae",TRUE,NA,TRUE,TRUE,3778,15712,2423,14331,781,14331,13134,466,"Mezobromelia","Mezobromelia pleiosticha","Bromeliaceae",0
"3450-Ylendo","LOT01-3450","young_leaf","endophyte","Araceae","Anthurium","sp3450","LOT1","3450-Ylendo","LOT01","GTGAATCATCGAATCTTTGAA","TCCTCCGCTTATTGATATGC","acatgtgt","tatgtcag",2,4,"H","3450-Ylendo","3450-Ylendo","sample",NA,"16","4","library1",4765,294,"young_leaf","endophyte","Araceae",TRUE,NA,TRUE,TRUE,2640,7436,1614,6099,552,6099,4765,294,"Anthurium","Anthurium trinervium","Araceae",0
"3437-Olendo","LOT01-3437","old_leaf","endophyte","Orchidaceae","Xylobium","sp3437","LOT1","3437-Olendo","LOT01","GTGAATCATCGAATCTTTGAA","TCCTCCGCTTATTGATATGC","gtacgact","tatgtcag",3,4,"A","3437-Olendo","3437-Olendo","sample",NA,"17","4","library1",11707,227,"old_leaf","endophyte","Orchidaceae",TRUE,"too much untargeted",FALSE,TRUE,10740,41024,4809,35082,592,35082,11707,227,"Xylobium","Xylobium varicosum","Orchidaceae",0
"3438-Olendo","LOT01-3438","old_leaf","endophyte","Orchidaceae","Prosthechea","sp1","LOT1","3438-Olendo","LOT01","GTGAATCATCGAATCTTTGAA","TCCTCCGCTTATTGATATGC","atgatcgc","tatgtcag",3,4,"B","3438-Olendo","3438-Olendo","sample",NA,"18","4","library1",62518,232,"old_leaf","endophyte","Orchidaceae",TRUE,"too much untargeted",FALSE,TRUE,15728,85577,8286,78116,734,78116,62518,232,"Prosthechea","Prosthechea fragrans","Orchidaceae",0
"3441-Olendo","LOT01-3441","old_leaf","endophyte","Araceae","Syngonium","sp3441","LOT1","3441-Olendo","LOT01","GTGAATCATCGAATCTTTGAA","TCCTCCGCTTATTGATATGC","acgacgag","tatgtcag",3,4,"C","3441-Olendo","3441-Olendo","sample",NA,"19","4","library1",6630,122,"old_leaf","endophyte","Araceae",TRUE,"too much untargeted",FALSE,TRUE,5274,15114,2248,12013,295,12013,6630,122,"Philodendron","Philodendron applanatum","Araceae",0
"3443-Olendo","LOT01-3443","old_leaf","endophyte","Araceae","Anthurium","sp3443","LOT1","3443-Olendo","LOT01","GTGAATCATCGAATCTTTGAA","TCCTCCGCTTATTGATATGC","atcagtca","tatgtcag",3,4,"E","3443-Olendo","3443-Olendo","sample",NA,"21","4","library1",5677,267,"old_leaf","endophyte","Araceae",TRUE,"too much untargeted",FALSE,TRUE,6536,21335,3225,17914,621,17914,5677,267,"Anthurium","Anthurium interruptum","Araceae",0
"3444-Olendo","LOT01-3444","old_leaf","endophyte","Araceae","Monstera","dubia","LOT1","3444-Olendo","LOT01","GTGAATCATCGAATCTTTGAA","TCCTCCGCTTATTGATATGC","tctactga","tatgtcag",3,4,"F","3444-Olendo","3444-Olendo","sample",NA,"22","4","library1",10285,334,"old_leaf","endophyte","Araceae",TRUE,"too much untargeted",FALSE,TRUE,5036,21943,2735,19623,718,19623,10285,334,"Monstera","Monstera dubia","Araceae",0
"3445-Olendo","LOT01-3445","old_leaf","endophyte","Araceae","Anthurium","ernestii","LOT1","3445-Olendo","LOT01","GTGAATCATCGAATCTTTGAA","TCCTCCGCTTATTGATATGC","gatgatct","tatgtcag",3,4,"G","3445-Olendo","3445-Olendo","sample",NA,"23","4","library1",29189,369,"old_leaf","endophyte","Araceae",TRUE,"too much untargeted",FALSE,TRUE,10961,44776,5618,39428,813,39428,29189,369,"Anthurium","Anthurium ernestii","Araceae",0
"3446-Olendo","LOT01-3446","old_leaf","endophyte","Araceae","Anthurium","sp3446","LOT1","3446-Olendo","LOT01","GTGAATCATCGAATCTTTGAA","TCCTCCGCTTATTGATATGC","ctgcgtac","tatgtcag",3,4,"H","3446-Olendo","3446-Olendo","sample",NA,"24","4","library1",20981,353,"old_leaf","endophyte","Araceae",TRUE,"too much untargeted",FALSE,TRUE,14561,50462,6817,42707,805,42707,20981,353,"Anthurium","Anthurium dombeyanum","Araceae",0
"4903-Repi","LOT01-4903","root","epiphyte","Orchidaceae","Prosthechea","sp1","LOT1","4903-Repi","LOT01","GTGAATCATCGAATCTTTGAA","TCCTCCGCTTATTGATATGC","agcgacta","tatgtcag",4,4,"A","4903-Repi","4903-Repi","sample",NA,"25","4","library1",38242,863,"root","epiphyte","Orchidaceae",TRUE,NA,TRUE,TRUE,17242,58323,9352,50423,1715,50423,38242,863,NA,NA,NA,NA
"4904-Repi","LOT01-4904","root","epiphyte","Araceae","Stenospermation","sp3414","LOT1","4904-Repi","LOT01","GTGAATCATCGAATCTTTGAA","TCCTCCGCTTATTGATATGC","actctgct","tatgtcag",4,4,"C","4904-Repi","4904-Repi","sample",NA,"27","4","library1",22511,503,"root","epiphyte","Araceae",TRUE,NA,TRUE,TRUE,7146,31850,4353,29057,924,29057,22511,503,NA,NA,NA,NA
"4905-Repi","LOT01-4905","root","epiphyte","Bromeliaceae","Catopsis","sp1","LOT1","4905-Repi","LOT01","GTGAATCATCGAATCTTTGAA","TCCTCCGCTTATTGATATGC","atatagcg","tatgtcag",4,4,"D","4905-Repi","4905-Repi","sample",NA,"28","4","library1",32343,564,"root","epiphyte","Bromeliaceae",TRUE,NA,TRUE,TRUE,15015,58284,7911,51172,1070,51172,32343,564,NA,NA,NA,NA
"4906-Repi","LOT01-4906","root","epiphyte","Araceae","Anthurium","Anthurium ernestii","LOT1","4906-Repi","LOT01","GTGAATCATCGAATCTTTGAA","TCCTCCGCTTATTGATATGC","ctatgcta","tatgtcag",4,4,"E","4906-Repi","4906-Repi","sample",NA,"29","4","library1",26104,1084,"root","epiphyte","Araceae",TRUE,NA,TRUE,TRUE,15192,44332,8356,37485,2141,37485,26104,1084,NA,NA,NA,NA
"4910-Repi","LOT01-4910","root","epiphyte","Cyclanthaceae","Sphaeradenia","sp3457","LOT1","4910-Repi","LOT01","GTGAATCATCGAATCTTTGAA","TCCTCCGCTTATTGATATGC","tcgcgctg","tatgtcag",4,4,"F","4910-Repi","4910-Repi","sample",NA,"30","4","library1",25894,672,"root","epiphyte","Cyclanthaceae",TRUE,NA,TRUE,TRUE,5946,33313,3971,31309,1140,31309,25894,672,NA,NA,NA,NA
"4911-Repi","LOT01-4911","root","epiphyte","Cyclanthaceae","Sphaeradenia","sp3457","LOT1","4911-Repi","LOT01","GTGAATCATCGAATCTTTGAA","TCCTCCGCTTATTGATATGC","agcacagt","tatgtcag",4,4,"G","4911-Repi","4911-Repi","sample",NA,"31","4","library1",53439,1087,"root","epiphyte","Cyclanthaceae",TRUE,NA,TRUE,TRUE,17154,71799,9970,64603,1927,64603,53439,1087,NA,NA,NA,NA
"4912-Repi","LOT01-4912","root","epiphyte","Araceae","Monstera","sp4912","LOT1","4912-Repi","LOT01","GTGAATCATCGAATCTTTGAA","TCCTCCGCTTATTGATATGC","tagctagt","tatgtcag",4,4,"H","4912-Repi","4912-Repi","sample",NA,"32","4","library1",26406,569,"root","epiphyte","Araceae",TRUE,NA,TRUE,TRUE,10500,36618,6013,32115,961,32115,26406,569,NA,NA,NA,NA
"3448-Rendo","LOT01-3448","root","endophyte","Bromeliaceae","Vriesea","sp3448","LOT1","3448-Rendo","LOT01","GTGAATCATCGAATCTTTGAA","TCCTCCGCTTATTGATATGC","acacacac","tagtcgca",1,5,"A","3448-Rendo","3448-Rendo","sample",NA,"1","5","library1",10585,152,"root","endophyte","Bromeliaceae",TRUE,NA,TRUE,TRUE,9869,32608,3954,26688,342,26688,10585,152,"Werauhia","Werauhia gigantea","Bromeliaceae",0
"3449-Rendo","LOT01-3449","root","endophyte","Bromeliaceae","Catopsis","sp3449","LOT1","3449-Rendo","LOT01","GTGAATCATCGAATCTTTGAA","TCCTCCGCTTATTGATATGC","acagcaca","tagtcgca",1,5,"B","3449-Rendo","3449-Rendo","sample",NA,"2","5","library1",14931,300,"root","endophyte","Bromeliaceae",TRUE,NA,TRUE,TRUE,9037,41972,5004,37939,621,37939,14931,300,"Mezobromelia","Mezobromelia pleiosticha","Bromeliaceae",0
"3450-Rendo","LOT01-3450","root","endophyte","Araceae","Anthurium","sp3450","LOT1","3450-Rendo","LOT01","GTGAATCATCGAATCTTTGAA","TCCTCCGCTTATTGATATGC","tatgtcag","tagtcgca",1,5,"D","3450-Rendo","3450-Rendo","sample",NA,"4","5","library1",21554,159,"root","endophyte","Araceae",TRUE,NA,TRUE,TRUE,5390,31846,3235,29687,336,29687,21554,159,"Anthurium","Anthurium trinervium","Araceae",0
"3451-Rendo","LOT01-3451","root","endophyte","Araceae","Philodendron","sp3451","LOT1","3451-Rendo","LOT01","GTGAATCATCGAATCTTTGAA","TCCTCCGCTTATTGATATGC","tactatac","tagtcgca",1,5,"F","3451-Rendo","3451-Rendo","sample",NA,"6","5","library1",14441,117,"root","endophyte","Araceae",TRUE,NA,TRUE,TRUE,5098,21717,2927,19540,249,19540,14441,117,"Philodendron","Philodendron juninense","Araceae",0
"3457-Rendo","LOT01-3457","root","endophyte","Cyclanthaceae","Sphaeradenia","sp","LOT1","3457-Rendo","LOT01","GTGAATCATCGAATCTTTGAA","TCCTCCGCTTATTGATATGC","actagatc","tagtcgca",1,5,"G","3457-Rendo","3457-Rendo","sample",NA,"7","5","library1",25773,147,"root","endophyte","Cyclanthaceae",TRUE,NA,TRUE,TRUE,6996,37483,4190,34675,318,34675,25773,147,"Sphaeradenia","Sphaeradenia angustifolia","Cyclanthaceae",0
"3458-Rendo","LOT01-3458","root","endophyte","Bromeliaceae","Wehauria","gigantea","LOT1","3458-Rendo","LOT01","GTGAATCATCGAATCTTTGAA","TCCTCCGCTTATTGATATGC","gatcgcga","tagtcgca",1,5,"H","3458-Rendo","3458-Rendo","sample",NA,"8","5","library1",33158,229,"root","endophyte","Bromeliaceae",TRUE,NA,TRUE,TRUE,10648,50234,5408,44987,506,44987,33158,229,"Werauhia","Werauhia gigantea","Bromeliaceae",0
"3457-Ylendo","LOT01-3457","young_leaf","endophyte","Cyclanthaceae","Sphaeradenia","sp","LOT1","3457-Ylendo","LOT01","GTGAATCATCGAATCTTTGAA","TCCTCCGCTTATTGATATGC","gtcgtaga","tagtcgca",2,5,"B","3457-Ylendo","3457-Ylendo","sample",NA,"10","5","library1",4850,316,"young_leaf","endophyte","Cyclanthaceae",TRUE,NA,TRUE,TRUE,2158,7422,1315,6492,562,6492,4850,316,"Sphaeradenia","Sphaeradenia angustifolia","Cyclanthaceae",0
"3458-Ylendo","LOT01-3458","young_leaf","endophyte","Bromeliaceae","Wehauria","gigantea","LOT1","3458-Ylendo","LOT01","GTGAATCATCGAATCTTTGAA","TCCTCCGCTTATTGATATGC","gtcacgtc","tagtcgca",2,5,"C","3458-Ylendo","3458-Ylendo","sample",NA,"11","5","library1",13443,240,"young_leaf","endophyte","Bromeliaceae",TRUE,NA,TRUE,TRUE,4138,17355,2577,15761,420,15761,13443,240,"Werauhia","Werauhia gigantea","Bromeliaceae",0
"3464-Ylendo","LOT01-3464","young_leaf","endophyte","Bromeliaceae","Guzmania","sp3464","LOT1","3464-Ylendo","LOT01","GTGAATCATCGAATCTTTGAA","TCCTCCGCTTATTGATATGC","agactatg","tagtcgca",2,5,"E","3464-Ylendo","3464-Ylendo","sample",NA,"13","5","library1",16741,200,"young_leaf","endophyte","Bromeliaceae",TRUE,NA,TRUE,TRUE,4882,21055,2491,18634,345,18634,16741,200,"Guzmania","Guzmania calothyrsus","Bromeliaceae",0
"3465-Ylendo","LOT01-3465","young_leaf","endophyte","Gesneriaceae","Paradymonia","sp","LOT1","3465-Ylendo","LOT01","GTGAATCATCGAATCTTTGAA","TCCTCCGCTTATTGATATGC","gcgtcagc","tagtcgca",2,5,"F","3465-Ylendo","3465-Ylendo","sample",NA,"14","5","library1",2869,90,"young_leaf","endophyte","Gesneriaceae",TRUE,"too much untargeted",FALSE,TRUE,4207,23503,1917,21208,202,21208,2869,90,"Paradrymonia","Paradrymonia ciliosa","Gesneriaceae",0
"3470-Ylendo","LOT01-3470","young_leaf","endophyte","Bromeliaceae","Guzmania","sp3470","LOT1","3470-Ylendo","LOT01","GTGAATCATCGAATCTTTGAA","TCCTCCGCTTATTGATATGC","acatgtgt","tagtcgca",2,5,"H","3470-Ylendo","3470-Ylendo","sample",NA,"16","5","library1",7277,471,"young_leaf","endophyte","Bromeliaceae",TRUE,"too much untargeted",FALSE,TRUE,4212,11756,2603,10043,812,10043,7277,471,"Guzmania","Guzmania confusa","Bromeliaceae",0
"3448-Olendo","LOT01-3448","old_leaf","endophyte","Bromeliaceae","Vriesea","sp3448","LOT1","3448-Olendo","LOT01","GTGAATCATCGAATCTTTGAA","TCCTCCGCTTATTGATATGC","atgatcgc","tagtcgca",3,5,"B","3448-Olendo","3448-Olendo","sample",NA,"18","5","library1",13501,145,"old_leaf","endophyte","Bromeliaceae",TRUE,NA,TRUE,TRUE,5019,20420,2629,18025,390,18025,13501,145,"Werauhia","Werauhia gigantea","Bromeliaceae",0
"3449-Olendo","LOT01-3449","old_leaf","endophyte","Bromeliaceae","Catopsis","sp3449","LOT1","3449-Olendo","LOT01","GTGAATCATCGAATCTTTGAA","TCCTCCGCTTATTGATATGC","acgacgag","tagtcgca",3,5,"C","3449-Olendo","3449-Olendo","sample",NA,"19","5","library1",10265,226,"old_leaf","endophyte","Bromeliaceae",TRUE,NA,TRUE,TRUE,3825,13918,2262,12296,373,12296,10265,226,"Mezobromelia","Mezobromelia pleiosticha","Bromeliaceae",0
"3450-Olendo","LOT01-3450","old_leaf","endophyte","Araceae","Anthurium","sp3450","LOT1","3450-Olendo","LOT01","GTGAATCATCGAATCTTTGAA","TCCTCCGCTTATTGATATGC","catcagtc","tagtcgca",3,5,"D","3450-Olendo","3450-Olendo","sample",NA,"20","5","library1",5601,261,"old_leaf","endophyte","Araceae",TRUE,"too much untargeted",FALSE,TRUE,6101,18430,2949,15100,541,15100,5601,261,"Anthurium","Anthurium trinervium","Araceae",0
"3451-Olendo","LOT01-3451","old_leaf","endophyte","Araceae","Philodendron","sp3451","LOT1","3451-Olendo","LOT01","GTGAATCATCGAATCTTTGAA","TCCTCCGCTTATTGATATGC","tctactga","tagtcgca",3,5,"F","3451-Olendo","3451-Olendo","sample",NA,"22","5","library1",21662,255,"old_leaf","endophyte","Araceae",TRUE,NA,TRUE,TRUE,5265,28476,2884,25894,572,25894,21662,255,"Philodendron","Philodendron juninense","Araceae",0
"3457-Olendo","LOT01-3457","old_leaf","endophyte","Cyclanthaceae","Sphaeradenia","sp","LOT1","3457-Olendo","LOT01","GTGAATCATCGAATCTTTGAA","TCCTCCGCTTATTGATATGC","gatgatct","tagtcgca",3,5,"G","3457-Olendo","3457-Olendo","sample",NA,"23","5","library1",9352,329,"old_leaf","endophyte","Cyclanthaceae",TRUE,"too much untargeted",FALSE,TRUE,6960,21124,3625,17775,765,17775,9352,329,"Sphaeradenia","Sphaeradenia angustifolia","Cyclanthaceae",0
"3458-Olendo","LOT01-3458","old_leaf","endophyte","Bromeliaceae","Wehauria","gigantea","LOT1","3458-Olendo","LOT01","GTGAATCATCGAATCTTTGAA","TCCTCCGCTTATTGATATGC","ctgcgtac","tagtcgca",3,5,"H","3458-Olendo","3458-Olendo","sample",NA,"24","5","library1",15730,155,"old_leaf","endophyte","Bromeliaceae",TRUE,NA,TRUE,TRUE,4299,20900,1926,18357,311,18357,15730,155,"Werauhia","Werauhia gigantea","Bromeliaceae",0
"4913-Repi","LOT01-4913","root","epiphyte","Araceae","Philodendron","sp3463","LOT1","4913-Repi","LOT01","GTGAATCATCGAATCTTTGAA","TCCTCCGCTTATTGATATGC","agcgacta","tagtcgca",4,5,"A","4913-Repi","4913-Repi","sample",NA,"25","5","library1",22707,789,"root","epiphyte","Araceae",TRUE,NA,TRUE,TRUE,13810,40912,8011,35100,1600,35100,22707,789,NA,NA,NA,NA
"4914-Repi","LOT01-4914","root","epiphyte","Araceae","Guzmania","sp3464","LOT1","4914-Repi","LOT01","GTGAATCATCGAATCTTTGAA","TCCTCCGCTTATTGATATGC","tcagtgtc","tagtcgca",4,5,"B","4914-Repi","4914-Repi","sample",NA,"26","5","library1",14992,386,"root","epiphyte","Araceae",TRUE,NA,TRUE,TRUE,6067,21763,3578,19272,822,19272,14992,386,NA,NA,NA,NA
"4915-Repi","LOT01-4915","root","epiphyte","Gesneriaceae","Paradymonia","sp","LOT1","4915-Repi","LOT01","GTGAATCATCGAATCTTTGAA","TCCTCCGCTTATTGATATGC","actctgct","tagtcgca",4,5,"C","4915-Repi","4915-Repi","sample",NA,"27","5","library1",14530,351,"root","epiphyte","Gesneriaceae",TRUE,NA,TRUE,TRUE,6341,21749,4048,19450,715,19450,14530,351,NA,NA,NA,NA
"4916-Repi","LOT01-4916","root","epiphyte","Orchidaceae","Prosthechea","sp1","LOT1","4916-Repi","LOT01","GTGAATCATCGAATCTTTGAA","TCCTCCGCTTATTGATATGC","atatagcg","tagtcgca",4,5,"D","4916-Repi","4916-Repi","sample",NA,"28","5","library1",14566,743,"root","epiphyte","Orchidaceae",TRUE,NA,TRUE,TRUE,8174,21837,5110,18771,1407,18771,14566,743,NA,NA,NA,NA
"4917-Repi","LOT01-4917","root","epiphyte","Orchidaceae","Prosthechea","sp1","LOT1","4917-Repi","LOT01","GTGAATCATCGAATCTTTGAA","TCCTCCGCTTATTGATATGC","ctatgcta","tagtcgca",4,5,"E","4917-Repi","4917-Repi","sample",NA,"29","5","library1",27360,825,"root","epiphyte","Orchidaceae",TRUE,NA,TRUE,TRUE,12775,40161,7024,34397,1719,34397,27360,825,NA,NA,NA,NA
"4918-Repi","LOT01-4918","root","epiphyte","Orchidaceae","Prosthechea","sp1","LOT1","4918-Repi","LOT01","GTGAATCATCGAATCTTTGAA","TCCTCCGCTTATTGATATGC","tcgcgctg","tagtcgca",4,5,"F","4918-Repi","4918-Repi","sample",NA,"30","5","library1",22326,791,"root","epiphyte","Orchidaceae",TRUE,NA,TRUE,TRUE,11133,36547,6796,32199,1647,32199,22326,791,NA,NA,NA,NA
"4919-Repi","LOT01-4919","root","epiphyte","Araceae","Stenospermation","sp3414","LOT1","4919-Repi","LOT01","GTGAATCATCGAATCTTTGAA","TCCTCCGCTTATTGATATGC","agcacagt","tagtcgca",4,5,"G","4919-Repi","4919-Repi","sample",NA,"31","5","library1",14959,436,"root","epiphyte","Araceae",TRUE,NA,TRUE,TRUE,7217,22347,4454,19572,859,19572,14959,436,NA,NA,NA,NA
"4920-Repi","LOT01-4920","root","epiphyte","Araceae","Stenospermation","sp3414","LOT1","4920-Repi","LOT01","GTGAATCATCGAATCTTTGAA","TCCTCCGCTTATTGATATGC","tagctagt","tagtcgca",4,5,"H","4920-Repi","4920-Repi","sample",NA,"32","5","library1",13713,606,"root","epiphyte","Araceae",TRUE,"too much untargeted",FALSE,TRUE,7842,23719,4593,20419,1158,20419,13713,606,NA,NA,NA,NA
"3463-Rendo","LOT01-3463","root","endophyte","Araceae","Philodendron","sp3463","LOT1","3463-Rendo","LOT01","GTGAATCATCGAATCTTTGAA","TCCTCCGCTTATTGATATGC","acacacac","tactatac",1,6,"A","3463-Rendo","3463-Rendo","sample",NA,"1","6","library1",30042,317,"root","endophyte","Araceae",TRUE,"too much untargeted",FALSE,TRUE,9803,47919,5957,43994,653,43994,30042,317,"Philodendron","Philodendron asplundii","Araceae",0
"3464-Rendo","LOT01-3464","root","endophyte","Bromeliaceae","Guzmania","sp3464","LOT1","3464-Rendo","LOT01","GTGAATCATCGAATCTTTGAA","TCCTCCGCTTATTGATATGC","gtgtacat","tactatac",1,6,"C","3464-Rendo","3464-Rendo","sample",NA,"3","6","library1",35180,242,"root","endophyte","Bromeliaceae",TRUE,NA,TRUE,TRUE,11209,51469,6106,46341,529,46341,35180,242,"Guzmania","Guzmania calothyrsus","Bromeliaceae",0
"3465-Rendo","LOT01-3465","root","endophyte","Gesneriaceae","Paradymonia","sp","LOT1","3465-Rendo","LOT01","GTGAATCATCGAATCTTTGAA","TCCTCCGCTTATTGATATGC","tatgtcag","tactatac",1,6,"D","3465-Rendo","3465-Rendo","sample",NA,"4","6","library1",56284,194,"root","endophyte","Gesneriaceae",TRUE,"too much untargeted",FALSE,TRUE,18941,94059,9148,84216,509,84216,56284,194,"Paradrymonia","Paradrymonia ciliosa","Gesneriaceae",0
"3470-Rendo","LOT01-3470","root","endophyte","Bromeliaceae","Guzmania","sp3470","LOT1","3470-Rendo","LOT01","GTGAATCATCGAATCTTTGAA","TCCTCCGCTTATTGATATGC","tagtcgca","tactatac",1,6,"E","3470-Rendo","3470-Rendo","sample",NA,"5","6","library1",19518,369,"root","endophyte","Bromeliaceae",TRUE,"too much untargeted",FALSE,TRUE,11824,43372,5760,37279,796,37279,19518,369,"Guzmania","Guzmania confusa","Bromeliaceae",0
"3472-Rendo","LOT01-3472","root","endophyte","Orchidaceae","Encyclia","sp1","LOT1","3472-Rendo","LOT01","GTGAATCATCGAATCTTTGAA","TCCTCCGCTTATTGATATGC","actagatc","tactatac",1,6,"G","3472-Rendo","3472-Rendo","sample",NA,"7","6","library1",53619,782,"root","endophyte","Orchidaceae",TRUE,NA,TRUE,TRUE,16836,73531,9077,65721,1445,65721,53619,782,"Prosthechea","Prosthechea pygmaea","Orchidaceae",0
"3479-Rendo","LOT01-3479","root","endophyte","Orchidaceae","Maxillaria","desvauxiana","LOT1","3479-Rendo","LOT01","GTGAATCATCGAATCTTTGAA","TCCTCCGCTTATTGATATGC","gatcgcga","tactatac",1,6,"H","3479-Rendo","3479-Rendo","sample",NA,"8","6","library1",65384,718,"root","endophyte","Orchidaceae",TRUE,NA,TRUE,TRUE,20457,91152,10964,81600,1368,81600,65384,718,"Maxillaria","Maxillaria desvauxiana","Orchidaceae",0
"3472-Ylendo","LOT01-3472","young_leaf","endophyte","Orchidaceae","Encyclia","sp1","LOT1","3472-Ylendo","LOT01","GTGAATCATCGAATCTTTGAA","TCCTCCGCTTATTGATATGC","cgctctcg","tactatac",2,6,"A","3472-Ylendo","3472-Ylendo","sample",NA,"9","6","library1",5545,352,"young_leaf","endophyte","Orchidaceae",TRUE,NA,TRUE,TRUE,5481,12275,2453,9203,676,9203,5545,352,"Prosthechea","Prosthechea pygmaea","Orchidaceae",0
"3479-Ylendo","LOT01-3479","young_leaf","endophyte","Orchidaceae","Maxillaria","desvauxiana","LOT1","3479-Ylendo","LOT01","GTGAATCATCGAATCTTTGAA","TCCTCCGCTTATTGATATGC","gtcgtaga","tactatac",2,6,"B","3479-Ylendo","3479-Ylendo","sample",NA,"10","6","library1",7445,343,"young_leaf","endophyte","Orchidaceae",TRUE,"too much untargeted",FALSE,TRUE,5561,16432,2951,13231,658,13231,7445,343,"Maxillaria","Maxillaria desvauxiana","Orchidaceae",0
"4901-Ylendo","LOT01-4901","young_leaf","endophyte","Orchidaceae","Prosthechea","sp1","LOT1","4901-Ylendo","LOT01","GTGAATCATCGAATCTTTGAA","TCCTCCGCTTATTGATATGC","gtcacgtc","tactatac",2,6,"C","4901-Ylendo","4901-Ylendo","sample",NA,"11","6","library1",17927,386,"young_leaf","endophyte","Orchidaceae",TRUE,NA,TRUE,TRUE,5088,24396,2963,21678,700,21678,17927,386,NA,NA,NA,NA
"4902-Ylendo","LOT01-4902","young_leaf","endophyte","Orchidaceae","Prosthechea","sp1","LOT1","4902-Ylendo","LOT01","GTGAATCATCGAATCTTTGAA","TCCTCCGCTTATTGATATGC","gactgatg","tactatac",2,6,"D","4902-Ylendo","4902-Ylendo","sample",NA,"12","6","library1",21298,396,"young_leaf","endophyte","Orchidaceae",TRUE,NA,TRUE,TRUE,5644,27576,3407,24945,780,24945,21298,396,NA,NA,NA,NA
"4903-Ylendo","LOT01-4903","young_leaf","endophyte","Orchidaceae","Prosthechea","sp1","LOT1","4903-Ylendo","LOT01","GTGAATCATCGAATCTTTGAA","TCCTCCGCTTATTGATATGC","agactatg","tactatac",2,6,"E","4903-Ylendo","4903-Ylendo","sample",NA,"13","6","library1",34725,146,"young_leaf","endophyte","Orchidaceae",TRUE,NA,TRUE,TRUE,5524,39111,3206,36682,407,36682,34725,146,NA,NA,NA,NA
"4904-Ylendo","LOT01-4904","young_leaf","endophyte","Araceae","Stenospermation","sp3414","LOT1","4904-Ylendo","LOT01","GTGAATCATCGAATCTTTGAA","TCCTCCGCTTATTGATATGC","gcgtcagc","tactatac",2,6,"F","4904-Ylendo","4904-Ylendo","sample",NA,"14","6","library1",4060,210,"young_leaf","endophyte","Araceae",TRUE,NA,TRUE,TRUE,1692,5672,1104,4822,426,4822,4060,210,NA,NA,NA,NA
"4906-Ylendo","LOT01-4906","young_leaf","endophyte","Araceae","Anthurium","Anthurium ernestii","LOT1","4906-Ylendo","LOT01","GTGAATCATCGAATCTTTGAA","TCCTCCGCTTATTGATATGC","tgacatca","tactatac",2,6,"G","4906-Ylendo","4906-Ylendo","sample",NA,"15","6","library1",18315,304,"young_leaf","endophyte","Araceae",TRUE,NA,TRUE,TRUE,6167,23725,3440,20836,553,20836,18315,304,NA,NA,NA,NA
"4910-Ylendo","LOT01-4910","young_leaf","endophyte","Cyclanthaceae","Sphaeradenia","sp3457","LOT1","4910-Ylendo","LOT01","GTGAATCATCGAATCTTTGAA","TCCTCCGCTTATTGATATGC","acatgtgt","tactatac",2,6,"H","4910-Ylendo","4910-Ylendo","sample",NA,"16","6","library1",8595,244,"young_leaf","endophyte","Cyclanthaceae",TRUE,NA,TRUE,TRUE,3816,12552,2054,10308,455,10308,8595,244,NA,NA,NA,NA
"3463-Olendo","LOT01-3463","old_leaf","endophyte","Araceae","Philodendron","sp3463","LOT1","3463-Olendo","LOT01","GTGAATCATCGAATCTTTGAA","TCCTCCGCTTATTGATATGC","gtacgact","tactatac",3,6,"A","3463-Olendo","3463-Olendo","sample",NA,"17","6","library1",4611,208,"old_leaf","endophyte","Araceae",TRUE,"too much untargeted",FALSE,TRUE,2438,9306,1444,8119,484,8119,4611,208,"Philodendron","Philodendron asplundii","Araceae",0
"3464-Olendo","LOT01-3464","old_leaf","endophyte","Bromeliaceae","Guzmania","sp3464","LOT1","3464-Olendo","LOT01","GTGAATCATCGAATCTTTGAA","TCCTCCGCTTATTGATATGC","atgatcgc","tactatac",3,6,"B","3464-Olendo","3464-Olendo","sample",NA,"18","6","library1",12680,567,"old_leaf","endophyte","Bromeliaceae",TRUE,"too much untargeted",FALSE,TRUE,6135,22554,3535,19874,993,19874,12680,567,"Guzmania","Guzmania calothyrsus","Bromeliaceae",0
"3465-Olendo","LOT01-3465","old_leaf","endophyte","Gesneriaceae","Paradymonia","sp","LOT1","3465-Olendo","LOT01","GTGAATCATCGAATCTTTGAA","TCCTCCGCTTATTGATATGC","acgacgag","tactatac",3,6,"C","3465-Olendo","3465-Olendo","sample",NA,"19","6","library1",3486,184,"old_leaf","endophyte","Gesneriaceae",TRUE,"too much untargeted",FALSE,TRUE,6740,28994,3158,25351,504,25351,3486,184,"Paradrymonia","Paradrymonia ciliosa","Gesneriaceae",0
"3470-Olendo","LOT01-3470","old_leaf","endophyte","Bromeliaceae","Guzmania","sp3470","LOT1","3470-Olendo","LOT01","GTGAATCATCGAATCTTTGAA","TCCTCCGCTTATTGATATGC","catcagtc","tactatac",3,6,"D","3470-Olendo","3470-Olendo","sample",NA,"20","6","library1",6524,230,"old_leaf","endophyte","Bromeliaceae",TRUE,"too much untargeted",FALSE,TRUE,6962,19606,3378,15840,617,15840,6524,230,"Guzmania","Guzmania confusa","Bromeliaceae",0
"3472-Olendo","LOT01-3472","old_leaf","endophyte","Orchidaceae","Encyclia","sp1","LOT1","3472-Olendo","LOT01","GTGAATCATCGAATCTTTGAA","TCCTCCGCTTATTGATATGC","gatgatct","tactatac",3,6,"G","3472-Olendo","3472-Olendo","sample",NA,"23","6","library1",24327,622,"old_leaf","endophyte","Orchidaceae",TRUE,NA,TRUE,TRUE,14707,53850,7271,46375,1237,46375,24327,622,"Prosthechea","Prosthechea pygmaea","Orchidaceae",0
"3479-Olendo","LOT01-3479","old_leaf","endophyte","Orchidaceae","Maxillaria","desvauxiana","LOT1","3479-Olendo","LOT01","GTGAATCATCGAATCTTTGAA","TCCTCCGCTTATTGATATGC","ctgcgtac","tactatac",3,6,"H","3479-Olendo","3479-Olendo","sample",NA,"24","6","library1",13259,156,"old_leaf","endophyte","Orchidaceae",TRUE,NA,TRUE,TRUE,3256,16869,1892,15043,417,15043,13259,156,"Maxillaria","Maxillaria desvauxiana","Orchidaceae",0
"4921-Repi","LOT01-49221","root","epiphyte","Gesneriaceae","Paradymonia","sp","LOT1","4921-Repi","LOT01","GTGAATCATCGAATCTTTGAA","TCCTCCGCTTATTGATATGC","agcgacta","tactatac",4,6,"A","4921-Repi","4921-Repi","sample",NA,"25","6","library1",17728,535,"root","epiphyte","Gesneriaceae",TRUE,NA,TRUE,TRUE,12082,39197,6709,33776,1040,33776,17728,535,NA,NA,NA,NA
"4922-Repi","LOT01-4922","root","epiphyte","Orchidaceae","Elleanthus","sp4922","LOT1","4922-Repi","LOT01","GTGAATCATCGAATCTTTGAA","TCCTCCGCTTATTGATATGC","tcagtgtc","tactatac",4,6,"B","4922-Repi","4922-Repi","sample",NA,"26","6","library1",14680,346,"root","epiphyte","Orchidaceae",TRUE,NA,TRUE,TRUE,5404,19336,3212,17136,706,17136,14680,346,NA,NA,NA,NA
"4923-Repi","LOT01-4923","root","epiphyte","Orchidaceae","Sobralia","sp4923","LOT1","4923-Repi","LOT01","GTGAATCATCGAATCTTTGAA","TCCTCCGCTTATTGATATGC","actctgct","tactatac",4,6,"C","4923-Repi","4923-Repi","sample",NA,"27","6","library1",24349,714,"root","epiphyte","Orchidaceae",TRUE,"too much untargeted",FALSE,TRUE,13986,44860,7798,38611,1391,38611,24349,714,NA,NA,NA,NA
"4924-Repi","LOT01-4924","root","epiphyte","Araceae","Anthurium","ernestii","LOT1","4924-Repi","LOT01","GTGAATCATCGAATCTTTGAA","TCCTCCGCTTATTGATATGC","atatagcg","tactatac",4,6,"D","4924-Repi","4924-Repi","sample",NA,"28","6","library1",15871,574,"root","epiphyte","Araceae",TRUE,NA,TRUE,TRUE,7740,23770,4551,20526,1111,20526,15871,574,NA,NA,NA,NA
"4925-Repi","LOT01-4925","root","epiphyte","Araceae","Anthurium","ernestii","LOT1","4925-Repi","LOT01","GTGAATCATCGAATCTTTGAA","TCCTCCGCTTATTGATATGC","ctatgcta","tactatac",4,6,"E","4925-Repi","4925-Repi","sample",NA,"29","6","library1",30111,1405,"root","epiphyte","Araceae",TRUE,"too much untargeted",FALSE,TRUE,19774,54888,10633,45694,2921,45694,30111,1405,NA,NA,NA,NA
"4926-Repi","LOT01-4926","root","epiphyte","Araceae","Anthurium","sp","LOT1","4926-Repi","LOT01","GTGAATCATCGAATCTTTGAA","TCCTCCGCTTATTGATATGC","tcgcgctg","tactatac",4,6,"F","4926-Repi","4926-Repi","sample",NA,"30","6","library1",11168,630,"root","epiphyte","Araceae",TRUE,NA,TRUE,TRUE,7487,20111,4413,16945,1242,16945,11168,630,NA,NA,NA,NA
"4927-Repi","LOT01-4927","root","epiphyte","Araceae","Anthurium","sp","LOT1","4927-Repi","LOT01","GTGAATCATCGAATCTTTGAA","TCCTCCGCTTATTGATATGC","agcacagt","tactatac",4,6,"G","4927-Repi","4927-Repi","sample",NA,"31","6","library1",22295,1052,"root","epiphyte","Araceae",TRUE,NA,TRUE,TRUE,15046,47297,8281,40431,2011,40431,22295,1052,NA,NA,NA,NA
"4928-Repi","LOT01-4928","root","epiphyte","Cyclanthaceae","Asplundia","sp4928","LOT1","4928-Repi","LOT01","GTGAATCATCGAATCTTTGAA","TCCTCCGCTTATTGATATGC","tagctagt","tactatac",4,6,"H","4928-Repi","4928-Repi","sample",NA,"32","6","library1",14878,652,"root","epiphyte","Cyclanthaceae",TRUE,NA,TRUE,TRUE,8587,25618,4673,21633,1154,21633,14878,652,NA,NA,NA,NA
"4901-Rendo","LOT01-4901","root","endophyte","Orchidaceae","Prosthechea","sp1","LOT1","4901-Rendo","LOT01","GTGAATCATCGAATCTTTGAA","TCCTCCGCTTATTGATATGC","acacacac","actagatc",1,7,"A","4901-Rendo","4901-Rendo","sample",NA,"1","7","library1",29434,694,"root","endophyte","Orchidaceae",TRUE,NA,TRUE,TRUE,16403,62715,8267,54575,1407,54575,29434,694,NA,NA,NA,NA
"4902-Rendo","LOT01-4902","root","endophyte","Orchidaceae","Prosthechea","sp1","LOT1","4902-Rendo","LOT01","GTGAATCATCGAATCTTTGAA","TCCTCCGCTTATTGATATGC","acagcaca","actagatc",1,7,"B","4902-Rendo","4902-Rendo","sample",NA,"2","7","library1",26877,768,"root","endophyte","Orchidaceae",TRUE,NA,TRUE,TRUE,15914,50923,8423,43430,1560,43430,26877,768,NA,NA,NA,NA
"4903-Rendo","LOT01-4903","root","endophyte","Orchidaceae","Prosthechea","sp1","LOT1","4903-Rendo","LOT01","GTGAATCATCGAATCTTTGAA","TCCTCCGCTTATTGATATGC","gtgtacat","actagatc",1,7,"C","4903-Rendo","4903-Rendo","sample",NA,"3","7","library1",16607,283,"root","endophyte","Orchidaceae",TRUE,NA,TRUE,TRUE,17302,57259,6606,46562,568,46562,16607,283,NA,NA,NA,NA
"4904-Rendo","LOT01-4904","root","endophyte","Araceae","Stenospermation","sp3414","LOT1","4904-Rendo","LOT01","GTGAATCATCGAATCTTTGAA","TCCTCCGCTTATTGATATGC","tatgtcag","actagatc",1,7,"D","4904-Rendo","4904-Rendo","sample",NA,"4","7","library1",39515,480,"root","endophyte","Araceae",TRUE,NA,TRUE,TRUE,14465,58230,7557,51307,901,51307,39515,480,NA,NA,NA,NA
"4905-Rendo","LOT01-4905","root","endophyte","Bromeliaceae","Catopsis","sp1","LOT1","4905-Rendo","LOT01","GTGAATCATCGAATCTTTGAA","TCCTCCGCTTATTGATATGC","tagtcgca","actagatc",1,7,"E","4905-Rendo","4905-Rendo","sample",NA,"5","7","library1",44545,434,"root","endophyte","Bromeliaceae",TRUE,NA,TRUE,TRUE,10209,52728,6016,48532,866,48532,44545,434,NA,NA,NA,NA
"4906-Rendo","LOT01-4906","root","endophyte","Araceae","Anthurium","Anthurium ernestii","LOT1","4906-Rendo","LOT01","GTGAATCATCGAATCTTTGAA","TCCTCCGCTTATTGATATGC","tactatac","actagatc",1,7,"F","4906-Rendo","4906-Rendo","sample",NA,"6","7","library1",43899,1201,"root","endophyte","Araceae",TRUE,"too much untargeted",FALSE,TRUE,21569,71791,11525,61742,2371,61742,43899,1201,NA,NA,NA,NA
"4910-Rendo","LOT01-4910","root","endophyte","Cyclanthaceae","Sphaeradenia","sp3457","LOT1","4910-Rendo","LOT01","GTGAATCATCGAATCTTTGAA","TCCTCCGCTTATTGATATGC","actagatc","actagatc",1,7,"G","4910-Rendo","4910-Rendo","sample",NA,"7","7","library1",32900,152,"root","endophyte","Cyclanthaceae",TRUE,NA,TRUE,TRUE,5899,50298,3320,47717,389,47717,32900,152,NA,NA,NA,NA
"4911-Rendo","LOT01-4911","root","endophyte","Cyclanthaceae","Sphaeradenia","sp3457","LOT1","4911-Rendo","LOT01","GTGAATCATCGAATCTTTGAA","TCCTCCGCTTATTGATATGC","gatcgcga","actagatc",1,7,"H","4911-Rendo","4911-Rendo","sample",NA,"8","7","library1",26038,317,"root","endophyte","Cyclanthaceae",TRUE,NA,TRUE,TRUE,7700,43189,4362,39846,633,39846,26038,317,NA,NA,NA,NA
"4911-Ylendo","LOT01-4911","young_leaf","endophyte","Cyclanthaceae","Sphaeradenia","sp3457","LOT1","4911-Ylendo","LOT01","GTGAATCATCGAATCTTTGAA","TCCTCCGCTTATTGATATGC","cgctctcg","actagatc",2,7,"A","4911-Ylendo","4911-Ylendo","sample",NA,"9","7","library1",1661,196,"young_leaf","endophyte","Cyclanthaceae",TRUE,NA,TRUE,TRUE,3787,14350,1392,11920,374,11920,1661,196,NA,NA,NA,NA
"4914-Ylendo","LOT01-4914","young_leaf","endophyte","Araceae","Guzmania","sp3464","LOT1","4914-Ylendo","LOT01","GTGAATCATCGAATCTTTGAA","TCCTCCGCTTATTGATATGC","gactgatg","actagatc",2,7,"D","4914-Ylendo","4914-Ylendo","sample",NA,"12","7","library1",35327,338,"young_leaf","endophyte","Araceae",TRUE,NA,TRUE,TRUE,4233,38888,2167,36785,662,36785,35327,338,NA,NA,NA,NA
"4915-Ylendo","LOT01-4915","young_leaf","endophyte","Gesneriaceae","Paradymonia","sp","LOT1","4915-Ylendo","LOT01","GTGAATCATCGAATCTTTGAA","TCCTCCGCTTATTGATATGC","agactatg","actagatc",2,7,"E","4915-Ylendo","4915-Ylendo","sample",NA,"13","7","library1",1434,136,"young_leaf","endophyte","Gesneriaceae",TRUE,"too much untargeted",FALSE,TRUE,6744,37862,2925,34017,316,34017,1434,136,NA,NA,NA,NA
"4916-Ylendo","LOT01-4916","young_leaf","endophyte","Orchidaceae","Prosthechea","sp1","LOT1","4916-Ylendo","LOT01","GTGAATCATCGAATCTTTGAA","TCCTCCGCTTATTGATATGC","tgacatca","actagatc",2,7,"G","4916-Ylendo","4916-Ylendo","sample",NA,"15","7","library1",30642,370,"young_leaf","endophyte","Orchidaceae",TRUE,NA,TRUE,TRUE,5767,34648,3644,32521,666,32521,30642,370,NA,NA,NA,NA
"4917-Ylendo","LOT01-4917","young_leaf","endophyte","Orchidaceae","Prosthechea","sp1","LOT1","4917-Ylendo","LOT01","GTGAATCATCGAATCTTTGAA","TCCTCCGCTTATTGATATGC","acatgtgt","actagatc",2,7,"H","4917-Ylendo","4917-Ylendo","sample",NA,"16","7","library1",15720,444,"young_leaf","endophyte","Orchidaceae",TRUE,NA,TRUE,TRUE,5459,26030,3382,23923,718,23923,15720,444,NA,NA,NA,NA
"4901-Olendo","LOT01-4901","old_leaf","endophyte","Orchidaceae","Prosthechea","sp1","LOT1","4901-Olendo","LOT01","GTGAATCATCGAATCTTTGAA","TCCTCCGCTTATTGATATGC","gtacgact","actagatc",3,7,"A","4901-Olendo","4901-Olendo","sample",NA,"17","7","library1",26593,158,"old_leaf","endophyte","Orchidaceae",TRUE,"too much untargeted",FALSE,TRUE,10735,44339,5676,39269,550,39269,26593,158,NA,NA,NA,NA
"4902-Olendo","LOT01-4902","old_leaf","endophyte","Orchidaceae","Prosthechea","sp1","LOT1","4902-Olendo","LOT01","GTGAATCATCGAATCTTTGAA","TCCTCCGCTTATTGATATGC","atgatcgc","actagatc",3,7,"B","4902-Olendo","4902-Olendo","sample",NA,"18","7","library1",41829,178,"old_leaf","endophyte","Orchidaceae",TRUE,NA,TRUE,TRUE,8630,51003,4675,47028,494,47028,41829,178,NA,NA,NA,NA
"4903-Olendo","LOT01-4903","old_leaf","endophyte","Orchidaceae","Prosthechea","sp1","LOT1","4903-Olendo","LOT01","GTGAATCATCGAATCTTTGAA","TCCTCCGCTTATTGATATGC","acgacgag","actagatc",3,7,"C","4903-Olendo","4903-Olendo","sample",NA,"19","7","library1",28215,166,"old_leaf","endophyte","Orchidaceae",TRUE,NA,TRUE,TRUE,6090,33724,3579,31197,503,31197,28215,166,NA,NA,NA,NA
"4904-Olendo","LOT01-4904","old_leaf","endophyte","Araceae","Stenospermation","sp3414","LOT1","4904-Olendo","LOT01","GTGAATCATCGAATCTTTGAA","TCCTCCGCTTATTGATATGC","catcagtc","actagatc",3,7,"D","4904-Olendo","4904-Olendo","sample",NA,"20","7","library1",13480,191,"old_leaf","endophyte","Araceae",TRUE,NA,TRUE,TRUE,3872,17555,1858,15424,451,15424,13480,191,NA,NA,NA,NA
"4906-Olendo","LOT01-4906","old_leaf","endophyte","Araceae","Anthurium","Anthurium ernestii","LOT1","4906-Olendo","LOT01","GTGAATCATCGAATCTTTGAA","TCCTCCGCTTATTGATATGC","atcagtca","actagatc",3,7,"E","4906-Olendo","4906-Olendo","sample",NA,"21","7","library1",7000,216,"old_leaf","endophyte","Araceae",TRUE,"too much untargeted",FALSE,TRUE,3086,11496,1649,9998,421,9998,7000,216,NA,NA,NA,NA
"4910-Olendo","LOT01-4910","old_leaf","endophyte","Cyclanthaceae","Sphaeradenia","sp3457","LOT1","4910-Olendo","LOT01","GTGAATCATCGAATCTTTGAA","TCCTCCGCTTATTGATATGC","gatgatct","actagatc",3,7,"G","4910-Olendo","4910-Olendo","sample",NA,"23","7","library1",11429,180,"old_leaf","endophyte","Cyclanthaceae",TRUE,"too much untargeted",FALSE,TRUE,6076,21618,3066,18551,410,18551,11429,180,NA,NA,NA,NA
"4911-Olendo","LOT01-4911","old_leaf","endophyte","Cyclanthaceae","Sphaeradenia","sp3457","LOT1","4911-Olendo","LOT01","GTGAATCATCGAATCTTTGAA","TCCTCCGCTTATTGATATGC","ctgcgtac","actagatc",3,7,"H","4911-Olendo","4911-Olendo","sample",NA,"24","7","library1",18648,148,"old_leaf","endophyte","Cyclanthaceae",TRUE,NA,TRUE,TRUE,4372,23603,2057,21273,359,21273,18648,148,NA,NA,NA,NA
"4929-Repi","LOT01-4929","root","epiphyte","Dryopteridaceae","Elaphaglossum","sp4929","LOT1","4929-Repi","LOT01","GTGAATCATCGAATCTTTGAA","TCCTCCGCTTATTGATATGC","tcagtgtc","actagatc",4,7,"B","4929-Repi","4929-Repi","sample",NA,"26","7","library1",6964,383,"root","epiphyte","Dryopteridaceae",TRUE,NA,TRUE,TRUE,7304,16530,3317,12539,758,12539,6964,383,NA,NA,NA,NA
"4930-Repi","LOT01-4930","root","epiphyte","Dryopteridaceae","Elaphaglossum","sp4929","LOT1","4930-Repi","LOT01","GTGAATCATCGAATCTTTGAA","TCCTCCGCTTATTGATATGC","actctgct","actagatc",4,7,"C","4930-Repi","4930-Repi","sample",NA,"27","7","library1",15855,810,"root","epiphyte","Dryopteridaceae",TRUE,"too much untargeted",FALSE,TRUE,15513,40516,7456,32447,1674,32447,15855,810,NA,NA,NA,NA
"4931-Repi","LOT01-4931","root","epiphyte","Dryopteridaceae","Elaphaglossum","sp4929","LOT1","4931-Repi","LOT01","GTGAATCATCGAATCTTTGAA","TCCTCCGCTTATTGATATGC","atatagcg","actagatc",4,7,"D","4931-Repi","4931-Repi","sample",NA,"28","7","library1",25995,744,"root","epiphyte","Dryopteridaceae",TRUE,NA,TRUE,TRUE,13731,43470,6707,36427,1537,36427,25995,744,NA,NA,NA,NA
"4932-Repi","LOT01-4932","root","epiphyte","Orchidaceae","Elleanthus","sp4922","LOT1","4932-Repi","LOT01","GTGAATCATCGAATCTTTGAA","TCCTCCGCTTATTGATATGC","ctatgcta","actagatc",4,7,"E","4932-Repi","4932-Repi","sample",NA,"29","7","library1",49379,1050,"root","epiphyte","Orchidaceae",TRUE,NA,TRUE,TRUE,18821,68782,9253,59203,2095,59203,49379,1050,NA,NA,NA,NA
"4933-Repi","LOT01-4933","root","epiphyte","Orchidaceae","Elleanthus","sp4933","LOT1","4933-Repi","LOT01","GTGAATCATCGAATCTTTGAA","TCCTCCGCTTATTGATATGC","agcacagt","actagatc",4,7,"G","4933-Repi","4933-Repi","sample",NA,"31","7","library1",20934,759,"root","epiphyte","Orchidaceae",TRUE,"too much untargeted",FALSE,TRUE,11649,36479,6802,31615,1488,31615,20934,759,NA,NA,NA,NA
"4934-Repi","LOT01-4934","root","epiphyte","Orchidaceae","Elleanthus","sp4933","LOT1","4934-Repi","LOT01","GTGAATCATCGAATCTTTGAA","TCCTCCGCTTATTGATATGC","tagctagt","actagatc",4,7,"H","4934-Repi","4934-Repi","sample",NA,"32","7","library1",14591,599,"root","epiphyte","Orchidaceae",TRUE,NA,TRUE,TRUE,12315,37826,6103,31603,1128,31603,14591,599,NA,NA,NA,NA
"4912-Rendo","LOT01-4912","root","endophyte","Araceae","Monstera","sp4912","LOT1","4912-Rendo","LOT01","GTGAATCATCGAATCTTTGAA","TCCTCCGCTTATTGATATGC","acacacac","gatcgcga",1,8,"A","4912-Rendo","4912-Rendo","sample",NA,"1","8","library1",44189,416,"root","endophyte","Araceae",TRUE,NA,TRUE,TRUE,15732,70000,7634,61901,877,61901,44189,416,NA,NA,NA,NA
"4913-Rendo","LOT01-4913","root","endophyte","Araceae","Philodendron","sp3463","LOT1","4913-Rendo","LOT01","GTGAATCATCGAATCTTTGAA","TCCTCCGCTTATTGATATGC","acagcaca","gatcgcga",1,8,"B","4913-Rendo","4913-Rendo","sample",NA,"2","8","library1",69586,301,"root","endophyte","Araceae",TRUE,NA,TRUE,TRUE,23521,113854,10444,100770,793,100770,69586,301,NA,NA,NA,NA
"4914-Rendo","LOT01-4914","root","endophyte","Araceae","Guzmania","sp3464","LOT1","4914-Rendo","LOT01","GTGAATCATCGAATCTTTGAA","TCCTCCGCTTATTGATATGC","gtgtacat","gatcgcga",1,8,"C","4914-Rendo","4914-Rendo","sample",NA,"3","8","library1",42068,610,"root","endophyte","Araceae",TRUE,NA,TRUE,TRUE,15473,85589,7921,78028,1244,78028,42068,610,NA,NA,NA,NA
"4915-Rendo","LOT01-4915","root","endophyte","Gesneriaceae","Paradymonia","sp","LOT1","4915-Rendo","LOT01","GTGAATCATCGAATCTTTGAA","TCCTCCGCTTATTGATATGC","tagtcgca","gatcgcga",1,8,"E","4915-Rendo","4915-Rendo","sample",NA,"5","8","library1",63196,312,"root","endophyte","Gesneriaceae",TRUE,"too much untargeted",FALSE,TRUE,19526,105814,10065,96341,799,96341,63196,312,NA,NA,NA,NA
"4916-Rendo","LOT01-4916","root","endophyte","Orchidaceae","Prosthechea","sp1","LOT1","4916-Rendo","LOT01","GTGAATCATCGAATCTTTGAA","TCCTCCGCTTATTGATATGC","tactatac","gatcgcga",1,8,"F","4916-Rendo","4916-Rendo","sample",NA,"6","8","library1",46526,883,"root","endophyte","Orchidaceae",TRUE,NA,TRUE,TRUE,20599,69185,11004,59584,1889,59584,46526,883,NA,NA,NA,NA
"4917-Rendo","LOT01-4917","root","endophyte","Orchidaceae","Prosthechea","sp1","LOT1","4917-Rendo","LOT01","GTGAATCATCGAATCTTTGAA","TCCTCCGCTTATTGATATGC","actagatc","gatcgcga",1,8,"G","4917-Rendo","4917-Rendo","sample",NA,"7","8","library1",63725,744,"root","endophyte","Orchidaceae",TRUE,NA,TRUE,TRUE,17490,80044,8533,71081,1375,71081,63725,744,NA,NA,NA,NA
"4918-Rendo","LOT01-4918","root","endophyte","Orchidaceae","Prosthechea","sp1","LOT1","4918-Rendo","LOT01","GTGAATCATCGAATCTTTGAA","TCCTCCGCTTATTGATATGC","gatcgcga","gatcgcga",1,8,"H","4918-Rendo","4918-Rendo","sample",NA,"8","8","library1",39123,1018,"root","endophyte","Orchidaceae",TRUE,NA,TRUE,TRUE,26872,93821,12230,79165,2138,79165,39123,1018,NA,NA,NA,NA
"4918-Ylendo","LOT01-4918","young_leaf","endophyte","Orchidaceae","Prosthechea","sp1","LOT1","4918-Ylendo","LOT01","GTGAATCATCGAATCTTTGAA","TCCTCCGCTTATTGATATGC","cgctctcg","gatcgcga",2,8,"A","4918-Ylendo","4918-Ylendo","sample",NA,"9","8","library1",23251,323,"young_leaf","endophyte","Orchidaceae",TRUE,NA,TRUE,TRUE,7737,31456,3385,26980,630,26980,23251,323,NA,NA,NA,NA
"4919-Ylendo","LOT01-4919","young_leaf","endophyte","Araceae","Stenospermation","sp3414","LOT1","4919-Ylendo","LOT01","GTGAATCATCGAATCTTTGAA","TCCTCCGCTTATTGATATGC","gtcgtaga","gatcgcga",2,8,"B","4919-Ylendo","4919-Ylendo","sample",NA,"10","8","library1",2771,209,"young_leaf","endophyte","Araceae",TRUE,NA,TRUE,TRUE,3135,13205,1738,11439,461,11439,2771,209,NA,NA,NA,NA
"4920-Ylendo","LOT01-4920","young_leaf","endophyte","Araceae","Stenospermation","sp3414","LOT1","4920-Ylendo","LOT01","GTGAATCATCGAATCTTTGAA","TCCTCCGCTTATTGATATGC","gtcacgtc","gatcgcga",2,8,"C","4920-Ylendo","4920-Ylendo","sample",NA,"11","8","library1",6352,247,"young_leaf","endophyte","Araceae",TRUE,"too much untargeted",FALSE,TRUE,3852,13036,1973,10865,559,10865,6352,247,NA,NA,NA,NA
"4921-Ylendo","LOT01-49221","young_leaf","endophyte","Gesneriaceae","Paradymonia","sp","LOT1","4921-Ylendo","LOT01","GTGAATCATCGAATCTTTGAA","TCCTCCGCTTATTGATATGC","gactgatg","gatcgcga",2,8,"D","4921-Ylendo","4921-Ylendo","sample",NA,"12","8","library1",4761,340,"young_leaf","endophyte","Gesneriaceae",TRUE,"too much untargeted",FALSE,TRUE,10722,50627,4364,44231,857,44231,4761,340,NA,NA,NA,NA
"4922-Ylendo","LOT01-4922","young_leaf","endophyte","Orchidaceae","Elleanthus","sp4922","LOT1","4922-Ylendo","LOT01","GTGAATCATCGAATCTTTGAA","TCCTCCGCTTATTGATATGC","gcgtcagc","gatcgcga",2,8,"F","4922-Ylendo","4922-Ylendo","sample",NA,"14","8","library1",16805,200,"young_leaf","endophyte","Orchidaceae",TRUE,"too much untargeted",FALSE,TRUE,7241,47094,3117,42954,532,42954,16805,200,NA,NA,NA,NA
"4923-Ylendo","LOT01-4923","young_leaf","endophyte","Orchidaceae","Sobralia","sp4923","LOT1","4923-Ylendo","LOT01","GTGAATCATCGAATCTTTGAA","TCCTCCGCTTATTGATATGC","tgacatca","gatcgcga",2,8,"G","4923-Ylendo","4923-Ylendo","sample",NA,"15","8","library1",3822,193,"young_leaf","endophyte","Orchidaceae",TRUE,"too much untargeted",FALSE,TRUE,8722,41039,3615,35926,444,35926,3822,193,NA,NA,NA,NA
"4924-Ylendo","LOT01-4924","young_leaf","endophyte","Araceae","Anthurium","ernestii","LOT1","4924-Ylendo","LOT01","GTGAATCATCGAATCTTTGAA","TCCTCCGCTTATTGATATGC","acatgtgt","gatcgcga",2,8,"H","4924-Ylendo","4924-Ylendo","sample",NA,"16","8","library1",7633,325,"young_leaf","endophyte","Araceae",TRUE,NA,TRUE,TRUE,3655,10758,2181,9251,600,9251,7633,325,NA,NA,NA,NA
"4913-Olendo","LOT01-4913","old_leaf","endophyte","Araceae","Philodendron","sp3463","LOT1","4913-Olendo","LOT01","GTGAATCATCGAATCTTTGAA","TCCTCCGCTTATTGATATGC","atgatcgc","gatcgcga",3,8,"B","4913-Olendo","4913-Olendo","sample",NA,"18","8","library1",18964,111,"old_leaf","endophyte","Araceae",TRUE,NA,TRUE,TRUE,2127,21325,1231,20377,330,20377,18964,111,NA,NA,NA,NA
"4914-Olendo","LOT01-4914","old_leaf","endophyte","Araceae","Guzmania","sp3464","LOT1","4914-Olendo","LOT01","GTGAATCATCGAATCTTTGAA","TCCTCCGCTTATTGATATGC","acgacgag","gatcgcga",3,8,"C","4914-Olendo","4914-Olendo","sample",NA,"19","8","library1",14197,346,"old_leaf","endophyte","Araceae",TRUE,NA,TRUE,TRUE,3863,24605,2262,22992,658,22992,14197,346,NA,NA,NA,NA
"4915-Olendo","LOT01-4915","old_leaf","endophyte","Gesneriaceae","Paradymonia","sp","LOT1","4915-Olendo","LOT01","GTGAATCATCGAATCTTTGAA","TCCTCCGCTTATTGATATGC","catcagtc","gatcgcga",3,8,"D","4915-Olendo","4915-Olendo","sample",NA,"20","8","library1",8575,299,"old_leaf","endophyte","Gesneriaceae",TRUE,"too much untargeted",FALSE,TRUE,17721,98150,6954,87366,807,87366,8575,299,NA,NA,NA,NA
"4917-Olendo","LOT01-4917","old_leaf","endophyte","Orchidaceae","Prosthechea","sp1","LOT1","4917-Olendo","LOT01","GTGAATCATCGAATCTTTGAA","TCCTCCGCTTATTGATATGC","tctactga","gatcgcga",3,8,"F","4917-Olendo","4917-Olendo","sample",NA,"22","8","library1",44900,332,"old_leaf","endophyte","Orchidaceae",TRUE,NA,TRUE,TRUE,13282,59551,6859,53099,897,53099,44900,332,NA,NA,NA,NA
"4918-Olendo","LOT01-4918","old_leaf","endophyte","Orchidaceae","Prosthechea","sp1","LOT1","4918-Olendo","LOT01","GTGAATCATCGAATCTTTGAA","TCCTCCGCTTATTGATATGC","gatgatct","gatcgcga",3,8,"G","4918-Olendo","4918-Olendo","sample",NA,"23","8","library1",21385,228,"old_leaf","endophyte","Orchidaceae",TRUE,"too much untargeted",FALSE,TRUE,14409,52854,7385,45823,671,45823,21385,228,NA,NA,NA,NA
"4919-Olendo","LOT01-4919","old_leaf","endophyte","Araceae","Stenospermation","sp3414","LOT1","4919-Olendo","LOT01","GTGAATCATCGAATCTTTGAA","TCCTCCGCTTATTGATATGC","ctgcgtac","gatcgcga",3,8,"H","4919-Olendo","4919-Olendo","sample",NA,"24","8","library1",4916,177,"old_leaf","endophyte","Araceae",TRUE,"too much untargeted",FALSE,TRUE,8499,25431,3616,20522,501,20522,4916,177,NA,NA,NA,NA
"4935-Repi","LOT01-4935","root","epiphyte","Orchidaceae","Elleanthus","sp4933","LOT1","4935-Repi","LOT01","GTGAATCATCGAATCTTTGAA","TCCTCCGCTTATTGATATGC","agcgacta","gatcgcga",4,8,"A","4935-Repi","4935-Repi","sample",NA,"25","8","library1",35462,804,"root","epiphyte","Orchidaceae",TRUE,NA,TRUE,TRUE,19857,71940,9676,61755,1548,61755,35462,804,NA,NA,NA,NA
"4936-Repi","LOT01-4936","root","epiphyte","Orchidaceae","Maxillaria","desvauxiana","LOT1","4936-Repi","LOT01","GTGAATCATCGAATCTTTGAA","TCCTCCGCTTATTGATATGC","tcagtgtc","gatcgcga",4,8,"B","4936-Repi","4936-Repi","sample",NA,"26","8","library1",25927,755,"root","epiphyte","Orchidaceae",TRUE,NA,TRUE,TRUE,12837,39855,7508,34523,1421,34523,25927,755,NA,NA,NA,NA
"4937-Repi","LOT01-4937","root","epiphyte","Orchidaceae","Maxillaria","desvauxiana","LOT1","4937-Repi","LOT01","GTGAATCATCGAATCTTTGAA","TCCTCCGCTTATTGATATGC","actctgct","gatcgcga",4,8,"C","4937-Repi","4937-Repi","sample",NA,"27","8","library1",30899,976,"root","epiphyte","Orchidaceae",TRUE,"too much untargeted",FALSE,TRUE,18059,55589,10208,47727,1829,47727,30899,976,NA,NA,NA,NA
"4938-Repi","LOT01-4938","root","epiphyte","Bromeliaceae","Bilbergia","sp3480","LOT1","4938-Repi","LOT01","GTGAATCATCGAATCTTTGAA","TCCTCCGCTTATTGATATGC","atatagcg","gatcgcga",4,8,"D","4938-Repi","4938-Repi","sample",NA,"28","8","library1",51294,882,"root","epiphyte","Bromeliaceae",TRUE,NA,TRUE,TRUE,19641,70813,10352,61509,1612,61509,51294,882,NA,NA,NA,NA
"4939-Repi","LOT01-4939","root","epiphyte","Bromeliaceae","Catopsis","sp3449","LOT1","4939-Repi","LOT01","GTGAATCATCGAATCTTTGAA","TCCTCCGCTTATTGATATGC","tcgcgctg","gatcgcga",4,8,"F","4939-Repi","4939-Repi","sample",NA,"30","8","library1",35035,954,"root","epiphyte","Bromeliaceae",TRUE,NA,TRUE,TRUE,20670,77453,10673,67447,2067,67447,35035,954,NA,NA,NA,NA
"4940-Repi","LOT01-4940","root","epiphyte","Orchidaceae","Chritensonella ","uncata","LOT1","4940-Repi","LOT01","GTGAATCATCGAATCTTTGAA","TCCTCCGCTTATTGATATGC","agcacagt","gatcgcga",4,8,"G","4940-Repi","4940-Repi","sample",NA,"31","8","library1",38252,972,"root","epiphyte","Orchidaceae",TRUE,NA,TRUE,TRUE,21246,71123,10614,60370,1835,60370,38252,972,NA,NA,NA,NA
"4941-Repi","LOT01-4941","root","epiphyte","Orchidaceae","Chritensonella ","uncata","LOT1","4941-Repi","LOT01","GTGAATCATCGAATCTTTGAA","TCCTCCGCTTATTGATATGC","tagctagt","gatcgcga",4,8,"H","4941-Repi","4941-Repi","sample",NA,"32","8","library1",6474,330,"root","epiphyte","Orchidaceae",TRUE,"too much untargeted",FALSE,TRUE,8381,25117,4215,20913,849,20913,6474,330,NA,NA,NA,NA
"4919-Rendo","LOT01-4919","root","endophyte","Araceae","Stenospermation","sp3414","LOT1","4919-Rendo","LOT01","GTGAATCATCGAATCTTTGAA","TCCTCCGCTTATTGATATGC","acacacac","cgctctcg",1,9,"A","4919-Rendo","4919-Rendo","sample",NA,"1","9","library1",20670,233,"root","endophyte","Araceae",TRUE,NA,TRUE,TRUE,9660,34082,5030,29452,474,29452,20670,233,NA,NA,NA,NA
"4920-Rendo","LOT01-4920","root","endophyte","Araceae","Stenospermation","sp3414","LOT1","4920-Rendo","LOT01","GTGAATCATCGAATCTTTGAA","TCCTCCGCTTATTGATATGC","acagcaca","cgctctcg",1,9,"B","4920-Rendo","4920-Rendo","sample",NA,"2","9","library1",16867,333,"root","endophyte","Araceae",TRUE,"too much untargeted",FALSE,TRUE,6367,26905,3756,24292,650,24292,16867,333,NA,NA,NA,NA
"4921-Rendo","LOT01-49221","root","endophyte","Gesneriaceae","Paradymonia","sp","LOT1","4921-Rendo","LOT01","GTGAATCATCGAATCTTTGAA","TCCTCCGCTTATTGATATGC","gtgtacat","cgctctcg",1,9,"C","4921-Rendo","4921-Rendo","sample",NA,"3","9","library1",19698,162,"root","endophyte","Gesneriaceae",TRUE,"too much untargeted",FALSE,TRUE,10910,46914,5033,41037,377,41037,19698,162,NA,NA,NA,NA
"4922-Rendo","LOT01-4922","root","endophyte","Orchidaceae","Elleanthus","sp4922","LOT1","4922-Rendo","LOT01","GTGAATCATCGAATCTTTGAA","TCCTCCGCTTATTGATATGC","tatgtcag","cgctctcg",1,9,"D","4922-Rendo","4922-Rendo","sample",NA,"4","9","library1",52646,633,"root","endophyte","Orchidaceae",TRUE,NA,TRUE,TRUE,17764,75161,9579,66968,1100,66968,52646,633,NA,NA,NA,NA
"4923-Rendo","LOT01-4923","root","endophyte","Orchidaceae","Sobralia","sp4923","LOT1","4923-Rendo","LOT01","GTGAATCATCGAATCTTTGAA","TCCTCCGCTTATTGATATGC","tagtcgca","cgctctcg",1,9,"E","4923-Rendo","4923-Rendo","sample",NA,"5","9","library1",26368,358,"root","endophyte","Orchidaceae",TRUE,"too much untargeted",FALSE,TRUE,12564,58838,6276,52548,706,52548,26368,358,NA,NA,NA,NA
"4924-Rendo","LOT01-4924","root","endophyte","Araceae","Anthurium","ernestii","LOT1","4924-Rendo","LOT01","GTGAATCATCGAATCTTTGAA","TCCTCCGCTTATTGATATGC","tactatac","cgctctcg",1,9,"F","4924-Rendo","4924-Rendo","sample",NA,"6","9","library1",40060,310,"root","endophyte","Araceae",TRUE,NA,TRUE,TRUE,12324,51337,5951,44952,582,44952,40060,310,NA,NA,NA,NA
"4925-Rendo","LOT01-4925","root","endophyte","Araceae","Anthurium","ernestii","LOT1","4925-Rendo","LOT01","GTGAATCATCGAATCTTTGAA","TCCTCCGCTTATTGATATGC","actagatc","cgctctcg",1,9,"G","4925-Rendo","4925-Rendo","sample",NA,"7","9","library1",38387,1130,"root","endophyte","Araceae",TRUE,"too much untargeted",FALSE,TRUE,23088,70510,11567,58986,2160,58986,38387,1130,NA,NA,NA,NA
"4926-Rendo","LOT01-4926","root","endophyte","Araceae","Anthurium","sp","LOT1","4926-Rendo","LOT01","GTGAATCATCGAATCTTTGAA","TCCTCCGCTTATTGATATGC","gatcgcga","cgctctcg",1,9,"H","4926-Rendo","4926-Rendo","sample",NA,"8","9","library1",27305,199,"root","endophyte","Araceae",TRUE,NA,TRUE,TRUE,8504,41364,4621,37481,444,37481,27305,199,NA,NA,NA,NA
"4926-Ylendo","LOT01-4926","young_leaf","endophyte","Araceae","Anthurium","sp","LOT1","4926-Ylendo","LOT01","GTGAATCATCGAATCTTTGAA","TCCTCCGCTTATTGATATGC","cgctctcg","cgctctcg",2,9,"A","4926-Ylendo","4926-Ylendo","sample",NA,"9","9","library1",10053,285,"young_leaf","endophyte","Araceae",TRUE,NA,TRUE,TRUE,7320,18610,2792,14040,489,14040,10053,285,NA,NA,NA,NA
"4927-Ylendo","LOT01-4927","young_leaf","endophyte","Araceae","Anthurium","sp","LOT1","4927-Ylendo","LOT01","GTGAATCATCGAATCTTTGAA","TCCTCCGCTTATTGATATGC","gtcgtaga","cgctctcg",2,9,"B","4927-Ylendo","4927-Ylendo","sample",NA,"10","9","library1",11532,345,"young_leaf","endophyte","Araceae",TRUE,NA,TRUE,TRUE,4426,17200,2252,14953,588,14953,11532,345,NA,NA,NA,NA
"4928-Ylendo","LOT01-4928","young_leaf","endophyte","Cyclanthaceae","Asplundia","sp4928","LOT1","4928-Ylendo","LOT01","GTGAATCATCGAATCTTTGAA","TCCTCCGCTTATTGATATGC","gtcacgtc","cgctctcg",2,9,"C","4928-Ylendo","4928-Ylendo","sample",NA,"11","9","library1",46707,472,"young_leaf","endophyte","Cyclanthaceae",TRUE,NA,TRUE,TRUE,8580,56082,4353,51845,890,51845,46707,472,NA,NA,NA,NA
"4929-Ylendo","LOT01-4929","young_leaf","endophyte","Dryopteridaceae","Elaphaglossum","sp4929","LOT1","4929-Ylendo","LOT01","GTGAATCATCGAATCTTTGAA","TCCTCCGCTTATTGATATGC","agactatg","cgctctcg",2,9,"E","4929-Ylendo","4929-Ylendo","sample",NA,"13","9","library1",15440,301,"young_leaf","endophyte","Dryopteridaceae",TRUE,NA,TRUE,TRUE,5295,20079,3097,17870,663,17870,15440,301,NA,NA,NA,NA
"4930-Ylendo","LOT01-4930","young_leaf","endophyte","Dryopteridaceae","Elaphaglossum","sp4929","LOT1","4930-Ylendo","LOT01","GTGAATCATCGAATCTTTGAA","TCCTCCGCTTATTGATATGC","gcgtcagc","cgctctcg",2,9,"F","4930-Ylendo","4930-Ylendo","sample",NA,"14","9","library1",16869,137,"young_leaf","endophyte","Dryopteridaceae",TRUE,NA,TRUE,TRUE,3637,19803,2054,18208,347,18208,16869,137,NA,NA,NA,NA
"4931-Ylendo","LOT01-4931","young_leaf","endophyte","Dryopteridaceae","Elaphaglossum","sp4929","LOT1","4931-Ylendo","LOT01","GTGAATCATCGAATCTTTGAA","TCCTCCGCTTATTGATATGC","tgacatca","cgctctcg",2,9,"G","4931-Ylendo","4931-Ylendo","sample",NA,"15","9","library1",21006,104,"young_leaf","endophyte","Dryopteridaceae",TRUE,NA,TRUE,TRUE,3781,23372,1817,21397,215,21397,21006,104,NA,NA,NA,NA
"4932-Ylendo","LOT01-4932","young_leaf","endophyte","Orchidaceae","Elleanthus","sp4922","LOT1","4932-Ylendo","LOT01","GTGAATCATCGAATCTTTGAA","TCCTCCGCTTATTGATATGC","acatgtgt","cgctctcg",2,9,"H","4932-Ylendo","4932-Ylendo","sample",NA,"16","9","library1",12049,51,"young_leaf","endophyte","Orchidaceae",TRUE,"too much untargeted",FALSE,TRUE,3624,18917,2080,17364,122,17364,12049,51,NA,NA,NA,NA
"4920-Olendo","LOT01-4920","old_leaf","endophyte","Araceae","Stenospermation","sp3414","LOT1","4920-Olendo","LOT01","GTGAATCATCGAATCTTTGAA","TCCTCCGCTTATTGATATGC","gtacgact","cgctctcg",3,9,"A","4920-Olendo","4920-Olendo","sample",NA,"17","9","library1",31974,128,"old_leaf","endophyte","Araceae",TRUE,NA,TRUE,TRUE,5580,39221,2920,36559,332,36559,31974,128,NA,NA,NA,NA
"4921-Olendo","LOT01-49221","old_leaf","endophyte","Gesneriaceae","Paradymonia","sp","LOT1","4921-Olendo","LOT01","GTGAATCATCGAATCTTTGAA","TCCTCCGCTTATTGATATGC","atgatcgc","cgctctcg",3,9,"B","4921-Olendo","4921-Olendo","sample",NA,"18","9","library1",4743,106,"old_leaf","endophyte","Gesneriaceae",TRUE,"too much untargeted",FALSE,TRUE,7974,38620,2958,33602,307,33602,4743,106,NA,NA,NA,NA
"4922-Olendo","LOT01-4922","old_leaf","endophyte","Orchidaceae","Elleanthus","sp4922","LOT1","4922-Olendo","LOT01","GTGAATCATCGAATCTTTGAA","TCCTCCGCTTATTGATATGC","acgacgag","cgctctcg",3,9,"C","4922-Olendo","4922-Olendo","sample",NA,"19","9","library1",10481,193,"old_leaf","endophyte","Orchidaceae",TRUE,"too much untargeted",FALSE,TRUE,7760,35805,3625,31662,363,31662,10481,193,NA,NA,NA,NA
"4923-Olendo","LOT01-4923","old_leaf","endophyte","Orchidaceae","Sobralia","sp4923","LOT1","4923-Olendo","LOT01","GTGAATCATCGAATCTTTGAA","TCCTCCGCTTATTGATATGC","catcagtc","cgctctcg",3,9,"D","4923-Olendo","4923-Olendo","sample",NA,"20","9","library1",4357,170,"old_leaf","endophyte","Orchidaceae",TRUE,"too much untargeted",FALSE,TRUE,14867,70857,5225,61191,453,61191,4357,170,NA,NA,NA,NA
"4924-Olendo","LOT01-4924","old_leaf","endophyte","Araceae","Anthurium","ernestii","LOT1","4924-Olendo","LOT01","GTGAATCATCGAATCTTTGAA","TCCTCCGCTTATTGATATGC","atcagtca","cgctctcg",3,9,"E","4924-Olendo","4924-Olendo","sample",NA,"21","9","library1",6001,181,"old_leaf","endophyte","Araceae",TRUE,"too much untargeted",FALSE,TRUE,5326,15647,2280,12558,441,12558,6001,181,NA,NA,NA,NA
"4926-Olendo","LOT01-4926","old_leaf","endophyte","Araceae","Anthurium","sp","LOT1","4926-Olendo","LOT01","GTGAATCATCGAATCTTTGAA","TCCTCCGCTTATTGATATGC","tctactga","cgctctcg",3,9,"F","4926-Olendo","4926-Olendo","sample",NA,"22","9","library1",42794,163,"old_leaf","endophyte","Araceae",TRUE,NA,TRUE,TRUE,5764,50171,2780,47179,455,47179,42794,163,NA,NA,NA,NA
"4927-Olendo","LOT01-4927","old_leaf","endophyte","Araceae","Anthurium","sp","LOT1","4927-Olendo","LOT01","GTGAATCATCGAATCTTTGAA","TCCTCCGCTTATTGATATGC","gatgatct","cgctctcg",3,9,"G","4927-Olendo","4927-Olendo","sample",NA,"23","9","library1",49027,71,"old_leaf","endophyte","Araceae",TRUE,NA,TRUE,TRUE,3054,51046,1410,49395,218,49395,49027,71,NA,NA,NA,NA
"4928-Olendo","LOT01-4928","old_leaf","endophyte","Cyclanthaceae","Asplundia","sp4928","LOT1","4928-Olendo","LOT01","GTGAATCATCGAATCTTTGAA","TCCTCCGCTTATTGATATGC","ctgcgtac","cgctctcg",3,9,"H","4928-Olendo","4928-Olendo","sample",NA,"24","9","library1",7506,429,"old_leaf","endophyte","Cyclanthaceae",TRUE,"too much untargeted",FALSE,TRUE,9528,22392,4403,17248,1016,17248,7506,429,NA,NA,NA,NA
"4945-Repi","LOT01-4945","root","epiphyte","Araceae","Anthurium ","sp","LOT1","4945-Repi","LOT01","GTGAATCATCGAATCTTTGAA","TCCTCCGCTTATTGATATGC","ctatgcta","cgctctcg",4,9,"E","4945-Repi","4945-Repi","sample",NA,"29","9","library1",125218,1436,"root","epiphyte","Araceae",TRUE,NA,TRUE,TRUE,61612,281999,26993,247313,3084,247313,125218,1436,NA,NA,NA,NA
"4946-Repi","LOT01-4946","root","epiphyte","Orchidaceae","Camaridium","sp2","LOT1","4946-Repi","LOT01","GTGAATCATCGAATCTTTGAA","TCCTCCGCTTATTGATATGC","tcgcgctg","cgctctcg",4,9,"F","4946-Repi","4946-Repi","sample",NA,"30","9","library1",84996,1303,"root","epiphyte","Orchidaceae",TRUE,NA,TRUE,TRUE,68660,174597,20591,126485,2735,126485,84996,1303,NA,NA,NA,NA
"4927-Rendo","LOT01-4927","root","endophyte","Araceae","Anthurium","sp","LOT1","4927-Rendo","LOT01","GTGAATCATCGAATCTTTGAA","TCCTCCGCTTATTGATATGC","acacacac","gtcgtaga",1,10,"A","4927-Rendo","4927-Rendo","sample",NA,"1","10","library1",20899,278,"root","endophyte","Araceae",TRUE,NA,TRUE,TRUE,10639,50538,5785,45681,579,45681,20899,278,NA,NA,NA,NA
"4928-Rendo","LOT01-4928","root","endophyte","Cyclanthaceae","Asplundia","sp4928","LOT1","4928-Rendo","LOT01","GTGAATCATCGAATCTTTGAA","TCCTCCGCTTATTGATATGC","acagcaca","gtcgtaga",1,10,"B","4928-Rendo","4928-Rendo","sample",NA,"2","10","library1",38392,508,"root","endophyte","Cyclanthaceae",TRUE,NA,TRUE,TRUE,16395,66096,7682,57380,939,57380,38392,508,NA,NA,NA,NA
"4929-Rendo","LOT01-4929","root","endophyte","Dryopteridaceae","Elaphaglossum","sp4929","LOT1","4929-Rendo","LOT01","GTGAATCATCGAATCTTTGAA","TCCTCCGCTTATTGATATGC","gtgtacat","gtcgtaga",1,10,"C","4929-Rendo","4929-Rendo","sample",NA,"3","10","library1",15777,184,"root","endophyte","Dryopteridaceae",TRUE,NA,TRUE,TRUE,17320,56800,6474,45946,467,45946,15777,184,NA,NA,NA,NA
"4930-Rendo","LOT01-4930","root","endophyte","Dryopteridaceae","Elaphaglossum","sp4929","LOT1","4930-Rendo","LOT01","GTGAATCATCGAATCTTTGAA","TCCTCCGCTTATTGATATGC","tatgtcag","gtcgtaga",1,10,"D","4930-Rendo","4930-Rendo","sample",NA,"4","10","library1",21315,290,"root","endophyte","Dryopteridaceae",TRUE,NA,TRUE,TRUE,26503,109226,9686,92393,721,92393,21315,290,NA,NA,NA,NA
"4931-Rendo","LOT01-4931","root","endophyte","Dryopteridaceae","Elaphaglossum","sp4929","LOT1","4931-Rendo","LOT01","GTGAATCATCGAATCTTTGAA","TCCTCCGCTTATTGATATGC","tagtcgca","gtcgtaga",1,10,"E","4931-Rendo","4931-Rendo","sample",NA,"5","10","library1",14083,237,"root","endophyte","Dryopteridaceae",TRUE,NA,TRUE,TRUE,18538,66681,7596,55735,624,55735,14083,237,NA,NA,NA,NA
"4932-Rendo","LOT01-4932","root","endophyte","Orchidaceae","Elleanthus","sp4922","LOT1","4932-Rendo","LOT01","GTGAATCATCGAATCTTTGAA","TCCTCCGCTTATTGATATGC","tactatac","gtcgtaga",1,10,"F","4932-Rendo","4932-Rendo","sample",NA,"6","10","library1",49670,485,"root","endophyte","Orchidaceae",TRUE,"too much untargeted",FALSE,TRUE,14969,74062,8181,67271,870,67271,49670,485,NA,NA,NA,NA
"4933-Rendo","LOT01-4933","root","endophyte","Orchidaceae","Elleanthus","sp4933","LOT1","4933-Rendo","LOT01","GTGAATCATCGAATCTTTGAA","TCCTCCGCTTATTGATATGC","actagatc","gtcgtaga",1,10,"G","4933-Rendo","4933-Rendo","sample",NA,"7","10","library1",17661,280,"root","endophyte","Orchidaceae",TRUE,"too much untargeted",FALSE,TRUE,14000,71187,6996,64177,553,64177,17661,280,NA,NA,NA,NA
"4934-Rendo","LOT01-4934","root","endophyte","Orchidaceae","Elleanthus","sp4933","LOT1","4934-Rendo","LOT01","GTGAATCATCGAATCTTTGAA","TCCTCCGCTTATTGATATGC","gatcgcga","gtcgtaga",1,10,"H","4934-Rendo","4934-Rendo","sample",NA,"8","10","library1",13054,254,"root","endophyte","Orchidaceae",TRUE,"too much untargeted",FALSE,TRUE,16127,71093,7540,62491,525,62491,13054,254,NA,NA,NA,NA
"4933-Ylendo","LOT01-4933","young_leaf","endophyte","Orchidaceae","Elleanthus","sp4933","LOT1","4933-Ylendo","LOT01","GTGAATCATCGAATCTTTGAA","TCCTCCGCTTATTGATATGC","cgctctcg","gtcgtaga",2,10,"A","4933-Ylendo","4933-Ylendo","sample",NA,"9","10","library1",4811,311,"young_leaf","endophyte","Orchidaceae",TRUE,"too much untargeted",FALSE,TRUE,12514,32273,3298,23055,652,23055,4811,311,NA,NA,NA,NA
"4934-Ylendo","LOT01-4934","young_leaf","endophyte","Orchidaceae","Elleanthus","sp4933","LOT1","4934-Ylendo","LOT01","GTGAATCATCGAATCTTTGAA","TCCTCCGCTTATTGATATGC","gtcgtaga","gtcgtaga",2,10,"B","4934-Ylendo","4934-Ylendo","sample",NA,"10","10","library1",2117,268,"young_leaf","endophyte","Orchidaceae",TRUE,"too much untargeted",FALSE,TRUE,9391,53926,3510,48029,509,48029,2117,268,NA,NA,NA,NA
"4935-Ylendo","LOT01-4935","young_leaf","endophyte","Orchidaceae","Elleanthus","sp4933","LOT1","4935-Ylendo","LOT01","GTGAATCATCGAATCTTTGAA","TCCTCCGCTTATTGATATGC","gactgatg","gtcgtaga",2,10,"D","4935-Ylendo","4935-Ylendo","sample",NA,"12","10","library1",6411,123,"young_leaf","endophyte","Orchidaceae",TRUE,"too much untargeted",FALSE,TRUE,4536,23405,2403,21258,299,21258,6411,123,NA,NA,NA,NA
"4936-Ylendo","LOT01-4936","young_leaf","endophyte","Orchidaceae","Maxillaria","desvauxiana","LOT1","4936-Ylendo","LOT01","GTGAATCATCGAATCTTTGAA","TCCTCCGCTTATTGATATGC","gcgtcagc","gtcgtaga",2,10,"F","4936-Ylendo","4936-Ylendo","sample",NA,"14","10","library1",9356,201,"young_leaf","endophyte","Orchidaceae",TRUE,"too much untargeted",FALSE,TRUE,5040,15791,2750,13481,479,13481,9356,201,NA,NA,NA,NA
"4937-Ylendo","LOT01-4937","young_leaf","endophyte","Orchidaceae","Maxillaria","desvauxiana","LOT1","4937-Ylendo","LOT01","GTGAATCATCGAATCTTTGAA","TCCTCCGCTTATTGATATGC","tgacatca","gtcgtaga",2,10,"G","4937-Ylendo","4937-Ylendo","sample",NA,"15","10","library1",3346,159,"young_leaf","endophyte","Orchidaceae",TRUE,"too much untargeted",FALSE,TRUE,7300,22494,3505,18608,315,18608,3346,159,NA,NA,NA,NA
"4938-Ylendo","LOT01-4938","young_leaf","endophyte","Bromeliaceae","Bilbergia","sp3480","LOT1","4938-Ylendo","LOT01","GTGAATCATCGAATCTTTGAA","TCCTCCGCTTATTGATATGC","acatgtgt","gtcgtaga",2,10,"H","4938-Ylendo","4938-Ylendo","sample",NA,"16","10","library1",12154,438,"young_leaf","endophyte","Bromeliaceae",TRUE,"too much untargeted",FALSE,TRUE,8498,24454,3894,19438,812,19438,12154,438,NA,NA,NA,NA
"4929-Olendo","LOT01-4929","old_leaf","endophyte","Dryopteridaceae","Elaphaglossum","sp4929","LOT1","4929-Olendo","LOT01","GTGAATCATCGAATCTTTGAA","TCCTCCGCTTATTGATATGC","gtacgact","gtcgtaga",3,10,"A","4929-Olendo","4929-Olendo","sample",NA,"17","10","library1",38554,158,"old_leaf","endophyte","Dryopteridaceae",TRUE,NA,TRUE,TRUE,6339,43686,3450,40788,440,40788,38554,158,NA,NA,NA,NA
"4930-Olendo","LOT01-4930","old_leaf","endophyte","Dryopteridaceae","Elaphaglossum","sp4929","LOT1","4930-Olendo","LOT01","GTGAATCATCGAATCTTTGAA","TCCTCCGCTTATTGATATGC","atgatcgc","gtcgtaga",3,10,"B","4930-Olendo","4930-Olendo","sample",NA,"18","10","library1",26179,210,"old_leaf","endophyte","Dryopteridaceae",TRUE,"too much untargeted",FALSE,TRUE,8800,42666,4711,38573,572,38573,26179,210,NA,NA,NA,NA
"4932-Olendo","LOT01-4932","old_leaf","endophyte","Orchidaceae","Elleanthus","sp4922","LOT1","4932-Olendo","LOT01","GTGAATCATCGAATCTTTGAA","TCCTCCGCTTATTGATATGC","atcagtca","gtcgtaga",3,10,"E","4932-Olendo","4932-Olendo","sample",NA,"21","10","library1",32232,126,"old_leaf","endophyte","Orchidaceae",TRUE,"too much untargeted",FALSE,TRUE,9305,62303,4032,57023,345,57023,32232,126,NA,NA,NA,NA
"4933-Olendo","LOT01-4933","old_leaf","endophyte","Orchidaceae","Elleanthus","sp4933","LOT1","4933-Olendo","LOT01","GTGAATCATCGAATCTTTGAA","TCCTCCGCTTATTGATATGC","tctactga","gtcgtaga",3,10,"F","4933-Olendo","4933-Olendo","sample",NA,"22","10","library1",12423,211,"old_leaf","endophyte","Orchidaceae",TRUE,"too much untargeted",FALSE,TRUE,8302,44460,4109,40248,492,40248,12423,211,NA,NA,NA,NA
"4934-Olendo","LOT01-4934","old_leaf","endophyte","Orchidaceae","Elleanthus","sp4933","LOT1","4934-Olendo","LOT01","GTGAATCATCGAATCTTTGAA","TCCTCCGCTTATTGATATGC","gatgatct","gtcgtaga",3,10,"G","4934-Olendo","4934-Olendo","sample",NA,"23","10","library1",10620,172,"old_leaf","endophyte","Orchidaceae",TRUE,"too much untargeted",FALSE,TRUE,4119,20960,2474,19314,428,19314,10620,172,NA,NA,NA,NA
"4935-Olendo","LOT01-4935","old_leaf","endophyte","Orchidaceae","Elleanthus","sp4933","LOT1","4935-Olendo","LOT01","GTGAATCATCGAATCTTTGAA","TCCTCCGCTTATTGATATGC","ctgcgtac","gtcgtaga",3,10,"H","4935-Olendo","4935-Olendo","sample",NA,"24","10","library1",8061,325,"old_leaf","endophyte","Orchidaceae",TRUE,"too much untargeted",FALSE,TRUE,9749,41034,4715,35996,707,35996,8061,325,NA,NA,NA,NA
"4935-Rendo","LOT01-4935","root","endophyte","Orchidaceae","Elleanthus","sp4933","LOT1","4935-Rendo","LOT01","GTGAATCATCGAATCTTTGAA","TCCTCCGCTTATTGATATGC","acacacac","gtcacgtc",1,11,"A","4935-Rendo","4935-Rendo","sample",NA,"1","11","library1",20739,383,"root","endophyte","Orchidaceae",TRUE,"too much untargeted",FALSE,TRUE,13914,63383,7407,56868,722,56868,20739,383,NA,NA,NA,NA
"4936-Rendo","LOT01-4936","root","endophyte","Orchidaceae","Maxillaria","desvauxiana","LOT1","4936-Rendo","LOT01","GTGAATCATCGAATCTTTGAA","TCCTCCGCTTATTGATATGC","acagcaca","gtcacgtc",1,11,"B","4936-Rendo","4936-Rendo","sample",NA,"2","11","library1",37300,576,"root","endophyte","Orchidaceae",TRUE,NA,TRUE,TRUE,15405,56868,8896,50355,1044,50355,37300,576,NA,NA,NA,NA
"4937-Rendo","LOT01-4937","root","endophyte","Orchidaceae","Maxillaria","desvauxiana","LOT1","4937-Rendo","LOT01","GTGAATCATCGAATCTTTGAA","TCCTCCGCTTATTGATATGC","tatgtcag","gtcacgtc",1,11,"D","4937-Rendo","4937-Rendo","sample",NA,"4","11","library1",97230,355,"root","endophyte","Orchidaceae",TRUE,NA,TRUE,TRUE,24609,147234,11499,134108,718,134108,97230,355,NA,NA,NA,NA
"4938-Rendo","LOT01-4938","root","endophyte","Bromeliaceae","Bilbergia","sp3480","LOT1","4938-Rendo","LOT01","GTGAATCATCGAATCTTTGAA","TCCTCCGCTTATTGATATGC","tagtcgca","gtcacgtc",1,11,"E","4938-Rendo","4938-Rendo","sample",NA,"5","11","library1",48689,330,"root","endophyte","Bromeliaceae",TRUE,NA,TRUE,TRUE,14806,61368,6902,53462,706,53462,48689,330,NA,NA,NA,NA
"4939-Rendo","LOT01-4939","root","endophyte","Bromeliaceae","Catopsis","sp3449","LOT1","4939-Rendo","LOT01","GTGAATCATCGAATCTTTGAA","TCCTCCGCTTATTGATATGC","tactatac","gtcacgtc",1,11,"F","4939-Rendo","4939-Rendo","sample",NA,"6","11","library1",42368,467,"root","endophyte","Bromeliaceae",TRUE,"too much untargeted",FALSE,TRUE,19616,90833,9376,80588,1207,80588,42368,467,NA,NA,NA,NA
"4940-Rendo","LOT01-4940","root","endophyte","Orchidaceae","Chritensonella ","uncata","LOT1","4940-Rendo","LOT01","GTGAATCATCGAATCTTTGAA","TCCTCCGCTTATTGATATGC","actagatc","gtcacgtc",1,11,"G","4940-Rendo","4940-Rendo","sample",NA,"7","11","library1",79068,382,"root","endophyte","Orchidaceae",TRUE,NA,TRUE,TRUE,16330,96047,8320,88022,719,88022,79068,382,NA,NA,NA,NA
"4941-Rendo","LOT01-4941","root","endophyte","Orchidaceae","Chritensonella ","uncata","LOT1","4941-Rendo","LOT01","GTGAATCATCGAATCTTTGAA","TCCTCCGCTTATTGATATGC","gatcgcga","gtcacgtc",1,11,"H","4941-Rendo","4941-Rendo","sample",NA,"8","11","library1",30208,488,"root","endophyte","Orchidaceae",TRUE,NA,TRUE,TRUE,18299,69032,9223,59908,1001,59908,30208,488,NA,NA,NA,NA
"4939-Ylendo","LOT01-4939","young_leaf","endophyte","Bromeliaceae","Catopsis","sp3449","LOT1","4939-Ylendo","LOT01","GTGAATCATCGAATCTTTGAA","TCCTCCGCTTATTGATATGC","cgctctcg","gtcacgtc",2,11,"A","4939-Ylendo","4939-Ylendo","sample",NA,"9","11","library1",12505,451,"young_leaf","endophyte","Bromeliaceae",TRUE,NA,TRUE,TRUE,8059,18902,3602,14389,678,14389,12505,451,NA,NA,NA,NA
"4940-Ylendo","LOT01-4940","young_leaf","endophyte","Orchidaceae","Chritensonella ","uncata","LOT1","4940-Ylendo","LOT01","GTGAATCATCGAATCTTTGAA","TCCTCCGCTTATTGATATGC","gtcacgtc","gtcacgtc",2,11,"C","4940-Ylendo","4940-Ylendo","sample",NA,"11","11","library1",10721,422,"young_leaf","endophyte","Orchidaceae",TRUE,"too much untargeted",FALSE,TRUE,5843,16665,2850,13651,693,13651,10721,422,NA,NA,NA,NA
"4941-Ylendo","LOT01-4941","young_leaf","endophyte","Orchidaceae","Chritensonella ","uncata","LOT1","4941-Ylendo","LOT01","GTGAATCATCGAATCTTTGAA","TCCTCCGCTTATTGATATGC","gactgatg","gtcacgtc",2,11,"D","4941-Ylendo","4941-Ylendo","sample",NA,"12","11","library1",9932,305,"young_leaf","endophyte","Orchidaceae",TRUE,"too much untargeted",FALSE,TRUE,6005,20021,2961,16855,516,16855,9932,305,NA,NA,NA,NA
"4942-Ylendo","LOT01-4942","young_leaf","endophyte","Orchidaceae","Camaridium","sp1","LOT1","4942-Ylendo","LOT01","GTGAATCATCGAATCTTTGAA","TCCTCCGCTTATTGATATGC","agactatg","gtcacgtc",2,11,"E","4942-Ylendo","4942-Ylendo","sample",NA,"13","11","library1",48331,562,"young_leaf","endophyte","Orchidaceae",TRUE,NA,TRUE,TRUE,13036,64080,6649,57674,1163,57674,48331,562,NA,NA,NA,NA
"4943-Ylendo","LOT01-4943","young_leaf","endophyte","Orchidaceae","Stelis","sp","LOT1","4943-Ylendo","LOT01","GTGAATCATCGAATCTTTGAA","TCCTCCGCTTATTGATATGC","gcgtcagc","gtcacgtc",2,11,"F","4943-Ylendo","4943-Ylendo","sample",NA,"14","11","library1",7973,331,"young_leaf","endophyte","Orchidaceae",TRUE,NA,TRUE,TRUE,4517,14602,2767,12825,607,12825,7973,331,NA,NA,NA,NA
"4944-Ylendo","LOT01-4944","young_leaf","endophyte","Orchidaceae","Stelis","sp","LOT1","4944-Ylendo","LOT01","GTGAATCATCGAATCTTTGAA","TCCTCCGCTTATTGATATGC","acatgtgt","gtcacgtc",2,11,"H","4944-Ylendo","4944-Ylendo","sample",NA,"16","11","library1",11638,337,"young_leaf","endophyte","Orchidaceae",TRUE,NA,TRUE,TRUE,5155,16506,3172,14477,547,14477,11638,337,NA,NA,NA,NA
"4936-Olendo","LOT01-4936","old_leaf","endophyte","Orchidaceae","Maxillaria","desvauxiana","LOT1","4936-Olendo","LOT01","GTGAATCATCGAATCTTTGAA","TCCTCCGCTTATTGATATGC","gtacgact","gtcacgtc",3,11,"A","4936-Olendo","4936-Olendo","sample",NA,"17","11","library1",7962,140,"old_leaf","endophyte","Orchidaceae",TRUE,"too much untargeted",FALSE,TRUE,4850,15389,2590,13095,359,13095,7962,140,NA,NA,NA,NA
"4937-Olendo","LOT01-4937","old_leaf","endophyte","Orchidaceae","Maxillaria","desvauxiana","LOT1","4937-Olendo","LOT01","GTGAATCATCGAATCTTTGAA","TCCTCCGCTTATTGATATGC","atgatcgc","gtcacgtc",3,11,"B","4937-Olendo","4937-Olendo","sample",NA,"18","11","library1",5689,191,"old_leaf","endophyte","Orchidaceae",TRUE,"too much untargeted",FALSE,TRUE,6860,20677,3657,17463,417,17463,5689,191,NA,NA,NA,NA
"4938-Olendo","LOT01-4938","old_leaf","endophyte","Bromeliaceae","Bilbergia","sp3480","LOT1","4938-Olendo","LOT01","GTGAATCATCGAATCTTTGAA","TCCTCCGCTTATTGATATGC","acgacgag","gtcacgtc",3,11,"C","4938-Olendo","4938-Olendo","sample",NA,"19","11","library1",15306,132,"old_leaf","endophyte","Bromeliaceae",TRUE,NA,TRUE,TRUE,3529,18220,1752,16433,322,16433,15306,132,NA,NA,NA,NA
"4939-Olendo","LOT01-4939","old_leaf","endophyte","Bromeliaceae","Catopsis","sp3449","LOT1","4939-Olendo","LOT01","GTGAATCATCGAATCTTTGAA","TCCTCCGCTTATTGATATGC","catcagtc","gtcacgtc",3,11,"D","4939-Olendo","4939-Olendo","sample",NA,"20","11","library1",25603,319,"old_leaf","endophyte","Bromeliaceae",TRUE,NA,TRUE,TRUE,6055,29688,3384,26984,571,26984,25603,319,NA,NA,NA,NA
"4940-Olendo","LOT01-4940","old_leaf","endophyte","Orchidaceae","Chritensonella ","uncata","LOT1","4940-Olendo","LOT01","GTGAATCATCGAATCTTTGAA","TCCTCCGCTTATTGATATGC","atcagtca","gtcacgtc",3,11,"E","4940-Olendo","4940-Olendo","sample",NA,"21","11","library1",15183,360,"old_leaf","endophyte","Orchidaceae",TRUE,"too much untargeted",FALSE,TRUE,6916,25845,3817,22743,749,22743,15183,360,NA,NA,NA,NA
"4941-Olendo","LOT01-4941","old_leaf","endophyte","Orchidaceae","Chritensonella ","uncata","LOT1","4941-Olendo","LOT01","GTGAATCATCGAATCTTTGAA","TCCTCCGCTTATTGATATGC","gatgatct","gtcacgtc",3,11,"G","4941-Olendo","4941-Olendo","sample",NA,"23","11","library1",29793,297,"old_leaf","endophyte","Orchidaceae",TRUE,"too much untargeted",FALSE,TRUE,9823,50376,5227,45770,584,45770,29793,297,NA,NA,NA,NA
"4942-Olendo","LOT01-4942","old_leaf","endophyte","Orchidaceae","Camaridium","sp1","LOT1","4942-Olendo","LOT01","GTGAATCATCGAATCTTTGAA","TCCTCCGCTTATTGATATGC","ctgcgtac","gtcacgtc",3,11,"H","4942-Olendo","4942-Olendo","sample",NA,"24","11","library1",53604,722,"old_leaf","endophyte","Orchidaceae",TRUE,"too much untargeted",FALSE,TRUE,21288,83091,11216,73012,1529,73012,53604,722,NA,NA,NA,NA
"4942-Rendo","LOT01-4942","root","endophyte","Orchidaceae","Camaridium","sp1","LOT1","4942-Rendo","LOT01","GTGAATCATCGAATCTTTGAA","TCCTCCGCTTATTGATATGC","acacacac","gactgatg",1,12,"A","4942-Rendo","4942-Rendo","sample",NA,"1","12","library1",22398,609,"root","endophyte","Orchidaceae",TRUE,"too much untargeted",FALSE,TRUE,13302,50236,7113,44046,1375,44046,22398,609,NA,NA,NA,NA
"4943-Rendo","LOT01-4943","root","endophyte","Orchidaceae","Stelis","sp","LOT1","4943-Rendo","LOT01","GTGAATCATCGAATCTTTGAA","TCCTCCGCTTATTGATATGC","acagcaca","gactgatg",1,12,"B","4943-Rendo","4943-Rendo","sample",NA,"2","12","library1",49682,453,"root","endophyte","Orchidaceae",TRUE,NA,TRUE,TRUE,11607,57390,6529,52311,773,52311,49682,453,NA,NA,NA,NA
"4944-Rendo","LOT01-4944","root","endophyte","Orchidaceae","Stelis","sp","LOT1","4944-Rendo","LOT01","GTGAATCATCGAATCTTTGAA","TCCTCCGCTTATTGATATGC","gtgtacat","gactgatg",1,12,"C","4944-Rendo","4944-Rendo","sample",NA,"3","12","library1",57545,515,"root","endophyte","Orchidaceae",TRUE,NA,TRUE,TRUE,15338,74192,8467,67296,903,67296,57545,515,NA,NA,NA,NA
"4945-Rendo","LOT01-4945","root","endophyte","Araceae","Anthurium ","sp","LOT1","4945-Rendo","LOT01","GTGAATCATCGAATCTTTGAA","TCCTCCGCTTATTGATATGC","tatgtcag","gactgatg",1,12,"D","4945-Rendo","4945-Rendo","sample",NA,"4","12","library1",69178,515,"root","endophyte","Araceae",TRUE,NA,TRUE,TRUE,17717,83829,10078,76177,997,76177,69178,515,NA,NA,NA,NA
"4946-Rendo","LOT01-4946","root","endophyte","Orchidaceae","Camaridium","sp2","LOT1","4946-Rendo","LOT01","GTGAATCATCGAATCTTTGAA","TCCTCCGCTTATTGATATGC","tactatac","gactgatg",1,12,"F","4946-Rendo","4946-Rendo","sample",NA,"6","12","library1",30897,248,"root","endophyte","Orchidaceae",TRUE,NA,TRUE,TRUE,16383,49483,5716,38811,543,38811,30897,248,NA,NA,NA,NA
"4945-Ylendo","LOT01-4945","young_leaf","endophyte","Araceae","Anthurium ","sp","LOT1","4945-Ylendo","LOT01","GTGAATCATCGAATCTTTGAA","TCCTCCGCTTATTGATATGC","gtcgtaga","gactgatg",2,12,"B","4945-Ylendo","4945-Ylendo","sample",NA,"10","12","library1",54720,140,"young_leaf","endophyte","Araceae",TRUE,NA,TRUE,TRUE,4558,58335,2449,56213,370,56213,54720,140,NA,NA,NA,NA
"4946-Ylendo","LOT01-4946","young_leaf","endophyte","Orchidaceae","Camaridium","sp2","LOT1","4946-Ylendo","LOT01","GTGAATCATCGAATCTTTGAA","TCCTCCGCTTATTGATATGC","gtcacgtc","gactgatg",2,12,"C","4946-Ylendo","4946-Ylendo","sample",NA,"11","12","library1",22567,361,"young_leaf","endophyte","Orchidaceae",TRUE,NA,TRUE,TRUE,6562,33627,4049,31087,689,31087,22567,361,NA,NA,NA,NA
"4943-Olendo","LOT01-4943","old_leaf","endophyte","Orchidaceae","Stelis","sp","LOT1","4943-Olendo","LOT01","GTGAATCATCGAATCTTTGAA","TCCTCCGCTTATTGATATGC","gtacgact","gactgatg",3,12,"A","4943-Olendo","4943-Olendo","sample",NA,"17","12","library1",5316,262,"old_leaf","endophyte","Orchidaceae",TRUE,NA,TRUE,TRUE,4629,14065,2480,11892,470,11892,5316,262,NA,NA,NA,NA
"4944-Olendo","LOT01-4944","old_leaf","endophyte","Orchidaceae","Stelis","sp","LOT1","4944-Olendo","LOT01","GTGAATCATCGAATCTTTGAA","TCCTCCGCTTATTGATATGC","atgatcgc","gactgatg",3,12,"B","4944-Olendo","4944-Olendo","sample",NA,"18","12","library1",11108,160,"old_leaf","endophyte","Orchidaceae",TRUE,NA,TRUE,TRUE,4940,16957,2972,14976,357,14976,11108,160,NA,NA,NA,NA
"4945-Olendo","LOT01-4945","old_leaf","endophyte","Araceae","Anthurium ","sp","LOT1","4945-Olendo","LOT01","GTGAATCATCGAATCTTTGAA","TCCTCCGCTTATTGATATGC","acgacgag","gactgatg",3,12,"C","4945-Olendo","4945-Olendo","sample",NA,"19","12","library1",38274,121,"old_leaf","endophyte","Araceae",TRUE,NA,TRUE,TRUE,4902,42381,2908,40377,325,40377,38274,121,NA,NA,NA,NA
"4946-Olendo","LOT01-4946","old_leaf","endophyte","Orchidaceae","Camaridium","sp2","LOT1","4946-Olendo","LOT01","GTGAATCATCGAATCTTTGAA","TCCTCCGCTTATTGATATGC","catcagtc","gactgatg",3,12,"D","4946-Olendo","4946-Olendo","sample",NA,"20","12","library1",7095,253,"old_leaf","endophyte","Orchidaceae",TRUE,"too much untargeted",FALSE,TRUE,10600,30953,5484,25828,668,25828,7095,253,NA,NA,NA,NA
"3433-YLepi","LOT01-3433","young_leaf","epiphyte","Bromeliaceae","Aechmea","sp3433","LOT1","3433-YLepi","LOT01","GTGAATCATCGAATCTTTGAA","TCCTCCGCTTATTGATATGC","acagcaca","agactatg",5,1,"B","3433-YLepi","3433-YLepi","sample",NA,"2","13","library1",5751,153,"young_leaf","epiphyte","Bromeliaceae",TRUE,NA,TRUE,TRUE,4136,14027,2116,11262,416,11262,5751,153,"Aechmea","Aechmea mertensii","Bromeliaceae",0
"3436-Ylepi","LOT01-3436","young_leaf","epiphyte","Orchidaceae","Xylobium","sp3436","LOT1","3436-Ylepi","LOT01","GTGAATCATCGAATCTTTGAA","TCCTCCGCTTATTGATATGC","gtgtacat","agactatg",5,1,"C","3436-Ylepi","3436-Ylepi","sample",NA,"3","13","library1",6656,434,"young_leaf","epiphyte","Orchidaceae",TRUE,"too much untargeted",FALSE,TRUE,6597,16663,3424,13462,1024,13462,6656,434,"Xylobium","Xylobium variegatum","Orchidaceae",0
"3437-Ylepi","LOT01-3437","young_leaf","epiphyte","Orchidaceae","Xylobium","sp3437","LOT1","3437-Ylepi","LOT01","GTGAATCATCGAATCTTTGAA","TCCTCCGCTTATTGATATGC","tatgtcag","agactatg",5,1,"D","3437-Ylepi","3437-Ylepi","sample",NA,"4","13","library1",10450,338,"young_leaf","epiphyte","Orchidaceae",TRUE,"too much untargeted",FALSE,TRUE,7490,21752,3646,17385,748,17385,10450,338,"Xylobium","Xylobium varicosum","Orchidaceae",0
"3438-Ylepi","LOT01-3438","young_leaf","epiphyte","Orchidaceae","Prosthechea","sp1","LOT1","3438-Ylepi","LOT01","GTGAATCATCGAATCTTTGAA","TCCTCCGCTTATTGATATGC","tagtcgca","agactatg",5,1,"E","3438-Ylepi","3438-Ylepi","sample",NA,"5","13","library1",2827,239,"young_leaf","epiphyte","Orchidaceae",TRUE,NA,TRUE,TRUE,4552,13876,2247,11365,544,11365,2827,239,"Prosthechea","Prosthechea fragrans","Orchidaceae",0
"3441-Ylepi","LOT01-3441","young_leaf","epiphyte","Araceae","Syngonium","sp3441","LOT1","3441-Ylepi","LOT01","GTGAATCATCGAATCTTTGAA","TCCTCCGCTTATTGATATGC","tactatac","agactatg",5,1,"F","3441-Ylepi","3441-Ylepi","sample",NA,"6","13","library1",13992,831,"young_leaf","epiphyte","Araceae",TRUE,NA,TRUE,TRUE,9861,24934,5516,20566,1633,20566,13992,831,"Philodendron","Philodendron applanatum","Araceae",0
"3443-Ylepi","LOT01-3443","young_leaf","epiphyte","Araceae","Anthurium","sp3443","LOT1","3443-Ylepi","LOT01","GTGAATCATCGAATCTTTGAA","TCCTCCGCTTATTGATATGC","actagatc","agactatg",5,1,"G","3443-Ylepi","3443-Ylepi","sample",NA,"7","13","library1",10454,570,"young_leaf","epiphyte","Araceae",TRUE,NA,TRUE,TRUE,9342,24505,4734,19850,1408,19850,10454,570,"Anthurium","Anthurium interruptum","Araceae",0
"3444-Ylepi","LOT01-3444","young_leaf","epiphyte","Araceae","Monstera","dubia","LOT1","3444-Ylepi","LOT01","GTGAATCATCGAATCTTTGAA","TCCTCCGCTTATTGATATGC","gatcgcga","agactatg",5,1,"H","3444-Ylepi","3444-Ylepi","sample",NA,"8","13","library1",10946,548,"young_leaf","epiphyte","Araceae",TRUE,NA,TRUE,TRUE,17925,68036,8339,58354,1215,58354,10946,548,"Monstera","Monstera dubia","Araceae",0
"3433-OLepi","LOT01-3433","old_leaf","epiphyte","Bromeliaceae","Aechmea","sp3433","LOT1","3433-OLepi","LOT01","GTGAATCATCGAATCTTTGAA","TCCTCCGCTTATTGATATGC","cgctctcg","agactatg",6,1,"A","3433-OLepi","3433-OLepi","sample",NA,"9","13","library1",12945,602,"old_leaf","epiphyte","Bromeliaceae",TRUE,"too much untargeted",FALSE,TRUE,20955,42525,6753,28247,1371,28247,12945,602,"Aechmea","Aechmea mertensii","Bromeliaceae",0
"3436-Olepi","LOT01-3436","old_leaf","epiphyte","Orchidaceae","Xylobium","sp3436","LOT1","3436-Olepi","LOT01","GTGAATCATCGAATCTTTGAA","TCCTCCGCTTATTGATATGC","gtcgtaga","agactatg",6,1,"B","3436-Olepi","3436-Olepi","sample",NA,"10","13","library1",15000,569,"old_leaf","epiphyte","Orchidaceae",TRUE,"too much untargeted",FALSE,TRUE,18272,46577,7129,35402,1391,35402,15000,569,"Xylobium","Xylobium variegatum","Orchidaceae",0
"3437-Olepi","LOT01-3437","old_leaf","epiphyte","Orchidaceae","Xylobium","sp3437","LOT1","3437-Olepi","LOT01","GTGAATCATCGAATCTTTGAA","TCCTCCGCTTATTGATATGC","gtcacgtc","agactatg",6,1,"C","3437-Olepi","3437-Olepi","sample",NA,"11","13","library1",15189,828,"old_leaf","epiphyte","Orchidaceae",TRUE,"too much untargeted",FALSE,TRUE,20127,48931,9046,37800,2105,37800,15189,828,"Xylobium","Xylobium varicosum","Orchidaceae",0
"3438-Olepi","LOT01-3438","old_leaf","epiphyte","Orchidaceae","Prosthechea","sp1","LOT1","3438-Olepi","LOT01","GTGAATCATCGAATCTTTGAA","TCCTCCGCTTATTGATATGC","gactgatg","agactatg",6,1,"D","3438-Olepi","3438-Olepi","sample",NA,"12","13","library1",31682,713,"old_leaf","epiphyte","Orchidaceae",TRUE,"too much untargeted",FALSE,TRUE,23349,67955,10505,55073,1856,55073,31682,713,"Prosthechea","Prosthechea fragrans","Orchidaceae",0
"3441-Olepi","LOT01-3441","old_leaf","epiphyte","Araceae","Syngonium","sp3441","LOT1","3441-Olepi","LOT01","GTGAATCATCGAATCTTTGAA","TCCTCCGCTTATTGATATGC","agactatg","agactatg",6,1,"E","3441-Olepi","3441-Olepi","sample",NA,"13","13","library1",9739,185,"old_leaf","epiphyte","Araceae",TRUE,NA,TRUE,TRUE,5455,20700,2490,17657,438,17657,9739,185,"Philodendron","Philodendron applanatum","Araceae",0
"3443-Olepi","LOT01-3443","old_leaf","epiphyte","Araceae","Anthurium","sp3443","LOT1","3443-Olepi","LOT01","GTGAATCATCGAATCTTTGAA","TCCTCCGCTTATTGATATGC","gcgtcagc","agactatg",6,1,"F","3443-Olepi","3443-Olepi","sample",NA,"14","13","library1",11375,470,"old_leaf","epiphyte","Araceae",TRUE,"too much untargeted",FALSE,TRUE,14131,33833,5397,25009,1212,25009,11375,470,"Anthurium","Anthurium interruptum","Araceae",0
"3444-Olepi","LOT01-3444","old_leaf","epiphyte","Araceae","Monstera","dubia","LOT1","3444-Olepi","LOT01","GTGAATCATCGAATCTTTGAA","TCCTCCGCTTATTGATATGC","tgacatca","agactatg",6,1,"G","3444-Olepi","3444-Olepi","sample",NA,"15","13","library1",16654,648,"old_leaf","epiphyte","Araceae",TRUE,NA,TRUE,TRUE,17662,50252,7788,40352,1621,40352,16654,648,"Monstera","Monstera dubia","Araceae",0
"3445-Ylepi","LOT01-3445","young_leaf","epiphyte","Araceae","Anthurium","ernestii","LOT1","3445-Ylepi","LOT01","GTGAATCATCGAATCTTTGAA","TCCTCCGCTTATTGATATGC","acacacac","gcgtcagc",5,2,"A","3445-Ylepi","3445-Ylepi","sample",NA,"1","14","library1",12190,293,"young_leaf","epiphyte","Araceae",TRUE,NA,TRUE,TRUE,6102,21630,2810,18335,595,18335,12190,293,"Anthurium","Anthurium ernestii","Araceae",0
"3446-Ylepi","LOT01-3446","young_leaf","epiphyte","Araceae","Anthurium","sp3446","LOT1","3446-Ylepi","LOT01","GTGAATCATCGAATCTTTGAA","TCCTCCGCTTATTGATATGC","gtgtacat","gcgtcagc",5,2,"C","3446-Ylepi","3446-Ylepi","sample",NA,"3","14","library1",1161,150,"young_leaf","epiphyte","Araceae",TRUE,NA,TRUE,TRUE,3632,12196,1760,10318,382,10318,1161,150,"Anthurium","Anthurium dombeyanum","Araceae",0
"3448-Ylepi","LOT01-3448","young_leaf","epiphyte","Bromeliaceae","Vriesea","sp3448","LOT1","3448-Ylepi","LOT01","GTGAATCATCGAATCTTTGAA","TCCTCCGCTTATTGATATGC","tatgtcag","gcgtcagc",5,2,"D","3448-Ylepi","3448-Ylepi","sample",NA,"4","14","library1",17539,753,"young_leaf","epiphyte","Bromeliaceae",TRUE,NA,TRUE,TRUE,14608,51268,7922,44574,1625,44574,17539,753,"Werauhia","Werauhia gigantea","Bromeliaceae",0
"3449-Ylepi","LOT01-3449","young_leaf","epiphyte","Bromeliaceae","Catopsis","sp3449","LOT1","3449-Ylepi","LOT01","GTGAATCATCGAATCTTTGAA","TCCTCCGCTTATTGATATGC","tagtcgca","gcgtcagc",5,2,"E","3449-Ylepi","3449-Ylepi","sample",NA,"5","14","library1",15641,798,"young_leaf","epiphyte","Bromeliaceae",TRUE,"too much untargeted",FALSE,TRUE,13080,34587,7104,28607,1800,28607,15641,798,"Mezobromelia","Mezobromelia pleiosticha","Bromeliaceae",0
"3451-Ylepi","LOT01-3457","young_leaf","epiphyte","Araceae","Philodendron","sp3451","LOT1","3451-Ylepi","LOT01","GTGAATCATCGAATCTTTGAA","TCCTCCGCTTATTGATATGC","actagatc","gcgtcagc",5,2,"G","3451-Ylepi","3451-Ylepi","sample",NA,"7","14","library1",5046,185,"young_leaf","epiphyte","Araceae",TRUE,NA,TRUE,TRUE,5082,18770,2751,16389,426,16389,5046,185,"Sphaeradenia","Sphaeradenia angustifolia","Cyclanthaceae",0
"3457-Ylepi","LOT01-3458","young_leaf","epiphyte","Cyclanthaceae","Sphaeradenia","sp","LOT1","3457-Ylepi","LOT01","GTGAATCATCGAATCTTTGAA","TCCTCCGCTTATTGATATGC","gatcgcga","gcgtcagc",5,2,"H","3457-Ylepi","3457-Ylepi","sample",NA,"8","14","library1",6653,486,"young_leaf","epiphyte","Cyclanthaceae",TRUE,NA,TRUE,TRUE,6164,14589,3216,11610,1087,11610,6653,486,"Werauhia","Werauhia gigantea","Bromeliaceae",0
"3445-Olepi","LOT01-3445","old_leaf","epiphyte","Araceae","Anthurium","ernestii","LOT1","3445-Olepi","LOT01","GTGAATCATCGAATCTTTGAA","TCCTCCGCTTATTGATATGC","cgctctcg","gcgtcagc",6,2,"A","3445-Olepi","3445-Olepi","sample",NA,"9","14","library1",17721,519,"old_leaf","epiphyte","Araceae",TRUE,NA,TRUE,TRUE,19162,44146,5968,30944,1184,30944,17721,519,"Anthurium","Anthurium ernestii","Araceae",0
"3446-Olepi","LOT01-3446","old_leaf","epiphyte","Araceae","Anthurium","sp3446","LOT1","3446-Olepi","LOT01","GTGAATCATCGAATCTTTGAA","TCCTCCGCTTATTGATATGC","gtcgtaga","gcgtcagc",6,2,"B","3446-Olepi","3446-Olepi","sample",NA,"10","14","library1",26803,603,"old_leaf","epiphyte","Araceae",TRUE,NA,TRUE,TRUE,13740,56646,6571,49474,1386,49474,26803,603,"Anthurium","Anthurium dombeyanum","Araceae",0
"3448-Olepi","LOT01-3448","old_leaf","epiphyte","Bromeliaceae","Vriesea","sp3448","LOT1","3448-Olepi","LOT01","GTGAATCATCGAATCTTTGAA","TCCTCCGCTTATTGATATGC","gtcacgtc","gcgtcagc",6,2,"C","3448-Olepi","3448-Olepi","sample",NA,"11","14","library1",9205,674,"old_leaf","epiphyte","Bromeliaceae",TRUE,"too much untargeted",FALSE,TRUE,18333,40174,7200,29033,1659,29033,9205,674,"Werauhia","Werauhia gigantea","Bromeliaceae",0
"3449-Olepi","LOT01-3449","old_leaf","epiphyte","Bromeliaceae","Catopsis","sp3449","LOT1","3449-Olepi","LOT01","GTGAATCATCGAATCTTTGAA","TCCTCCGCTTATTGATATGC","gactgatg","gcgtcagc",6,2,"D","3449-Olepi","3449-Olepi","sample",NA,"12","14","library1",25909,635,"old_leaf","epiphyte","Bromeliaceae",TRUE,NA,TRUE,TRUE,15733,46239,7614,38111,1466,38111,25909,635,"Mezobromelia","Mezobromelia pleiosticha","Bromeliaceae",0
"3450-Olepi","LOT01-3450","old_leaf","epiphyte","Araceae","Anthurium","sp3450","LOT1","3450-Olepi","LOT01","GTGAATCATCGAATCTTTGAA","TCCTCCGCTTATTGATATGC","agactatg","gcgtcagc",6,2,"E","3450-Olepi","3450-Olepi","sample",NA,"13","14","library1",11347,453,"old_leaf","epiphyte","Araceae",TRUE,"too much untargeted",FALSE,TRUE,13372,33941,5577,26145,1164,26145,11347,453,"Anthurium","Anthurium trinervium","Araceae",0
"3451-Olepi","LOT01-3451","old_leaf","epiphyte","Araceae","Philodendron","sp3451","LOT1","3451-Olepi","LOT01","GTGAATCATCGAATCTTTGAA","TCCTCCGCTTATTGATATGC","gcgtcagc","gcgtcagc",6,2,"F","3451-Olepi","3451-Olepi","sample",NA,"14","14","library1",5093,277,"old_leaf","epiphyte","Araceae",TRUE,"too much untargeted",FALSE,TRUE,4537,12756,2354,9397,710,9397,5093,277,"Philodendron","Philodendron juninense","Araceae",0
"3457-Olepi","LOT01-3457","old_leaf","epiphyte","Cyclanthaceae","Sphaeradenia","sp","LOT1","3457-Olepi","LOT01","GTGAATCATCGAATCTTTGAA","TCCTCCGCTTATTGATATGC","tgacatca","gcgtcagc",6,2,"G","3457-Olepi","3457-Olepi","sample",NA,"15","14","library1",15244,562,"old_leaf","epiphyte","Cyclanthaceae",TRUE,"too much untargeted",FALSE,TRUE,17605,48375,7709,38479,1453,38479,15244,562,"Sphaeradenia","Sphaeradenia angustifolia","Cyclanthaceae",0
"3458-Olepi","LOT01-3458","old_leaf","epiphyte","Bromeliaceae","Wehauria","gigantea","LOT1","3458-Olepi","LOT01","GTGAATCATCGAATCTTTGAA","TCCTCCGCTTATTGATATGC","acatgtgt","gcgtcagc",6,2,"H","3458-Olepi","3458-Olepi","sample",NA,"16","14","library1",5380,325,"old_leaf","epiphyte","Bromeliaceae",TRUE,"too much untargeted",FALSE,TRUE,6300,14378,2752,10820,816,10820,5380,325,"Werauhia","Werauhia gigantea","Bromeliaceae",0
"3463-Ylepi","LOT01-3463","young_leaf","epiphyte","Araceae","Philodendron","sp3463","LOT1","3463-Ylepi","LOT01","GTGAATCATCGAATCTTTGAA","TCCTCCGCTTATTGATATGC","acagcaca","tgacatca",5,3,"B","3463-Ylepi","3463-Ylepi","sample",NA,"2","15","library1",8757,308,"young_leaf","epiphyte","Araceae",TRUE,NA,TRUE,TRUE,5496,18768,2792,16061,672,16061,8757,308,"Philodendron","Philodendron asplundii","Araceae",0
"3464-Ylepi","LOT01-3464","young_leaf","epiphyte","Bromeliaceae","Guzmania","sp3464","LOT1","3464-Ylepi","LOT01","GTGAATCATCGAATCTTTGAA","TCCTCCGCTTATTGATATGC","tagtcgca","tgacatca",5,3,"E","3464-Ylepi","3464-Ylepi","sample",NA,"5","15","library1",26770,1097,"young_leaf","epiphyte","Bromeliaceae",TRUE,NA,TRUE,TRUE,17118,48306,9733,40910,2281,40910,26770,1097,"Guzmania","Guzmania calothyrsus","Bromeliaceae",0
"3465-Ylepi","LOT01-3465","young_leaf","epiphyte","Gesneriaceae","Paradymonia","sp","LOT1","3465-Ylepi","LOT01","GTGAATCATCGAATCTTTGAA","TCCTCCGCTTATTGATATGC","tactatac","tgacatca",5,3,"F","3465-Ylepi","3465-Ylepi","sample",NA,"6","15","library1",12434,819,"young_leaf","epiphyte","Gesneriaceae",TRUE,NA,TRUE,TRUE,10094,25779,5881,21557,1812,21557,12434,819,"Paradrymonia","Paradrymonia ciliosa","Gesneriaceae",0
"3470-Ylepi","LOT01-3470","young_leaf","epiphyte","Bromeliaceae","Guzmania","sp3470","LOT1","3470-Ylepi","LOT01","GTGAATCATCGAATCTTTGAA","TCCTCCGCTTATTGATATGC","actagatc","tgacatca",5,3,"G","3470-Ylepi","3470-Ylepi","sample",NA,"7","15","library1",13549,506,"young_leaf","epiphyte","Bromeliaceae",TRUE,NA,TRUE,TRUE,9346,25965,4664,21094,958,21094,13549,506,"Guzmania","Guzmania confusa","Bromeliaceae",0
"3472-Ylepi","LOT01-3472","young_leaf","epiphyte","Orchidaceae","Encyclia","sp1","LOT1","3472-Ylepi","LOT01","GTGAATCATCGAATCTTTGAA","TCCTCCGCTTATTGATATGC","gatcgcga","tgacatca",5,3,"H","3472-Ylepi","3472-Ylepi","sample",NA,"8","15","library1",14899,756,"young_leaf","epiphyte","Orchidaceae",TRUE,NA,TRUE,TRUE,15202,42019,7562,34372,1629,34372,14899,756,"Prosthechea","Prosthechea pygmaea","Orchidaceae",0
"3463-Olepi","LOT01-3463","old_leaf","epiphyte","Araceae","Philodendron","sp3463","LOT1","3463-Olepi","LOT01","GTGAATCATCGAATCTTTGAA","TCCTCCGCTTATTGATATGC","cgctctcg","tgacatca",6,3,"A","3463-Olepi","3463-Olepi","sample",NA,"9","15","library1",7974,249,"old_leaf","epiphyte","Araceae",TRUE,NA,TRUE,TRUE,9304,19552,3343,13586,754,13586,7974,249,"Philodendron","Philodendron asplundii","Araceae",0
"3464-Olepi","LOT01-3464","old_leaf","epiphyte","Bromeliaceae","Guzmania","sp3464","LOT1","3464-Olepi","LOT01","GTGAATCATCGAATCTTTGAA","TCCTCCGCTTATTGATATGC","gtcgtaga","tgacatca",6,3,"B","3464-Olepi","3464-Olepi","sample",NA,"10","15","library1",9894,638,"old_leaf","epiphyte","Bromeliaceae",TRUE,"too much untargeted",FALSE,TRUE,12214,30914,6361,25039,1459,25039,9894,638,"Guzmania","Guzmania calothyrsus","Bromeliaceae",0
"3465-Olepi","LOT01-3465","old_leaf","epiphyte","Gesneriaceae","Paradymonia","sp","LOT1","3465-Olepi","LOT01","GTGAATCATCGAATCTTTGAA","TCCTCCGCTTATTGATATGC","gtcacgtc","tgacatca",6,3,"C","3465-Olepi","3465-Olepi","sample",NA,"11","15","library1",12249,417,"old_leaf","epiphyte","Gesneriaceae",TRUE,"too much untargeted",FALSE,TRUE,9280,25717,4765,21139,1033,21139,12249,417,"Paradrymonia","Paradrymonia ciliosa","Gesneriaceae",0
"3470-Olepi","LOT01-3470","old_leaf","epiphyte","Bromeliaceae","Guzmania","sp3470","LOT1","3470-Olepi","LOT01","GTGAATCATCGAATCTTTGAA","TCCTCCGCTTATTGATATGC","gactgatg","tgacatca",6,3,"D","3470-Olepi","3470-Olepi","sample",NA,"12","15","library1",10585,372,"old_leaf","epiphyte","Bromeliaceae",TRUE,"too much untargeted",FALSE,TRUE,9758,28973,4677,23827,964,23827,10585,372,"Guzmania","Guzmania confusa","Bromeliaceae",0
"3472-Olepi","LOT01-3472","old_leaf","epiphyte","Orchidaceae","Encyclia","sp1","LOT1","3472-Olepi","LOT01","GTGAATCATCGAATCTTTGAA","TCCTCCGCTTATTGATATGC","agactatg","tgacatca",6,3,"E","3472-Olepi","3472-Olepi","sample",NA,"13","15","library1",7973,353,"old_leaf","epiphyte","Orchidaceae",TRUE,"too much untargeted",FALSE,TRUE,8271,22763,3918,18337,753,18337,7973,353,"Prosthechea","Prosthechea pygmaea","Orchidaceae",0
"4901-Olepi","LOT01-4901","old_leaf","epiphyte","Orchidaceae","Prosthechea","sp1","LOT1","4901-Olepi","LOT01","GTGAATCATCGAATCTTTGAA","TCCTCCGCTTATTGATATGC","tgacatca","tgacatca",6,3,"G","4901-Olepi","4901-Olepi","sample",NA,"15","15","library1",13459,536,"old_leaf","epiphyte","Orchidaceae",TRUE,"too much untargeted",FALSE,TRUE,17377,47141,7637,37394,1395,37394,13459,536,NA,NA,NA,NA
"4902-Olepi","LOT01-4902","old_leaf","epiphyte","Orchidaceae","Prosthechea","sp1","LOT1","4902-Olepi","LOT01","GTGAATCATCGAATCTTTGAA","TCCTCCGCTTATTGATATGC","acatgtgt","tgacatca",6,3,"H","4902-Olepi","4902-Olepi","sample",NA,"16","15","library1",5403,314,"old_leaf","epiphyte","Orchidaceae",TRUE,"too much untargeted",FALSE,TRUE,8036,20101,3745,15768,812,15768,5403,314,NA,NA,NA,NA
"3479-Ylepi","LOT01-3479","young_leaf","epiphyte","Orchidaceae","Maxillaria","desvauxiana","LOT1","3479-Ylepi","LOT01","GTGAATCATCGAATCTTTGAA","TCCTCCGCTTATTGATATGC","acacacac","acatgtgt",5,4,"A","3479-Ylepi","3479-Ylepi","sample",NA,"1","16","library1",3195,279,"young_leaf","epiphyte","Orchidaceae",TRUE,"too much untargeted",FALSE,TRUE,5439,15484,2885,12928,657,12928,3195,279,"Maxillaria","Maxillaria desvauxiana","Orchidaceae",0
"4901-Ylepi","LOT01-4901","young_leaf","epiphyte","Orchidaceae","Prosthechea","sp1","LOT1","4901-Ylepi","LOT01","GTGAATCATCGAATCTTTGAA","TCCTCCGCTTATTGATATGC","acagcaca","acatgtgt",5,4,"B","4901-Ylepi","4901-Ylepi","sample",NA,"2","16","library1",15944,569,"young_leaf","epiphyte","Orchidaceae",TRUE,NA,TRUE,TRUE,11741,37068,5751,31075,1260,31075,15944,569,NA,NA,NA,NA
"4902-Ylepi","LOT01-4902","young_leaf","epiphyte","Orchidaceae","Prosthechea","sp1","LOT1","4902-Ylepi","LOT01","GTGAATCATCGAATCTTTGAA","TCCTCCGCTTATTGATATGC","gtgtacat","acatgtgt",5,4,"C","4902-Ylepi","4902-Ylepi","sample",NA,"3","16","library1",14170,733,"young_leaf","epiphyte","Orchidaceae",TRUE,"too much untargeted",FALSE,TRUE,13630,41083,7008,34452,1734,34452,14170,733,NA,NA,NA,NA
"4903-Ylepi","LOT01-4903","young_leaf","epiphyte","Orchidaceae","Prosthechea","sp1","LOT1","4903-Ylepi","LOT01","GTGAATCATCGAATCTTTGAA","TCCTCCGCTTATTGATATGC","tagtcgca","acatgtgt",5,4,"E","4903-Ylepi","4903-Ylepi","sample",NA,"5","16","library1",7600,602,"young_leaf","epiphyte","Orchidaceae",TRUE,"too much untargeted",FALSE,TRUE,14189,40595,6982,33381,1519,33381,7600,602,NA,NA,NA,NA
"4904-Ylepi","LOT01-4904","young_leaf","epiphyte","Araceae","Stenospermation","sp3414","LOT1","4904-Ylepi","LOT01","GTGAATCATCGAATCTTTGAA","TCCTCCGCTTATTGATATGC","tactatac","acatgtgt",5,4,"F","4904-Ylepi","4904-Ylepi","sample",NA,"6","16","library1",17154,616,"young_leaf","epiphyte","Araceae",TRUE,NA,TRUE,TRUE,12289,41614,6468,35770,1290,35770,17154,616,NA,NA,NA,NA
"4906-Ylepi","LOT01-4906","young_leaf","epiphyte","Araceae","Anthurium","Anthurium ernestii","LOT1","4906-Ylepi","LOT01","GTGAATCATCGAATCTTTGAA","TCCTCCGCTTATTGATATGC","actagatc","acatgtgt",5,4,"G","4906-Ylepi","4906-Ylepi","sample",NA,"7","16","library1",11857,232,"young_leaf","epiphyte","Araceae",TRUE,NA,TRUE,TRUE,6321,21390,2924,17987,548,17987,11857,232,NA,NA,NA,NA
"4910-Ylepi","LOT01-4910","young_leaf","epiphyte","Cyclanthaceae","Sphaeradenia","sp3457","LOT1","4910-Ylepi","LOT01","GTGAATCATCGAATCTTTGAA","TCCTCCGCTTATTGATATGC","gatcgcga","acatgtgt",5,4,"H","4910-Ylepi","4910-Ylepi","sample",NA,"8","16","library1",20423,383,"young_leaf","epiphyte","Cyclanthaceae",TRUE,NA,TRUE,TRUE,5956,26687,3019,23735,795,23735,20423,383,NA,NA,NA,NA
"4904-Olepi","LOT01-4904","old_leaf","epiphyte","Araceae","Stenospermation","sp3414","LOT1","4904-Olepi","LOT01","GTGAATCATCGAATCTTTGAA","TCCTCCGCTTATTGATATGC","gtcgtaga","acatgtgt",6,4,"B","4904-Olepi","4904-Olepi","sample",NA,"10","16","library1",4275,252,"old_leaf","epiphyte","Araceae",TRUE,NA,TRUE,TRUE,5884,16931,2726,13414,522,13414,4275,252,NA,NA,NA,NA
"4906-Olepi","LOT01-4906","old_leaf","epiphyte","Araceae","Anthurium","Anthurium ernestii","LOT1","4906-Olepi","LOT01","GTGAATCATCGAATCTTTGAA","TCCTCCGCTTATTGATATGC","gtcacgtc","acatgtgt",6,4,"C","4906-Olepi","4906-Olepi","sample",NA,"11","16","library1",13318,148,"old_leaf","epiphyte","Araceae",TRUE,"too much untargeted",FALSE,TRUE,6248,26986,2877,23391,298,23391,13318,148,NA,NA,NA,NA
"4910-Olepi","LOT01-4910","old_leaf","epiphyte","Cyclanthaceae","Sphaeradenia","sp3457","LOT1","4910-Olepi","LOT01","GTGAATCATCGAATCTTTGAA","TCCTCCGCTTATTGATATGC","gactgatg","acatgtgt",6,4,"D","4910-Olepi","4910-Olepi","sample",NA,"12","16","library1",7416,390,"old_leaf","epiphyte","Cyclanthaceae",TRUE,"too much untargeted",FALSE,TRUE,7186,20427,3696,16832,999,16832,7416,390,NA,NA,NA,NA
"4911-Olepi","LOT01-4911","old_leaf","epiphyte","Cyclanthaceae","Sphaeradenia","sp3457","LOT1","4911-Olepi","LOT01","GTGAATCATCGAATCTTTGAA","TCCTCCGCTTATTGATATGC","agactatg","acatgtgt",6,4,"E","4911-Olepi","4911-Olepi","sample",NA,"13","16","library1",21573,527,"old_leaf","epiphyte","Cyclanthaceae",TRUE,NA,TRUE,TRUE,13454,46990,6167,39674,1340,39674,21573,527,NA,NA,NA,NA
"4912-Olepi","LOT01-4912","old_leaf","epiphyte","Araceae","Monstera","sp4912","LOT1","4912-Olepi","LOT01","GTGAATCATCGAATCTTTGAA","TCCTCCGCTTATTGATATGC","gcgtcagc","acatgtgt",6,4,"F","4912-Olepi","4912-Olepi","sample",NA,"14","16","library1",3804,253,"old_leaf","epiphyte","Araceae",TRUE,NA,TRUE,TRUE,4788,12384,2322,9909,709,9909,3804,253,NA,NA,NA,NA
"4913-Olepi","LOT01-4913","old_leaf","epiphyte","Araceae","Philodendron","sp3463","LOT1","4913-Olepi","LOT01","GTGAATCATCGAATCTTTGAA","TCCTCCGCTTATTGATATGC","tgacatca","acatgtgt",6,4,"G","4913-Olepi","4913-Olepi","sample",NA,"15","16","library1",19226,355,"old_leaf","epiphyte","Araceae",TRUE,NA,TRUE,TRUE,9333,35785,4235,30433,760,30433,19226,355,NA,NA,NA,NA
"4914-Olepi","LOT01-4914","old_leaf","epiphyte","Araceae","Guzmania","sp3464","LOT1","4914-Olepi","LOT01","GTGAATCATCGAATCTTTGAA","TCCTCCGCTTATTGATATGC","acatgtgt","acatgtgt",6,4,"H","4914-Olepi","4914-Olepi","sample",NA,"16","16","library1",8096,406,"old_leaf","epiphyte","Araceae",TRUE,"too much untargeted",FALSE,TRUE,7666,22364,4051,18673,900,18673,8096,406,NA,NA,NA,NA
"4911-Ylepi","LOT01-4911","young_leaf","epiphyte","Cyclanthaceae","Sphaeradenia","sp3457","LOT1","4911-Ylepi","LOT01","GTGAATCATCGAATCTTTGAA","TCCTCCGCTTATTGATATGC","acacacac","gtacgact",5,5,"A","4911-Ylepi","4911-Ylepi","sample",NA,"1","17","library1",2261,208,"young_leaf","epiphyte","Cyclanthaceae",TRUE,NA,TRUE,TRUE,3967,20415,1922,18356,446,18356,2261,208,NA,NA,NA,NA
"4912-Ylepi","LOT01-4912","young_leaf","epiphyte","Araceae","Monstera","sp4912","LOT1","4912-Ylepi","LOT01","GTGAATCATCGAATCTTTGAA","TCCTCCGCTTATTGATATGC","acagcaca","gtacgact",5,5,"B","4912-Ylepi","4912-Ylepi","sample",NA,"2","17","library1",5966,513,"young_leaf","epiphyte","Araceae",TRUE,NA,TRUE,TRUE,11042,35039,5717,29713,1084,29713,5966,513,NA,NA,NA,NA
"4913-Ylepi","LOT01-4913","young_leaf","epiphyte","Araceae","Philodendron","sp3463","LOT1","4913-Ylepi","LOT01","GTGAATCATCGAATCTTTGAA","TCCTCCGCTTATTGATATGC","gtgtacat","gtacgact",5,5,"C","4913-Ylepi","4913-Ylepi","sample",NA,"3","17","library1",2530,320,"young_leaf","epiphyte","Araceae",TRUE,NA,TRUE,TRUE,8262,34806,4217,30749,768,30749,2530,320,NA,NA,NA,NA
"4914-Ylepi","LOT01-4914","young_leaf","epiphyte","Araceae","Guzmania","sp3464","LOT1","4914-Ylepi","LOT01","GTGAATCATCGAATCTTTGAA","TCCTCCGCTTATTGATATGC","tatgtcag","gtacgact",5,5,"D","4914-Ylepi","4914-Ylepi","sample",NA,"4","17","library1",4404,380,"young_leaf","epiphyte","Araceae",TRUE,"too much untargeted",FALSE,TRUE,8005,20218,4025,16203,910,16203,4404,380,NA,NA,NA,NA
"4916-Ylepi","LOT01-4916","young_leaf","epiphyte","Orchidaceae","Prosthechea","sp1","LOT1","4916-Ylepi","LOT01","GTGAATCATCGAATCTTTGAA","TCCTCCGCTTATTGATATGC","actagatc","gtacgact",5,5,"G","4916-Ylepi","4916-Ylepi","sample",NA,"7","17","library1",13086,437,"young_leaf","epiphyte","Orchidaceae",TRUE,NA,TRUE,TRUE,6527,20690,3711,17861,748,17861,13086,437,NA,NA,NA,NA
"4917-Ylepi","LOT01-4917","young_leaf","epiphyte","Orchidaceae","Prosthechea","sp1","LOT1","4917-Ylepi","LOT01","GTGAATCATCGAATCTTTGAA","TCCTCCGCTTATTGATATGC","gatcgcga","gtacgact",5,5,"H","4917-Ylepi","4917-Ylepi","sample",NA,"8","17","library1",10880,303,"young_leaf","epiphyte","Orchidaceae",TRUE,NA,TRUE,TRUE,7299,28884,3654,25179,574,25179,10880,303,NA,NA,NA,NA
"4915-Olepi","LOT01-4915","old_leaf","epiphyte","Gesneriaceae","Paradymonia","sp","LOT1","4915-Olepi","LOT01","GTGAATCATCGAATCTTTGAA","TCCTCCGCTTATTGATATGC","cgctctcg","gtacgact",6,5,"A","4915-Olepi","4915-Olepi","sample",NA,"9","17","library1",14461,271,"old_leaf","epiphyte","Gesneriaceae",TRUE,NA,TRUE,TRUE,9596,24857,3316,18093,566,18093,14461,271,NA,NA,NA,NA
"4916-Olepi","LOT01-4916","old_leaf","epiphyte","Orchidaceae","Prosthechea","sp1","LOT1","4916-Olepi","LOT01","GTGAATCATCGAATCTTTGAA","TCCTCCGCTTATTGATATGC","gtcgtaga","gtacgact",6,5,"B","4916-Olepi","4916-Olepi","sample",NA,"10","17","library1",16164,606,"old_leaf","epiphyte","Orchidaceae",TRUE,"too much untargeted",FALSE,TRUE,17037,49189,7963,40103,1296,40103,16164,606,NA,NA,NA,NA
"4917-Olepi","LOT01-4917","old_leaf","epiphyte","Orchidaceae","Prosthechea","sp1","LOT1","4917-Olepi","LOT01","GTGAATCATCGAATCTTTGAA","TCCTCCGCTTATTGATATGC","gactgatg","gtacgact",6,5,"D","4917-Olepi","4917-Olepi","sample",NA,"12","17","library1",18007,529,"old_leaf","epiphyte","Orchidaceae",TRUE,NA,TRUE,TRUE,17958,50285,7724,40001,1285,40001,18007,529,NA,NA,NA,NA
"4918-Olepi","LOT01-4918","old_leaf","epiphyte","Orchidaceae","Prosthechea","sp1","LOT1","4918-Olepi","LOT01","GTGAATCATCGAATCTTTGAA","TCCTCCGCTTATTGATATGC","agactatg","gtacgact",6,5,"E","4918-Olepi","4918-Olepi","sample",NA,"13","17","library1",9410,290,"old_leaf","epiphyte","Orchidaceae",TRUE,"too much untargeted",FALSE,TRUE,11629,35483,5359,29172,762,29172,9410,290,NA,NA,NA,NA
"4919-Olepi","LOT01-4919","old_leaf","epiphyte","Araceae","Stenospermation","sp3414","LOT1","4919-Olepi","LOT01","GTGAATCATCGAATCTTTGAA","TCCTCCGCTTATTGATATGC","gcgtcagc","gtacgact",6,5,"F","4919-Olepi","4919-Olepi","sample",NA,"14","17","library1",9568,449,"old_leaf","epiphyte","Araceae",TRUE,"too much untargeted",FALSE,TRUE,11222,30497,5458,24721,1092,24721,9568,449,NA,NA,NA,NA
"4920-Olepi","LOT01-4920","old_leaf","epiphyte","Araceae","Stenospermation","sp3414","LOT1","4920-Olepi","LOT01","GTGAATCATCGAATCTTTGAA","TCCTCCGCTTATTGATATGC","tgacatca","gtacgact",6,5,"G","4920-Olepi","4920-Olepi","sample",NA,"15","17","library1",5569,270,"old_leaf","epiphyte","Araceae",TRUE,"too much untargeted",FALSE,TRUE,7452,17646,2806,12885,623,12885,5569,270,NA,NA,NA,NA
"4921-Olepi","LOT01-49221","old_leaf","epiphyte","Gesneriaceae","Paradymonia","sp","LOT1","4921-Olepi","LOT01","GTGAATCATCGAATCTTTGAA","TCCTCCGCTTATTGATATGC","acatgtgt","gtacgact",6,5,"H","4921-Olepi","4921-Olepi","sample",NA,"16","17","library1",9283,215,"old_leaf","epiphyte","Gesneriaceae",TRUE,NA,TRUE,TRUE,5679,17996,2738,14981,550,14981,9283,215,NA,NA,NA,NA
"4918-Ylepi","LOT01-4918","young_leaf","epiphyte","Orchidaceae","Prosthechea","sp1","LOT1","4918-Ylepi","LOT01","GTGAATCATCGAATCTTTGAA","TCCTCCGCTTATTGATATGC","acacacac","atgatcgc",5,6,"A","4918-Ylepi","4918-Ylepi","sample",NA,"1","18","library1",7488,409,"young_leaf","epiphyte","Orchidaceae",TRUE,NA,TRUE,TRUE,6157,16152,3294,13288,821,13288,7488,409,NA,NA,NA,NA
"4919-Ylepi","LOT01-4919","young_leaf","epiphyte","Araceae","Stenospermation","sp3414","LOT1","4919-Ylepi","LOT01","GTGAATCATCGAATCTTTGAA","TCCTCCGCTTATTGATATGC","acagcaca","atgatcgc",5,6,"B","4919-Ylepi","4919-Ylepi","sample",NA,"2","18","library1",1884,211,"young_leaf","epiphyte","Araceae",TRUE,NA,TRUE,TRUE,4068,15295,2133,13353,455,13353,1884,211,NA,NA,NA,NA
"4920-Ylepi","LOT01-4920","young_leaf","epiphyte","Araceae","Stenospermation","sp3414","LOT1","4920-Ylepi","LOT01","GTGAATCATCGAATCTTTGAA","TCCTCCGCTTATTGATATGC","gtgtacat","atgatcgc",5,6,"C","4920-Ylepi","4920-Ylepi","sample",NA,"3","18","library1",4120,446,"young_leaf","epiphyte","Araceae",TRUE,NA,TRUE,TRUE,5579,16275,3108,13759,845,13759,4120,446,NA,NA,NA,NA
"4921-Ylepi","LOT01-49221","young_leaf","epiphyte","Gesneriaceae","Paradymonia","sp","LOT1","4921-Ylepi","LOT01","GTGAATCATCGAATCTTTGAA","TCCTCCGCTTATTGATATGC","tatgtcag","atgatcgc",5,6,"D","4921-Ylepi","4921-Ylepi","sample",NA,"4","18","library1",6546,413,"young_leaf","epiphyte","Gesneriaceae",TRUE,"too much untargeted",FALSE,TRUE,6304,17042,3444,14160,963,14160,6546,413,NA,NA,NA,NA
"4922-Ylepi","LOT01-4922","young_leaf","epiphyte","Orchidaceae","Elleanthus","sp4922","LOT1","4922-Ylepi","LOT01","GTGAATCATCGAATCTTTGAA","TCCTCCGCTTATTGATATGC","tagtcgca","atgatcgc",5,6,"E","4922-Ylepi","4922-Ylepi","sample",NA,"5","18","library1",8021,518,"young_leaf","epiphyte","Orchidaceae",TRUE,"too much untargeted",FALSE,TRUE,7321,19625,3666,15961,1059,15961,8021,518,NA,NA,NA,NA
"4923-Ylepi","LOT01-4923","young_leaf","epiphyte","Orchidaceae","Sobralia","sp4923","LOT1","4923-Ylepi","LOT01","GTGAATCATCGAATCTTTGAA","TCCTCCGCTTATTGATATGC","actagatc","atgatcgc",5,6,"G","4923-Ylepi","4923-Ylepi","sample",NA,"7","18","library1",11786,306,"young_leaf","epiphyte","Orchidaceae",TRUE,NA,TRUE,TRUE,5494,17740,2757,14993,601,14993,11786,306,NA,NA,NA,NA
"4924-Ylepi","LOT01-4924","young_leaf","epiphyte","Araceae","Anthurium","ernestii","LOT1","4924-Ylepi","LOT01","GTGAATCATCGAATCTTTGAA","TCCTCCGCTTATTGATATGC","gatcgcga","atgatcgc",5,6,"H","4924-Ylepi","4924-Ylepi","sample",NA,"8","18","library1",11177,291,"young_leaf","epiphyte","Araceae",TRUE,NA,TRUE,TRUE,7866,22445,4124,18649,576,18649,11177,291,NA,NA,NA,NA
"4922-Olepi","LOT01-4922","old_leaf","epiphyte","Orchidaceae","Elleanthus","sp4922","LOT1","4922-Olepi","LOT01","GTGAATCATCGAATCTTTGAA","TCCTCCGCTTATTGATATGC","cgctctcg","atgatcgc",6,6,"A","4922-Olepi","4922-Olepi","sample",NA,"9","18","library1",7938,337,"old_leaf","epiphyte","Orchidaceae",TRUE,"too much untargeted",FALSE,TRUE,8292,21490,3290,13505,752,13505,7938,337,NA,NA,NA,NA
"4924-Olepi","LOT01-4924","old_leaf","epiphyte","Araceae","Anthurium","ernestii","LOT1","4924-Olepi","LOT01","GTGAATCATCGAATCTTTGAA","TCCTCCGCTTATTGATATGC","gtcacgtc","atgatcgc",6,6,"C","4924-Olepi","4924-Olepi","sample",NA,"11","18","library1",9443,294,"old_leaf","epiphyte","Araceae",TRUE,NA,TRUE,TRUE,6596,19900,3199,16450,683,16450,9443,294,NA,NA,NA,NA
"4926-Olepi","LOT01-4926","old_leaf","epiphyte","Araceae","Anthurium","sp","LOT1","4926-Olepi","LOT01","GTGAATCATCGAATCTTTGAA","TCCTCCGCTTATTGATATGC","gactgatg","atgatcgc",6,6,"D","4926-Olepi","4926-Olepi","sample",NA,"12","18","library1",6769,385,"old_leaf","epiphyte","Araceae",TRUE,"too much untargeted",FALSE,TRUE,10113,25971,4644,20455,1063,20455,6769,385,NA,NA,NA,NA
"4927-Olepi","LOT01-4927","old_leaf","epiphyte","Araceae","Anthurium","sp","LOT1","4927-Olepi","LOT01","GTGAATCATCGAATCTTTGAA","TCCTCCGCTTATTGATATGC","agactatg","atgatcgc",6,6,"E","4927-Olepi","4927-Olepi","sample",NA,"13","18","library1",5378,367,"old_leaf","epiphyte","Araceae",TRUE,"too much untargeted",FALSE,TRUE,6829,17695,3634,14262,883,14262,5378,367,NA,NA,NA,NA
"4928-Olepi","LOT01-4928","old_leaf","epiphyte","Cyclanthaceae","Asplundia","sp4928","LOT1","4928-Olepi","LOT01","GTGAATCATCGAATCTTTGAA","TCCTCCGCTTATTGATATGC","gcgtcagc","atgatcgc",6,6,"F","4928-Olepi","4928-Olepi","sample",NA,"14","18","library1",30796,558,"old_leaf","epiphyte","Cyclanthaceae",TRUE,"too much untargeted",FALSE,TRUE,14534,52007,6233,43693,1648,43693,30796,558,NA,NA,NA,NA
"4929-Olepi","LOT01-4929","old_leaf","epiphyte","Dryopteridaceae","Elaphaglossum","sp4929","LOT1","4929-Olepi","LOT01","GTGAATCATCGAATCTTTGAA","TCCTCCGCTTATTGATATGC","tgacatca","atgatcgc",6,6,"G","4929-Olepi","4929-Olepi","sample",NA,"15","18","library1",4378,290,"old_leaf","epiphyte","Dryopteridaceae",TRUE,"too much untargeted",FALSE,TRUE,6831,18110,3448,14718,810,14718,4378,290,NA,NA,NA,NA
"4930-Olepi","LOT01-4930","old_leaf","epiphyte","Dryopteridaceae","Elaphaglossum","sp4929","LOT1","4930-Olepi","LOT01","GTGAATCATCGAATCTTTGAA","TCCTCCGCTTATTGATATGC","acatgtgt","atgatcgc",6,6,"H","4930-Olepi","4930-Olepi","sample",NA,"16","18","library1",6066,256,"old_leaf","epiphyte","Dryopteridaceae",TRUE,"too much untargeted",FALSE,TRUE,7441,21494,3705,17737,675,17737,6066,256,NA,NA,NA,NA
"4926-Ylepi","LOT01-4926","young_leaf","epiphyte","Araceae","Anthurium","sp","LOT1","4926-Ylepi","LOT01","GTGAATCATCGAATCTTTGAA","TCCTCCGCTTATTGATATGC","acacacac","acgacgag",5,7,"A","4926-Ylepi","4926-Ylepi","sample",NA,"1","19","library1",4280,203,"young_leaf","epiphyte","Araceae",TRUE,NA,TRUE,TRUE,4828,14534,2489,12169,482,12169,4280,203,NA,NA,NA,NA
"4927-Ylepi","LOT01-4927","young_leaf","epiphyte","Araceae","Anthurium","sp","LOT1","4927-Ylepi","LOT01","GTGAATCATCGAATCTTTGAA","TCCTCCGCTTATTGATATGC","acagcaca","acgacgag",5,7,"B","4927-Ylepi","4927-Ylepi","sample",NA,"2","19","library1",9172,291,"young_leaf","epiphyte","Araceae",TRUE,NA,TRUE,TRUE,5181,17713,2600,14962,652,14962,9172,291,NA,NA,NA,NA
"4928-Ylepi","LOT01-4928","young_leaf","epiphyte","Cyclanthaceae","Asplundia","sp4928","LOT1","4928-Ylepi","LOT01","GTGAATCATCGAATCTTTGAA","TCCTCCGCTTATTGATATGC","gtgtacat","acgacgag",5,7,"C","4928-Ylepi","4928-Ylepi","sample",NA,"3","19","library1",11208,574,"young_leaf","epiphyte","Cyclanthaceae",TRUE,"too much untargeted",FALSE,TRUE,7083,18387,3501,14795,1136,14795,11208,574,NA,NA,NA,NA
"4929-Ylepi","LOT01-4929","young_leaf","epiphyte","Dryopteridaceae","Elaphaglossum","sp4929","LOT1","4929-Ylepi","LOT01","GTGAATCATCGAATCTTTGAA","TCCTCCGCTTATTGATATGC","tatgtcag","acgacgag",5,7,"D","4929-Ylepi","4929-Ylepi","sample",NA,"4","19","library1",8179,390,"young_leaf","epiphyte","Dryopteridaceae",TRUE,"too much untargeted",FALSE,TRUE,6566,17680,3686,14790,963,14790,8179,390,NA,NA,NA,NA
"4930-Ylepi","LOT01-4930","young_leaf","epiphyte","Dryopteridaceae","Elaphaglossum","sp4929","LOT1","4930-Ylepi","LOT01","GTGAATCATCGAATCTTTGAA","TCCTCCGCTTATTGATATGC","tagtcgca","acgacgag",5,7,"E","4930-Ylepi","4930-Ylepi","sample",NA,"5","19","library1",25711,249,"young_leaf","epiphyte","Dryopteridaceae",TRUE,NA,TRUE,TRUE,6501,34426,3387,31308,687,31308,25711,249,NA,NA,NA,NA
"4931-Ylepi","LOT01-4931","young_leaf","epiphyte","Dryopteridaceae","Elaphaglossum","sp4929","LOT1","4931-Ylepi","LOT01","GTGAATCATCGAATCTTTGAA","TCCTCCGCTTATTGATATGC","tactatac","acgacgag",5,7,"F","4931-Ylepi","4931-Ylepi","sample",NA,"6","19","library1",25908,278,"young_leaf","epiphyte","Dryopteridaceae",TRUE,NA,TRUE,TRUE,6327,33165,3241,30077,696,30077,25908,278,NA,NA,NA,NA
"4932-Ylepi","LOT01-4932","young_leaf","epiphyte","Orchidaceae","Elleanthus","sp4922","LOT1","4932-Ylepi","LOT01","GTGAATCATCGAATCTTTGAA","TCCTCCGCTTATTGATATGC","actagatc","acgacgag",5,7,"G","4932-Ylepi","4932-Ylepi","sample",NA,"7","19","library1",10382,243,"young_leaf","epiphyte","Orchidaceae",TRUE,"too much untargeted",FALSE,TRUE,6216,20998,2815,17574,529,17574,10382,243,NA,NA,NA,NA
"4933-Ylepi","LOT01-4933","young_leaf","epiphyte","Orchidaceae","Elleanthus","sp4933","LOT1","4933-Ylepi","LOT01","GTGAATCATCGAATCTTTGAA","TCCTCCGCTTATTGATATGC","gatcgcga","acgacgag",5,7,"H","4933-Ylepi","4933-Ylepi","sample",NA,"8","19","library1",9613,353,"young_leaf","epiphyte","Orchidaceae",TRUE,"too much untargeted",FALSE,TRUE,9619,23622,4381,18326,839,18326,9613,353,NA,NA,NA,NA
"4931-Olepi","LOT01-4931","old_leaf","epiphyte","Dryopteridaceae","Elaphaglossum","sp4929","LOT1","4931-Olepi","LOT01","GTGAATCATCGAATCTTTGAA","TCCTCCGCTTATTGATATGC","cgctctcg","acgacgag",6,7,"A","4931-Olepi","4931-Olepi","sample",NA,"9","19","library1",5256,366,"old_leaf","epiphyte","Dryopteridaceae",TRUE,"too much untargeted",FALSE,TRUE,6323,12502,2765,8909,856,8909,5256,366,NA,NA,NA,NA
"4932-Olepi","LOT01-4932","old_leaf","epiphyte","Orchidaceae","Elleanthus","sp4922","LOT1","4932-Olepi","LOT01","GTGAATCATCGAATCTTTGAA","TCCTCCGCTTATTGATATGC","gtcgtaga","acgacgag",6,7,"B","4932-Olepi","4932-Olepi","sample",NA,"10","19","library1",10933,322,"old_leaf","epiphyte","Orchidaceae",TRUE,NA,TRUE,TRUE,13116,35539,5525,27937,802,27937,10933,322,NA,NA,NA,NA
"4933-Olepi","LOT01-4933","old_leaf","epiphyte","Orchidaceae","Elleanthus","sp4933","LOT1","4933-Olepi","LOT01","GTGAATCATCGAATCTTTGAA","TCCTCCGCTTATTGATATGC","gtcacgtc","acgacgag",6,7,"C","4933-Olepi","4933-Olepi","sample",NA,"11","19","library1",6727,346,"old_leaf","epiphyte","Orchidaceae",TRUE,"too much untargeted",FALSE,TRUE,6725,16263,3309,12830,803,12830,6727,346,NA,NA,NA,NA
"4934-Olepi","LOT01-4934","old_leaf","epiphyte","Orchidaceae","Elleanthus","sp4933","LOT1","4934-Olepi","LOT01","GTGAATCATCGAATCTTTGAA","TCCTCCGCTTATTGATATGC","gactgatg","acgacgag",6,7,"D","4934-Olepi","4934-Olepi","sample",NA,"12","19","library1",16073,516,"old_leaf","epiphyte","Orchidaceae",TRUE,"too much untargeted",FALSE,TRUE,18178,51184,7244,40230,1458,40230,16073,516,NA,NA,NA,NA
"4935-Olepi","LOT01-4935","old_leaf","epiphyte","Orchidaceae","Elleanthus","sp4933","LOT1","4935-Olepi","LOT01","GTGAATCATCGAATCTTTGAA","TCCTCCGCTTATTGATATGC","agactatg","acgacgag",6,7,"E","4935-Olepi","4935-Olepi","sample",NA,"13","19","library1",4164,357,"old_leaf","epiphyte","Orchidaceae",TRUE,"too much untargeted",FALSE,TRUE,6231,15639,3068,12452,897,12452,4164,357,NA,NA,NA,NA
"4936-Olepi","LOT01-4936","old_leaf","epiphyte","Orchidaceae","Maxillaria","desvauxiana","LOT1","4936-Olepi","LOT01","GTGAATCATCGAATCTTTGAA","TCCTCCGCTTATTGATATGC","tgacatca","acgacgag",6,7,"G","4936-Olepi","4936-Olepi","sample",NA,"15","19","library1",10050,210,"old_leaf","epiphyte","Orchidaceae",TRUE,NA,TRUE,TRUE,7387,27987,3631,23329,583,23329,10050,210,NA,NA,NA,NA
"4934-Ylepi","LOT01-4934","young_leaf","epiphyte","Orchidaceae","Elleanthus","sp4933","LOT1","4934-Ylepi","LOT01","GTGAATCATCGAATCTTTGAA","TCCTCCGCTTATTGATATGC","acacacac","catcagtc",5,8,"A","4934-Ylepi","4934-Ylepi","sample",NA,"1","20","library1",8343,262,"young_leaf","epiphyte","Orchidaceae",TRUE,"too much untargeted",FALSE,TRUE,5218,22327,2723,15065,568,15065,8343,262,NA,NA,NA,NA
"4935-Ylepi","LOT01-4935","young_leaf","epiphyte","Orchidaceae","Elleanthus","sp4933","LOT1","4935-Ylepi","LOT01","GTGAATCATCGAATCTTTGAA","TCCTCCGCTTATTGATATGC","acagcaca","catcagtc",5,8,"B","4935-Ylepi","4935-Ylepi","sample",NA,"2","20","library1",7393,206,"young_leaf","epiphyte","Orchidaceae",TRUE,"too much untargeted",FALSE,TRUE,7151,19708,4282,16707,539,16707,7393,206,NA,NA,NA,NA
"4936-Ylepi","LOT01-4936","young_leaf","epiphyte","Orchidaceae","Maxillaria","desvauxiana","LOT1","4936-Ylepi","LOT01","GTGAATCATCGAATCTTTGAA","TCCTCCGCTTATTGATATGC","gtgtacat","catcagtc",5,8,"C","4936-Ylepi","4936-Ylepi","sample",NA,"3","20","library1",13038,360,"young_leaf","epiphyte","Orchidaceae",TRUE,NA,TRUE,TRUE,7913,25018,3831,20747,800,20747,13038,360,NA,NA,NA,NA
"4937-Ylepi","LOT01-4937","young_leaf","epiphyte","Orchidaceae","Maxillaria","desvauxiana","LOT1","4937-Ylepi","LOT01","GTGAATCATCGAATCTTTGAA","TCCTCCGCTTATTGATATGC","tatgtcag","catcagtc",5,8,"D","4937-Ylepi","4937-Ylepi","sample",NA,"4","20","library1",9453,312,"young_leaf","epiphyte","Orchidaceae",TRUE,"too much untargeted",FALSE,TRUE,6775,26628,3755,23526,678,23526,9453,312,NA,NA,NA,NA
"4938-Ylepi","LOT01-4938","young_leaf","epiphyte","Bromeliaceae","Bilbergia","sp3480","LOT1","4938-Ylepi","LOT01","GTGAATCATCGAATCTTTGAA","TCCTCCGCTTATTGATATGC","tagtcgca","catcagtc",5,8,"E","4938-Ylepi","4938-Ylepi","sample",NA,"5","20","library1",14005,373,"young_leaf","epiphyte","Bromeliaceae",TRUE,NA,TRUE,TRUE,9540,25212,4070,19708,798,19708,14005,373,NA,NA,NA,NA
"4939-Ylepi","LOT01-4939","young_leaf","epiphyte","Bromeliaceae","Catopsis","sp3449","LOT1","4939-Ylepi","LOT01","GTGAATCATCGAATCTTTGAA","TCCTCCGCTTATTGATATGC","tactatac","catcagtc",5,8,"F","4939-Ylepi","4939-Ylepi","sample",NA,"6","20","library1",22743,353,"young_leaf","epiphyte","Bromeliaceae",TRUE,NA,TRUE,TRUE,8622,34068,4769,29360,682,29360,22743,353,NA,NA,NA,NA
"4941-Ylepi","LOT01-4941","young_leaf","epiphyte","Orchidaceae","Chritensonella ","uncata","LOT1","4941-Ylepi","LOT01","GTGAATCATCGAATCTTTGAA","TCCTCCGCTTATTGATATGC","gatcgcga","catcagtc",5,8,"H","4941-Ylepi","4941-Ylepi","sample",NA,"8","20","library1",26640,176,"young_leaf","epiphyte","Orchidaceae",TRUE,NA,TRUE,TRUE,5625,32329,2677,29118,387,29118,26640,176,NA,NA,NA,NA
"4938-Olepi","LOT01-4938","old_leaf","epiphyte","Bromeliaceae","Bilbergia","sp3480","LOT1","4938-Olepi","LOT01","GTGAATCATCGAATCTTTGAA","TCCTCCGCTTATTGATATGC","cgctctcg","catcagtc",6,8,"A","4938-Olepi","4938-Olepi","sample",NA,"9","20","library1",10710,268,"old_leaf","epiphyte","Bromeliaceae",TRUE,NA,TRUE,TRUE,9360,21171,3186,14985,648,14985,10710,268,NA,NA,NA,NA
"4939-Olepi","LOT01-4939","old_leaf","epiphyte","Bromeliaceae","Catopsis","sp3449","LOT1","4939-Olepi","LOT01","GTGAATCATCGAATCTTTGAA","TCCTCCGCTTATTGATATGC","gtcgtaga","catcagtc",6,8,"B","4939-Olepi","4939-Olepi","sample",NA,"10","20","library1",14624,375,"old_leaf","epiphyte","Bromeliaceae",TRUE,NA,TRUE,TRUE,8838,26692,4416,22168,715,22168,14624,375,NA,NA,NA,NA
"4941-Olepi","LOT01-4941","old_leaf","epiphyte","Orchidaceae","Chritensonella ","uncata","LOT1","4941-Olepi","LOT01","GTGAATCATCGAATCTTTGAA","TCCTCCGCTTATTGATATGC","gactgatg","catcagtc",6,8,"D","4941-Olepi","4941-Olepi","sample",NA,"12","20","library1",12828,465,"old_leaf","epiphyte","Orchidaceae",TRUE,"too much untargeted",FALSE,TRUE,10328,31958,5273,26635,975,26635,12828,465,NA,NA,NA,NA
"4942-Olepi","LOT01-4942","old_leaf","epiphyte","Orchidaceae","Camaridium","sp1","LOT1","4942-Olepi","LOT01","GTGAATCATCGAATCTTTGAA","TCCTCCGCTTATTGATATGC","gcgtcagc","catcagtc",6,8,"F","4942-Olepi","4942-Olepi","sample",NA,"14","20","library1",17294,596,"old_leaf","epiphyte","Orchidaceae",TRUE,"too much untargeted",FALSE,TRUE,10345,29574,5862,25029,1443,25029,17294,596,NA,NA,NA,NA
"4943-Olepi","LOT01-4943","old_leaf","epiphyte","Orchidaceae","Stelis","sp","LOT1","4943-Olepi","LOT01","GTGAATCATCGAATCTTTGAA","TCCTCCGCTTATTGATATGC","tgacatca","catcagtc",6,8,"G","4943-Olepi","4943-Olepi","sample",NA,"15","20","library1",12970,300,"old_leaf","epiphyte","Orchidaceae",TRUE,NA,TRUE,TRUE,8611,26182,4081,21466,539,21466,12970,300,NA,NA,NA,NA
"4944-Olepi","LOT01-4944","old_leaf","epiphyte","Orchidaceae","Stelis","sp","LOT1","4944-Olepi","LOT01","GTGAATCATCGAATCTTTGAA","TCCTCCGCTTATTGATATGC","acatgtgt","catcagtc",6,8,"H","4944-Olepi","4944-Olepi","sample",NA,"16","20","library1",17802,314,"old_leaf","epiphyte","Orchidaceae",TRUE,NA,TRUE,TRUE,8596,28052,4514,23960,733,23960,17802,314,NA,NA,NA,NA
"4942-Ylepi","LOT01-4942","young_leaf","epiphyte","Orchidaceae","Camaridium","sp1","LOT1","4942-Ylepi","LOT01","GTGAATCATCGAATCTTTGAA","TCCTCCGCTTATTGATATGC","acagcaca","atcagtca",5,9,"B","4942-Ylepi","4942-Ylepi","sample",NA,"2","21","library1",9412,544,"young_leaf","epiphyte","Orchidaceae",TRUE,"too much untargeted",FALSE,TRUE,7837,22719,4434,18952,1241,18952,9412,544,NA,NA,NA,NA
"4943-Ylepi","LOT01-4943","young_leaf","epiphyte","Orchidaceae","Stelis","sp","LOT1","4943-Ylepi","LOT01","GTGAATCATCGAATCTTTGAA","TCCTCCGCTTATTGATATGC","gtgtacat","atcagtca",5,9,"C","4943-Ylepi","4943-Ylepi","sample",NA,"3","21","library1",23551,633,"young_leaf","epiphyte","Orchidaceae",TRUE,NA,TRUE,TRUE,12354,48123,6696,42462,1339,42462,23551,633,NA,NA,NA,NA
"4944-Ylepi","LOT01-4944","young_leaf","epiphyte","Orchidaceae","Stelis","sp","LOT1","4944-Ylepi","LOT01","GTGAATCATCGAATCTTTGAA","TCCTCCGCTTATTGATATGC","tatgtcag","atcagtca",5,9,"D","4944-Ylepi","4944-Ylepi","sample",NA,"4","21","library1",28673,842,"young_leaf","epiphyte","Orchidaceae",TRUE,NA,TRUE,TRUE,17263,67912,9458,60046,1784,60046,28673,842,NA,NA,NA,NA
"4945-Ylepi","LOT01-4945","young_leaf","epiphyte","Araceae","Anthurium ","sp","LOT1","4945-Ylepi","LOT01","GTGAATCATCGAATCTTTGAA","TCCTCCGCTTATTGATATGC","tagtcgca","atcagtca",5,9,"E","4945-Ylepi","4945-Ylepi","sample",NA,"5","21","library1",16149,295,"young_leaf","epiphyte","Araceae",TRUE,NA,TRUE,TRUE,7786,29171,3881,25259,864,25259,16149,295,NA,NA,NA,NA
"4946-Ylepi","LOT01-4946","young_leaf","epiphyte","Orchidaceae","Camaridium","sp2","LOT1","4946-Ylepi","LOT01","GTGAATCATCGAATCTTTGAA","TCCTCCGCTTATTGATATGC","tactatac","atcagtca",5,9,"F","4946-Ylepi","4946-Ylepi","sample",NA,"6","21","library1",14334,755,"young_leaf","epiphyte","Orchidaceae",TRUE,NA,TRUE,TRUE,15036,47152,7351,39446,1627,39446,14334,755,NA,NA,NA,NA
"4945-Olepi","LOT01-4945","old_leaf","epiphyte","Araceae","Anthurium ","sp","LOT1","4945-Olepi","LOT01","GTGAATCATCGAATCTTTGAA","TCCTCCGCTTATTGATATGC","cgctctcg","atcagtca",6,9,"A","4945-Olepi","4945-Olepi","sample",NA,"9","21","library1",11252,226,"old_leaf","epiphyte","Araceae",TRUE,"too much untargeted",FALSE,TRUE,9470,22550,3174,16222,497,16222,11252,226,NA,NA,NA,NA
"4946-Olepi","LOT01-4946","old_leaf","epiphyte","Orchidaceae","Camaridium","sp2","LOT1","4946-Olepi","LOT01","GTGAATCATCGAATCTTTGAA","TCCTCCGCTTATTGATATGC","gtcgtaga","atcagtca",6,9,"B","4946-Olepi","4946-Olepi","sample",NA,"10","21","library1",7195,473,"old_leaf","epiphyte","Orchidaceae",TRUE,"too much untargeted",FALSE,TRUE,10921,26552,5368,20972,1182,20972,7195,473,NA,NA,NA,NA
"49001_Rendo","LOT02-49001","root","endophyte","Orchidaceae","Maxilaria","Maxilaria notylioglossa","LOT2","49001_Rendo","LOT02_ITS","GTGAATCATCGAATCTTTGAA","TCCTCCGCTTATTGATATGC","acagcaca","acacacac",9,1,"B","49001_Rendo","49001_Rendo","sample",NA,"2","1","library2",31994,448,"root","endophyte","Orchidaceae",TRUE,NA,TRUE,TRUE,11159,44604,5943,39382,928,39382,31994,448,NA,NA,NA,NA
"49002_Rendo","LOT02-49002","root","endophyte","Orchidaceae","Maxilaria","Maxilaria notylioglossa","LOT2","49002_Rendo","LOT02_ITS","GTGAATCATCGAATCTTTGAA","TCCTCCGCTTATTGATATGC","gtgtacat","acacacac",9,1,"C","49002_Rendo","49002_Rendo","sample",NA,"3","1","library2",12126,443,"root","endophyte","Orchidaceae",TRUE,NA,TRUE,TRUE,8160,27772,4478,24088,972,24088,12126,443,NA,NA,NA,NA
"49003_Rendo","LOT02-49003","root","endophyte","Orchidaceae","Maxilaria","Maxilaria notylioglossa","LOT2","49003_Rendo","LOT02_ITS","GTGAATCATCGAATCTTTGAA","TCCTCCGCTTATTGATATGC","tatgtcag","acacacac",9,1,"D","49003_Rendo","49003_Rendo","sample",NA,"4","1","library2",31177,450,"root","endophyte","Orchidaceae",TRUE,NA,TRUE,TRUE,14465,62041,7314,54888,1012,54888,31177,450,NA,NA,NA,NA
"49005_Rendo","LOT02-49005","root","endophyte","Dryopteridaceae","Elaphoglossum","Elaphoglossum sp1","LOT2","49005_Rendo","LOT02_ITS","GTGAATCATCGAATCTTTGAA","TCCTCCGCTTATTGATATGC","tactatac","acacacac",9,1,"F","49005_Rendo","49005_Rendo","sample",NA,"6","1","library2",58964,487,"root","endophyte","Dryopteridaceae",TRUE,NA,TRUE,TRUE,15338,79784,6991,71428,1076,71428,58964,487,NA,NA,NA,NA
"49006_Rendo","LOT02-49006","root","endophyte","Dryopteridaceae","Elaphoglossum","Elaphoglossum sp1","LOT2","49006_Rendo","LOT02_ITS","GTGAATCATCGAATCTTTGAA","TCCTCCGCTTATTGATATGC","actagatc","acacacac",9,1,"G","49006_Rendo","49006_Rendo","sample",NA,"7","1","library2",38798,550,"root","endophyte","Dryopteridaceae",TRUE,NA,TRUE,TRUE,12020,53706,5705,47386,1150,47386,38798,550,NA,NA,NA,NA
"49007_Rendo","LOT02-49007","root","endophyte","Orchidaceae","Maxilaria","Maxilaria sp2","LOT2","49007_Rendo","LOT02_ITS","GTGAATCATCGAATCTTTGAA","TCCTCCGCTTATTGATATGC","gatcgcga","acacacac",9,1,"H","49007_Rendo","49007_Rendo","sample",NA,"8","1","library2",34944,383,"root","endophyte","Orchidaceae",TRUE,"too much untargeted",FALSE,TRUE,11729,59709,4688,52651,875,52651,34944,383,NA,NA,NA,NA
"49001_Ylendo","LOT02-49001","young_leaf","endophyte","Orchidaceae","Maxilaria","Maxilaria notylioglossa","LOT2","49001_Ylendo","LOT02_ITS","GTGAATCATCGAATCTTTGAA","TCCTCCGCTTATTGATATGC","cgctctcg","acacacac",10,1,"A","49001_Ylendo","49001_Ylendo","sample",NA,"9","1","library2",22718,523,"young_leaf","endophyte","Orchidaceae",TRUE,"too much untargeted",FALSE,TRUE,9091,39564,4106,34491,922,34491,22718,523,NA,NA,NA,NA
"49002_Ylendo","LOT02-49002","young_leaf","endophyte","Orchidaceae","Maxilaria","Maxilaria notylioglossa","LOT2","49002_Ylendo","LOT02_ITS","GTGAATCATCGAATCTTTGAA","TCCTCCGCTTATTGATATGC","gtcgtaga","acacacac",10,1,"B","49002_Ylendo","49002_Ylendo","sample",NA,"10","1","library2",19112,447,"young_leaf","endophyte","Orchidaceae",TRUE,"too much untargeted",FALSE,TRUE,7350,29425,3576,25615,868,25615,19112,447,NA,NA,NA,NA
"49003_Ylendo","LOT02-49003","young_leaf","endophyte","Orchidaceae","Maxilaria","Maxilaria notylioglossa","LOT2","49003_Ylendo","LOT02_ITS","GTGAATCATCGAATCTTTGAA","TCCTCCGCTTATTGATATGC","gtcacgtc","acacacac",10,1,"C","49003_Ylendo","49003_Ylendo","sample",NA,"11","1","library2",39504,440,"young_leaf","endophyte","Orchidaceae",TRUE,"too much untargeted",FALSE,TRUE,10365,60572,4739,54906,907,54906,39504,440,NA,NA,NA,NA
"49004_Ylendo","LOT02-49004","young_leaf","endophyte","Dryopteridaceae","Elaphoglossum","Elaphoglossum sp1","LOT2","49004_Ylendo","LOT02_ITS","GTGAATCATCGAATCTTTGAA","TCCTCCGCTTATTGATATGC","gactgatg","acacacac",10,1,"D","49004_Ylendo","49004_Ylendo","sample",NA,"12","1","library2",18925,276,"young_leaf","endophyte","Dryopteridaceae",TRUE,"too much untargeted",FALSE,TRUE,5469,29593,2693,26807,620,26807,18925,276,NA,NA,NA,NA
"49005_Ylendo","LOT02-49005","young_leaf","endophyte","Dryopteridaceae","Elaphoglossum","Elaphoglossum sp1","LOT2","49005_Ylendo","LOT02_ITS","GTGAATCATCGAATCTTTGAA","TCCTCCGCTTATTGATATGC","agactatg","acacacac",10,1,"E","49005_Ylendo","49005_Ylendo","sample",NA,"13","1","library2",23030,575,"young_leaf","endophyte","Dryopteridaceae",TRUE,"too much untargeted",FALSE,TRUE,8428,53238,4574,49161,1218,49161,23030,575,NA,NA,NA,NA
"49006_Ylendo","LOT02-49006","young_leaf","endophyte","Dryopteridaceae","Elaphoglossum","Elaphoglossum sp1","LOT2","49006_Ylendo","LOT02_ITS","GTGAATCATCGAATCTTTGAA","TCCTCCGCTTATTGATATGC","gcgtcagc","acacacac",10,1,"F","49006_Ylendo","49006_Ylendo","sample",NA,"14","1","library2",22947,277,"young_leaf","endophyte","Dryopteridaceae",TRUE,"too much untargeted",FALSE,TRUE,6859,37327,3048,33496,627,33496,22947,277,NA,NA,NA,NA
"49007_Ylendo","LOT02-49007","young_leaf","endophyte","Orchidaceae","Maxilaria","Maxilaria sp2","LOT2","49007_Ylendo","LOT02_ITS","GTGAATCATCGAATCTTTGAA","TCCTCCGCTTATTGATATGC","tgacatca","acacacac",10,1,"G","49007_Ylendo","49007_Ylendo","sample",NA,"15","1","library2",7337,175,"young_leaf","endophyte","Orchidaceae",TRUE,"too much untargeted",FALSE,TRUE,3805,11863,1760,9762,403,9762,7337,175,NA,NA,NA,NA
"49008_Ylendo","LOT02-49008","young_leaf","endophyte","Orchidaceae","Maxilaria","Maxilaria sp2","LOT2","49008_Ylendo","LOT02_ITS","GTGAATCATCGAATCTTTGAA","TCCTCCGCTTATTGATATGC","acatgtgt","acacacac",10,1,"H","49008_Ylendo","49008_Ylendo","sample",NA,"16","1","library2",38887,129,"young_leaf","endophyte","Orchidaceae",TRUE,NA,TRUE,TRUE,4466,42989,1541,40011,316,40011,38887,129,NA,NA,NA,NA
"49001_Olendo","LOT02-49001","old_leaf","endophyte","Orchidaceae","Maxilaria","Maxilaria notylioglossa","LOT2","49001_Olendo","LOT02_ITS","GTGAATCATCGAATCTTTGAA","TCCTCCGCTTATTGATATGC","atgatcgc","acacacac",11,1,"B","49001_Olendo","49001_Olendo","sample",NA,"18","1","library2",29448,563,"old_leaf","endophyte","Orchidaceae",TRUE,"too much untargeted",FALSE,TRUE,16023,82302,8311,74586,1119,74586,29448,563,NA,NA,NA,NA
"49002_Olendo","LOT02-49002","old_leaf","endophyte","Orchidaceae","Maxilaria","Maxilaria notylioglossa","LOT2","49002_Olendo","LOT02_ITS","GTGAATCATCGAATCTTTGAA","TCCTCCGCTTATTGATATGC","acgacgag","acacacac",11,1,"C","49002_Olendo","49002_Olendo","sample",NA,"19","1","library2",20487,472,"old_leaf","endophyte","Orchidaceae",TRUE,"too much untargeted",FALSE,TRUE,16747,60219,8684,52144,1038,52144,20487,472,NA,NA,NA,NA
"49003_Olendo","LOT02-49003","old_leaf","endophyte","Orchidaceae","Maxilaria","Maxilaria notylioglossa","LOT2","49003_Olendo","LOT02_ITS","GTGAATCATCGAATCTTTGAA","TCCTCCGCTTATTGATATGC","catcagtc","acacacac",11,1,"D","49003_Olendo","49003_Olendo","sample",NA,"20","1","library2",36106,546,"old_leaf","endophyte","Orchidaceae",TRUE,"too much untargeted",FALSE,TRUE,16471,75712,8186,67424,1186,67424,36106,546,NA,NA,NA,NA
"49004_Olendo","LOT02-49004","old_leaf","endophyte","Dryopteridaceae","Elaphoglossum","Elaphoglossum sp1","LOT2","49004_Olendo","LOT02_ITS","GTGAATCATCGAATCTTTGAA","TCCTCCGCTTATTGATATGC","atcagtca","acacacac",11,1,"E","49004_Olendo","49004_Olendo","sample",NA,"21","1","library2",47728,1060,"old_leaf","endophyte","Dryopteridaceae",TRUE,"too much untargeted",FALSE,TRUE,24938,96962,11575,83591,2581,83591,47728,1060,NA,NA,NA,NA
"49005_Olendo","LOT02-49005","old_leaf","endophyte","Dryopteridaceae","Elaphoglossum","Elaphoglossum sp1","LOT2","49005_Olendo","LOT02_ITS","GTGAATCATCGAATCTTTGAA","TCCTCCGCTTATTGATATGC","tctactga","acacacac",11,1,"F","49005_Olendo","49005_Olendo","sample",NA,"22","1","library2",35528,702,"old_leaf","endophyte","Dryopteridaceae",TRUE,"too much untargeted",FALSE,TRUE,25849,91743,12352,78242,1663,78242,35528,702,NA,NA,NA,NA
"49006_Olendo","LOT02-49006","old_leaf","endophyte","Dryopteridaceae","Elaphoglossum","Elaphoglossum sp1","LOT2","49006_Olendo","LOT02_ITS","GTGAATCATCGAATCTTTGAA","TCCTCCGCTTATTGATATGC","gatgatct","acacacac",11,1,"G","49006_Olendo","49006_Olendo","sample",NA,"23","1","library2",62009,1012,"old_leaf","endophyte","Dryopteridaceae",TRUE,"too much untargeted",FALSE,TRUE,22140,96613,10771,85233,2233,85233,62009,1012,NA,NA,NA,NA
"49007_Olendo","LOT02-49007","old_leaf","endophyte","Orchidaceae","Maxilaria","Maxilaria sp2","LOT2","49007_Olendo","LOT02_ITS","GTGAATCATCGAATCTTTGAA","TCCTCCGCTTATTGATATGC","ctgcgtac","acacacac",11,1,"H","49007_Olendo","49007_Olendo","sample",NA,"24","1","library2",41729,225,"old_leaf","endophyte","Orchidaceae",TRUE,NA,TRUE,TRUE,8104,51171,3891,46887,479,46887,41729,225,NA,NA,NA,NA
"49008_Rendo","LOT02-49008","root","endophyte","Orchidaceae","Maxilaria","Maxilaria sp2","LOT2","49008_Rendo","LOT02_ITS","GTGAATCATCGAATCTTTGAA","TCCTCCGCTTATTGATATGC","acacacac","acagcaca",9,2,"A","49008_Rendo","49008_Rendo","sample",NA,"1","2","library2",10063,225,"root","endophyte","Orchidaceae",TRUE,NA,TRUE,TRUE,5272,22700,2712,20140,475,20140,10063,225,NA,NA,NA,NA
"49009_Rendo","LOT02-49009","root","endophyte","Orchidaceae","Barbosella","Barbosella cucullata","LOT2","49009_Rendo","LOT02_ITS","GTGAATCATCGAATCTTTGAA","TCCTCCGCTTATTGATATGC","gtgtacat","acagcaca",9,2,"C","49009_Rendo","49009_Rendo","sample",NA,"3","2","library2",22426,332,"root","endophyte","Orchidaceae",TRUE,NA,TRUE,TRUE,8931,40937,4836,36842,680,36842,22426,332,NA,NA,NA,NA
"49010_Rendo","LOT02-49010","root","endophyte","Orchidaceae","Barbosella","Barbosella cucullata","LOT2","49010_Rendo","LOT02_ITS","GTGAATCATCGAATCTTTGAA","TCCTCCGCTTATTGATATGC","tatgtcag","acagcaca",9,2,"D","49010_Rendo","49010_Rendo","sample",NA,"4","2","library2",20181,246,"root","endophyte","Orchidaceae",TRUE,NA,TRUE,TRUE,7476,32495,4011,29023,591,29023,20181,246,NA,NA,NA,NA
"49011_Rendo","LOT02-49011","root","endophyte","Orchidaceae","Barbosella","Barbosella cucullata","LOT2","49011_Rendo","LOT02_ITS","GTGAATCATCGAATCTTTGAA","TCCTCCGCTTATTGATATGC","tagtcgca","acagcaca",9,2,"E","49011_Rendo","49011_Rendo","sample",NA,"5","2","library2",23904,243,"root","endophyte","Orchidaceae",TRUE,NA,TRUE,TRUE,11033,50279,4988,44233,604,44233,23904,243,NA,NA,NA,NA
"49012_Rendo","LOT02-49012","root","endophyte","Polypodiaceae","Pecluma","Pecluma sp1","LOT2","49012_Rendo","LOT02_ITS","GTGAATCATCGAATCTTTGAA","TCCTCCGCTTATTGATATGC","tactatac","acagcaca",9,2,"F","49012_Rendo","49012_Rendo","sample",NA,"6","2","library2",21135,327,"root","endophyte","Polypodiaceae",TRUE,NA,TRUE,TRUE,6780,29045,3435,25694,670,25694,21135,327,NA,NA,NA,NA
"49013_Rendo","LOT02-49013","root","endophyte","Polypodiaceae","Pecluma","Pecluma sp1","LOT2","49013_Rendo","LOT02_ITS","GTGAATCATCGAATCTTTGAA","TCCTCCGCTTATTGATATGC","actagatc","acagcaca",9,2,"G","49013_Rendo","49013_Rendo","sample",NA,"7","2","library2",20098,434,"root","endophyte","Polypodiaceae",TRUE,NA,TRUE,TRUE,8923,55607,4453,51136,964,51136,20098,434,NA,NA,NA,NA
"49014_Rendo","LOT02-49014","root","endophyte","Polypodiaceae","Pecluma","Pecluma sp1","LOT2","49014_Rendo","LOT02_ITS","GTGAATCATCGAATCTTTGAA","TCCTCCGCTTATTGATATGC","gatcgcga","acagcaca",9,2,"H","49014_Rendo","49014_Rendo","sample",NA,"8","2","library2",23678,438,"root","endophyte","Polypodiaceae",TRUE,NA,TRUE,TRUE,8556,37330,4354,33122,900,33122,23678,438,NA,NA,NA,NA
"49010_Ylendo","LOT02-49010","young_leaf","endophyte","Orchidaceae","Barbosella","Barbosella cucullata","LOT2","49010_Ylendo","LOT02_ITS","GTGAATCATCGAATCTTTGAA","TCCTCCGCTTATTGATATGC","gtcgtaga","acagcaca",10,2,"B","49010_Ylendo","49010_Ylendo","sample",NA,"10","2","library2",13670,314,"young_leaf","endophyte","Orchidaceae",TRUE,NA,TRUE,TRUE,5768,21210,2971,18401,674,18401,13670,314,NA,NA,NA,NA
"49012_Ylendo","LOT02-49012","young_leaf","endophyte","Polypodiaceae","Pecluma","Pecluma sp1","LOT2","49012_Ylendo","LOT02_ITS","GTGAATCATCGAATCTTTGAA","TCCTCCGCTTATTGATATGC","gactgatg","acagcaca",10,2,"D","49012_Ylendo","49012_Ylendo","sample",NA,"12","2","library2",25826,612,"young_leaf","endophyte","Polypodiaceae",TRUE,NA,TRUE,TRUE,8673,35487,4704,31510,1139,31510,25826,612,NA,NA,NA,NA
"49014_Ylendo","LOT02-49014","young_leaf","endophyte","Polypodiaceae","Pecluma","Pecluma sp1","LOT2","49014_Ylendo","LOT02_ITS","GTGAATCATCGAATCTTTGAA","TCCTCCGCTTATTGATATGC","gcgtcagc","acagcaca",10,2,"F","49014_Ylendo","49014_Ylendo","sample",NA,"14","2","library2",13370,548,"young_leaf","endophyte","Polypodiaceae",TRUE,NA,TRUE,TRUE,6192,21301,3522,18603,1024,18603,13370,548,NA,NA,NA,NA
"49008_Olendo","LOT02-49008","old_leaf","endophyte","Orchidaceae","Maxilaria","Maxilaria sp2","LOT2","49008_Olendo","LOT02_ITS","GTGAATCATCGAATCTTTGAA","TCCTCCGCTTATTGATATGC","gtacgact","acagcaca",11,2,"A","49008_Olendo","49008_Olendo","sample",NA,"17","2","library2",19838,168,"old_leaf","endophyte","Orchidaceae",TRUE,NA,TRUE,TRUE,3510,22526,1767,20783,341,20783,19838,168,NA,NA,NA,NA
"49009_Olendo","LOT02-49009","old_leaf","endophyte","Orchidaceae","Barbosella","Barbosella cucullata","LOT2","49009_Olendo","LOT02_ITS","GTGAATCATCGAATCTTTGAA","TCCTCCGCTTATTGATATGC","acgacgag","acagcaca",11,2,"C","49009_Olendo","49009_Olendo","sample",NA,"19","2","library2",9577,243,"old_leaf","endophyte","Orchidaceae",TRUE,"too much untargeted",FALSE,TRUE,9633,41289,4938,36592,571,36592,9577,243,NA,NA,NA,NA
"49010_Olendo","LOT02-49010","old_leaf","endophyte","Orchidaceae","Barbosella","Barbosella cucullata","LOT2","49010_Olendo","LOT02_ITS","GTGAATCATCGAATCTTTGAA","TCCTCCGCTTATTGATATGC","catcagtc","acagcaca",11,2,"D","49010_Olendo","49010_Olendo","sample",NA,"20","2","library2",39833,296,"old_leaf","endophyte","Orchidaceae",TRUE,"too much untargeted",FALSE,TRUE,19105,88450,9276,78610,729,78610,39833,296,NA,NA,NA,NA
"49011_Olendo","LOT02-49011","old_leaf","endophyte","Orchidaceae","Barbosella","Barbosella cucullata","LOT2","49011_Olendo","LOT02_ITS","GTGAATCATCGAATCTTTGAA","TCCTCCGCTTATTGATATGC","atcagtca","acagcaca",11,2,"E","49011_Olendo","49011_Olendo","sample",NA,"21","2","library2",10864,189,"old_leaf","endophyte","Orchidaceae",TRUE,"too much untargeted",FALSE,TRUE,9022,28906,4254,24136,503,24136,10864,189,NA,NA,NA,NA
"49012_Olendo","LOT02-49012","old_leaf","endophyte","Polypodiaceae","Pecluma","Pecluma sp1","LOT2","49012_Olendo","LOT02_ITS","GTGAATCATCGAATCTTTGAA","TCCTCCGCTTATTGATATGC","tctactga","acagcaca",11,2,"F","49012_Olendo","49012_Olendo","sample",NA,"22","2","library2",28336,768,"old_leaf","endophyte","Polypodiaceae",TRUE,"too much untargeted",FALSE,TRUE,30152,112217,13178,95239,2004,95239,28336,768,NA,NA,NA,NA
"49013_Olendo","LOT02-49013","old_leaf","endophyte","Polypodiaceae","Pecluma","Pecluma sp1","LOT2","49013_Olendo","LOT02_ITS","GTGAATCATCGAATCTTTGAA","TCCTCCGCTTATTGATATGC","gatgatct","acagcaca",11,2,"G","49013_Olendo","49013_Olendo","sample",NA,"23","2","library2",46480,600,"old_leaf","endophyte","Polypodiaceae",TRUE,"too much untargeted",FALSE,TRUE,17968,76859,9178,68068,1251,68068,46480,600,NA,NA,NA,NA
"49014_Olendo","LOT02-49014","old_leaf","endophyte","Polypodiaceae","Pecluma","Pecluma sp1","LOT2","49014_Olendo","LOT02_ITS","GTGAATCATCGAATCTTTGAA","TCCTCCGCTTATTGATATGC","ctgcgtac","acagcaca",11,2,"H","49014_Olendo","49014_Olendo","sample",NA,"24","2","library2",14601,495,"old_leaf","endophyte","Polypodiaceae",TRUE,NA,TRUE,TRUE,7924,26107,4009,22085,960,22085,14601,495,NA,NA,NA,NA
"49015_Rendo","LOT02-49015","root","endophyte","Orchidaceae","Stelis","Stelis sp10","LOT2","49015_Rendo","LOT02_ITS","GTGAATCATCGAATCTTTGAA","TCCTCCGCTTATTGATATGC","acacacac","gtgtacat",9,3,"A","49015_Rendo","49015_Rendo","sample",NA,"1","3","library2",17844,256,"root","endophyte","Orchidaceae",TRUE,NA,TRUE,TRUE,7213,32090,4104,28981,550,28981,17844,256,NA,NA,NA,NA
"49016_Rendo","LOT02-49016","root","endophyte","Orchidaceae","Stelis","Stelis sp10","LOT2","49016_Rendo","LOT02_ITS","GTGAATCATCGAATCTTTGAA","TCCTCCGCTTATTGATATGC","acagcaca","gtgtacat",9,3,"B","49016_Rendo","49016_Rendo","sample",NA,"2","3","library2",26429,799,"root","endophyte","Orchidaceae",TRUE,NA,TRUE,TRUE,11435,41164,6453,36171,1593,36171,26429,799,NA,NA,NA,NA
"49017_Rendo","LOT02-49017","root","endophyte","Orchidaceae","Stelis","Stelis sp10","LOT2","49017_Rendo","LOT02_ITS","GTGAATCATCGAATCTTTGAA","TCCTCCGCTTATTGATATGC","tatgtcag","gtgtacat",9,3,"D","49017_Rendo","49017_Rendo","sample",NA,"4","3","library2",19642,287,"root","endophyte","Orchidaceae",TRUE,NA,TRUE,TRUE,8354,33947,4859,30449,598,30449,19642,287,NA,NA,NA,NA
"49018_Rendo","LOT02-49018","root","endophyte","Orchidaceae","Stelis","Stelis sp4","LOT2","49018_Rendo","LOT02_ITS","GTGAATCATCGAATCTTTGAA","TCCTCCGCTTATTGATATGC","tagtcgca","gtgtacat",9,3,"E","49018_Rendo","49018_Rendo","sample",NA,"5","3","library2",10547,276,"root","endophyte","Orchidaceae",TRUE,NA,TRUE,TRUE,10343,57036,5416,52100,584,52100,10547,276,NA,NA,NA,NA
"49019_Rendo","LOT02-49019","root","endophyte","Orchidaceae","Stelis","Stelis sp4","LOT2","49019_Rendo","LOT02_ITS","GTGAATCATCGAATCTTTGAA","TCCTCCGCTTATTGATATGC","actagatc","gtgtacat",9,3,"G","49019_Rendo","49019_Rendo","sample",NA,"7","3","library2",29961,275,"root","endophyte","Orchidaceae",TRUE,NA,TRUE,TRUE,10133,45476,5294,40632,603,40632,29961,275,NA,NA,NA,NA
"49020_Rendo","LOT02-49020","root","endophyte","Orchidaceae","Stelis","Stelis sp4","LOT2","49020_Rendo","LOT02_ITS","GTGAATCATCGAATCTTTGAA","TCCTCCGCTTATTGATATGC","gatcgcga","gtgtacat",9,3,"H","49020_Rendo","49020_Rendo","sample",NA,"8","3","library2",13015,490,"root","endophyte","Orchidaceae",TRUE,NA,TRUE,TRUE,9866,45112,5283,40495,929,40495,13015,490,NA,NA,NA,NA
"49018_Ylendo","LOT02-49018","young_leaf","endophyte","Orchidaceae","Stelis","Stelis sp4","LOT2","49018_Ylendo","LOT02_ITS","GTGAATCATCGAATCTTTGAA","TCCTCCGCTTATTGATATGC","gtcgtaga","gtgtacat",10,3,"B","49018_Ylendo","49018_Ylendo","sample",NA,"10","3","library2",30505,333,"young_leaf","endophyte","Orchidaceae",TRUE,NA,TRUE,TRUE,7874,39146,4182,35316,657,35316,30505,333,NA,NA,NA,NA
"49019_Ylendo","LOT02-49019","young_leaf","endophyte","Orchidaceae","Stelis","Stelis sp4","LOT2","49019_Ylendo","LOT02_ITS","GTGAATCATCGAATCTTTGAA","TCCTCCGCTTATTGATATGC","gtcacgtc","gtgtacat",10,3,"C","49019_Ylendo","49019_Ylendo","sample",NA,"11","3","library2",5081,269,"young_leaf","endophyte","Orchidaceae",TRUE,"too much untargeted",FALSE,TRUE,6695,18007,2702,13841,612,13841,5081,269,NA,NA,NA,NA
"49021_Ylendo","LOT02-49021","young_leaf","endophyte","Orchidaceae","Elleanthus","Elleanthus sp1","LOT2","49021_Ylendo","LOT02_ITS","GTGAATCATCGAATCTTTGAA","TCCTCCGCTTATTGATATGC","gcgtcagc","gtgtacat",10,3,"F","49021_Ylendo","49021_Ylendo","sample",NA,"14","3","library2",881,73,"young_leaf","endophyte","Orchidaceae",TRUE,"too much untargeted",FALSE,TRUE,2619,11510,1241,10130,222,10130,881,73,NA,NA,NA,NA
"49022_Ylendo","LOT02-49022","young_leaf","endophyte","Orchidaceae","Elleanthus","Elleanthus sp1","LOT2","49022_Ylendo","LOT02_ITS","GTGAATCATCGAATCTTTGAA","TCCTCCGCTTATTGATATGC","tgacatca","gtgtacat",10,3,"G","49022_Ylendo","49022_Ylendo","sample",NA,"15","3","library2",15603,46,"young_leaf","endophyte","Orchidaceae",TRUE,"too much untargeted",FALSE,TRUE,3236,26926,1417,25094,145,25094,15603,46,NA,NA,NA,NA
"49023_Ylendo","LOT02-49023","young_leaf","endophyte","Orchidaceae","Elleanthus","Elleanthus sp1","LOT2","49023_Ylendo","LOT02_ITS","GTGAATCATCGAATCTTTGAA","TCCTCCGCTTATTGATATGC","acatgtgt","gtgtacat",10,3,"H","49023_Ylendo","49023_Ylendo","sample",NA,"16","3","library2",1068,146,"young_leaf","endophyte","Orchidaceae",TRUE,"too much untargeted",FALSE,TRUE,5533,30525,2245,27141,368,27141,1068,146,NA,NA,NA,NA
"49015_Olendo","LOT02-49015","old_leaf","endophyte","Orchidaceae","Stelis","Stelis sp10","LOT2","49015_Olendo","LOT02_ITS","GTGAATCATCGAATCTTTGAA","TCCTCCGCTTATTGATATGC","gtacgact","gtgtacat",11,3,"A","49015_Olendo","49015_Olendo","sample",NA,"17","3","library2",3915,121,"old_leaf","endophyte","Orchidaceae",TRUE,"too much untargeted",FALSE,TRUE,7598,30675,4007,27082,300,27082,3915,121,NA,NA,NA,NA
"49016_Olendo","LOT02-49016","old_leaf","endophyte","Orchidaceae","Stelis","Stelis sp10","LOT2","49016_Olendo","LOT02_ITS","GTGAATCATCGAATCTTTGAA","TCCTCCGCTTATTGATATGC","atgatcgc","gtgtacat",11,3,"B","49016_Olendo","49016_Olendo","sample",NA,"18","3","library2",9641,326,"old_leaf","endophyte","Orchidaceae",TRUE,"too much untargeted",FALSE,TRUE,10167,28580,4368,22735,780,22735,9641,326,NA,NA,NA,NA
"49017_Olendo","LOT02-49017","old_leaf","endophyte","Orchidaceae","Stelis","Stelis sp10","LOT2","49017_Olendo","LOT02_ITS","GTGAATCATCGAATCTTTGAA","TCCTCCGCTTATTGATATGC","catcagtc","gtgtacat",11,3,"D","49017_Olendo","49017_Olendo","sample",NA,"20","3","library2",9505,215,"old_leaf","endophyte","Orchidaceae",TRUE,"too much untargeted",FALSE,TRUE,14525,52623,7382,45477,618,45477,9505,215,NA,NA,NA,NA
"49018_Olendo","LOT02-49018","old_leaf","endophyte","Orchidaceae","Stelis","Stelis sp4","LOT2","49018_Olendo","LOT02_ITS","GTGAATCATCGAATCTTTGAA","TCCTCCGCTTATTGATATGC","atcagtca","gtgtacat",11,3,"E","49018_Olendo","49018_Olendo","sample",NA,"21","3","library2",9241,188,"old_leaf","endophyte","Orchidaceae",TRUE,"too much untargeted",FALSE,TRUE,11038,37913,5442,32292,510,32292,9241,188,NA,NA,NA,NA
"49019_Olendo","LOT02-49019","old_leaf","endophyte","Orchidaceae","Stelis","Stelis sp4","LOT2","49019_Olendo","LOT02_ITS","GTGAATCATCGAATCTTTGAA","TCCTCCGCTTATTGATATGC","gatgatct","gtgtacat",11,3,"G","49019_Olendo","49019_Olendo","sample",NA,"23","3","library2",2944,153,"old_leaf","endophyte","Orchidaceae",TRUE,NA,TRUE,TRUE,3783,22197,1949,20217,393,20217,2944,153,NA,NA,NA,NA
"49020_Olendo","LOT02-49020","old_leaf","endophyte","Orchidaceae","Stelis","Stelis sp4","LOT2","49020_Olendo","LOT02_ITS","GTGAATCATCGAATCTTTGAA","TCCTCCGCTTATTGATATGC","ctgcgtac","gtgtacat",11,3,"H","49020_Olendo","49020_Olendo","sample",NA,"24","3","library2",14535,333,"old_leaf","endophyte","Orchidaceae",TRUE,"too much untargeted",FALSE,TRUE,10417,37907,5669,33123,750,33123,14535,333,NA,NA,NA,NA
"49021_Rendo","LOT02-49021","root","endophyte","Orchidaceae","Elleanthus","Elleanthus sp1","LOT2","49021_Rendo","LOT02_ITS","GTGAATCATCGAATCTTTGAA","TCCTCCGCTTATTGATATGC","acacacac","tatgtcag",9,4,"A","49021_Rendo","49021_Rendo","sample",NA,"1","4","library2",28439,481,"root","endophyte","Orchidaceae",TRUE,"too much untargeted",FALSE,TRUE,12780,57196,6738,51153,1193,51153,28439,481,NA,NA,NA,NA
"49022_Rendo","LOT02-49022","root","endophyte","Orchidaceae","Elleanthus","Elleanthus sp1","LOT2","49022_Rendo","LOT02_ITS","GTGAATCATCGAATCTTTGAA","TCCTCCGCTTATTGATATGC","acagcaca","tatgtcag",9,4,"B","49022_Rendo","49022_Rendo","sample",NA,"2","4","library2",24080,295,"root","endophyte","Orchidaceae",TRUE,NA,TRUE,TRUE,8493,34122,4800,30428,677,30428,24080,295,NA,NA,NA,NA
"49023_Rendo","LOT02-49023","root","endophyte","Orchidaceae","Elleanthus","Elleanthus sp1","LOT2","49023_Rendo","LOT02_ITS","GTGAATCATCGAATCTTTGAA","TCCTCCGCTTATTGATATGC","gtgtacat","tatgtcag",9,4,"C","49023_Rendo","49023_Rendo","sample",NA,"3","4","library2",16917,315,"root","endophyte","Orchidaceae",TRUE,NA,TRUE,TRUE,8078,28624,3954,24498,693,24498,16917,315,NA,NA,NA,NA
"49024_Rendo","LOT02-49024","root","endophyte","Orchidaceae","Elleanthus","Elleanthus sp2","LOT2","49024_Rendo","LOT02_ITS","GTGAATCATCGAATCTTTGAA","TCCTCCGCTTATTGATATGC","tagtcgca","tatgtcag",9,4,"E","49024_Rendo","49024_Rendo","sample",NA,"5","4","library2",43142,427,"root","endophyte","Orchidaceae",TRUE,"too much untargeted",FALSE,TRUE,12629,63722,6358,57438,944,57438,43142,427,NA,NA,NA,NA
"49025_Rendo","LOT02-49025","root","endophyte","Orchidaceae","Elleanthus","Elleanthus sp2","LOT2","49025_Rendo","LOT02_ITS","GTGAATCATCGAATCTTTGAA","TCCTCCGCTTATTGATATGC","tactatac","tatgtcag",9,4,"F","49025_Rendo","49025_Rendo","sample",NA,"6","4","library2",36872,626,"root","endophyte","Orchidaceae",TRUE,"too much untargeted",FALSE,TRUE,17362,81043,8434,72112,1317,72112,36872,626,NA,NA,NA,NA
"49026_Rendo","LOT02-49026","root","endophyte","Orchidaceae","Elleanthus","Elleanthus sp2","LOT2","49026_Rendo","LOT02_ITS","GTGAATCATCGAATCTTTGAA","TCCTCCGCTTATTGATATGC","actagatc","tatgtcag",9,4,"G","49026_Rendo","49026_Rendo","sample",NA,"7","4","library2",45750,427,"root","endophyte","Orchidaceae",TRUE,"too much untargeted",FALSE,TRUE,14545,75947,7451,68843,915,68843,45750,427,NA,NA,NA,NA
"49027_Rendo","LOT02-49027","root","endophyte","Orchidaceae","Acronia","Acronia sp1","LOT2","49027_Rendo","LOT02_ITS","GTGAATCATCGAATCTTTGAA","TCCTCCGCTTATTGATATGC","gatcgcga","tatgtcag",9,4,"H","49027_Rendo","49027_Rendo","sample",NA,"8","4","library2",51786,337,"root","endophyte","Orchidaceae",TRUE,NA,TRUE,TRUE,14340,79117,7253,72022,767,72022,51786,337,NA,NA,NA,NA
"49024_Ylendo","LOT02-49024","young_leaf","endophyte","Orchidaceae","Elleanthus","Elleanthus sp2","LOT2","49024_Ylendo","LOT02_ITS","GTGAATCATCGAATCTTTGAA","TCCTCCGCTTATTGATATGC","cgctctcg","tatgtcag",10,4,"A","49024_Ylendo","49024_Ylendo","sample",NA,"9","4","library2",3785,248,"young_leaf","endophyte","Orchidaceae",TRUE,"too much untargeted",FALSE,TRUE,7470,24423,2521,19457,531,19457,3785,248,NA,NA,NA,NA
"49025_Ylendo","LOT02-49025","young_leaf","endophyte","Orchidaceae","Elleanthus","Elleanthus sp2","LOT2","49025_Ylendo","LOT02_ITS","GTGAATCATCGAATCTTTGAA","TCCTCCGCTTATTGATATGC","gtcgtaga","tatgtcag",10,4,"B","49025_Ylendo","49025_Ylendo","sample",NA,"10","4","library2",8521,224,"young_leaf","endophyte","Orchidaceae",TRUE,"too much untargeted",FALSE,TRUE,5159,32632,2128,29588,472,29588,8521,224,NA,NA,NA,NA
"49026_Ylendo","LOT02-49026","young_leaf","endophyte","Orchidaceae","Elleanthus","Elleanthus sp2","LOT2","49026_Ylendo","LOT02_ITS","GTGAATCATCGAATCTTTGAA","TCCTCCGCTTATTGATATGC","gtcacgtc","tatgtcag",10,4,"C","49026_Ylendo","49026_Ylendo","sample",NA,"11","4","library2",13199,391,"young_leaf","endophyte","Orchidaceae",TRUE,"too much untargeted",FALSE,TRUE,10740,65048,4811,59108,929,59108,13199,391,NA,NA,NA,NA
"49027_Ylendo","LOT02-49027","young_leaf","endophyte","Orchidaceae","Acronia","Acronia sp1","LOT2","49027_Ylendo","LOT02_ITS","GTGAATCATCGAATCTTTGAA","TCCTCCGCTTATTGATATGC","gactgatg","tatgtcag",10,4,"D","49027_Ylendo","49027_Ylendo","sample",NA,"12","4","library2",3836,264,"young_leaf","endophyte","Orchidaceae",TRUE,"too much untargeted",FALSE,TRUE,5350,25889,2402,22900,608,22900,3836,264,NA,NA,NA,NA
"49028_Ylendo","LOT02-49028","young_leaf","endophyte","Orchidaceae","Acronia","Acronia sp1","LOT2","49028_Ylendo","LOT02_ITS","GTGAATCATCGAATCTTTGAA","TCCTCCGCTTATTGATATGC","agactatg","tatgtcag",10,4,"E","49028_Ylendo","49028_Ylendo","sample",NA,"13","4","library2",2116,239,"young_leaf","endophyte","Orchidaceae",TRUE,NA,TRUE,TRUE,5505,22486,2075,19009,549,19009,2116,239,NA,NA,NA,NA
"49029_Ylendo","LOT02-49029","young_leaf","endophyte","Orchidaceae","Acronia","Acronia sp1","LOT2","49029_Ylendo","LOT02_ITS","GTGAATCATCGAATCTTTGAA","TCCTCCGCTTATTGATATGC","tgacatca","tatgtcag",10,4,"G","49029_Ylendo","49029_Ylendo","sample",NA,"15","4","library2",42254,396,"young_leaf","endophyte","Orchidaceae",TRUE,NA,TRUE,TRUE,8171,52881,4546,49238,912,49238,42254,396,NA,NA,NA,NA
"49030_Ylendo","LOT02-49030","young_leaf","endophyte","Orchidaceae","Acronia","Acronia sp3","LOT2","49030_Ylendo","LOT02_ITS","GTGAATCATCGAATCTTTGAA","TCCTCCGCTTATTGATATGC","acatgtgt","tatgtcag",10,4,"H","49030_Ylendo","49030_Ylendo","sample",NA,"16","4","library2",11927,246,"young_leaf","endophyte","Orchidaceae",TRUE,"too much untargeted",FALSE,TRUE,8387,28550,4157,24269,540,24269,11927,246,NA,NA,NA,NA
"49021_Olendo","LOT02-49021","old_leaf","endophyte","Orchidaceae","Elleanthus","Elleanthus sp1","LOT2","49021_Olendo","LOT02_ITS","GTGAATCATCGAATCTTTGAA","TCCTCCGCTTATTGATATGC","gtacgact","tatgtcag",11,4,"A","49021_Olendo","49021_Olendo","sample",NA,"17","4","library2",76810,208,"old_leaf","endophyte","Orchidaceae",TRUE,"too much untargeted",FALSE,TRUE,14320,116592,5991,108255,492,108255,76810,208,NA,NA,NA,NA
"49022_Olendo","LOT02-49022","old_leaf","endophyte","Orchidaceae","Elleanthus","Elleanthus sp1","LOT2","49022_Olendo","LOT02_ITS","GTGAATCATCGAATCTTTGAA","TCCTCCGCTTATTGATATGC","atgatcgc","tatgtcag",11,4,"B","49022_Olendo","49022_Olendo","sample",NA,"18","4","library2",30699,175,"old_leaf","endophyte","Orchidaceae",TRUE,"too much untargeted",FALSE,TRUE,12345,87875,5187,80713,493,80713,30699,175,NA,NA,NA,NA
"49023_Olendo","LOT02-49023","old_leaf","endophyte","Orchidaceae","Elleanthus","Elleanthus sp1","LOT2","49023_Olendo","LOT02_ITS","GTGAATCATCGAATCTTTGAA","TCCTCCGCTTATTGATATGC","acgacgag","tatgtcag",11,4,"C","49023_Olendo","49023_Olendo","sample",NA,"19","4","library2",40134,425,"old_leaf","endophyte","Orchidaceae",TRUE,"too much untargeted",FALSE,TRUE,13980,74597,7080,67695,971,67695,40134,425,NA,NA,NA,NA
"49025_Olendo","LOT02-49025","old_leaf","endophyte","Orchidaceae","Elleanthus","Elleanthus sp2","LOT2","49025_Olendo","LOT02_ITS","GTGAATCATCGAATCTTTGAA","TCCTCCGCTTATTGATATGC","tctactga","tatgtcag",11,4,"F","49025_Olendo","49025_Olendo","sample",NA,"22","4","library2",100555,460,"old_leaf","endophyte","Orchidaceae",TRUE,"too much untargeted",FALSE,TRUE,19358,169286,8309,158220,1078,158220,100555,460,NA,NA,NA,NA
"49026_Olendo","LOT02-49026","old_leaf","endophyte","Orchidaceae","Elleanthus","Elleanthus sp2","LOT2","49026_Olendo","LOT02_ITS","GTGAATCATCGAATCTTTGAA","TCCTCCGCTTATTGATATGC","gatgatct","tatgtcag",11,4,"G","49026_Olendo","49026_Olendo","sample",NA,"23","4","library2",6465,329,"old_leaf","endophyte","Orchidaceae",TRUE,"too much untargeted",FALSE,TRUE,11435,43228,5935,37726,741,37726,6465,329,NA,NA,NA,NA
"49027_Olendo","LOT02-49027","old_leaf","endophyte","Orchidaceae","Acronia","Acronia sp1","LOT2","49027_Olendo","LOT02_ITS","GTGAATCATCGAATCTTTGAA","TCCTCCGCTTATTGATATGC","ctgcgtac","tatgtcag",11,4,"H","49027_Olendo","49027_Olendo","sample",NA,"24","4","library2",4107,236,"old_leaf","endophyte","Orchidaceae",TRUE,"too much untargeted",FALSE,TRUE,9013,31216,4525,26694,571,26694,4107,236,NA,NA,NA,NA
"49028_Rendo","LOT02-49028","root","endophyte","Orchidaceae","Acronia","Acronia sp1","LOT2","49028_Rendo","LOT02_ITS","GTGAATCATCGAATCTTTGAA","TCCTCCGCTTATTGATATGC","acacacac","tagtcgca",9,5,"A","49028_Rendo","49028_Rendo","sample",NA,"1","5","library2",14302,251,"root","endophyte","Orchidaceae",TRUE,NA,TRUE,TRUE,8669,32881,4552,28760,541,28760,14302,251,NA,NA,NA,NA
"49030_Rendo","LOT02-49030","root","endophyte","Orchidaceae","Acronia","Acronia sp3","LOT2","49030_Rendo","LOT02_ITS","GTGAATCATCGAATCTTTGAA","TCCTCCGCTTATTGATATGC","tatgtcag","tagtcgca",9,5,"D","49030_Rendo","49030_Rendo","sample",NA,"4","5","library2",46228,479,"root","endophyte","Orchidaceae",TRUE,NA,TRUE,TRUE,16929,79400,8087,70551,1305,70551,46228,479,NA,NA,NA,NA
"49031_Rendo","LOT02-49031","root","endophyte","Orchidaceae","Acronia","Acronia sp4","LOT2","49031_Rendo","LOT02_ITS","GTGAATCATCGAATCTTTGAA","TCCTCCGCTTATTGATATGC","tactatac","tagtcgca",9,5,"F","49031_Rendo","49031_Rendo","sample",NA,"6","5","library2",31124,426,"root","endophyte","Orchidaceae",TRUE,NA,TRUE,TRUE,16916,85776,8485,77298,927,77298,31124,426,NA,NA,NA,NA
"49032_Rendo","LOT02-49032","root","endophyte","Orchidaceae","Acronia","Acronia sp4","LOT2","49032_Rendo","LOT02_ITS","GTGAATCATCGAATCTTTGAA","TCCTCCGCTTATTGATATGC","actagatc","tagtcgca",9,5,"G","49032_Rendo","49032_Rendo","sample",NA,"7","5","library2",75681,347,"root","endophyte","Orchidaceae",TRUE,NA,TRUE,TRUE,21369,138031,8831,125444,765,125444,75681,347,NA,NA,NA,NA
"49033_Rendo","LOT02-49033","root","endophyte","Orchidaceae","Pleurothallis","Pleurothallis sp1","LOT2","49033_Rendo","LOT02_ITS","GTGAATCATCGAATCTTTGAA","TCCTCCGCTTATTGATATGC","gatcgcga","tagtcgca",9,5,"H","49033_Rendo","49033_Rendo","sample",NA,"8","5","library2",58567,646,"root","endophyte","Orchidaceae",TRUE,NA,TRUE,TRUE,15563,77501,7510,69434,1224,69434,58567,646,NA,NA,NA,NA
"49031_Ylendo","LOT02-49031","young_leaf","endophyte","Orchidaceae","Acronia","Acronia sp4","LOT2","49031_Ylendo","LOT02_ITS","GTGAATCATCGAATCTTTGAA","TCCTCCGCTTATTGATATGC","cgctctcg","tagtcgca",10,5,"A","49031_Ylendo","49031_Ylendo","sample",NA,"9","5","library2",17066,365,"young_leaf","endophyte","Orchidaceae",TRUE,NA,TRUE,TRUE,10180,28402,4024,22185,787,22185,17066,365,NA,NA,NA,NA
"49032_Ylendo","LOT02-49032","young_leaf","endophyte","Orchidaceae","Acronia","Acronia sp4","LOT2","49032_Ylendo","LOT02_ITS","GTGAATCATCGAATCTTTGAA","TCCTCCGCTTATTGATATGC","gtcgtaga","tagtcgca",10,5,"B","49032_Ylendo","49032_Ylendo","sample",NA,"10","5","library2",7884,273,"young_leaf","endophyte","Orchidaceae",TRUE,"too much untargeted",FALSE,TRUE,5156,15422,2508,12551,543,12551,7884,273,NA,NA,NA,NA
"49033_Ylendo","LOT02-49033","young_leaf","endophyte","Orchidaceae","Pleurothallis","Pleurothallis sp1","LOT2","49033_Ylendo","LOT02_ITS","GTGAATCATCGAATCTTTGAA","TCCTCCGCTTATTGATATGC","gtcacgtc","tagtcgca",10,5,"C","49033_Ylendo","49033_Ylendo","sample",NA,"11","5","library2",9656,268,"young_leaf","endophyte","Orchidaceae",TRUE,"too much untargeted",FALSE,TRUE,6014,17923,2825,14395,579,14395,9656,268,NA,NA,NA,NA
"49034_Ylendo","LOT02-49034","young_leaf","endophyte","Bromeliaceae","Racinea","Racinea sp2","LOT2","49034_Ylendo","LOT02_ITS","GTGAATCATCGAATCTTTGAA","TCCTCCGCTTATTGATATGC","gactgatg","tagtcgca",10,5,"D","49034_Ylendo","49034_Ylendo","sample",NA,"12","5","library2",14512,436,"young_leaf","endophyte","Bromeliaceae",TRUE,NA,TRUE,TRUE,6632,24649,3224,21149,763,21149,14512,436,NA,NA,NA,NA
"49035_Ylendo","LOT02-49035","young_leaf","endophyte","Bromeliaceae","Racinea","Racinea sp2","LOT2","49035_Ylendo","LOT02_ITS","GTGAATCATCGAATCTTTGAA","TCCTCCGCTTATTGATATGC","agactatg","tagtcgca",10,5,"E","49035_Ylendo","49035_Ylendo","sample",NA,"13","5","library2",5706,221,"young_leaf","endophyte","Bromeliaceae",TRUE,"too much untargeted",FALSE,TRUE,3908,12038,2001,9862,491,9862,5706,221,NA,NA,NA,NA
"49036_Ylendo","LOT02-49036","young_leaf","endophyte","Bromeliaceae","Tillandsia","Tillandsia sp4","LOT2","49036_Ylendo","LOT02_ITS","GTGAATCATCGAATCTTTGAA","TCCTCCGCTTATTGATATGC","gcgtcagc","tagtcgca",10,5,"F","49036_Ylendo","49036_Ylendo","sample",NA,"14","5","library2",3920,131,"young_leaf","endophyte","Bromeliaceae",TRUE,"too much untargeted",FALSE,TRUE,3246,19939,1575,18237,342,18237,3920,131,NA,NA,NA,NA
"49037_Ylendo","LOT02-49037","young_leaf","endophyte","Bromeliaceae","Tillandsia","Tillandsia sp4","LOT2","49037_Ylendo","LOT02_ITS","GTGAATCATCGAATCTTTGAA","TCCTCCGCTTATTGATATGC","acatgtgt","tagtcgca",10,5,"H","49037_Ylendo","49037_Ylendo","sample",NA,"16","5","library2",16811,196,"young_leaf","endophyte","Bromeliaceae",TRUE,NA,TRUE,TRUE,4687,20670,2366,18271,381,18271,16811,196,NA,NA,NA,NA
"49028_Olendo","LOT02-49028","old_leaf","endophyte","Orchidaceae","Acronia","Acronia sp1","LOT2","49028_Olendo","LOT02_ITS","GTGAATCATCGAATCTTTGAA","TCCTCCGCTTATTGATATGC","atgatcgc","tagtcgca",11,5,"B","49028_Olendo","49028_Olendo","sample",NA,"18","5","library2",10016,235,"old_leaf","endophyte","Orchidaceae",TRUE,"too much untargeted",FALSE,TRUE,13445,44303,6890,37711,609,37711,10016,235,NA,NA,NA,NA
"49029_Olendo","LOT02-49029","old_leaf","endophyte","Orchidaceae","Acronia","Acronia sp1","LOT2","49029_Olendo","LOT02_ITS","GTGAATCATCGAATCTTTGAA","TCCTCCGCTTATTGATATGC","acgacgag","tagtcgca",11,5,"C","49029_Olendo","49029_Olendo","sample",NA,"19","5","library2",6439,297,"old_leaf","endophyte","Orchidaceae",TRUE,"too much untargeted",FALSE,TRUE,9237,27017,4716,22456,675,22456,6439,297,NA,NA,NA,NA
"49030_Olendo","LOT02-49030","old_leaf","endophyte","Orchidaceae","Acronia","Acronia sp3","LOT2","49030_Olendo","LOT02_ITS","GTGAATCATCGAATCTTTGAA","TCCTCCGCTTATTGATATGC","catcagtc","tagtcgca",11,5,"D","49030_Olendo","49030_Olendo","sample",NA,"20","5","library2",37280,178,"old_leaf","endophyte","Orchidaceae",TRUE,"too much untargeted",FALSE,TRUE,13659,70458,5944,62738,575,62738,37280,178,NA,NA,NA,NA
"49031_Olendo","LOT02-49031","old_leaf","endophyte","Orchidaceae","Acronia","Acronia sp4","LOT2","49031_Olendo","LOT02_ITS","GTGAATCATCGAATCTTTGAA","TCCTCCGCTTATTGATATGC","tctactga","tagtcgca",11,5,"F","49031_Olendo","49031_Olendo","sample",NA,"22","5","library2",25158,192,"old_leaf","endophyte","Orchidaceae",TRUE,"too much untargeted",FALSE,TRUE,12614,50248,5935,42597,447,42597,25158,192,NA,NA,NA,NA
"49032_Olendo","LOT02-49032","old_leaf","endophyte","Orchidaceae","Acronia","Acronia sp4","LOT2","49032_Olendo","LOT02_ITS","GTGAATCATCGAATCTTTGAA","TCCTCCGCTTATTGATATGC","gatgatct","tagtcgca",11,5,"G","49032_Olendo","49032_Olendo","sample",NA,"23","5","library2",32880,237,"old_leaf","endophyte","Orchidaceae",TRUE,"too much untargeted",FALSE,TRUE,16407,68015,8440,60032,564,60032,32880,237,NA,NA,NA,NA
"49033_Olendo","LOT02-49033","old_leaf","endophyte","Orchidaceae","Pleurothallis","Pleurothallis sp1","LOT2","49033_Olendo","LOT02_ITS","GTGAATCATCGAATCTTTGAA","TCCTCCGCTTATTGATATGC","ctgcgtac","tagtcgca",11,5,"H","49033_Olendo","49033_Olendo","sample",NA,"24","5","library2",6635,231,"old_leaf","endophyte","Orchidaceae",TRUE,"too much untargeted",FALSE,TRUE,5986,20583,3151,17576,531,17576,6635,231,NA,NA,NA,NA
"49034_Rendo","LOT02-49034","root","endophyte","Bromeliaceae","Racinea","Racinea sp2","LOT2","49034_Rendo","LOT02_ITS","GTGAATCATCGAATCTTTGAA","TCCTCCGCTTATTGATATGC","acacacac","tactatac",9,6,"A","49034_Rendo","49034_Rendo","sample",NA,"1","6","library2",18429,240,"root","endophyte","Bromeliaceae",TRUE,NA,TRUE,TRUE,4218,23080,1838,20686,545,20686,18429,240,NA,NA,NA,NA
"49035_Rendo","LOT02-49035","root","endophyte","Bromeliaceae","Racinea","Racinea sp2","LOT2","49035_Rendo","LOT02_ITS","GTGAATCATCGAATCTTTGAA","TCCTCCGCTTATTGATATGC","gtgtacat","tactatac",9,6,"C","49035_Rendo","49035_Rendo","sample",NA,"3","6","library2",25844,295,"root","endophyte","Bromeliaceae",TRUE,NA,TRUE,TRUE,5567,30579,2572,27494,624,27494,25844,295,NA,NA,NA,NA
"49036_Rendo","LOT02-49036","root","endophyte","Bromeliaceae","Tillandsia","Tillandsia sp4","LOT2","49036_Rendo","LOT02_ITS","GTGAATCATCGAATCTTTGAA","TCCTCCGCTTATTGATATGC","tatgtcag","tactatac",9,6,"D","49036_Rendo","49036_Rendo","sample",NA,"4","6","library2",46994,280,"root","endophyte","Bromeliaceae",TRUE,NA,TRUE,TRUE,15102,96914,7389,89195,695,89195,46994,280,NA,NA,NA,NA
"49037_Rendo","LOT02-49037","root","endophyte","Bromeliaceae","Tillandsia","Tillandsia sp4","LOT2","49037_Rendo","LOT02_ITS","GTGAATCATCGAATCTTTGAA","TCCTCCGCTTATTGATATGC","tagtcgca","tactatac",9,6,"E","49037_Rendo","49037_Rendo","sample",NA,"5","6","library2",47197,430,"root","endophyte","Bromeliaceae",TRUE,NA,TRUE,TRUE,9956,62716,4642,57397,886,57397,47197,430,NA,NA,NA,NA
"49038_Rendo","LOT02-49038","root","endophyte","Bromeliaceae","Tillandsia","Tillandsia sp7","LOT2","49038_Rendo","LOT02_ITS","GTGAATCATCGAATCTTTGAA","TCCTCCGCTTATTGATATGC","actagatc","tactatac",9,6,"G","49038_Rendo","49038_Rendo","sample",NA,"7","6","library2",24960,268,"root","endophyte","Bromeliaceae",TRUE,NA,TRUE,TRUE,5208,34253,2219,31252,553,31252,24960,268,NA,NA,NA,NA
"49039_Rendo","LOT02-49039","root","endophyte","Bromeliaceae","Tillandsia","Tillandsia sp7","LOT2","49039_Rendo","LOT02_ITS","GTGAATCATCGAATCTTTGAA","TCCTCCGCTTATTGATATGC","gatcgcga","tactatac",9,6,"H","49039_Rendo","49039_Rendo","sample",NA,"8","6","library2",30870,433,"root","endophyte","Bromeliaceae",TRUE,NA,TRUE,TRUE,12411,58897,6386,52857,903,52857,30870,433,NA,NA,NA,NA
"49038_Ylendo","LOT02-49038","young_leaf","endophyte","Bromeliaceae","Tillandsia","Tillandsia sp7","LOT2","49038_Ylendo","LOT02_ITS","GTGAATCATCGAATCTTTGAA","TCCTCCGCTTATTGATATGC","cgctctcg","tactatac",10,6,"A","49038_Ylendo","49038_Ylendo","sample",NA,"9","6","library2",33456,257,"young_leaf","endophyte","Bromeliaceae",TRUE,"too much untargeted",FALSE,TRUE,16861,63457,6315,52791,500,52791,33456,257,NA,NA,NA,NA
"49039_Ylendo","LOT02-49039","young_leaf","endophyte","Bromeliaceae","Tillandsia","Tillandsia sp7","LOT2","49039_Ylendo","LOT02_ITS","GTGAATCATCGAATCTTTGAA","TCCTCCGCTTATTGATATGC","gtcgtaga","tactatac",10,6,"B","49039_Ylendo","49039_Ylendo","sample",NA,"10","6","library2",25644,399,"young_leaf","endophyte","Bromeliaceae",TRUE,NA,TRUE,TRUE,7409,33633,3560,29763,793,29763,25644,399,NA,NA,NA,NA
"49040_Ylendo","LOT02-49040","young_leaf","endophyte","Bromeliaceae","Tillandsia","Tillandsia sp9","LOT2","49040_Ylendo","LOT02_ITS","GTGAATCATCGAATCTTTGAA","TCCTCCGCTTATTGATATGC","gtcacgtc","tactatac",10,6,"C","49040_Ylendo","49040_Ylendo","sample",NA,"11","6","library2",28551,579,"young_leaf","endophyte","Bromeliaceae",TRUE,"too much untargeted",FALSE,TRUE,11035,47149,5111,41118,1045,41118,28551,579,NA,NA,NA,NA
"49041_Ylendo","LOT02-49041","young_leaf","endophyte","Bromeliaceae","Mezobromelia","Mezobromelia sp1","LOT2","49041_Ylendo","LOT02_ITS","GTGAATCATCGAATCTTTGAA","TCCTCCGCTTATTGATATGC","gactgatg","tactatac",10,6,"D","49041_Ylendo","49041_Ylendo","sample",NA,"12","6","library2",4443,294,"young_leaf","endophyte","Bromeliaceae",TRUE,"too much untargeted",FALSE,TRUE,3603,9479,1647,7303,632,7303,4443,294,NA,NA,NA,NA
"49042_Ylendo","LOT02-49042","young_leaf","endophyte","Bromeliaceae","Mezobromelia","Mezobromelia sp2","LOT2","49042_Ylendo","LOT02_ITS","GTGAATCATCGAATCTTTGAA","TCCTCCGCTTATTGATATGC","agactatg","tactatac",10,6,"E","49042_Ylendo","49042_Ylendo","sample",NA,"13","6","library2",6216,285,"young_leaf","endophyte","Bromeliaceae",TRUE,"too much untargeted",FALSE,TRUE,4159,12968,2059,10613,606,10613,6216,285,NA,NA,NA,NA
"49043_Ylendo","LOT02-49043","young_leaf","endophyte","Bromeliaceae","Mezobromelia","Mezobromelia sp2","LOT2","49043_Ylendo","LOT02_ITS","GTGAATCATCGAATCTTTGAA","TCCTCCGCTTATTGATATGC","gcgtcagc","tactatac",10,6,"F","49043_Ylendo","49043_Ylendo","sample",NA,"14","6","library2",7774,318,"young_leaf","endophyte","Bromeliaceae",TRUE,"too much untargeted",FALSE,TRUE,5522,16850,2770,14011,652,14011,7774,318,NA,NA,NA,NA
"49044_Ylendo","LOT02-49044","young_leaf","endophyte","Bromeliaceae","Guzmania","Guzmania sp7","LOT2","49044_Ylendo","LOT02_ITS","GTGAATCATCGAATCTTTGAA","TCCTCCGCTTATTGATATGC","tgacatca","tactatac",10,6,"G","49044_Ylendo","49044_Ylendo","sample",NA,"15","6","library2",10026,406,"young_leaf","endophyte","Bromeliaceae",TRUE,"too much untargeted",FALSE,TRUE,4239,16748,2091,14559,767,14559,10026,406,NA,NA,NA,NA
"49034_Olendo","LOT02-49034","old_leaf","endophyte","Bromeliaceae","Racinea","Racinea sp2","LOT2","49034_Olendo","LOT02_ITS","GTGAATCATCGAATCTTTGAA","TCCTCCGCTTATTGATATGC","gtacgact","tactatac",11,6,"A","49034_Olendo","49034_Olendo","sample",NA,"17","6","library2",26667,209,"old_leaf","endophyte","Bromeliaceae",TRUE,NA,TRUE,TRUE,7239,34465,3468,30629,394,30629,26667,209,NA,NA,NA,NA
"49035_Olendo","LOT02-49035","old_leaf","endophyte","Bromeliaceae","Racinea","Racinea sp2","LOT2","49035_Olendo","LOT02_ITS","GTGAATCATCGAATCTTTGAA","TCCTCCGCTTATTGATATGC","atgatcgc","tactatac",11,6,"B","49035_Olendo","49035_Olendo","sample",NA,"18","6","library2",24919,362,"old_leaf","endophyte","Bromeliaceae",TRUE,"too much untargeted",FALSE,TRUE,8970,42645,4564,38234,763,38234,24919,362,NA,NA,NA,NA
"49036_Olendo","LOT02-49036","old_leaf","endophyte","Bromeliaceae","Tillandsia","Tillandsia sp4","LOT2","49036_Olendo","LOT02_ITS","GTGAATCATCGAATCTTTGAA","TCCTCCGCTTATTGATATGC","acgacgag","tactatac",11,6,"C","49036_Olendo","49036_Olendo","sample",NA,"19","6","library2",19090,281,"old_leaf","endophyte","Bromeliaceae",TRUE,"too much untargeted",FALSE,TRUE,5903,67208,2761,64028,555,64028,19090,281,NA,NA,NA,NA
"49037_Olendo","LOT02-49037","old_leaf","endophyte","Bromeliaceae","Tillandsia","Tillandsia sp4","LOT2","49037_Olendo","LOT02_ITS","GTGAATCATCGAATCTTTGAA","TCCTCCGCTTATTGATATGC","catcagtc","tactatac",11,6,"D","49037_Olendo","49037_Olendo","sample",NA,"20","6","library2",26221,337,"old_leaf","endophyte","Bromeliaceae",TRUE,"too much untargeted",FALSE,TRUE,9924,49179,5058,44252,625,44252,26221,337,NA,NA,NA,NA
"49038_Olendo","LOT02-49038","old_leaf","endophyte","Bromeliaceae","Tillandsia","Tillandsia sp7","LOT2","49038_Olendo","LOT02_ITS","GTGAATCATCGAATCTTTGAA","TCCTCCGCTTATTGATATGC","gatgatct","tactatac",11,6,"G","49038_Olendo","49038_Olendo","sample",NA,"23","6","library2",2748,193,"old_leaf","endophyte","Bromeliaceae",TRUE,"too much untargeted",FALSE,TRUE,2777,6583,1377,5171,447,5171,2748,193,NA,NA,NA,NA
"49039_Olendo","LOT02-49039","old_leaf","endophyte","Bromeliaceae","Tillandsia","Tillandsia sp7","LOT2","49039_Olendo","LOT02_ITS","GTGAATCATCGAATCTTTGAA","TCCTCCGCTTATTGATATGC","ctgcgtac","tactatac",11,6,"H","49039_Olendo","49039_Olendo","sample",NA,"24","6","library2",36509,378,"old_leaf","endophyte","Bromeliaceae",TRUE,"too much untargeted",FALSE,TRUE,19273,76576,9184,66109,743,66109,36509,378,NA,NA,NA,NA
"49040_Rendo","LOT02-49040","root","endophyte","Bromeliaceae","Tillandsia","Tillandsia sp9","LOT2","49040_Rendo","LOT02_ITS","GTGAATCATCGAATCTTTGAA","TCCTCCGCTTATTGATATGC","acacacac","actagatc",9,7,"A","49040_Rendo","49040_Rendo","sample",NA,"1","7","library2",15720,216,"root","endophyte","Bromeliaceae",TRUE,NA,TRUE,TRUE,5089,23053,2352,20316,517,20316,15720,216,NA,NA,NA,NA
"49041_Rendo","LOT02-49041","root","endophyte","Bromeliaceae","Mezobromelia","Mezobromelia sp1","LOT2","49041_Rendo","LOT02_ITS","GTGAATCATCGAATCTTTGAA","TCCTCCGCTTATTGATATGC","acagcaca","actagatc",9,7,"B","49041_Rendo","49041_Rendo","sample",NA,"2","7","library2",11344,253,"root","endophyte","Bromeliaceae",TRUE,NA,TRUE,TRUE,7982,45223,3561,40800,674,40800,11344,253,NA,NA,NA,NA
"49042_Rendo","LOT02-49042","root","endophyte","Bromeliaceae","Mezobromelia","Mezobromelia sp2","LOT2","49042_Rendo","LOT02_ITS","GTGAATCATCGAATCTTTGAA","TCCTCCGCTTATTGATATGC","gtgtacat","actagatc",9,7,"C","49042_Rendo","49042_Rendo","sample",NA,"3","7","library2",18091,220,"root","endophyte","Bromeliaceae",TRUE,NA,TRUE,TRUE,8719,39089,4140,34504,536,34504,18091,220,NA,NA,NA,NA
"49043_Rendo","LOT02-49043","root","endophyte","Bromeliaceae","Mezobromelia","Mezobromelia sp2","LOT2","49043_Rendo","LOT02_ITS","GTGAATCATCGAATCTTTGAA","TCCTCCGCTTATTGATATGC","tatgtcag","actagatc",9,7,"D","49043_Rendo","49043_Rendo","sample",NA,"4","7","library2",39442,406,"root","endophyte","Bromeliaceae",TRUE,NA,TRUE,TRUE,11791,61746,5610,55565,989,55565,39442,406,NA,NA,NA,NA
"49044_Rendo","LOT02-49044","root","endophyte","Bromeliaceae","Guzmania","Guzmania sp7","LOT2","49044_Rendo","LOT02_ITS","GTGAATCATCGAATCTTTGAA","TCCTCCGCTTATTGATATGC","tagtcgca","actagatc",9,7,"E","49044_Rendo","49044_Rendo","sample",NA,"5","7","library2",26767,353,"root","endophyte","Bromeliaceae",TRUE,NA,TRUE,TRUE,12354,52292,6599,46534,785,46534,26767,353,NA,NA,NA,NA
"49045_Rendo","LOT02-49045","root","endophyte","Ericaceae","Disterigma","Disterigma sp1","LOT2","49045_Rendo","LOT02_ITS","GTGAATCATCGAATCTTTGAA","TCCTCCGCTTATTGATATGC","tactatac","actagatc",9,7,"F","49045_Rendo","49045_Rendo","sample",NA,"6","7","library2",63259,370,"root","endophyte","Ericaceae",TRUE,NA,TRUE,TRUE,15381,91752,7847,84218,862,84218,63259,370,NA,NA,NA,NA
"49046_Rendo","LOT02-49046","root","endophyte","Ericaceae","Disterigma","Disterigma sp1","LOT2","49046_Rendo","LOT02_ITS","GTGAATCATCGAATCTTTGAA","TCCTCCGCTTATTGATATGC","actagatc","actagatc",9,7,"G","49046_Rendo","49046_Rendo","sample",NA,"7","7","library2",61048,463,"root","endophyte","Ericaceae",TRUE,NA,TRUE,TRUE,16253,89337,7710,80788,976,80788,61048,463,NA,NA,NA,NA
"49047_Rendo","LOT02-49047","root","endophyte","Ericaceae","Disterigma","Disterigma sp1","LOT2","49047_Rendo","LOT02_ITS","GTGAATCATCGAATCTTTGAA","TCCTCCGCTTATTGATATGC","gatcgcga","actagatc",9,7,"H","49047_Rendo","49047_Rendo","sample",NA,"8","7","library2",77044,613,"root","endophyte","Ericaceae",TRUE,NA,TRUE,TRUE,16645,96178,7685,87207,1258,87207,77044,613,NA,NA,NA,NA
"49046_Ylendo","LOT02-49046","young_leaf","endophyte","Ericaceae","Disterigma","Disterigma sp1","LOT2","49046_Ylendo","LOT02_ITS","GTGAATCATCGAATCTTTGAA","TCCTCCGCTTATTGATATGC","cgctctcg","actagatc",10,7,"A","49046_Ylendo","49046_Ylendo","sample",NA,"9","7","library2",23665,82,"young_leaf","endophyte","Ericaceae",TRUE,NA,TRUE,TRUE,5065,27632,1890,24448,291,24448,23665,82,NA,NA,NA,NA
"49048_Ylendo","LOT02-49048","young_leaf","endophyte","Piperaceae","Peperomia","Peperomia sp2","LOT2","49048_Ylendo","LOT02_ITS","GTGAATCATCGAATCTTTGAA","TCCTCCGCTTATTGATATGC","gtcacgtc","actagatc",10,7,"C","49048_Ylendo","49048_Ylendo","sample",NA,"11","7","library2",3099,223,"young_leaf","endophyte","Piperaceae",TRUE,"too much untargeted",FALSE,TRUE,7907,44209,3149,39445,560,39445,3099,223,NA,NA,NA,NA
"49049_Ylendo","LOT02-49049","young_leaf","endophyte","Piperaceae","Peperomia","Peperomia sp2","LOT2","49049_Ylendo","LOT02_ITS","GTGAATCATCGAATCTTTGAA","TCCTCCGCTTATTGATATGC","gactgatg","actagatc",10,7,"D","49049_Ylendo","49049_Ylendo","sample",NA,"12","7","library2",40487,405,"young_leaf","endophyte","Piperaceae",TRUE,"too much untargeted",FALSE,TRUE,10858,65823,5394,60350,874,60350,40487,405,NA,NA,NA,NA
"49050_Ylendo","LOT02-49050","young_leaf","endophyte","Ericaceae","Sphyrospermum","Sphyrospermum sp1","LOT2","49050_Ylendo","LOT02_ITS","GTGAATCATCGAATCTTTGAA","TCCTCCGCTTATTGATATGC","agactatg","actagatc",10,7,"E","49050_Ylendo","49050_Ylendo","sample",NA,"13","7","library2",1329,134,"young_leaf","endophyte","Ericaceae",TRUE,"too much untargeted",FALSE,TRUE,4490,20858,1901,18248,362,18248,1329,134,NA,NA,NA,NA
"49051_Ylendo","LOT02-49051","young_leaf","endophyte","Ericaceae","Sphyrospermum","Sphyrospermum sp1","LOT2","49051_Ylendo","LOT02_ITS","GTGAATCATCGAATCTTTGAA","TCCTCCGCTTATTGATATGC","tgacatca","actagatc",10,7,"G","49051_Ylendo","49051_Ylendo","sample",NA,"15","7","library2",2175,122,"young_leaf","endophyte","Ericaceae",TRUE,"too much untargeted",FALSE,TRUE,5751,31761,2226,28227,333,28227,2175,122,NA,NA,NA,NA
"49040_Olendo","LOT02-49040","old_leaf","endophyte","Bromeliaceae","Tillandsia","Tillandsia sp9","LOT2","49040_Olendo","LOT02_ITS","GTGAATCATCGAATCTTTGAA","TCCTCCGCTTATTGATATGC","gtacgact","actagatc",11,7,"A","49040_Olendo","49040_Olendo","sample",NA,"17","7","library2",31284,344,"old_leaf","endophyte","Bromeliaceae",TRUE,"too much untargeted",FALSE,TRUE,12628,54617,6473,48454,669,48454,31284,344,NA,NA,NA,NA
"49041_Olendo","LOT02-49041","old_leaf","endophyte","Bromeliaceae","Mezobromelia","Mezobromelia sp1","LOT2","49041_Olendo","LOT02_ITS","GTGAATCATCGAATCTTTGAA","TCCTCCGCTTATTGATATGC","atgatcgc","actagatc",11,7,"B","49041_Olendo","49041_Olendo","sample",NA,"18","7","library2",25148,406,"old_leaf","endophyte","Bromeliaceae",TRUE,NA,TRUE,TRUE,7710,36561,4120,32962,887,32962,25148,406,NA,NA,NA,NA
"49042_Olendo","LOT02-49042","old_leaf","endophyte","Bromeliaceae","Mezobromelia","Mezobromelia sp2","LOT2","49042_Olendo","LOT02_ITS","GTGAATCATCGAATCTTTGAA","TCCTCCGCTTATTGATATGC","acgacgag","actagatc",11,7,"C","49042_Olendo","49042_Olendo","sample",NA,"19","7","library2",7431,301,"old_leaf","endophyte","Bromeliaceae",TRUE,"too much untargeted",FALSE,TRUE,5410,18360,2830,15759,594,15759,7431,301,NA,NA,NA,NA
"49043_Olendo","LOT02-49043","old_leaf","endophyte","Bromeliaceae","Mezobromelia","Mezobromelia sp2","LOT2","49043_Olendo","LOT02_ITS","GTGAATCATCGAATCTTTGAA","TCCTCCGCTTATTGATATGC","catcagtc","actagatc",11,7,"D","49043_Olendo","49043_Olendo","sample",NA,"20","7","library2",28175,578,"old_leaf","endophyte","Bromeliaceae",TRUE,"too much untargeted",FALSE,TRUE,19189,68170,9716,58682,1166,58682,28175,578,NA,NA,NA,NA
"49044_Olendo","LOT02-49044","old_leaf","endophyte","Bromeliaceae","Guzmania","Guzmania sp7","LOT2","49044_Olendo","LOT02_ITS","GTGAATCATCGAATCTTTGAA","TCCTCCGCTTATTGATATGC","atcagtca","actagatc",11,7,"E","49044_Olendo","49044_Olendo","sample",NA,"21","7","library2",17608,482,"old_leaf","endophyte","Bromeliaceae",TRUE,NA,TRUE,TRUE,10528,33855,5092,28414,911,28414,17608,482,NA,NA,NA,NA
"49045_Olendo","LOT02-49045","old_leaf","endophyte","Ericaceae","Disterigma","Disterigma sp1","LOT2","49045_Olendo","LOT02_ITS","GTGAATCATCGAATCTTTGAA","TCCTCCGCTTATTGATATGC","gatgatct","actagatc",11,7,"G","49045_Olendo","49045_Olendo","sample",NA,"23","7","library2",45132,104,"old_leaf","endophyte","Ericaceae",TRUE,NA,TRUE,TRUE,7551,55884,3416,51740,277,51740,45132,104,NA,NA,NA,NA
"49046_Olendo","LOT02-49046","old_leaf","endophyte","Ericaceae","Disterigma","Disterigma sp1","LOT2","49046_Olendo","LOT02_ITS","GTGAATCATCGAATCTTTGAA","TCCTCCGCTTATTGATATGC","ctgcgtac","actagatc",11,7,"H","49046_Olendo","49046_Olendo","sample",NA,"24","7","library2",35656,82,"old_leaf","endophyte","Ericaceae",TRUE,"too much untargeted",FALSE,TRUE,6399,44865,3045,41486,217,41486,35656,82,NA,NA,NA,NA
"49048_Rendo","LOT02-49048","root","endophyte","Piperaceae","Peperomia","Peperomia sp2","LOT2","49048_Rendo","LOT02_ITS","GTGAATCATCGAATCTTTGAA","TCCTCCGCTTATTGATATGC","acacacac","gatcgcga",9,8,"A","49048_Rendo","49048_Rendo","sample",NA,"1","8","library2",3691,167,"root","endophyte","Piperaceae",TRUE,"too much untargeted",FALSE,TRUE,4007,16280,1977,14197,437,14197,3691,167,NA,NA,NA,NA
"49050_Rendo","LOT02-49050","root","endophyte","Ericaceae","Sphyrospermum","Sphyrospermum sp1","LOT2","49050_Rendo","LOT02_ITS","GTGAATCATCGAATCTTTGAA","TCCTCCGCTTATTGATATGC","gtgtacat","gatcgcga",9,8,"C","49050_Rendo","49050_Rendo","sample",NA,"3","8","library2",24071,316,"root","endophyte","Ericaceae",TRUE,NA,TRUE,TRUE,10397,46783,5349,41727,997,41727,24071,316,NA,NA,NA,NA
"49052_Rendo","LOT02-49052","root","endophyte","Dryopteridaceae","Elaphoglossum","Elaphoglossum sp7","LOT2","49052_Rendo","LOT02_ITS","GTGAATCATCGAATCTTTGAA","TCCTCCGCTTATTGATATGC","tactatac","gatcgcga",9,8,"F","49052_Rendo","49052_Rendo","sample",NA,"6","8","library2",37931,506,"root","endophyte","Dryopteridaceae",TRUE,NA,TRUE,TRUE,15180,70270,7302,62359,1190,62359,37931,506,NA,NA,NA,NA
"49053_Rendo","LOT02-49053","root","endophyte","Bromeliaceae","Racinea","Racinea sp3","LOT2","49053_Rendo","LOT02_ITS","GTGAATCATCGAATCTTTGAA","TCCTCCGCTTATTGATATGC","actagatc","gatcgcga",9,8,"G","49053_Rendo","49053_Rendo","sample",NA,"7","8","library2",4662,101,"root","endophyte","Bromeliaceae",TRUE,NA,TRUE,TRUE,3475,13929,1358,11808,325,11808,4662,101,NA,NA,NA,NA
"49054_Rendo","LOT02-49054","root","endophyte","Bromeliaceae","Guzmania","Guzmania sp5","LOT2","49054_Rendo","LOT02_ITS","GTGAATCATCGAATCTTTGAA","TCCTCCGCTTATTGATATGC","gatcgcga","gatcgcga",9,8,"H","49054_Rendo","49054_Rendo","sample",NA,"8","8","library2",38843,390,"root","endophyte","Bromeliaceae",TRUE,NA,TRUE,TRUE,15582,66625,6818,57845,897,57845,38843,390,NA,NA,NA,NA
"49054_Ylendo","LOT02-49054","young_leaf","endophyte","Bromeliaceae","Guzmania","Guzmania sp5","LOT2","49054_Ylendo","LOT02_ITS","GTGAATCATCGAATCTTTGAA","TCCTCCGCTTATTGATATGC","gtcgtaga","gatcgcga",10,8,"B","49054_Ylendo","49054_Ylendo","sample",NA,"10","8","library2",17434,347,"young_leaf","endophyte","Bromeliaceae",TRUE,NA,TRUE,TRUE,6060,40100,2871,36882,693,36882,17434,347,NA,NA,NA,NA
"49055_Ylendo","LOT02-49055","young_leaf","endophyte","Bromeliaceae","Guzmania","Guzmania sp5","LOT2","49055_Ylendo","LOT02_ITS","GTGAATCATCGAATCTTTGAA","TCCTCCGCTTATTGATATGC","gtcacgtc","gatcgcga",10,8,"C","49055_Ylendo","49055_Ylendo","sample",NA,"11","8","library2",20791,261,"young_leaf","endophyte","Bromeliaceae",TRUE,NA,TRUE,TRUE,3717,24290,1654,22215,619,22215,20791,261,NA,NA,NA,NA
"49056_Ylendo","LOT02-49056","young_leaf","endophyte","Bromeliaceae","Guzmania","Guzmania sp5","LOT2","49056_Ylendo","LOT02_ITS","GTGAATCATCGAATCTTTGAA","TCCTCCGCTTATTGATATGC","gactgatg","gatcgcga",10,8,"D","49056_Ylendo","49056_Ylendo","sample",NA,"12","8","library2",17942,163,"young_leaf","endophyte","Bromeliaceae",TRUE,NA,TRUE,TRUE,3220,21140,1489,19407,378,19407,17942,163,NA,NA,NA,NA
"49057_Ylendo","LOT02-49057","young_leaf","endophyte","Bromeliaceae","Guzmania","Guzmania sp3","LOT2","49057_Ylendo","LOT02_ITS","GTGAATCATCGAATCTTTGAA","TCCTCCGCTTATTGATATGC","gcgtcagc","gatcgcga",10,8,"F","49057_Ylendo","49057_Ylendo","sample",NA,"14","8","library2",12087,727,"young_leaf","endophyte","Bromeliaceae",TRUE,NA,TRUE,TRUE,6382,23054,3336,20002,1273,20002,12087,727,NA,NA,NA,NA
"49058_Ylendo","LOT02-49058","young_leaf","endophyte","Bromeliaceae","Racinea","Racinea sp1","LOT2","49058_Ylendo","LOT02_ITS","GTGAATCATCGAATCTTTGAA","TCCTCCGCTTATTGATATGC","tgacatca","gatcgcga",10,8,"G","49058_Ylendo","49058_Ylendo","sample",NA,"15","8","library2",23588,351,"young_leaf","endophyte","Bromeliaceae",TRUE,NA,TRUE,TRUE,6138,29618,2964,26359,626,26359,23588,351,NA,NA,NA,NA
"49059_Ylendo","LOT02-49059","young_leaf","endophyte","Bromeliaceae","Racinea","Racinea sp1","LOT2","49059_Ylendo","LOT02_ITS","GTGAATCATCGAATCTTTGAA","TCCTCCGCTTATTGATATGC","acatgtgt","gatcgcga",10,8,"H","49059_Ylendo","49059_Ylendo","sample",NA,"16","8","library2",29594,124,"young_leaf","endophyte","Bromeliaceae",TRUE,NA,TRUE,TRUE,4130,33049,1732,30606,300,30606,29594,124,NA,NA,NA,NA
"49047_Olendo","LOT02-49047","old_leaf","endophyte","Ericaceae","Disterigma","Disterigma sp1","LOT2","49047_Olendo","LOT02_ITS","GTGAATCATCGAATCTTTGAA","TCCTCCGCTTATTGATATGC","gtacgact","gatcgcga",11,8,"A","49047_Olendo","49047_Olendo","sample",NA,"17","8","library2",49560,277,"old_leaf","endophyte","Ericaceae",TRUE,"too much untargeted",FALSE,TRUE,14357,83619,7243,76495,706,76495,49560,277,NA,NA,NA,NA
"49050_Olendo","LOT02-49050","old_leaf","endophyte","Ericaceae","Sphyrospermum","Sphyrospermum sp1","LOT2","49050_Olendo","LOT02_ITS","GTGAATCATCGAATCTTTGAA","TCCTCCGCTTATTGATATGC","catcagtc","gatcgcga",11,8,"D","49050_Olendo","49050_Olendo","sample",NA,"20","8","library2",70713,134,"old_leaf","endophyte","Ericaceae",TRUE,"too much untargeted",FALSE,TRUE,11477,90782,5546,84849,400,84849,70713,134,NA,NA,NA,NA
"49052_Olendo","LOT02-49052","old_leaf","endophyte","Dryopteridaceae","Elaphoglossum","Elaphoglossum sp7","LOT2","49052_Olendo","LOT02_ITS","GTGAATCATCGAATCTTTGAA","TCCTCCGCTTATTGATATGC","tctactga","gatcgcga",11,8,"F","49052_Olendo","49052_Olendo","sample",NA,"22","8","library2",40461,350,"old_leaf","endophyte","Dryopteridaceae",TRUE,"too much untargeted",FALSE,TRUE,20228,77723,9728,67207,843,67207,40461,350,NA,NA,NA,NA
"49053_Olendo","LOT02-49053","old_leaf","endophyte","Bromeliaceae","Racinea","Racinea sp3","LOT2","49053_Olendo","LOT02_ITS","GTGAATCATCGAATCTTTGAA","TCCTCCGCTTATTGATATGC","gatgatct","gatcgcga",11,8,"G","49053_Olendo","49053_Olendo","sample",NA,"23","8","library2",29455,313,"old_leaf","endophyte","Bromeliaceae",TRUE,NA,TRUE,TRUE,7045,37713,3483,34149,636,34149,29455,313,NA,NA,NA,NA
"49054_Olendo","LOT02-49054","old_leaf","endophyte","Bromeliaceae","Guzmania","Guzmania sp5","LOT2","49054_Olendo","LOT02_ITS","GTGAATCATCGAATCTTTGAA","TCCTCCGCTTATTGATATGC","ctgcgtac","gatcgcga",11,8,"H","49054_Olendo","49054_Olendo","sample",NA,"24","8","library2",11920,273,"old_leaf","endophyte","Bromeliaceae",TRUE,"too much untargeted",FALSE,TRUE,9045,37514,4458,32816,640,32816,11920,273,NA,NA,NA,NA
"49055_Rendo","LOT02-49055","root","endophyte","Bromeliaceae","Guzmania","Guzmania sp5","LOT2","49055_Rendo","LOT02_ITS","GTGAATCATCGAATCTTTGAA","TCCTCCGCTTATTGATATGC","acacacac","cgctctcg",9,9,"A","49055_Rendo","49055_Rendo","sample",NA,"1","9","library2",48583,285,"root","endophyte","Bromeliaceae",TRUE,NA,TRUE,TRUE,10438,56442,4845,50849,653,50849,48583,285,NA,NA,NA,NA
"49056_Rendo","LOT02-49056","root","endophyte","Bromeliaceae","Guzmania","Guzmania sp5","LOT2","49056_Rendo","LOT02_ITS","GTGAATCATCGAATCTTTGAA","TCCTCCGCTTATTGATATGC","acagcaca","cgctctcg",9,9,"B","49056_Rendo","49056_Rendo","sample",NA,"2","9","library2",18536,249,"root","endophyte","Bromeliaceae",TRUE,NA,TRUE,TRUE,8675,34059,4381,29761,570,29761,18536,249,NA,NA,NA,NA
"49057_Rendo","LOT02-49057","root","endophyte","Bromeliaceae","Guzmania","Guzmania sp3","LOT2","49057_Rendo","LOT02_ITS","GTGAATCATCGAATCTTTGAA","TCCTCCGCTTATTGATATGC","gtgtacat","cgctctcg",9,9,"C","49057_Rendo","49057_Rendo","sample",NA,"3","9","library2",13835,385,"root","endophyte","Bromeliaceae",TRUE,NA,TRUE,TRUE,7097,27732,3286,23916,841,23916,13835,385,NA,NA,NA,NA
"49058_Rendo","LOT02-49058","root","endophyte","Bromeliaceae","Racinea","Racinea sp1","LOT2","49058_Rendo","LOT02_ITS","GTGAATCATCGAATCTTTGAA","TCCTCCGCTTATTGATATGC","tatgtcag","cgctctcg",9,9,"D","49058_Rendo","49058_Rendo","sample",NA,"4","9","library2",31342,326,"root","endophyte","Bromeliaceae",TRUE,NA,TRUE,TRUE,6721,37550,2799,33616,703,33616,31342,326,NA,NA,NA,NA
"49059_Rendo","LOT02-49059","root","endophyte","Bromeliaceae","Racinea","Racinea sp1","LOT2","49059_Rendo","LOT02_ITS","GTGAATCATCGAATCTTTGAA","TCCTCCGCTTATTGATATGC","tagtcgca","cgctctcg",9,9,"E","49059_Rendo","49059_Rendo","sample",NA,"5","9","library2",23172,269,"root","endophyte","Bromeliaceae",TRUE,NA,TRUE,TRUE,6721,40014,2874,36145,713,36145,23172,269,NA,NA,NA,NA
"49060_Rendo","LOT02-49060","root","endophyte","Dryopteridaceae","Elaphoglossum","Elaphoglossum sp3","LOT2","49060_Rendo","LOT02_ITS","GTGAATCATCGAATCTTTGAA","TCCTCCGCTTATTGATATGC","tactatac","cgctctcg",9,9,"F","49060_Rendo","49060_Rendo","sample",NA,"6","9","library2",15897,338,"root","endophyte","Dryopteridaceae",TRUE,NA,TRUE,TRUE,14189,98842,6215,90777,856,90777,15897,338,NA,NA,NA,NA
"49061_Rendo","LOT02-49061","root","endophyte","Dryopteridaceae","Elaphoglossum","Elaphoglossum sp3","LOT2","49061_Rendo","LOT02_ITS","GTGAATCATCGAATCTTTGAA","TCCTCCGCTTATTGATATGC","actagatc","cgctctcg",9,9,"G","49061_Rendo","49061_Rendo","sample",NA,"7","9","library2",29941,417,"root","endophyte","Dryopteridaceae",TRUE,NA,TRUE,TRUE,16662,87673,7931,78901,1033,78901,29941,417,NA,NA,NA,NA
"49062_Rendo","LOT02-49062","root","endophyte","Ericaceae","Demosthenesia","Demosthenesia sp1","LOT2","49062_Rendo","LOT02_ITS","GTGAATCATCGAATCTTTGAA","TCCTCCGCTTATTGATATGC","gatcgcga","cgctctcg",9,9,"H","49062_Rendo","49062_Rendo","sample",NA,"8","9","library2",38538,468,"root","endophyte","Ericaceae",TRUE,"too much untargeted",FALSE,TRUE,19312,85777,9122,75586,1229,75586,38538,468,NA,NA,NA,NA
"49060_Ylendo","LOT02-49060","young_leaf","endophyte","Dryopteridaceae","Elaphoglossum","Elaphoglossum sp3","LOT2","49060_Ylendo","LOT02_ITS","GTGAATCATCGAATCTTTGAA","TCCTCCGCTTATTGATATGC","cgctctcg","cgctctcg",10,9,"A","49060_Ylendo","49060_Ylendo","sample",NA,"9","9","library2",90850,282,"young_leaf","endophyte","Dryopteridaceae",TRUE,NA,TRUE,TRUE,16423,104051,5506,93128,744,93128,90850,282,NA,NA,NA,NA
"49061_Ylendo","LOT02-49061","young_leaf","endophyte","Dryopteridaceae","Elaphoglossum","Elaphoglossum sp3","LOT2","49061_Ylendo","LOT02_ITS","GTGAATCATCGAATCTTTGAA","TCCTCCGCTTATTGATATGC","gtcgtaga","cgctctcg",10,9,"B","49061_Ylendo","49061_Ylendo","sample",NA,"10","9","library2",32791,279,"young_leaf","endophyte","Dryopteridaceae",TRUE,NA,TRUE,TRUE,6501,38569,2505,34557,647,34557,32791,279,NA,NA,NA,NA
"49062_Ylendo","LOT02-49062","young_leaf","endophyte","Ericaceae","Demosthenesia","Demosthenesia sp1","LOT2","49062_Ylendo","LOT02_ITS","GTGAATCATCGAATCTTTGAA","TCCTCCGCTTATTGATATGC","gtcacgtc","cgctctcg",10,9,"C","49062_Ylendo","49062_Ylendo","sample",NA,"11","9","library2",9804,374,"young_leaf","endophyte","Ericaceae",TRUE,"too much untargeted",FALSE,TRUE,13468,71947,5196,63664,946,63664,9804,374,NA,NA,NA,NA
"49063_Ylendo","LOT02-49063","young_leaf","endophyte","Bromeliaceae","Tillandsia","Tillandsia sp7","LOT2","49063_Ylendo","LOT02_ITS","GTGAATCATCGAATCTTTGAA","TCCTCCGCTTATTGATATGC","agactatg","cgctctcg",10,9,"E","49063_Ylendo","49063_Ylendo","sample",NA,"13","9","library2",11486,451,"young_leaf","endophyte","Bromeliaceae",TRUE,"too much untargeted",FALSE,TRUE,7184,23852,3552,20164,803,20164,11486,451,NA,NA,NA,NA
"49066_Ylendo","LOT02-49066","young_leaf","endophyte","Lauraceae","Beilschmiedia","Beilschmiedia latifolia","LOT2","49066_Ylendo","LOT02_ITS","GTGAATCATCGAATCTTTGAA","TCCTCCGCTTATTGATATGC","acatgtgt","cgctctcg",10,9,"H","49066_Ylendo","49066_Ylendo","sample",NA,"16","9","library2",15290,440,"young_leaf","endophyte","Lauraceae",TRUE,NA,TRUE,TRUE,10411,33772,4746,28081,930,28081,15290,440,NA,NA,NA,NA
"49055_Olendo","LOT02-49055","old_leaf","endophyte","Bromeliaceae","Guzmania","Guzmania sp5","LOT2","49055_Olendo","LOT02_ITS","GTGAATCATCGAATCTTTGAA","TCCTCCGCTTATTGATATGC","gtacgact","cgctctcg",11,9,"A","49055_Olendo","49055_Olendo","sample",NA,"17","9","library2",51105,482,"old_leaf","endophyte","Bromeliaceae",TRUE,"too much untargeted",FALSE,TRUE,11341,71041,5991,65680,917,65680,51105,482,NA,NA,NA,NA
"49056_Olendo","LOT02-49056","old_leaf","endophyte","Bromeliaceae","Guzmania","Guzmania sp5","LOT2","49056_Olendo","LOT02_ITS","GTGAATCATCGAATCTTTGAA","TCCTCCGCTTATTGATATGC","atgatcgc","cgctctcg",11,9,"B","49056_Olendo","49056_Olendo","sample",NA,"18","9","library2",33488,221,"old_leaf","endophyte","Bromeliaceae",TRUE,NA,TRUE,TRUE,5752,41753,3139,39133,498,39133,33488,221,NA,NA,NA,NA
"49057_Olendo","LOT02-49057","old_leaf","endophyte","Bromeliaceae","Guzmania","Guzmania sp3","LOT2","49057_Olendo","LOT02_ITS","GTGAATCATCGAATCTTTGAA","TCCTCCGCTTATTGATATGC","acgacgag","cgctctcg",11,9,"C","49057_Olendo","49057_Olendo","sample",NA,"19","9","library2",36292,574,"old_leaf","endophyte","Bromeliaceae",TRUE,"too much untargeted",FALSE,TRUE,14545,64569,7142,57166,1326,57166,36292,574,NA,NA,NA,NA
"49058_Olendo","LOT02-49058","old_leaf","endophyte","Bromeliaceae","Racinea","Racinea sp1","LOT2","49058_Olendo","LOT02_ITS","GTGAATCATCGAATCTTTGAA","TCCTCCGCTTATTGATATGC","catcagtc","cgctctcg",11,9,"D","49058_Olendo","49058_Olendo","sample",NA,"20","9","library2",48829,433,"old_leaf","endophyte","Bromeliaceae",TRUE,NA,TRUE,TRUE,10230,60186,4763,54716,901,54716,48829,433,NA,NA,NA,NA
"49059_Olendo","LOT02-49059","old_leaf","endophyte","Bromeliaceae","Racinea","Racinea sp1","LOT2","49059_Olendo","LOT02_ITS","GTGAATCATCGAATCTTTGAA","TCCTCCGCTTATTGATATGC","atcagtca","cgctctcg",11,9,"E","49059_Olendo","49059_Olendo","sample",NA,"21","9","library2",34828,422,"old_leaf","endophyte","Bromeliaceae",TRUE,"too much untargeted",FALSE,TRUE,12413,53966,6125,47602,858,47602,34828,422,NA,NA,NA,NA
"49060_Olendo","LOT02-49060","old_leaf","endophyte","Dryopteridaceae","Elaphoglossum","Elaphoglossum sp3","LOT2","49060_Olendo","LOT02_ITS","GTGAATCATCGAATCTTTGAA","TCCTCCGCTTATTGATATGC","tctactga","cgctctcg",11,9,"F","49060_Olendo","49060_Olendo","sample",NA,"22","9","library2",91038,267,"old_leaf","endophyte","Dryopteridaceae",TRUE,NA,TRUE,TRUE,14177,105682,6241,97745,771,97745,91038,267,NA,NA,NA,NA
"49061_Olendo","LOT02-49061","old_leaf","endophyte","Dryopteridaceae","Elaphoglossum","Elaphoglossum sp3","LOT2","49061_Olendo","LOT02_ITS","GTGAATCATCGAATCTTTGAA","TCCTCCGCTTATTGATATGC","gatgatct","cgctctcg",11,9,"G","49061_Olendo","49061_Olendo","sample",NA,"23","9","library2",40599,528,"old_leaf","endophyte","Dryopteridaceae",TRUE,NA,TRUE,TRUE,12927,59653,6387,53111,1201,53111,40599,528,NA,NA,NA,NA
"49062_Olendo","LOT02-49062","old_leaf","endophyte","Ericaceae","Demosthenesia","Demosthenesia sp1","LOT2","49062_Olendo","LOT02_ITS","GTGAATCATCGAATCTTTGAA","TCCTCCGCTTATTGATATGC","ctgcgtac","cgctctcg",11,9,"H","49062_Olendo","49062_Olendo","sample",NA,"24","9","library2",47755,300,"old_leaf","endophyte","Ericaceae",TRUE,"too much untargeted",FALSE,TRUE,16628,89851,7937,81151,792,81151,47755,300,NA,NA,NA,NA
"49063_Rendo","LOT02-49063","root","endophyte","Bromeliaceae","Tillandsia","Tillandsia sp7","LOT2","49063_Rendo","LOT02_ITS","GTGAATCATCGAATCTTTGAA","TCCTCCGCTTATTGATATGC","acacacac","gtcgtaga",9,10,"A","49063_Rendo","49063_Rendo","sample",NA,"1","10","library2",17283,151,"root","endophyte","Bromeliaceae",TRUE,NA,TRUE,TRUE,5835,26352,2733,23250,380,23250,17283,151,NA,NA,NA,NA
"49068_Rendo","LOT02-49068","root","endophyte","Bromeliaceae","Mezobromelia","Mezobromelia sp3","LOT2","49068_Rendo","LOT02_ITS","GTGAATCATCGAATCTTTGAA","TCCTCCGCTTATTGATATGC","acagcaca","gtcgtaga",9,10,"B","49068_Rendo","49068_Rendo","sample",NA,"2","10","library2",10939,197,"root","endophyte","Bromeliaceae",TRUE,NA,TRUE,TRUE,6260,34080,2762,30581,535,30581,10939,197,NA,NA,NA,NA
"49069_Rendo","LOT02-49069","root","endophyte","Bromeliaceae","Mezobromelia","Mezobromelia sp3","LOT2","49069_Rendo","LOT02_ITS","GTGAATCATCGAATCTTTGAA","TCCTCCGCTTATTGATATGC","gtgtacat","gtcgtaga",9,10,"C","49069_Rendo","49069_Rendo","sample",NA,"3","10","library2",11400,387,"root","endophyte","Bromeliaceae",TRUE,NA,TRUE,TRUE,6762,28415,3245,24898,726,24898,11400,387,NA,NA,NA,NA
"49070_Rendo","LOT02-49070","root","endophyte","Bromeliaceae","Mezobromelia","Mezobromelia sp2","LOT2","49070_Rendo","LOT02_ITS","GTGAATCATCGAATCTTTGAA","TCCTCCGCTTATTGATATGC","tatgtcag","gtcgtaga",9,10,"D","49070_Rendo","49070_Rendo","sample",NA,"4","10","library2",27367,219,"root","endophyte","Bromeliaceae",TRUE,NA,TRUE,TRUE,7399,39561,3110,35269,537,35269,27367,219,NA,NA,NA,NA
"49071_Rendo","LOT02-49071","root","endophyte","Bromeliaceae","Tillandsia","Tillandsia sp7","LOT2","49071_Rendo","LOT02_ITS","GTGAATCATCGAATCTTTGAA","TCCTCCGCTTATTGATATGC","tagtcgca","gtcgtaga",9,10,"E","49071_Rendo","49071_Rendo","sample",NA,"5","10","library2",25470,247,"root","endophyte","Bromeliaceae",TRUE,NA,TRUE,TRUE,8465,39032,3820,34381,557,34381,25470,247,NA,NA,NA,NA
"49072_Rendo","LOT02-49072","root","endophyte","Bromeliaceae","Mezobromelia","Mezobromelia sp1","LOT2","49072_Rendo","LOT02_ITS","GTGAATCATCGAATCTTTGAA","TCCTCCGCTTATTGATATGC","tactatac","gtcgtaga",9,10,"F","49072_Rendo","49072_Rendo","sample",NA,"6","10","library2",24006,224,"root","endophyte","Bromeliaceae",TRUE,NA,TRUE,TRUE,11085,65593,5027,59531,586,59531,24006,224,NA,NA,NA,NA
"49073_Rendo","LOT02-49073","root","endophyte","Bromeliaceae","Tillandsia","Tillandsia sp4","LOT2","49073_Rendo","LOT02_ITS","GTGAATCATCGAATCTTTGAA","TCCTCCGCTTATTGATATGC","actagatc","gtcgtaga",9,10,"G","49073_Rendo","49073_Rendo","sample",NA,"7","10","library2",41143,243,"root","endophyte","Bromeliaceae",TRUE,NA,TRUE,TRUE,8831,57663,4387,53214,583,53214,41143,243,NA,NA,NA,NA
"49074_Rendo","LOT02-49074","root","endophyte","Bromeliaceae","Racinea","Racinea sp1","LOT2","49074_Rendo","LOT02_ITS","GTGAATCATCGAATCTTTGAA","TCCTCCGCTTATTGATATGC","gatcgcga","gtcgtaga",9,10,"H","49074_Rendo","49074_Rendo","sample",NA,"8","10","library2",30011,341,"root","endophyte","Bromeliaceae",TRUE,NA,TRUE,TRUE,8266,40198,4044,35966,748,35966,30011,341,NA,NA,NA,NA
"49067_Ylendo","LOT02-49067","young_leaf","endophyte","Lauraceae","Beilschmiedia","Beilschmiedia latifolia","LOT2","49067_Ylendo","LOT02_ITS","GTGAATCATCGAATCTTTGAA","TCCTCCGCTTATTGATATGC","cgctctcg","gtcgtaga",10,10,"A","49067_Ylendo","49067_Ylendo","sample",NA,"9","10","library2",25984,132,"young_leaf","endophyte","Lauraceae",TRUE,"too much untargeted",FALSE,TRUE,8471,39386,2348,33146,431,33146,25984,132,NA,NA,NA,NA
"49068_Ylendo","LOT02-49068","young_leaf","endophyte","Bromeliaceae","Mezobromelia","Mezobromelia sp3","LOT2","49068_Ylendo","LOT02_ITS","GTGAATCATCGAATCTTTGAA","TCCTCCGCTTATTGATATGC","gtcgtaga","gtcgtaga",10,10,"B","49068_Ylendo","49068_Ylendo","sample",NA,"10","10","library2",12637,600,"young_leaf","endophyte","Bromeliaceae",TRUE,"too much untargeted",FALSE,TRUE,7562,35094,3350,30842,1112,30842,12637,600,NA,NA,NA,NA
"49069_Ylendo","LOT02-49069","young_leaf","endophyte","Bromeliaceae","Mezobromelia","Mezobromelia sp3","LOT2","49069_Ylendo","LOT02_ITS","GTGAATCATCGAATCTTTGAA","TCCTCCGCTTATTGATATGC","gactgatg","gtcgtaga",10,10,"D","49069_Ylendo","49069_Ylendo","sample",NA,"12","10","library2",18475,683,"young_leaf","endophyte","Bromeliaceae",TRUE,NA,TRUE,TRUE,7387,27079,3728,23408,1269,23408,18475,683,NA,NA,NA,NA
"49071_Ylendo","LOT02-49071","young_leaf","endophyte","Bromeliaceae","Tillandsia","Tillandsia sp7","LOT2","49071_Ylendo","LOT02_ITS","GTGAATCATCGAATCTTTGAA","TCCTCCGCTTATTGATATGC","tgacatca","gtcgtaga",10,10,"G","49071_Ylendo","49071_Ylendo","sample",NA,"15","10","library2",4986,328,"young_leaf","endophyte","Bromeliaceae",TRUE,"too much untargeted",FALSE,TRUE,8215,46776,3573,41760,675,41760,4986,328,NA,NA,NA,NA
"49063_Olendo","LOT02-49063","old_leaf","endophyte","Bromeliaceae","Tillandsia","Tillandsia sp7","LOT2","49063_Olendo","LOT02_ITS","GTGAATCATCGAATCTTTGAA","TCCTCCGCTTATTGATATGC","gtacgact","gtcgtaga",11,10,"A","49063_Olendo","49063_Olendo","sample",NA,"17","10","library2",18109,363,"old_leaf","endophyte","Bromeliaceae",TRUE,"too much untargeted",FALSE,TRUE,9269,33962,4783,29139,746,29139,18109,363,NA,NA,NA,NA
"49066_Olendo","LOT02-49066","old_leaf","endophyte","Lauraceae","Beilschmiedia","Beilschmiedia latifolia","LOT2","49066_Olendo","LOT02_ITS","GTGAATCATCGAATCTTTGAA","TCCTCCGCTTATTGATATGC","atcagtca","gtcgtaga",11,10,"E","49066_Olendo","49066_Olendo","sample",NA,"21","10","library2",46756,280,"old_leaf","endophyte","Lauraceae",TRUE,NA,TRUE,TRUE,14598,69866,6883,62112,651,62112,46756,280,NA,NA,NA,NA
"49067_Olendo","LOT02-49067","old_leaf","endophyte","Lauraceae","Beilschmiedia","Beilschmiedia latifolia","LOT2","49067_Olendo","LOT02_ITS","GTGAATCATCGAATCTTTGAA","TCCTCCGCTTATTGATATGC","tctactga","gtcgtaga",11,10,"F","49067_Olendo","49067_Olendo","sample",NA,"22","10","library2",46669,434,"old_leaf","endophyte","Lauraceae",TRUE,NA,TRUE,TRUE,20588,98176,9199,86728,930,86728,46669,434,NA,NA,NA,NA
"49069_Olendo","LOT02-49069","old_leaf","endophyte","Bromeliaceae","Mezobromelia","Mezobromelia sp3","LOT2","49069_Olendo","LOT02_ITS","GTGAATCATCGAATCTTTGAA","TCCTCCGCTTATTGATATGC","ctgcgtac","gtcgtaga",11,10,"H","49069_Olendo","49069_Olendo","sample",NA,"24","10","library2",15687,428,"old_leaf","endophyte","Bromeliaceae",TRUE,"too much untargeted",FALSE,TRUE,16210,46485,6433,36647,1030,36647,15687,428,NA,NA,NA,NA
"49075_Rendo","LOT02-49075","root","endophyte","Bromeliaceae","Tillandsia","Tillandsia sp7","LOT2","49075_Rendo","LOT02_ITS","GTGAATCATCGAATCTTTGAA","TCCTCCGCTTATTGATATGC","acacacac","gtcacgtc",9,11,"A","49075_Rendo","49075_Rendo","sample",NA,"1","11","library2",16767,138,"root","endophyte","Bromeliaceae",TRUE,NA,TRUE,TRUE,5516,26779,3008,24271,331,24271,16767,138,NA,NA,NA,NA
"49076_Rendo","LOT02-49076","root","endophyte","Bromeliaceae","Tillandsia","Tillandsia sp7","LOT2","49076_Rendo","LOT02_ITS","GTGAATCATCGAATCTTTGAA","TCCTCCGCTTATTGATATGC","acagcaca","gtcacgtc",9,11,"B","49076_Rendo","49076_Rendo","sample",NA,"2","11","library2",12854,98,"root","endophyte","Bromeliaceae",TRUE,NA,TRUE,TRUE,5399,24338,2382,21321,313,21321,12854,98,NA,NA,NA,NA
"49077_Rendo","LOT02-49077","root","endophyte","Bromeliaceae","Tillandsia","Tillandsia sp7","LOT2","49077_Rendo","LOT02_ITS","GTGAATCATCGAATCTTTGAA","TCCTCCGCTTATTGATATGC","tatgtcag","gtcacgtc",9,11,"D","49077_Rendo","49077_Rendo","sample",NA,"4","11","library2",20485,196,"root","endophyte","Bromeliaceae",TRUE,NA,TRUE,TRUE,10692,45291,4803,39396,495,39396,20485,196,NA,NA,NA,NA
"49073_Ylendo","LOT02-49073","young_leaf","endophyte","Bromeliaceae","Tillandsia","Tillandsia sp4","LOT2","49073_Ylendo","LOT02_ITS","GTGAATCATCGAATCTTTGAA","TCCTCCGCTTATTGATATGC","cgctctcg","gtcacgtc",10,11,"A","49073_Ylendo","49073_Ylendo","sample",NA,"9","11","library2",30142,273,"young_leaf","endophyte","Bromeliaceae",TRUE,NA,TRUE,TRUE,11637,43465,4752,36487,535,36487,30142,273,NA,NA,NA,NA
"49074_Ylendo","LOT02-49074","young_leaf","endophyte","Bromeliaceae","Racinea","Racinea sp1","LOT2","49074_Ylendo","LOT02_ITS","GTGAATCATCGAATCTTTGAA","TCCTCCGCTTATTGATATGC","gtcacgtc","gtcacgtc",10,11,"C","49074_Ylendo","49074_Ylendo","sample",NA,"11","11","library2",34701,364,"young_leaf","endophyte","Bromeliaceae",TRUE,NA,TRUE,TRUE,7427,42698,3926,39094,706,39094,34701,364,NA,NA,NA,NA
"49075_Ylendo","LOT02-49075","young_leaf","endophyte","Bromeliaceae","Tillandsia","Tillandsia sp7","LOT2","49075_Ylendo","LOT02_ITS","GTGAATCATCGAATCTTTGAA","TCCTCCGCTTATTGATATGC","gactgatg","gtcacgtc",10,11,"D","49075_Ylendo","49075_Ylendo","sample",NA,"12","11","library2",9077,494,"young_leaf","endophyte","Bromeliaceae",TRUE,"too much untargeted",FALSE,TRUE,5747,20103,2920,17219,904,17219,9077,494,NA,NA,NA,NA
"49076_Ylendo","LOT02-49076","young_leaf","endophyte","Bromeliaceae","Tillandsia","Tillandsia sp7","LOT2","49076_Ylendo","LOT02_ITS","GTGAATCATCGAATCTTTGAA","TCCTCCGCTTATTGATATGC","agactatg","gtcacgtc",10,11,"E","49076_Ylendo","49076_Ylendo","sample",NA,"13","11","library2",11593,449,"young_leaf","endophyte","Bromeliaceae",TRUE,"too much untargeted",FALSE,TRUE,6255,26862,3158,23712,778,23712,11593,449,NA,NA,NA,NA
"49077_Ylendo","LOT02-49077","young_leaf","endophyte","Bromeliaceae","Tillandsia","Tillandsia sp7","LOT2","49077_Ylendo","LOT02_ITS","GTGAATCATCGAATCTTTGAA","TCCTCCGCTTATTGATATGC","gcgtcagc","gtcacgtc",10,11,"F","49077_Ylendo","49077_Ylendo","sample",NA,"14","11","library2",9838,269,"young_leaf","endophyte","Bromeliaceae",TRUE,"too much untargeted",FALSE,TRUE,5394,18695,3172,16438,527,16438,9838,269,NA,NA,NA,NA
"49070_Olendo","LOT02-49070","old_leaf","endophyte","Bromeliaceae","Mezobromelia","Mezobromelia sp2","LOT2","49070_Olendo","LOT02_ITS","GTGAATCATCGAATCTTTGAA","TCCTCCGCTTATTGATATGC","gtacgact","gtcacgtc",11,11,"A","49070_Olendo","49070_Olendo","sample",NA,"17","11","library2",23874,538,"old_leaf","endophyte","Bromeliaceae",TRUE,NA,TRUE,TRUE,7183,35914,3675,32395,989,32395,23874,538,NA,NA,NA,NA
"49072_Olendo","LOT02-49072","old_leaf","endophyte","Bromeliaceae","Mezobromelia","Mezobromelia sp1","LOT2","49072_Olendo","LOT02_ITS","GTGAATCATCGAATCTTTGAA","TCCTCCGCTTATTGATATGC","acgacgag","gtcacgtc",11,11,"C","49072_Olendo","49072_Olendo","sample",NA,"19","11","library2",12327,299,"old_leaf","endophyte","Bromeliaceae",TRUE,"too much untargeted",FALSE,TRUE,8073,36431,4505,32790,607,32790,12327,299,NA,NA,NA,NA
"49073_Olendo","LOT02-49073","old_leaf","endophyte","Bromeliaceae","Tillandsia","Tillandsia sp4","LOT2","49073_Olendo","LOT02_ITS","GTGAATCATCGAATCTTTGAA","TCCTCCGCTTATTGATATGC","catcagtc","gtcacgtc",11,11,"D","49073_Olendo","49073_Olendo","sample",NA,"20","11","library2",36775,473,"old_leaf","endophyte","Bromeliaceae",TRUE,"too much untargeted",FALSE,TRUE,29103,105854,12946,89696,1309,89696,36775,473,NA,NA,NA,NA
"49074_Olendo","LOT02-49074","old_leaf","endophyte","Bromeliaceae","Racinea","Racinea sp1","LOT2","49074_Olendo","LOT02_ITS","GTGAATCATCGAATCTTTGAA","TCCTCCGCTTATTGATATGC","atcagtca","gtcacgtc",11,11,"E","49074_Olendo","49074_Olendo","sample",NA,"21","11","library2",24120,729,"old_leaf","endophyte","Bromeliaceae",TRUE,"too much untargeted",FALSE,TRUE,14458,48042,7506,41079,1373,41079,24120,729,NA,NA,NA,NA
"49075_Olendo","LOT02-49075","old_leaf","endophyte","Bromeliaceae","Tillandsia","Tillandsia sp7","LOT2","49075_Olendo","LOT02_ITS","GTGAATCATCGAATCTTTGAA","TCCTCCGCTTATTGATATGC","gatgatct","gtcacgtc",11,11,"G","49075_Olendo","49075_Olendo","sample",NA,"23","11","library2",24517,433,"old_leaf","endophyte","Bromeliaceae",TRUE,"too much untargeted",FALSE,TRUE,14795,54193,7610,46943,891,46943,24517,433,NA,NA,NA,NA
"49076_Olendo","LOT02-49076","old_leaf","endophyte","Bromeliaceae","Tillandsia","Tillandsia sp7","LOT2","49076_Olendo","LOT02_ITS","GTGAATCATCGAATCTTTGAA","TCCTCCGCTTATTGATATGC","ctgcgtac","gtcacgtc",11,11,"H","49076_Olendo","49076_Olendo","sample",NA,"24","11","library2",18603,464,"old_leaf","endophyte","Bromeliaceae",TRUE,"too much untargeted",FALSE,TRUE,13828,43044,7213,36401,925,36401,18603,464,NA,NA,NA,NA
"49077_Olendo","LOT02-49077","old_leaf","endophyte","Bromeliaceae","Tillandsia","Tillandsia sp7","LOT2","49077_Olendo","LOT02_ITS","GTGAATCATCGAATCTTTGAA","TCCTCCGCTTATTGATATGC","gtacgact","gactgatg",11,12,"A","49077_Olendo","49077_Olendo","sample",NA,"17","12","library2",26139,486,"old_leaf","endophyte","Bromeliaceae",TRUE,"too much untargeted",FALSE,TRUE,7946,38924,4699,35661,818,35661,26139,486,NA,NA,NA,NA
"49048bis_Olendo","LOT02-49048b","old_leaf","endophyte","Piperaceae","Peperomia","Peperomia sp2","LOT2","49048bis_Olendo","LOT02_ITS","GTGAATCATCGAATCTTTGAA","TCCTCCGCTTATTGATATGC","catcagtc","gactgatg",11,12,"D","49048bis_Olendo","49048bis_Olendo","sample",NA,"20","12","library2",4119,116,"old_leaf","endophyte","Piperaceae",TRUE,"too much untargeted",FALSE,TRUE,8282,40869,3583,36115,239,36115,4119,116,NA,NA,NA,NA
"49049bis_Olendo","LOT02-49049b","old_leaf","endophyte","Piperaceae","Peperomia","Peperomia sp2","LOT2","49049bis_Olendo","LOT02_ITS","GTGAATCATCGAATCTTTGAA","TCCTCCGCTTATTGATATGC","atcagtca","gactgatg",11,12,"E","49049bis_Olendo","49049bis_Olendo","sample",NA,"21","12","library2",2165,137,"old_leaf","endophyte","Piperaceae",TRUE,"too much untargeted",FALSE,TRUE,5832,31686,2777,28616,291,28616,2165,137,NA,NA,NA,NA
"49001_Repi","LOT02-49001","root","epiphyte","Orchidaceae","Maxilaria","Maxilaria notylioglossa","LOT2","49001_Repi","LOT02_ITS","GTGAATCATCGAATCTTTGAA","TCCTCCGCTTATTGATATGC","acacacac","agcgacta",13,1,"A","49001_Repi","49001_Repi","sample",NA,"1","13","library2",16322,261,"root","epiphyte","Orchidaceae",TRUE,NA,TRUE,TRUE,7803,25559,4169,21888,511,21888,16322,261,NA,NA,NA,NA
"49002_Repi","LOT02-49002","root","epiphyte","Orchidaceae","Maxilaria","Maxilaria notylioglossa","LOT2","49002_Repi","LOT02_ITS","GTGAATCATCGAATCTTTGAA","TCCTCCGCTTATTGATATGC","acagcaca","agcgacta",13,1,"B","49002_Repi","49002_Repi","sample",NA,"2","13","library2",26690,657,"root","epiphyte","Orchidaceae",TRUE,NA,TRUE,TRUE,18057,61390,8949,52273,1511,52273,26690,657,NA,NA,NA,NA
"49003_Repi","LOT02-49003","root","epiphyte","Orchidaceae","Maxilaria","Maxilaria notylioglossa","LOT2","49003_Repi","LOT02_ITS","GTGAATCATCGAATCTTTGAA","TCCTCCGCTTATTGATATGC","gtgtacat","agcgacta",13,1,"C","49003_Repi","49003_Repi","sample",NA,"3","13","library2",10615,398,"root","epiphyte","Orchidaceae",TRUE,NA,TRUE,TRUE,6963,21634,4030,18672,809,18672,10615,398,NA,NA,NA,NA
"49004_Repi","LOT02-49004","root","epiphyte","Dryopteridaceae","Elaphoglossum","Elaphoglossum sp1","LOT2","49004_Repi","LOT02_ITS","GTGAATCATCGAATCTTTGAA","TCCTCCGCTTATTGATATGC","tatgtcag","agcgacta",13,1,"D","49004_Repi","49004_Repi","sample",NA,"4","13","library2",13368,403,"root","epiphyte","Dryopteridaceae",TRUE,NA,TRUE,TRUE,9354,33580,4842,29043,860,29043,13368,403,NA,NA,NA,NA
"49005_Repi","LOT02-49005","root","epiphyte","Dryopteridaceae","Elaphoglossum","Elaphoglossum sp1","LOT2","49005_Repi","LOT02_ITS","GTGAATCATCGAATCTTTGAA","TCCTCCGCTTATTGATATGC","tagtcgca","agcgacta",13,1,"E","49005_Repi","49005_Repi","sample",NA,"5","13","library2",21335,306,"root","epiphyte","Dryopteridaceae",TRUE,NA,TRUE,TRUE,11000,37037,4730,30609,638,30609,21335,306,NA,NA,NA,NA
"49007_Repi","LOT02-49007","root","epiphyte","Orchidaceae","Maxilaria","Maxilaria sp2","LOT2","49007_Repi","LOT02_ITS","GTGAATCATCGAATCTTTGAA","TCCTCCGCTTATTGATATGC","actagatc","agcgacta",13,1,"G","49007_Repi","49007_Repi","sample",NA,"7","13","library2",18806,277,"root","epiphyte","Orchidaceae",TRUE,NA,TRUE,TRUE,13657,50708,6011,42740,631,42740,18806,277,NA,NA,NA,NA
"49008_Repi","LOT02-49008","root","epiphyte","Orchidaceae","Maxilaria","Maxilaria sp2","LOT2","49008_Repi","LOT02_ITS","GTGAATCATCGAATCTTTGAA","TCCTCCGCTTATTGATATGC","gatcgcga","agcgacta",13,1,"H","49008_Repi","49008_Repi","sample",NA,"8","13","library2",30269,358,"root","epiphyte","Orchidaceae",TRUE,NA,TRUE,TRUE,11071,42406,5457,36724,779,36724,30269,358,NA,NA,NA,NA
"49009_Repi","LOT02-49009","root","epiphyte","Orchidaceae","Barbosella","Barbosella cucullata","LOT2","49009_Repi","LOT02_ITS","GTGAATCATCGAATCTTTGAA","TCCTCCGCTTATTGATATGC","acacacac","gcgtcagc",13,2,"A","49009_Repi","49009_Repi","sample",NA,"1","14","library2",12269,392,"root","epiphyte","Orchidaceae",TRUE,NA,TRUE,TRUE,7385,21828,4001,18437,808,18437,12269,392,NA,NA,NA,NA
"49010_Repi","LOT02-49010","root","epiphyte","Orchidaceae","Barbosella","Barbosella cucullata","LOT2","49010_Repi","LOT02_ITS","GTGAATCATCGAATCTTTGAA","TCCTCCGCTTATTGATATGC","acagcaca","gcgtcagc",13,2,"B","49010_Repi","49010_Repi","sample",NA,"2","14","library2",4679,165,"root","epiphyte","Orchidaceae",TRUE,NA,TRUE,TRUE,4657,14049,2415,11806,368,11806,4679,165,NA,NA,NA,NA
"49012_Repi","LOT02-49012","root","epiphyte","Polypodiaceae","Pecluma","Pecluma sp1","LOT2","49012_Repi","LOT02_ITS","GTGAATCATCGAATCTTTGAA","TCCTCCGCTTATTGATATGC","tatgtcag","gcgtcagc",13,2,"D","49012_Repi","49012_Repi","sample",NA,"4","14","library2",24660,345,"root","epiphyte","Polypodiaceae",TRUE,NA,TRUE,TRUE,11460,44366,5098,37997,770,37997,24660,345,NA,NA,NA,NA
"49013_Repi","LOT02-49013","root","epiphyte","Polypodiaceae","Pecluma","Pecluma sp1","LOT2","49013_Repi","LOT02_ITS","GTGAATCATCGAATCTTTGAA","TCCTCCGCTTATTGATATGC","tagtcgca","gcgtcagc",13,2,"E","49013_Repi","49013_Repi","sample",NA,"5","14","library2",5248,175,"root","epiphyte","Polypodiaceae",TRUE,NA,TRUE,TRUE,4912,15654,2435,13176,459,13176,5248,175,NA,NA,NA,NA
"49014_Repi","LOT02-49014","root","epiphyte","Polypodiaceae","Pecluma","Pecluma sp1","LOT2","49014_Repi","LOT02_ITS","GTGAATCATCGAATCTTTGAA","TCCTCCGCTTATTGATATGC","tactatac","gcgtcagc",13,2,"F","49014_Repi","49014_Repi","sample",NA,"6","14","library2",14464,289,"root","epiphyte","Polypodiaceae",TRUE,NA,TRUE,TRUE,6688,24440,3335,20972,589,20972,14464,289,NA,NA,NA,NA
"49015_Repi","LOT02-49015","root","epiphyte","Orchidaceae","Stelis","Stelis sp10","LOT2","49015_Repi","LOT02_ITS","GTGAATCATCGAATCTTTGAA","TCCTCCGCTTATTGATATGC","actagatc","gcgtcagc",13,2,"G","49015_Repi","49015_Repi","sample",NA,"7","14","library2",9856,282,"root","epiphyte","Orchidaceae",TRUE,NA,TRUE,TRUE,10304,32618,4782,27089,622,27089,9856,282,NA,NA,NA,NA
"49016_Repi","LOT02-49016","root","epiphyte","Orchidaceae","Stelis","Stelis sp10","LOT2","49016_Repi","LOT02_ITS","GTGAATCATCGAATCTTTGAA","TCCTCCGCTTATTGATATGC","gatcgcga","gcgtcagc",13,2,"H","49016_Repi","49016_Repi","sample",NA,"8","14","library2",10893,587,"root","epiphyte","Orchidaceae",TRUE,NA,TRUE,TRUE,8480,22781,4441,18705,1119,18705,10893,587,NA,NA,NA,NA
"49017_Repi","LOT02-49017","root","epiphyte","Orchidaceae","Stelis","Stelis sp10","LOT2","49017_Repi","LOT02_ITS","GTGAATCATCGAATCTTTGAA","TCCTCCGCTTATTGATATGC","acacacac","tgacatca",13,3,"A","49017_Repi","49017_Repi","sample",NA,"1","15","library2",33103,416,"root","epiphyte","Orchidaceae",TRUE,NA,TRUE,TRUE,17708,68930,9023,60228,908,60228,33103,416,NA,NA,NA,NA
"49019_Repi","LOT02-49019","root","epiphyte","Orchidaceae","Stelis","Stelis sp4","LOT2","49019_Repi","LOT02_ITS","GTGAATCATCGAATCTTTGAA","TCCTCCGCTTATTGATATGC","gtgtacat","tgacatca",13,3,"C","49019_Repi","49019_Repi","sample",NA,"3","15","library2",14385,301,"root","epiphyte","Orchidaceae",TRUE,NA,TRUE,TRUE,7930,26115,4282,22444,647,22444,14385,301,NA,NA,NA,NA
"49020_Repi","LOT02-49020","root","epiphyte","Orchidaceae","Stelis","Stelis sp4","LOT2","49020_Repi","LOT02_ITS","GTGAATCATCGAATCTTTGAA","TCCTCCGCTTATTGATATGC","tatgtcag","tgacatca",13,3,"D","49020_Repi","49020_Repi","sample",NA,"4","15","library2",19390,288,"root","epiphyte","Orchidaceae",TRUE,NA,TRUE,TRUE,10351,45026,5280,39887,625,39887,19390,288,NA,NA,NA,NA
"49021_Repi","LOT02-49021","root","epiphyte","Orchidaceae","Elleanthus","Elleanthus sp1","LOT2","49021_Repi","LOT02_ITS","GTGAATCATCGAATCTTTGAA","TCCTCCGCTTATTGATATGC","tagtcgca","tgacatca",13,3,"E","49021_Repi","49021_Repi","sample",NA,"5","15","library2",33216,659,"root","epiphyte","Orchidaceae",TRUE,NA,TRUE,TRUE,15593,58332,7495,50223,1554,50223,33216,659,NA,NA,NA,NA
"49022_Repi","LOT02-49022","root","epiphyte","Orchidaceae","Elleanthus","Elleanthus sp1","LOT2","49022_Repi","LOT02_ITS","GTGAATCATCGAATCTTTGAA","TCCTCCGCTTATTGATATGC","tactatac","tgacatca",13,3,"F","49022_Repi","49022_Repi","sample",NA,"6","15","library2",21050,293,"root","epiphyte","Orchidaceae",TRUE,NA,TRUE,TRUE,8856,28948,4535,24489,614,24489,21050,293,NA,NA,NA,NA
"49023_Repi","LOT02-49023","root","epiphyte","Orchidaceae","Elleanthus","Elleanthus sp1","LOT2","49023_Repi","LOT02_ITS","GTGAATCATCGAATCTTTGAA","TCCTCCGCTTATTGATATGC","actagatc","tgacatca",13,3,"G","49023_Repi","49023_Repi","sample",NA,"7","15","library2",17873,291,"root","epiphyte","Orchidaceae",TRUE,NA,TRUE,TRUE,9689,31939,4662,26876,670,26876,17873,291,NA,NA,NA,NA
"49024_Repi","LOT02-49024","root","epiphyte","Orchidaceae","Elleanthus","Elleanthus sp2","LOT2","49024_Repi","LOT02_ITS","GTGAATCATCGAATCTTTGAA","TCCTCCGCTTATTGATATGC","gatcgcga","tgacatca",13,3,"H","49024_Repi","49024_Repi","sample",NA,"8","15","library2",41667,414,"root","epiphyte","Orchidaceae",TRUE,NA,TRUE,TRUE,14840,63298,6952,55400,925,55400,41667,414,NA,NA,NA,NA
"49025_Repi","LOT02-49025","root","epiphyte","Orchidaceae","Elleanthus","Elleanthus sp2","LOT2","49025_Repi","LOT02_ITS","GTGAATCATCGAATCTTTGAA","TCCTCCGCTTATTGATATGC","acacacac","acatgtgt",13,4,"A","49025_Repi","49025_Repi","sample",NA,"1","16","library2",22524,393,"root","epiphyte","Orchidaceae",TRUE,NA,TRUE,TRUE,10841,40280,5787,35212,788,35212,22524,393,NA,NA,NA,NA
"49027_Repi","LOT02-49027","root","epiphyte","Orchidaceae","Acronia","Acronia sp1","LOT2","49027_Repi","LOT02_ITS","GTGAATCATCGAATCTTTGAA","TCCTCCGCTTATTGATATGC","tatgtcag","acatgtgt",13,4,"D","49027_Repi","49027_Repi","sample",NA,"4","16","library2",21292,237,"root","epiphyte","Orchidaceae",TRUE,NA,TRUE,TRUE,7378,30419,4152,27176,489,27176,21292,237,NA,NA,NA,NA
"49028_Repi","LOT02-49028","root","epiphyte","Orchidaceae","Acronia","Acronia sp1","LOT2","49028_Repi","LOT02_ITS","GTGAATCATCGAATCTTTGAA","TCCTCCGCTTATTGATATGC","tagtcgca","acatgtgt",13,4,"E","49028_Repi","49028_Repi","sample",NA,"5","16","library2",10360,245,"root","epiphyte","Orchidaceae",TRUE,NA,TRUE,TRUE,5890,20444,3310,17747,444,17747,10360,245,NA,NA,NA,NA
"49029_Repi","LOT02-49029","root","epiphyte","Orchidaceae","Acronia","Acronia sp1","LOT2","49029_Repi","LOT02_ITS","GTGAATCATCGAATCTTTGAA","TCCTCCGCTTATTGATATGC","tactatac","acatgtgt",13,4,"F","49029_Repi","49029_Repi","sample",NA,"6","16","library2",7939,150,"root","epiphyte","Orchidaceae",TRUE,NA,TRUE,TRUE,6270,26242,3233,23146,354,23146,7939,150,NA,NA,NA,NA
"49030_Repi","LOT02-49030","root","epiphyte","Orchidaceae","Acronia","Acronia sp3","LOT2","49030_Repi","LOT02_ITS","GTGAATCATCGAATCTTTGAA","TCCTCCGCTTATTGATATGC","actagatc","acatgtgt",13,4,"G","49030_Repi","49030_Repi","sample",NA,"7","16","library2",4481,205,"root","epiphyte","Orchidaceae",TRUE,NA,TRUE,TRUE,5162,19511,2660,17000,554,17000,4481,205,NA,NA,NA,NA
"49031_Repi","LOT02-49031","root","epiphyte","Orchidaceae","Acronia","Acronia sp4","LOT2","49031_Repi","LOT02_ITS","GTGAATCATCGAATCTTTGAA","TCCTCCGCTTATTGATATGC","gatcgcga","acatgtgt",13,4,"H","49031_Repi","49031_Repi","sample",NA,"8","16","library2",9597,291,"root","epiphyte","Orchidaceae",TRUE,NA,TRUE,TRUE,9202,27971,4612,23367,639,23367,9597,291,NA,NA,NA,NA
"49032_Repi","LOT02-49032","root","epiphyte","Orchidaceae","Acronia","Acronia sp4","LOT2","49032_Repi","LOT02_ITS","GTGAATCATCGAATCTTTGAA","TCCTCCGCTTATTGATATGC","acacacac","gtacgact",13,5,"A","49032_Repi","49032_Repi","sample",NA,"1","17","library2",6499,183,"root","epiphyte","Orchidaceae",TRUE,NA,TRUE,TRUE,5499,13989,2230,10617,374,10617,6499,183,NA,NA,NA,NA
"49033_Repi","LOT02-49033","root","epiphyte","Orchidaceae","Pleurothallis","Pleurothallis sp1","LOT2","49033_Repi","LOT02_ITS","GTGAATCATCGAATCTTTGAA","TCCTCCGCTTATTGATATGC","acagcaca","gtacgact",13,5,"B","49033_Repi","49033_Repi","sample",NA,"2","17","library2",14573,386,"root","epiphyte","Orchidaceae",TRUE,NA,TRUE,TRUE,6535,20568,3703,17731,725,17731,14573,386,NA,NA,NA,NA
"49034_Repi","LOT02-49034","root","epiphyte","Bromeliaceae","Racinea","Racinea sp2","LOT2","49034_Repi","LOT02_ITS","GTGAATCATCGAATCTTTGAA","TCCTCCGCTTATTGATATGC","gtgtacat","gtacgact",13,5,"C","49034_Repi","49034_Repi","sample",NA,"3","17","library2",16948,289,"root","epiphyte","Bromeliaceae",TRUE,NA,TRUE,TRUE,6567,24081,3175,20676,639,20676,16948,289,NA,NA,NA,NA
"49035_Repi","LOT02-49035","root","epiphyte","Bromeliaceae","Racinea","Racinea sp2","LOT2","49035_Repi","LOT02_ITS","GTGAATCATCGAATCTTTGAA","TCCTCCGCTTATTGATATGC","tatgtcag","gtacgact",13,5,"D","49035_Repi","49035_Repi","sample",NA,"4","17","library2",33433,530,"root","epiphyte","Bromeliaceae",TRUE,NA,TRUE,TRUE,13103,48067,6025,40953,1096,40953,33433,530,NA,NA,NA,NA
"49036_Repi","LOT02-49036","root","epiphyte","Bromeliaceae","Tillandsia","Tillandsia sp4","LOT2","49036_Repi","LOT02_ITS","GTGAATCATCGAATCTTTGAA","TCCTCCGCTTATTGATATGC","tagtcgca","gtacgact",13,5,"E","49036_Repi","49036_Repi","sample",NA,"5","17","library2",17875,203,"root","epiphyte","Bromeliaceae",TRUE,NA,TRUE,TRUE,9684,37781,4677,32771,499,32771,17875,203,NA,NA,NA,NA
"49037_Repi","LOT02-49037","root","epiphyte","Bromeliaceae","Tillandsia","Tillandsia sp4","LOT2","49037_Repi","LOT02_ITS","GTGAATCATCGAATCTTTGAA","TCCTCCGCTTATTGATATGC","tactatac","gtacgact",13,5,"F","49037_Repi","49037_Repi","sample",NA,"6","17","library2",9619,298,"root","epiphyte","Bromeliaceae",TRUE,NA,TRUE,TRUE,7316,23087,3479,19212,744,19212,9619,298,NA,NA,NA,NA
"49038_Repi","LOT02-49038","root","epiphyte","Bromeliaceae","Tillandsia","Tillandsia sp7","LOT2","49038_Repi","LOT02_ITS","GTGAATCATCGAATCTTTGAA","TCCTCCGCTTATTGATATGC","actagatc","gtacgact",13,5,"G","49038_Repi","49038_Repi","sample",NA,"7","17","library2",14485,193,"root","epiphyte","Bromeliaceae",TRUE,NA,TRUE,TRUE,7129,25164,2846,20879,531,20879,14485,193,NA,NA,NA,NA
"49039_Repi","LOT02-49039","root","epiphyte","Bromeliaceae","Tillandsia","Tillandsia sp7","LOT2","49039_Repi","LOT02_ITS","GTGAATCATCGAATCTTTGAA","TCCTCCGCTTATTGATATGC","gatcgcga","gtacgact",13,5,"H","49039_Repi","49039_Repi","sample",NA,"8","17","library2",11574,469,"root","epiphyte","Bromeliaceae",TRUE,NA,TRUE,TRUE,9656,28809,4683,23829,1076,23829,11574,469,NA,NA,NA,NA
"49040_Repi","LOT02-49040","root","epiphyte","Bromeliaceae","Tillandsia","Tillandsia sp9","LOT2","49040_Repi","LOT02_ITS","GTGAATCATCGAATCTTTGAA","TCCTCCGCTTATTGATATGC","acacacac","atgatcgc",13,6,"A","49040_Repi","49040_Repi","sample",NA,"1","18","library2",9934,274,"root","epiphyte","Bromeliaceae",TRUE,"too much untargeted",FALSE,TRUE,6224,18293,3036,15041,660,15041,9934,274,NA,NA,NA,NA
"49041_Repi","LOT02-49041","root","epiphyte","Bromeliaceae","Mezobromelia","Mezobromelia sp1","LOT2","49041_Repi","LOT02_ITS","GTGAATCATCGAATCTTTGAA","TCCTCCGCTTATTGATATGC","acagcaca","atgatcgc",13,6,"B","49041_Repi","49041_Repi","sample",NA,"2","18","library2",8851,269,"root","epiphyte","Bromeliaceae",TRUE,NA,TRUE,TRUE,7234,21897,3188,17837,640,17837,8851,269,NA,NA,NA,NA
"49042_Repi","LOT02-49042","root","epiphyte","Bromeliaceae","Mezobromelia","Mezobromelia sp2","LOT2","49042_Repi","LOT02_ITS","GTGAATCATCGAATCTTTGAA","TCCTCCGCTTATTGATATGC","gtgtacat","atgatcgc",13,6,"C","49042_Repi","49042_Repi","sample",NA,"3","18","library2",18785,207,"root","epiphyte","Bromeliaceae",TRUE,NA,TRUE,TRUE,7359,30353,3487,26471,546,26471,18785,207,NA,NA,NA,NA
"49043_Repi","LOT02-49043","root","epiphyte","Bromeliaceae","Mezobromelia","Mezobromelia sp2","LOT2","49043_Repi","LOT02_ITS","GTGAATCATCGAATCTTTGAA","TCCTCCGCTTATTGATATGC","tatgtcag","atgatcgc",13,6,"D","49043_Repi","49043_Repi","sample",NA,"4","18","library2",15753,493,"root","epiphyte","Bromeliaceae",TRUE,NA,TRUE,TRUE,11263,34456,5311,28485,1159,28485,15753,493,NA,NA,NA,NA
"49044_Repi","LOT02-49044","root","epiphyte","Bromeliaceae","Guzmania","Guzmania sp7","LOT2","49044_Repi","LOT02_ITS","GTGAATCATCGAATCTTTGAA","TCCTCCGCTTATTGATATGC","tagtcgca","atgatcgc",13,6,"E","49044_Repi","49044_Repi","sample",NA,"5","18","library2",27769,408,"root","epiphyte","Bromeliaceae",TRUE,NA,TRUE,TRUE,12441,44842,6568,38961,1004,38961,27769,408,NA,NA,NA,NA
"49045_Repi","LOT02-49045","root","epiphyte","Ericaceae","Disterigma","Disterigma sp1","LOT2","49045_Repi","LOT02_ITS","GTGAATCATCGAATCTTTGAA","TCCTCCGCTTATTGATATGC","tactatac","atgatcgc",13,6,"F","49045_Repi","49045_Repi","sample",NA,"6","18","library2",12073,265,"root","epiphyte","Ericaceae",TRUE,NA,TRUE,TRUE,7072,21259,3613,17775,639,17775,12073,265,NA,NA,NA,NA
"49046_Repi","LOT02-49046","root","epiphyte","Ericaceae","Disterigma","Disterigma sp1","LOT2","49046_Repi","LOT02_ITS","GTGAATCATCGAATCTTTGAA","TCCTCCGCTTATTGATATGC","actagatc","atgatcgc",13,6,"G","49046_Repi","49046_Repi","sample",NA,"7","18","library2",9055,323,"root","epiphyte","Ericaceae",TRUE,NA,TRUE,TRUE,6888,17899,3501,14497,718,14497,9055,323,NA,NA,NA,NA
"49047_Repi","LOT02-49047","root","epiphyte","Ericaceae","Disterigma","Disterigma sp1","LOT2","49047_Repi","LOT02_ITS","GTGAATCATCGAATCTTTGAA","TCCTCCGCTTATTGATATGC","gatcgcga","atgatcgc",13,6,"H","49047_Repi","49047_Repi","sample",NA,"8","18","library2",12156,404,"root","epiphyte","Ericaceae",TRUE,NA,TRUE,TRUE,8445,22347,3907,17775,891,17775,12156,404,NA,NA,NA,NA
"49050_Repi","LOT02-49050","root","epiphyte","Ericaceae","Sphyrospermum","Sphyrospermum sp1","LOT2","49050_Repi","LOT02_ITS","GTGAATCATCGAATCTTTGAA","TCCTCCGCTTATTGATATGC","gtgtacat","acgacgag",13,7,"C","49050_Repi","49050_Repi","sample",NA,"3","19","library2",15241,411,"root","epiphyte","Ericaceae",TRUE,NA,TRUE,TRUE,10721,34575,5360,29209,1017,29209,15241,411,NA,NA,NA,NA
"49051_Repi","LOT02-49051","root","epiphyte","Ericaceae","Sphyrospermum","Sphyrospermum sp1","LOT2","49051_Repi","LOT02_ITS","GTGAATCATCGAATCTTTGAA","TCCTCCGCTTATTGATATGC","tatgtcag","acgacgag",13,7,"D","49051_Repi","49051_Repi","sample",NA,"4","19","library2",11349,222,"root","epiphyte","Ericaceae",TRUE,NA,TRUE,TRUE,6542,23900,3362,20695,551,20695,11349,222,NA,NA,NA,NA
"49052_Repi","LOT02-49052","root","epiphyte","Dryopteridaceae","Elaphoglossum","Elaphoglossum sp7","LOT2","49052_Repi","LOT02_ITS","GTGAATCATCGAATCTTTGAA","TCCTCCGCTTATTGATATGC","tagtcgca","acgacgag",13,7,"E","49052_Repi","49052_Repi","sample",NA,"5","19","library2",13105,223,"root","epiphyte","Dryopteridaceae",TRUE,NA,TRUE,TRUE,7532,25578,3652,21675,557,21675,13105,223,NA,NA,NA,NA
"49053_Repi","LOT02-49053","root","epiphyte","Bromeliaceae","Racinea","Racinea sp3","LOT2","49053_Repi","LOT02_ITS","GTGAATCATCGAATCTTTGAA","TCCTCCGCTTATTGATATGC","actagatc","acgacgag",13,7,"G","49053_Repi","49053_Repi","sample",NA,"7","19","library2",3908,155,"root","epiphyte","Bromeliaceae",TRUE,NA,TRUE,TRUE,7989,13278,1805,7062,410,7062,3908,155,NA,NA,NA,NA
"49054_Repi","LOT02-49054","root","epiphyte","Bromeliaceae","Guzmania","Guzmania sp5","LOT2","49054_Repi","LOT02_ITS","GTGAATCATCGAATCTTTGAA","TCCTCCGCTTATTGATATGC","gatcgcga","acgacgag",13,7,"H","49054_Repi","49054_Repi","sample",NA,"8","19","library2",4170,175,"root","epiphyte","Bromeliaceae",TRUE,NA,TRUE,TRUE,5660,12751,2257,9303,478,9303,4170,175,NA,NA,NA,NA
"49055_Repi","LOT02-49055","root","epiphyte","Bromeliaceae","Guzmania","Guzmania sp5","LOT2","49055_Repi","LOT02_ITS","GTGAATCATCGAATCTTTGAA","TCCTCCGCTTATTGATATGC","acacacac","catcagtc",13,8,"A","49055_Repi","49055_Repi","sample",NA,"1","20","library2",31730,316,"root","epiphyte","Bromeliaceae",TRUE,NA,TRUE,TRUE,10729,41797,5489,36524,693,36524,31730,316,NA,NA,NA,NA
"49056_Repi","LOT02-49056","root","epiphyte","Bromeliaceae","Guzmania","Guzmania sp5","LOT2","49056_Repi","LOT02_ITS","GTGAATCATCGAATCTTTGAA","TCCTCCGCTTATTGATATGC","acagcaca","catcagtc",13,8,"B","49056_Repi","49056_Repi","sample",NA,"2","20","library2",24676,321,"root","epiphyte","Bromeliaceae",TRUE,NA,TRUE,TRUE,15169,53463,6812,45090,750,45090,24676,321,NA,NA,NA,NA
"49057_Repi","LOT02-49057","root","epiphyte","Bromeliaceae","Guzmania","Guzmania sp3","LOT2","49057_Repi","LOT02_ITS","GTGAATCATCGAATCTTTGAA","TCCTCCGCTTATTGATATGC","gtgtacat","catcagtc",13,8,"C","49057_Repi","49057_Repi","sample",NA,"3","20","library2",58309,627,"root","epiphyte","Bromeliaceae",TRUE,NA,TRUE,TRUE,18447,84442,7188,73171,1497,73171,58309,627,NA,NA,NA,NA
"49058_Repi","LOT02-49058","root","epiphyte","Bromeliaceae","Racinea","Racinea sp1","LOT2","49058_Repi","LOT02_ITS","GTGAATCATCGAATCTTTGAA","TCCTCCGCTTATTGATATGC","tatgtcag","catcagtc",13,8,"D","49058_Repi","49058_Repi","sample",NA,"4","20","library2",22550,406,"root","epiphyte","Bromeliaceae",TRUE,NA,TRUE,TRUE,11315,40164,5329,34045,865,34045,22550,406,NA,NA,NA,NA
"49059_Repi","LOT02-49059","root","epiphyte","Bromeliaceae","Racinea","Racinea sp1","LOT2","49059_Repi","LOT02_ITS","GTGAATCATCGAATCTTTGAA","TCCTCCGCTTATTGATATGC","tactatac","catcagtc",13,8,"F","49059_Repi","49059_Repi","sample",NA,"6","20","library2",8613,258,"root","epiphyte","Bromeliaceae",TRUE,NA,TRUE,TRUE,9722,40203,4033,33690,612,33690,8613,258,NA,NA,NA,NA
"49060_Repi","LOT02-49060","root","epiphyte","Dryopteridaceae","Elaphoglossum","Elaphoglossum sp3","LOT2","49060_Repi","LOT02_ITS","GTGAATCATCGAATCTTTGAA","TCCTCCGCTTATTGATATGC","actagatc","catcagtc",13,8,"G","49060_Repi","49060_Repi","sample",NA,"7","20","library2",8271,209,"root","epiphyte","Dryopteridaceae",TRUE,NA,TRUE,TRUE,9575,38940,4075,33373,531,33373,8271,209,NA,NA,NA,NA
"49061_Repi","LOT02-49061","root","epiphyte","Dryopteridaceae","Elaphoglossum","Elaphoglossum sp3","LOT2","49061_Repi","LOT02_ITS","GTGAATCATCGAATCTTTGAA","TCCTCCGCTTATTGATATGC","gatcgcga","catcagtc",13,8,"H","49061_Repi","49061_Repi","sample",NA,"8","20","library2",7752,185,"root","epiphyte","Dryopteridaceae",TRUE,NA,TRUE,TRUE,9567,30237,4031,24601,472,24601,7752,185,NA,NA,NA,NA
"49062_Repi","LOT02-49062","root","epiphyte","Ericaceae","Demosthenesia","Demosthenesia sp1","LOT2","49062_Repi","LOT02_ITS","GTGAATCATCGAATCTTTGAA","TCCTCCGCTTATTGATATGC","acacacac","atcagtca",13,9,"A","49062_Repi","49062_Repi","sample",NA,"1","21","library2",29209,244,"root","epiphyte","Ericaceae",TRUE,NA,TRUE,TRUE,11253,44973,5069,38703,601,38703,29209,244,NA,NA,NA,NA
"49063_Repi","LOT02-49063","root","epiphyte","Bromeliaceae","Tillandsia","Tillandsia sp7","LOT2","49063_Repi","LOT02_ITS","GTGAATCATCGAATCTTTGAA","TCCTCCGCTTATTGATATGC","acagcaca","atcagtca",13,9,"B","49063_Repi","49063_Repi","sample",NA,"2","21","library2",36614,468,"root","epiphyte","Bromeliaceae",TRUE,NA,TRUE,TRUE,16939,62238,7587,52871,1132,52871,36614,468,NA,NA,NA,NA
"49069_Repi","LOT02-49069","root","epiphyte","Bromeliaceae","Mezobromelia","Mezobromelia sp3","LOT2","49069_Repi","LOT02_ITS","GTGAATCATCGAATCTTTGAA","TCCTCCGCTTATTGATATGC","tagtcgca","atcagtca",13,9,"E","49069_Repi","49069_Repi","sample",NA,"5","21","library2",44673,797,"root","epiphyte","Bromeliaceae",TRUE,NA,TRUE,TRUE,23470,93563,10057,80145,1897,80145,44673,797,NA,NA,NA,NA
"49070_Repi","LOT02-49070","root","epiphyte","Bromeliaceae","Mezobromelia","Mezobromelia sp2","LOT2","49070_Repi","LOT02_ITS","GTGAATCATCGAATCTTTGAA","TCCTCCGCTTATTGATATGC","tactatac","atcagtca",13,9,"F","49070_Repi","49070_Repi","sample",NA,"6","21","library2",30442,320,"root","epiphyte","Bromeliaceae",TRUE,NA,TRUE,TRUE,13086,58074,5378,50344,823,50344,30442,320,NA,NA,NA,NA
"49071_Repi","LOT02-49071","root","epiphyte","Bromeliaceae","Tillandsia","Tillandsia sp7","LOT2","49071_Repi","LOT02_ITS","GTGAATCATCGAATCTTTGAA","TCCTCCGCTTATTGATATGC","actagatc","atcagtca",13,9,"G","49071_Repi","49071_Repi","sample",NA,"7","21","library2",24268,303,"root","epiphyte","Bromeliaceae",TRUE,NA,TRUE,TRUE,11772,44114,4832,37149,780,37149,24268,303,NA,NA,NA,NA
"49073_Repi","LOT02-49073","root","epiphyte","Bromeliaceae","Tillandsia","Tillandsia sp4","LOT2","49073_Repi","LOT02_ITS","GTGAATCATCGAATCTTTGAA","TCCTCCGCTTATTGATATGC","acacacac","tctactga",13,10,"A","49073_Repi","49073_Repi","sample",NA,"1","22","library2",30848,309,"root","epiphyte","Bromeliaceae",TRUE,NA,TRUE,TRUE,19008,81285,8111,70365,750,70365,30848,309,NA,NA,NA,NA
"49074_Repi","LOT02-49074","root","epiphyte","Bromeliaceae","Racinea","Racinea sp1","LOT2","49074_Repi","LOT02_ITS","GTGAATCATCGAATCTTTGAA","TCCTCCGCTTATTGATATGC","acagcaca","tctactga",13,10,"B","49074_Repi","49074_Repi","sample",NA,"2","22","library2",44688,414,"root","epiphyte","Bromeliaceae",TRUE,NA,TRUE,TRUE,13885,59424,6772,52290,960,52290,44688,414,NA,NA,NA,NA
"49075_Repi","LOT02-49075","root","epiphyte","Bromeliaceae","Tillandsia","Tillandsia sp7","LOT2","49075_Repi","LOT02_ITS","GTGAATCATCGAATCTTTGAA","TCCTCCGCTTATTGATATGC","tatgtcag","tctactga",13,10,"D","49075_Repi","49075_Repi","sample",NA,"4","22","library2",52421,227,"root","epiphyte","Bromeliaceae",TRUE,NA,TRUE,TRUE,12784,73623,6425,67225,561,67225,52421,227,NA,NA,NA,NA
"49076_Repi","LOT02-49076","root","epiphyte","Bromeliaceae","Tillandsia","Tillandsia sp7","LOT2","49076_Repi","LOT02_ITS","GTGAATCATCGAATCTTTGAA","TCCTCCGCTTATTGATATGC","tagtcgca","tctactga",13,10,"E","49076_Repi","49076_Repi","sample",NA,"5","22","library2",19731,223,"root","epiphyte","Bromeliaceae",TRUE,NA,TRUE,TRUE,13583,39723,3817,29942,583,29942,19731,223,NA,NA,NA,NA
"49077_Repi","LOT02-49077","root","epiphyte","Bromeliaceae","Tillandsia","Tillandsia sp7","LOT2","49077_Repi","LOT02_ITS","GTGAATCATCGAATCTTTGAA","TCCTCCGCTTATTGATATGC","tactatac","tctactga",13,10,"F","49077_Repi","49077_Repi","sample",NA,"6","22","library2",26524,288,"root","epiphyte","Bromeliaceae",TRUE,NA,TRUE,TRUE,21253,66889,6684,52301,799,52301,26524,288,NA,NA,NA,NA
"Rendo_41","LOT03-49241","root","endophyte","Araceae","Anthurium","Anthurium cf. breviscapum","LOT3","Rendo_41","LOT03","GTGAATCATCGAATCTTTGAA","TCCTCCGCTTATTGATATGC","acagcaca","acacacac",17,1,"B","Rendo_41","Rendo_41","sample",NA,"2","1","library3",13166,289,"root","endophyte","Araceae",TRUE,NA,TRUE,TRUE,4859,17720,2264,15125,600,15125,13166,289,NA,NA,NA,NA
"Rendo_42","LOT03-49242","root","endophyte","Bromeliaceae","Pitcairnia","Pitcairnia arcuata","LOT3","Rendo_42","LOT03","GTGAATCATCGAATCTTTGAA","TCCTCCGCTTATTGATATGC","gtgtacat","acacacac",17,1,"C","Rendo_42","Rendo_42","sample",NA,"3","1","library3",9777,139,"root","endophyte","Bromeliaceae",TRUE,NA,TRUE,TRUE,4582,18359,2088,15865,328,15865,9777,139,NA,NA,NA,NA
"Rendo_43","LOT03-49243","root","endophyte","Araceae","Anthurium","Anthurium cf. breviscapum","LOT3","Rendo_43","LOT03","GTGAATCATCGAATCTTTGAA","TCCTCCGCTTATTGATATGC","tatgtcag","acacacac",17,1,"D","Rendo_43","Rendo_43","sample",NA,"4","1","library3",18416,321,"root","endophyte","Araceae",TRUE,NA,TRUE,TRUE,6345,24388,3176,21219,701,21219,18416,321,NA,NA,NA,NA
"Rendo_44","LOT03-49644","root","endophyte","Araceae","Anthurium","Anthurium scandens","LOT3","Rendo_44","LOT03","GTGAATCATCGAATCTTTGAA","TCCTCCGCTTATTGATATGC","tagtcgca","acacacac",17,1,"E","Rendo_44","Rendo_44","sample",NA,"5","1","library3",14301,331,"root","endophyte","Araceae",TRUE,"too much untargeted",FALSE,TRUE,5870,22278,2826,19233,798,19233,14301,331,NA,NA,NA,NA
"Rendo_45","LOT03-49445","root","endophyte","Araceae","Anthurium","Anthurium cf. ernestii","LOT3","Rendo_45","LOT03","GTGAATCATCGAATCTTTGAA","TCCTCCGCTTATTGATATGC","tactatac","acacacac",17,1,"F","Rendo_45","Rendo_45","sample",NA,"6","1","library3",11388,416,"root","endophyte","Araceae",TRUE,"too much untargeted",FALSE,TRUE,6799,21126,3260,17584,1050,17584,11388,416,NA,NA,NA,NA
"Rendo_46","LOT03-49446","root","endophyte","Piperaceae","Peperomia","Peperomia eburnea","LOT3","Rendo_46","LOT03","GTGAATCATCGAATCTTTGAA","TCCTCCGCTTATTGATATGC","actagatc","acacacac",17,1,"G","Rendo_46","Rendo_46","sample",NA,"7","1","library3",3734,190,"root","endophyte","Piperaceae",TRUE,"too much untargeted",FALSE,TRUE,5965,19139,2781,15944,434,15944,3734,190,NA,NA,NA,NA
"Rendo_47","LOT03-49447","root","endophyte","Piperaceae","Peperomia","Peperomia cf. cachabiana","LOT3","Rendo_47","LOT03","GTGAATCATCGAATCTTTGAA","TCCTCCGCTTATTGATATGC","gatcgcga","acacacac",17,1,"H","Rendo_47","Rendo_47","sample",NA,"8","1","library3",10018,148,"root","endophyte","Piperaceae",TRUE,NA,TRUE,TRUE,6809,24775,3144,21110,379,21110,10018,148,NA,NA,NA,NA
"Olendo_41","LOT03-49241","old_leaf","endophyte","Araceae","Anthurium","Anthurium cf. breviscapum","LOT3","Olendo_41","LOT03","GTGAATCATCGAATCTTTGAA","TCCTCCGCTTATTGATATGC","gtcgtaga","acacacac",18,1,"B","Olendo_41","Olendo_41","sample",NA,"10","1","library3",6226,243,"old_leaf","endophyte","Araceae",TRUE,NA,TRUE,TRUE,6609,22929,2725,19037,611,19037,6226,243,NA,NA,NA,NA
"Olendo_42","LOT03-49242","old_leaf","endophyte","Bromeliaceae","Pitcairnia","Pitcairnia arcuata","LOT3","Olendo_42","LOT03","GTGAATCATCGAATCTTTGAA","TCCTCCGCTTATTGATATGC","gtcacgtc","acacacac",18,1,"C","Olendo_42","Olendo_42","sample",NA,"11","1","library3",22124,378,"old_leaf","endophyte","Bromeliaceae",TRUE,"too much untargeted",FALSE,TRUE,13173,53386,5077,45231,872,45231,22124,378,NA,NA,NA,NA
"Olendo_43","LOT03-49243","old_leaf","endophyte","Araceae","Anthurium","Anthurium cf. breviscapum","LOT3","Olendo_43","LOT03","GTGAATCATCGAATCTTTGAA","TCCTCCGCTTATTGATATGC","gactgatg","acacacac",18,1,"D","Olendo_43","Olendo_43","sample",NA,"12","1","library3",14504,396,"old_leaf","endophyte","Araceae",TRUE,NA,TRUE,TRUE,7036,28294,3613,24854,785,24854,14504,396,NA,NA,NA,NA
"Olendo_44","LOT03-49644","old_leaf","endophyte","Araceae","Anthurium","Anthurium scandens","LOT3","Olendo_44","LOT03","GTGAATCATCGAATCTTTGAA","TCCTCCGCTTATTGATATGC","agactatg","acacacac",18,1,"E","Olendo_44","Olendo_44","sample",NA,"13","1","library3",5503,297,"old_leaf","endophyte","Araceae",TRUE,"too much untargeted",FALSE,TRUE,4323,10745,2190,8586,732,8586,5503,297,NA,NA,NA,NA
"Olendo_45","LOT03-49445","old_leaf","endophyte","Araceae","Anthurium","Anthurium cf. ernestii","LOT3","Olendo_45","LOT03","GTGAATCATCGAATCTTTGAA","TCCTCCGCTTATTGATATGC","gcgtcagc","acacacac",18,1,"F","Olendo_45","Olendo_45","sample",NA,"14","1","library3",6639,187,"old_leaf","endophyte","Araceae",TRUE,"too much untargeted",FALSE,TRUE,3926,14104,1903,12071,488,12071,6639,187,NA,NA,NA,NA
"Olendo_46","LOT03-49446","old_leaf","endophyte","Piperaceae","Peperomia","Peperomia eburnea","LOT3","Olendo_46","LOT03","GTGAATCATCGAATCTTTGAA","TCCTCCGCTTATTGATATGC","tgacatca","acacacac",18,1,"G","Olendo_46","Olendo_46","sample",NA,"15","1","library3",1166,106,"old_leaf","endophyte","Piperaceae",TRUE,"too much untargeted",FALSE,TRUE,5272,27226,2024,23941,280,23941,1166,106,NA,NA,NA,NA
"Olendo_47","LOT03-49447","old_leaf","endophyte","Piperaceae","Peperomia","Peperomia cf. cachabiana","LOT3","Olendo_47","LOT03","GTGAATCATCGAATCTTTGAA","TCCTCCGCTTATTGATATGC","acatgtgt","acacacac",18,1,"H","Olendo_47","Olendo_47","sample",NA,"16","1","library3",3987,155,"old_leaf","endophyte","Piperaceae",TRUE,"too much untargeted",FALSE,TRUE,3155,9108,1623,7570,313,7570,3987,155,NA,NA,NA,NA
"Repi_41","LOT03-49241","root","epiphyte","Araceae","Anthurium","Anthurium cf. breviscapum","LOT3","Repi_41","LOT03","GTGAATCATCGAATCTTTGAA","TCCTCCGCTTATTGATATGC","atgatcgc","acacacac",19,1,"B","Repi_41","Repi_41","sample",NA,"18","1","library3",10918,413,"root","epiphyte","Araceae",TRUE,NA,TRUE,TRUE,6102,17465,2838,14197,846,14197,10918,413,NA,NA,NA,NA
"Repi_42","LOT03-49242","root","epiphyte","Bromeliaceae","Pitcairnia","Pitcairnia arcuata","LOT3","Repi_42","LOT03","GTGAATCATCGAATCTTTGAA","TCCTCCGCTTATTGATATGC","acgacgag","acacacac",19,1,"C","Repi_42","Repi_42","sample",NA,"19","1","library3",9359,334,"root","epiphyte","Bromeliaceae",TRUE,NA,TRUE,TRUE,6884,18658,3148,14886,751,14886,9359,334,NA,NA,NA,NA
"Repi_43","LOT03-49243","root","epiphyte","Araceae","Anthurium","Anthurium cf. breviscapum","LOT3","Repi_43","LOT03","GTGAATCATCGAATCTTTGAA","TCCTCCGCTTATTGATATGC","catcagtc","acacacac",19,1,"D","Repi_43","Repi_43","sample",NA,"20","1","library3",20730,420,"root","epiphyte","Araceae",TRUE,NA,TRUE,TRUE,11156,35591,5036,29320,929,29320,20730,420,NA,NA,NA,NA
"Repi_44","LOT03-49644","root","epiphyte","Araceae","Anthurium","Anthurium scandens","LOT3","Repi_44","LOT03","GTGAATCATCGAATCTTTGAA","TCCTCCGCTTATTGATATGC","atcagtca","acacacac",19,1,"E","Repi_44","Repi_44","sample",NA,"21","1","library3",15412,385,"root","epiphyte","Araceae",TRUE,NA,TRUE,TRUE,10271,31676,4300,25532,839,25532,15412,385,NA,NA,NA,NA
"Repi_45","LOT03-49445","root","epiphyte","Araceae","Anthurium","Anthurium cf. ernestii","LOT3","Repi_45","LOT03","GTGAATCATCGAATCTTTGAA","TCCTCCGCTTATTGATATGC","tctactga","acacacac",19,1,"F","Repi_45","Repi_45","sample",NA,"22","1","library3",18699,280,"root","epiphyte","Araceae",TRUE,NA,TRUE,TRUE,8504,27883,3879,23244,694,23244,18699,280,NA,NA,NA,NA
"Repi_46","LOT03-49446","root","epiphyte","Piperaceae","Peperomia","Peperomia eburnea","LOT3","Repi_46","LOT03","GTGAATCATCGAATCTTTGAA","TCCTCCGCTTATTGATATGC","gatgatct","acacacac",19,1,"G","Repi_46","Repi_46","sample",NA,"23","1","library3",4826,137,"root","epiphyte","Piperaceae",TRUE,NA,TRUE,TRUE,5259,13069,1939,9712,338,9712,4826,137,NA,NA,NA,NA
"Repi_47","LOT03-49447","root","epiphyte","Piperaceae","Peperomia","Peperomia cf. cachabiana","LOT3","Repi_47","LOT03","GTGAATCATCGAATCTTTGAA","TCCTCCGCTTATTGATATGC","ctgcgtac","acacacac",19,1,"H","Repi_47","Repi_47","sample",NA,"24","1","library3",3862,108,"root","epiphyte","Piperaceae",TRUE,NA,TRUE,TRUE,4170,11769,1947,9512,300,9512,3862,108,NA,NA,NA,NA
"Olepi_41","LOT03-49241","old_leaf","epiphyte","Araceae","Anthurium","Anthurium cf. breviscapum","LOT3","Olepi_41","LOT03","GTGAATCATCGAATCTTTGAA","TCCTCCGCTTATTGATATGC","tcagtgtc","acacacac",20,1,"B","Olepi_41","Olepi_41","sample",NA,"26","1","library3",5057,230,"old_leaf","epiphyte","Araceae",TRUE,NA,TRUE,TRUE,4858,16913,1967,14018,645,14018,5057,230,NA,NA,NA,NA
"Olepi_42","LOT03-49242","old_leaf","epiphyte","Bromeliaceae","Pitcairnia","Pitcairnia arcuata","LOT3","Olepi_42","LOT03","GTGAATCATCGAATCTTTGAA","TCCTCCGCTTATTGATATGC","actctgct","acacacac",20,1,"C","Olepi_42","Olepi_42","sample",NA,"27","1","library3",8251,368,"old_leaf","epiphyte","Bromeliaceae",TRUE,"too much untargeted",FALSE,TRUE,8422,24112,3473,19146,1139,19146,8251,368,NA,NA,NA,NA
"Olepi_44","LOT03-49644","old_leaf","epiphyte","Araceae","Anthurium","Anthurium scandens","LOT3","Olepi_44","LOT03","GTGAATCATCGAATCTTTGAA","TCCTCCGCTTATTGATATGC","ctatgcta","acacacac",20,1,"E","Olepi_44","Olepi_44","sample",NA,"29","1","library3",8493,237,"old_leaf","epiphyte","Araceae",TRUE,"too much untargeted",FALSE,TRUE,5104,16752,2541,14177,648,14177,8493,237,NA,NA,NA,NA
"Olepi_46","LOT03-49446","old_leaf","epiphyte","Piperaceae","Peperomia","Peperomia eburnea","LOT3","Olepi_46","LOT03","GTGAATCATCGAATCTTTGAA","TCCTCCGCTTATTGATATGC","agcacagt","acacacac",20,1,"G","Olepi_46","Olepi_46","sample",NA,"31","1","library3",4096,165,"old_leaf","epiphyte","Piperaceae",TRUE,NA,TRUE,TRUE,5954,17150,2221,13382,533,13382,4096,165,NA,NA,NA,NA
"Olepi_47","LOT03-49447","old_leaf","epiphyte","Piperaceae","Peperomia","Peperomia cf. cachabiana","LOT3","Olepi_47","LOT03","GTGAATCATCGAATCTTTGAA","TCCTCCGCTTATTGATATGC","tagctagt","acacacac",20,1,"H","Olepi_47","Olepi_47","sample",NA,"32","1","library3",5479,334,"old_leaf","epiphyte","Piperaceae",TRUE,"too much untargeted",FALSE,TRUE,5861,16251,3152,13534,868,13534,5479,334,NA,NA,NA,NA
"Rendo_48","LOT03-49448","root","endophyte","Piperaceae","Peperomia","Peperomia eburnea","LOT3","Rendo_48","LOT03","GTGAATCATCGAATCTTTGAA","TCCTCCGCTTATTGATATGC","acacacac","acagcaca",17,2,"A","Rendo_48","Rendo_48","sample",NA,"1","2","library3",2690,172,"root","endophyte","Piperaceae",TRUE,"too much untargeted",FALSE,TRUE,4275,13166,2126,11016,481,11016,2690,172,NA,NA,NA,NA
"Rendo_49","LOT03-49649","root","endophyte","Bromeliaceae","Racinea","Racinaea spiculosa","LOT3","Rendo_49","LOT03","GTGAATCATCGAATCTTTGAA","TCCTCCGCTTATTGATATGC","gtgtacat","acagcaca",17,2,"C","Rendo_49","Rendo_49","sample",NA,"3","2","library3",9940,87,"root","endophyte","Bromeliaceae",TRUE,NA,TRUE,TRUE,4866,18088,1991,15203,232,15203,9940,87,NA,NA,NA,NA
"Rendo_50","LOT03-49650","root","endophyte","Bromeliaceae","Catopsis","Catopsis sessiliflora","LOT3","Rendo_50","LOT03","GTGAATCATCGAATCTTTGAA","TCCTCCGCTTATTGATATGC","tatgtcag","acagcaca",17,2,"D","Rendo_50","Rendo_50","sample",NA,"4","2","library3",8929,134,"root","endophyte","Bromeliaceae",TRUE,NA,TRUE,TRUE,6329,22688,2852,19196,331,19196,8929,134,NA,NA,NA,NA
"Rendo_51","LOT03-49651","root","endophyte","Ericaceae","Sphyrospermum","Sphyrospermum buxifolium","LOT3","Rendo_51","LOT03","GTGAATCATCGAATCTTTGAA","TCCTCCGCTTATTGATATGC","tagtcgca","acagcaca",17,2,"E","Rendo_51","Rendo_51","sample",NA,"5","2","library3",6422,189,"root","endophyte","Ericaceae",TRUE,"too much untargeted",FALSE,TRUE,6196,19189,2972,15963,465,15963,6422,189,NA,NA,NA,NA
"Rendo_52","LOT03-49652","root","endophyte","Bromeliaceae","Catopsis","Catopsis sessiliflora","LOT3","Rendo_52","LOT03","GTGAATCATCGAATCTTTGAA","TCCTCCGCTTATTGATATGC","tactatac","acagcaca",17,2,"F","Rendo_52","Rendo_52","sample",NA,"6","2","library3",7946,191,"root","endophyte","Bromeliaceae",TRUE,NA,TRUE,TRUE,6125,22012,2681,18500,475,18500,7946,191,NA,NA,NA,NA
"Rendo_53","LOT03-49653","root","endophyte","Bromeliaceae","Tillandsia","Tillandsia buseri","LOT3","Rendo_53","LOT03","GTGAATCATCGAATCTTTGAA","TCCTCCGCTTATTGATATGC","actagatc","acagcaca",17,2,"G","Rendo_53","Rendo_53","sample",NA,"7","2","library3",5590,147,"root","endophyte","Bromeliaceae",TRUE,"too much untargeted",FALSE,TRUE,5057,17941,2006,14890,336,14890,5590,147,NA,NA,NA,NA
"Rendo_54","LOT03-49654","root","endophyte","Ericaceae","Sphyrospermum","Sphyrospermum dissimile","LOT3","Rendo_54","LOT03","GTGAATCATCGAATCTTTGAA","TCCTCCGCTTATTGATATGC","gatcgcga","acagcaca",17,2,"H","Rendo_54","Rendo_54","sample",NA,"8","2","library3",11527,164,"root","endophyte","Ericaceae",TRUE,"too much untargeted",FALSE,TRUE,6099,22223,2780,18901,455,18901,11527,164,NA,NA,NA,NA
"Olendo_48","LOT03-49448","old_leaf","endophyte","Piperaceae","Peperomia","Peperomia eburnea","LOT3","Olendo_48","LOT03","GTGAATCATCGAATCTTTGAA","TCCTCCGCTTATTGATATGC","cgctctcg","acagcaca",18,2,"A","Olendo_48","Olendo_48","sample",NA,"9","2","library3",4457,190,"old_leaf","endophyte","Piperaceae",TRUE,"too much untargeted",FALSE,TRUE,9888,24409,2688,17125,439,17125,4457,190,NA,NA,NA,NA
"Olendo_49","LOT03-49649","old_leaf","endophyte","Bromeliaceae","Racinea","Racinaea spiculosa","LOT3","Olendo_49","LOT03","GTGAATCATCGAATCTTTGAA","TCCTCCGCTTATTGATATGC","gtcacgtc","acagcaca",18,2,"C","Olendo_49","Olendo_49","sample",NA,"11","2","library3",15014,265,"old_leaf","endophyte","Bromeliaceae",TRUE,"too much untargeted",FALSE,TRUE,8931,29253,3558,23873,643,23873,15014,265,NA,NA,NA,NA
"Olendo_50","LOT03-49650","old_leaf","endophyte","Bromeliaceae","Catopsis","Catopsis sessiliflora","LOT3","Olendo_50","LOT03","GTGAATCATCGAATCTTTGAA","TCCTCCGCTTATTGATATGC","gactgatg","acagcaca",18,2,"D","Olendo_50","Olendo_50","sample",NA,"12","2","library3",6141,223,"old_leaf","endophyte","Bromeliaceae",TRUE,"too much untargeted",FALSE,TRUE,3599,11879,1976,10243,541,10243,6141,223,NA,NA,NA,NA
"Olendo_51","LOT03-49651","old_leaf","endophyte","Ericaceae","Sphyrospermum","Sphyrospermum buxifolium","LOT3","Olendo_51","LOT03","GTGAATCATCGAATCTTTGAA","TCCTCCGCTTATTGATATGC","agactatg","acagcaca",18,2,"E","Olendo_51","Olendo_51","sample",NA,"13","2","library3",5251,70,"old_leaf","endophyte","Ericaceae",TRUE,"too much untargeted",FALSE,TRUE,2615,9909,1442,8718,168,8718,5251,70,NA,NA,NA,NA
"Olendo_53","LOT03-49653","old_leaf","endophyte","Bromeliaceae","Tillandsia","Tillandsia buseri","LOT3","Olendo_53","LOT03","GTGAATCATCGAATCTTTGAA","TCCTCCGCTTATTGATATGC","acatgtgt","acagcaca",18,2,"H","Olendo_53","Olendo_53","sample",NA,"16","2","library3",19349,230,"old_leaf","endophyte","Bromeliaceae",TRUE,"too much untargeted",FALSE,TRUE,10215,37655,4530,31573,666,31573,19349,230,NA,NA,NA,NA
"Repi_48","LOT03-49448","root","epiphyte","Piperaceae","Peperomia","Peperomia eburnea","LOT3","Repi_48","LOT03","GTGAATCATCGAATCTTTGAA","TCCTCCGCTTATTGATATGC","gtacgact","acagcaca",19,2,"A","Repi_48","Repi_48","sample",NA,"17","2","library3",3396,236,"root","epiphyte","Piperaceae",TRUE,NA,TRUE,TRUE,4648,12065,2128,9536,681,9536,3396,236,NA,NA,NA,NA
"Repi_49","LOT03-49649","root","epiphyte","Bromeliaceae","Racinea","Racinaea spiculosa","LOT3","Repi_49","LOT03","GTGAATCATCGAATCTTTGAA","TCCTCCGCTTATTGATATGC","acgacgag","acagcaca",19,2,"C","Repi_49","Repi_49","sample",NA,"19","2","library3",7011,83,"root","epiphyte","Bromeliaceae",TRUE,NA,TRUE,TRUE,2657,10604,1165,9108,224,9108,7011,83,NA,NA,NA,NA
"Repi_50","LOT03-49650","root","epiphyte","Bromeliaceae","Catopsis","Catopsis sessiliflora","LOT3","Repi_50","LOT03","GTGAATCATCGAATCTTTGAA","TCCTCCGCTTATTGATATGC","catcagtc","acagcaca",19,2,"D","Repi_50","Repi_50","sample",NA,"20","2","library3",22903,348,"root","epiphyte","Bromeliaceae",TRUE,NA,TRUE,TRUE,15100,52556,6599,43344,799,43344,22903,348,NA,NA,NA,NA
"Repi_51","LOT03-49651","root","epiphyte","Ericaceae","Sphyrospermum","Sphyrospermum buxifolium","LOT3","Repi_51","LOT03","GTGAATCATCGAATCTTTGAA","TCCTCCGCTTATTGATATGC","atcagtca","acagcaca",19,2,"E","Repi_51","Repi_51","sample",NA,"21","2","library3",5151,197,"root","epiphyte","Ericaceae",TRUE,NA,TRUE,TRUE,7557,24586,3194,20109,571,20109,5151,197,NA,NA,NA,NA
"Repi_52","LOT03-49652","root","epiphyte","Bromeliaceae","Catopsis","Catopsis sessiliflora","LOT3","Repi_52","LOT03","GTGAATCATCGAATCTTTGAA","TCCTCCGCTTATTGATATGC","gatgatct","acagcaca",19,2,"G","Repi_52","Repi_52","sample",NA,"23","2","library3",5915,275,"root","epiphyte","Bromeliaceae",TRUE,NA,TRUE,TRUE,5272,13730,2269,10643,628,10643,5915,275,NA,NA,NA,NA
"Repi_53","LOT03-49653","root","epiphyte","Bromeliaceae","Tillandsia","Tillandsia buseri","LOT3","Repi_53","LOT03","GTGAATCATCGAATCTTTGAA","TCCTCCGCTTATTGATATGC","ctgcgtac","acagcaca",19,2,"H","Repi_53","Repi_53","sample",NA,"24","2","library3",3865,176,"root","epiphyte","Bromeliaceae",TRUE,NA,TRUE,TRUE,4377,11808,1910,9279,443,9279,3865,176,NA,NA,NA,NA
"Olepi_48","LOT03-49448","old_leaf","epiphyte","Piperaceae","Peperomia","Peperomia eburnea","LOT3","Olepi_48","LOT03","GTGAATCATCGAATCTTTGAA","TCCTCCGCTTATTGATATGC","agcgacta","acagcaca",20,2,"A","Olepi_48","Olepi_48","sample",NA,"25","2","library3",10581,214,"old_leaf","epiphyte","Piperaceae",TRUE,"too much untargeted",FALSE,TRUE,6535,20136,2458,16057,677,16057,10581,214,NA,NA,NA,NA
"Olepi_50","LOT03-49650","old_leaf","epiphyte","Bromeliaceae","Catopsis","Catopsis sessiliflora","LOT3","Olepi_50","LOT03","GTGAATCATCGAATCTTTGAA","TCCTCCGCTTATTGATATGC","atatagcg","acagcaca",20,2,"D","Olepi_50","Olepi_50","sample",NA,"28","2","library3",5382,171,"old_leaf","epiphyte","Bromeliaceae",TRUE,NA,TRUE,TRUE,5049,17721,2483,15147,482,15147,5382,171,NA,NA,NA,NA
"Olepi_51","LOT03-49651","old_leaf","epiphyte","Ericaceae","Sphyrospermum","Sphyrospermum buxifolium","LOT3","Olepi_51","LOT03","GTGAATCATCGAATCTTTGAA","TCCTCCGCTTATTGATATGC","ctatgcta","acagcaca",20,2,"E","Olepi_51","Olepi_51","sample",NA,"29","2","library3",7127,148,"old_leaf","epiphyte","Ericaceae",TRUE,NA,TRUE,TRUE,3907,14552,1999,12535,394,12535,7127,148,NA,NA,NA,NA
"Olepi_52","LOT03-49652","old_leaf","epiphyte","Bromeliaceae","Catopsis","Catopsis sessiliflora","LOT3","Olepi_52","LOT03","GTGAATCATCGAATCTTTGAA","TCCTCCGCTTATTGATATGC","tcgcgctg","acagcaca",20,2,"F","Olepi_52","Olepi_52","sample",NA,"30","2","library3",1689,170,"old_leaf","epiphyte","Bromeliaceae",TRUE,NA,TRUE,TRUE,4783,18942,2366,16474,599,16474,1689,170,NA,NA,NA,NA
"Olepi_53","LOT03-49653","old_leaf","epiphyte","Bromeliaceae","Tillandsia","Tillandsia buseri","LOT3","Olepi_53","LOT03","GTGAATCATCGAATCTTTGAA","TCCTCCGCTTATTGATATGC","agcacagt","acagcaca",20,2,"G","Olepi_53","Olepi_53","sample",NA,"31","2","library3",7621,374,"old_leaf","epiphyte","Bromeliaceae",TRUE,"too much untargeted",FALSE,TRUE,6408,18246,3174,15005,963,15005,7621,374,NA,NA,NA,NA
"Olepi_54","LOT03-49654","old_leaf","epiphyte","Ericaceae","Sphyrospermum","Sphyrospermum dissimile","LOT3","Olepi_54","LOT03","GTGAATCATCGAATCTTTGAA","TCCTCCGCTTATTGATATGC","tagctagt","acagcaca",20,2,"H","Olepi_54","Olepi_54","sample",NA,"32","2","library3",8104,186,"old_leaf","epiphyte","Ericaceae",TRUE,"too much untargeted",FALSE,TRUE,5193,15868,2403,12980,536,12980,8104,186,NA,NA,NA,NA
"Rendo_55","LOT03-49655","root","endophyte","Clusiaceae","Clusia","Clusia sp.CC1","LOT3","Rendo_55","LOT03","GTGAATCATCGAATCTTTGAA","TCCTCCGCTTATTGATATGC","acacacac","gtgtacat",17,3,"A","Rendo_55","Rendo_55","sample",NA,"1","3","library3",5539,225,"root","endophyte","Clusiaceae",TRUE,"too much untargeted",FALSE,TRUE,4968,13780,2399,11202,516,11202,5539,225,NA,NA,NA,NA
"Rendo_56","LOT03-49456","root","endophyte","Araceae","Stenospermation","Stenospermation cf. densiovulatum","LOT3","Rendo_56","LOT03","GTGAATCATCGAATCTTTGAA","TCCTCCGCTTATTGATATGC","acagcaca","gtgtacat",17,3,"B","Rendo_56","Rendo_56","sample",NA,"2","3","library3",16881,247,"root","endophyte","Araceae",TRUE,NA,TRUE,TRUE,6197,24378,3287,21464,552,21464,16881,247,NA,NA,NA,NA
"Rendo_57","LOT03-49457","root","endophyte","Rubiaceae","Notopleura","Notopleura epiphytica","LOT3","Rendo_57","LOT03","GTGAATCATCGAATCTTTGAA","TCCTCCGCTTATTGATATGC","tatgtcag","gtgtacat",17,3,"D","Rendo_57","Rendo_57","sample",NA,"4","3","library3",15486,203,"root","endophyte","Rubiaceae",TRUE,NA,TRUE,TRUE,6966,23933,2802,19704,553,19704,15486,203,NA,NA,NA,NA
"Rendo_58","LOT03-49658","root","endophyte","Araceae","Anthurium","Anthurium scandens","LOT3","Rendo_58","LOT03","GTGAATCATCGAATCTTTGAA","TCCTCCGCTTATTGATATGC","tagtcgca","gtgtacat",17,3,"E","Rendo_58","Rendo_58","sample",NA,"5","3","library3",8350,219,"root","endophyte","Araceae",TRUE,"too much untargeted",FALSE,TRUE,5673,17893,2425,14640,545,14640,8350,219,NA,NA,NA,NA
"Rendo_59","LOT03-49559","root","endophyte","Araceae","Anthurium","Anthurium ovatifolium","LOT3","Rendo_59","LOT03","GTGAATCATCGAATCTTTGAA","TCCTCCGCTTATTGATATGC","tactatac","gtgtacat",17,3,"F","Rendo_59","Rendo_59","sample",NA,"6","3","library3",9133,249,"root","endophyte","Araceae",TRUE,NA,TRUE,TRUE,6904,21974,3251,18312,555,18312,9133,249,NA,NA,NA,NA
"Olendo_54","LOT03-49654","old_leaf","endophyte","Ericaceae","Sphyrospermum","Sphyrospermum dissimile","LOT3","Olendo_54","LOT03","GTGAATCATCGAATCTTTGAA","TCCTCCGCTTATTGATATGC","cgctctcg","gtgtacat",18,3,"A","Olendo_54","Olendo_54","sample",NA,"9","3","library3",4989,90,"old_leaf","endophyte","Ericaceae",TRUE,"too much untargeted",FALSE,TRUE,8935,21706,2331,15082,276,15082,4989,90,NA,NA,NA,NA
"Olendo_55","LOT03-49655","old_leaf","endophyte","Clusiaceae","Clusia","Clusia sp.CC1","LOT3","Olendo_55","LOT03","GTGAATCATCGAATCTTTGAA","TCCTCCGCTTATTGATATGC","gtcgtaga","gtgtacat",18,3,"B","Olendo_55","Olendo_55","sample",NA,"10","3","library3",17453,99,"old_leaf","endophyte","Clusiaceae",TRUE,"too much untargeted",FALSE,TRUE,6458,26956,3064,23559,252,23559,17453,99,NA,NA,NA,NA
"Olendo_56","LOT03-49456","old_leaf","endophyte","Araceae","Stenospermation","Stenospermation cf. densiovulatum","LOT3","Olendo_56","LOT03","GTGAATCATCGAATCTTTGAA","TCCTCCGCTTATTGATATGC","gactgatg","gtgtacat",18,3,"D","Olendo_56","Olendo_56","sample",NA,"12","3","library3",13346,212,"old_leaf","endophyte","Araceae",TRUE,"too much untargeted",FALSE,TRUE,6696,25418,3640,22350,634,22350,13346,212,NA,NA,NA,NA
"Olendo_57","LOT03-49457","old_leaf","endophyte","Rubiaceae","Notopleura","Notopleura epiphytica","LOT3","Olendo_57","LOT03","GTGAATCATCGAATCTTTGAA","TCCTCCGCTTATTGATATGC","gcgtcagc","gtgtacat",18,3,"F","Olendo_57","Olendo_57","sample",NA,"14","3","library3",4593,88,"old_leaf","endophyte","Rubiaceae",TRUE,"too much untargeted",FALSE,TRUE,1990,6731,1039,5741,254,5741,4593,88,NA,NA,NA,NA
"Olendo_58","LOT03-49658","old_leaf","endophyte","Araceae","Anthurium","Anthurium scandens","LOT3","Olendo_58","LOT03","GTGAATCATCGAATCTTTGAA","TCCTCCGCTTATTGATATGC","tgacatca","gtgtacat",18,3,"G","Olendo_58","Olendo_58","sample",NA,"15","3","library3",17245,53,"old_leaf","endophyte","Araceae",TRUE,NA,TRUE,TRUE,3088,20243,1139,18243,162,18243,17245,53,NA,NA,NA,NA
"Olendo_59","LOT03-49559","old_leaf","endophyte","Araceae","Anthurium","Anthurium ovatifolium","LOT3","Olendo_59","LOT03","GTGAATCATCGAATCTTTGAA","TCCTCCGCTTATTGATATGC","acatgtgt","gtgtacat",18,3,"H","Olendo_59","Olendo_59","sample",NA,"16","3","library3",5911,207,"old_leaf","endophyte","Araceae",TRUE,"too much untargeted",FALSE,TRUE,3811,11274,1980,9427,571,9427,5911,207,NA,NA,NA,NA
"Repi_54","LOT03-49654","root","epiphyte","Ericaceae","Sphyrospermum","Sphyrospermum dissimile","LOT3","Repi_54","LOT03","GTGAATCATCGAATCTTTGAA","TCCTCCGCTTATTGATATGC","gtacgact","gtgtacat",19,3,"A","Repi_54","Repi_54","sample",NA,"17","3","library3",7657,213,"root","epiphyte","Ericaceae",TRUE,NA,TRUE,TRUE,6048,17804,2781,14401,622,14401,7657,213,NA,NA,NA,NA
"Repi_55","LOT03-49655","root","epiphyte","Clusiaceae","Clusia","Clusia sp.CC1","LOT3","Repi_55","LOT03","GTGAATCATCGAATCTTTGAA","TCCTCCGCTTATTGATATGC","atgatcgc","gtgtacat",19,3,"B","Repi_55","Repi_55","sample",NA,"18","3","library3",9625,252,"root","epiphyte","Clusiaceae",TRUE,NA,TRUE,TRUE,6913,21490,3013,17526,585,17526,9625,252,NA,NA,NA,NA
"Repi_56","LOT03-49456","root","epiphyte","Araceae","Stenospermation","Stenospermation cf. densiovulatum","LOT3","Repi_56","LOT03","GTGAATCATCGAATCTTTGAA","TCCTCCGCTTATTGATATGC","catcagtc","gtgtacat",19,3,"D","Repi_56","Repi_56","sample",NA,"20","3","library3",14681,303,"root","epiphyte","Araceae",TRUE,NA,TRUE,TRUE,11197,34452,4975,27391,646,27391,14681,303,NA,NA,NA,NA
"Repi_57","LOT03-49457","root","epiphyte","Rubiaceae","Notopleura","Notopleura epiphytica","LOT3","Repi_57","LOT03","GTGAATCATCGAATCTTTGAA","TCCTCCGCTTATTGATATGC","atcagtca","gtgtacat",19,3,"E","Repi_57","Repi_57","sample",NA,"21","3","library3",3953,180,"root","epiphyte","Rubiaceae",TRUE,NA,TRUE,TRUE,4805,14159,2296,11095,511,11095,3953,180,NA,NA,NA,NA
"Repi_58","LOT03-49658","root","epiphyte","Araceae","Anthurium","Anthurium scandens","LOT3","Repi_58","LOT03","GTGAATCATCGAATCTTTGAA","TCCTCCGCTTATTGATATGC","tctactga","gtgtacat",19,3,"F","Repi_58","Repi_58","sample",NA,"22","3","library3",3724,134,"root","epiphyte","Araceae",TRUE,NA,TRUE,TRUE,5347,12798,1774,9150,387,9150,3724,134,NA,NA,NA,NA
"Repi_59","LOT03-49559","root","epiphyte","Araceae","Anthurium","Anthurium ovatifolium","LOT3","Repi_59","LOT03","GTGAATCATCGAATCTTTGAA","TCCTCCGCTTATTGATATGC","gatgatct","gtgtacat",19,3,"G","Repi_59","Repi_59","sample",NA,"23","3","library3",5144,152,"root","epiphyte","Araceae",TRUE,NA,TRUE,TRUE,5003,13641,2276,10869,369,10869,5144,152,NA,NA,NA,NA
"Repi_60","LOT03-49460","root","epiphyte","Primulaceae","Cybianthus","Cybianthus magnus","LOT3","Repi_60","LOT03","GTGAATCATCGAATCTTTGAA","TCCTCCGCTTATTGATATGC","ctgcgtac","gtgtacat",19,3,"H","Repi_60","Repi_60","sample",NA,"24","3","library3",6274,135,"root","epiphyte","Primulaceae",TRUE,NA,TRUE,TRUE,4005,12041,1917,9934,355,9934,6274,135,NA,NA,NA,NA
"Olepi_55","LOT03-49655","old_leaf","epiphyte","Clusiaceae","Clusia","Clusia sp.CC1","LOT3","Olepi_55","LOT03","GTGAATCATCGAATCTTTGAA","TCCTCCGCTTATTGATATGC","agcgacta","gtgtacat",20,3,"A","Olepi_55","Olepi_55","sample",NA,"25","3","library3",9746,122,"old_leaf","epiphyte","Clusiaceae",TRUE,"too much untargeted",FALSE,TRUE,5742,20668,2786,17687,431,17687,9746,122,NA,NA,NA,NA
"Olepi_56","LOT03-49456","old_leaf","epiphyte","Araceae","Stenospermation","Stenospermation cf. densiovulatum","LOT3","Olepi_56","LOT03","GTGAATCATCGAATCTTTGAA","TCCTCCGCTTATTGATATGC","tcagtgtc","gtgtacat",20,3,"B","Olepi_56","Olepi_56","sample",NA,"26","3","library3",4871,179,"old_leaf","epiphyte","Araceae",TRUE,"too much untargeted",FALSE,TRUE,5714,17854,3072,15208,608,15208,4871,179,NA,NA,NA,NA
"Olepi_58","LOT03-49658","old_leaf","epiphyte","Araceae","Anthurium","Anthurium scandens","LOT3","Olepi_58","LOT03","GTGAATCATCGAATCTTTGAA","TCCTCCGCTTATTGATATGC","ctatgcta","gtgtacat",20,3,"E","Olepi_58","Olepi_58","sample",NA,"29","3","library3",9086,272,"old_leaf","epiphyte","Araceae",TRUE,"too much untargeted",FALSE,TRUE,6498,20089,3310,16893,770,16893,9086,272,NA,NA,NA,NA
"Olepi_59","LOT03-49559","old_leaf","epiphyte","Araceae","Anthurium","Anthurium ovatifolium","LOT3","Olepi_59","LOT03","GTGAATCATCGAATCTTTGAA","TCCTCCGCTTATTGATATGC","tcgcgctg","gtgtacat",20,3,"F","Olepi_59","Olepi_59","sample",NA,"30","3","library3",8017,238,"old_leaf","epiphyte","Araceae",TRUE,"too much untargeted",FALSE,TRUE,6046,18051,2911,14865,769,14865,8017,238,NA,NA,NA,NA
"Olepi_60","LOT03-49460","old_leaf","epiphyte","Primulaceae","Cybianthus","Cybianthus magnus","LOT3","Olepi_60","LOT03","GTGAATCATCGAATCTTTGAA","TCCTCCGCTTATTGATATGC","agcacagt","gtgtacat",20,3,"G","Olepi_60","Olepi_60","sample",NA,"31","3","library3",6077,251,"old_leaf","epiphyte","Primulaceae",TRUE,"too much untargeted",FALSE,TRUE,5831,17607,3043,14673,763,14673,6077,251,NA,NA,NA,NA
"Olepi_61","LOT03-49661","old_leaf","epiphyte","Melastomataceae","Blakea","Blakea sp.CC1","LOT3","Olepi_61","LOT03","GTGAATCATCGAATCTTTGAA","TCCTCCGCTTATTGATATGC","tagctagt","gtgtacat",20,3,"H","Olepi_61","Olepi_61","sample",NA,"32","3","library3",5374,270,"old_leaf","epiphyte","Melastomataceae",TRUE,NA,TRUE,TRUE,5614,17502,2913,14587,737,14587,5374,270,NA,NA,NA,NA
"Rendo_62","LOT03-49662","root","endophyte","Araceae","Anthurium","Anthurium obtusum","LOT3","Rendo_62","LOT03","GTGAATCATCGAATCTTTGAA","TCCTCCGCTTATTGATATGC","acacacac","tatgtcag",17,4,"A","Rendo_62","Rendo_62","sample",NA,"1","4","library3",9361,328,"root","endophyte","Araceae",TRUE,"too much untargeted",FALSE,TRUE,7415,23319,3515,19417,861,19417,9361,328,NA,NA,NA,NA
"Rendo_63","LOT03-49563","root","endophyte","Melastomataceae","Blakea","Blakea sp.CC2","LOT3","Rendo_63","LOT03","GTGAATCATCGAATCTTTGAA","TCCTCCGCTTATTGATATGC","acagcaca","tatgtcag",17,4,"B","Rendo_63","Rendo_63","sample",NA,"2","4","library3",23355,129,"root","endophyte","Melastomataceae",TRUE,NA,TRUE,TRUE,5667,28367,2678,25359,299,25359,23355,129,NA,NA,NA,NA
"Rendo_64","LOT03-49464","root","endophyte","Araliaceae","Sciodaphyllum","Sciodaphyllum lancifoliolatum","LOT3","Rendo_64","LOT03","GTGAATCATCGAATCTTTGAA","TCCTCCGCTTATTGATATGC","gtgtacat","tatgtcag",17,4,"C","Rendo_64","Rendo_64","sample",NA,"3","4","library3",18281,123,"root","endophyte","Araliaceae",TRUE,NA,TRUE,TRUE,6516,25848,3297,22627,334,22627,18281,123,NA,NA,NA,NA
"Rendo_65","LOT03-49465","root","endophyte","Rubiaceae","Notopleura","Notopleura epiphytica","LOT3","Rendo_65","LOT03","GTGAATCATCGAATCTTTGAA","TCCTCCGCTTATTGATATGC","tagtcgca","tatgtcag",17,4,"E","Rendo_65","Rendo_65","sample",NA,"5","4","library3",18072,157,"root","endophyte","Rubiaceae",TRUE,NA,TRUE,TRUE,8078,32990,4205,28938,482,28938,18072,157,NA,NA,NA,NA
"Rendo_66","LOT03-49466","root","endophyte","Ericaceae","Sphyrospermum","Sphyrospermum dissimile","LOT3","Rendo_66","LOT03","GTGAATCATCGAATCTTTGAA","TCCTCCGCTTATTGATATGC","tactatac","tatgtcag",17,4,"F","Rendo_66","Rendo_66","sample",NA,"6","4","library3",9135,167,"root","endophyte","Ericaceae",TRUE,"too much untargeted",FALSE,TRUE,8331,31367,4072,27076,466,27076,9135,167,NA,NA,NA,NA
"Rendo_67","LOT03-49467","root","endophyte","Rubiaceae","Notopleura","Notopleura epiphytica","LOT3","Rendo_67","LOT03","GTGAATCATCGAATCTTTGAA","TCCTCCGCTTATTGATATGC","actagatc","tatgtcag",17,4,"G","Rendo_67","Rendo_67","sample",NA,"7","4","library3",19145,207,"root","endophyte","Rubiaceae",TRUE,NA,TRUE,TRUE,7395,32549,4107,29214,489,29214,19145,207,NA,NA,NA,NA
"Rendo_68","LOT03-49468","root","endophyte","Clusiaceae","Clusia","Clusia cf. octandra","LOT3","Rendo_68","LOT03","GTGAATCATCGAATCTTTGAA","TCCTCCGCTTATTGATATGC","gatcgcga","tatgtcag",17,4,"H","Rendo_68","Rendo_68","sample",NA,"8","4","library3",16450,148,"root","endophyte","Clusiaceae",TRUE,"too much untargeted",FALSE,TRUE,9893,34565,5083,29752,426,29752,16450,148,NA,NA,NA,NA
"Olendo_60","LOT03-49460","old_leaf","endophyte","Primulaceae","Cybianthus","Cybianthus magnus","LOT3","Olendo_60","LOT03","GTGAATCATCGAATCTTTGAA","TCCTCCGCTTATTGATATGC","cgctctcg","tatgtcag",18,4,"A","Olendo_60","Olendo_60","sample",NA,"9","4","library3",25283,212,"old_leaf","endophyte","Primulaceae",TRUE,NA,TRUE,TRUE,10629,34370,4065,27795,553,27795,25283,212,NA,NA,NA,NA
"Olendo_62","LOT03-49662","old_leaf","endophyte","Araceae","Anthurium","Anthurium obtusum","LOT3","Olendo_62","LOT03","GTGAATCATCGAATCTTTGAA","TCCTCCGCTTATTGATATGC","gtcacgtc","tatgtcag",18,4,"C","Olendo_62","Olendo_62","sample",NA,"11","4","library3",7044,251,"old_leaf","endophyte","Araceae",TRUE,"too much untargeted",FALSE,TRUE,6839,21289,3312,17731,657,17731,7044,251,NA,NA,NA,NA
"Olendo_63","LOT03-49563","old_leaf","endophyte","Melastomataceae","Blakea","Blakea sp.CC2","LOT3","Olendo_63","LOT03","GTGAATCATCGAATCTTTGAA","TCCTCCGCTTATTGATATGC","agactatg","tatgtcag",18,4,"E","Olendo_63","Olendo_63","sample",NA,"13","4","library3",6775,258,"old_leaf","endophyte","Melastomataceae",TRUE,"too much untargeted",FALSE,TRUE,5794,17682,3007,14886,660,14886,6775,258,NA,NA,NA,NA
"Olendo_64","LOT03-49464","old_leaf","endophyte","Araliaceae","Sciodaphyllum","Sciodaphyllum lancifoliolatum","LOT3","Olendo_64","LOT03","GTGAATCATCGAATCTTTGAA","TCCTCCGCTTATTGATATGC","gcgtcagc","tatgtcag",18,4,"F","Olendo_64","Olendo_64","sample",NA,"14","4","library3",12126,192,"old_leaf","endophyte","Araliaceae",TRUE,"too much untargeted",FALSE,TRUE,4630,23241,2509,21082,382,21082,12126,192,NA,NA,NA,NA
"Olendo_65","LOT03-49465","old_leaf","endophyte","Rubiaceae","Notopleura","Notopleura epiphytica","LOT3","Olendo_65","LOT03","GTGAATCATCGAATCTTTGAA","TCCTCCGCTTATTGATATGC","tgacatca","tatgtcag",18,4,"G","Olendo_65","Olendo_65","sample",NA,"15","4","library3",24386,528,"old_leaf","endophyte","Rubiaceae",TRUE,"too much untargeted",FALSE,TRUE,13113,50294,6661,43657,1418,43657,24386,528,NA,NA,NA,NA
"Olendo_66","LOT03-49466","old_leaf","endophyte","Ericaceae","Sphyrospermum","Sphyrospermum dissimile","LOT3","Olendo_66","LOT03","GTGAATCATCGAATCTTTGAA","TCCTCCGCTTATTGATATGC","acatgtgt","tatgtcag",18,4,"H","Olendo_66","Olendo_66","sample",NA,"16","4","library3",7476,110,"old_leaf","endophyte","Ericaceae",TRUE,"too much untargeted",FALSE,TRUE,3755,15672,1983,13813,266,13813,7476,110,NA,NA,NA,NA
"Repi_61","LOT03-49661","root","epiphyte","Melastomataceae","Blakea","Blakea sp.CC1","LOT3","Repi_61","LOT03","GTGAATCATCGAATCTTTGAA","TCCTCCGCTTATTGATATGC","gtacgact","tatgtcag",19,4,"A","Repi_61","Repi_61","sample",NA,"17","4","library3",8925,205,"root","epiphyte","Melastomataceae",TRUE,NA,TRUE,TRUE,5741,17037,2765,14000,479,14000,8925,205,NA,NA,NA,NA
"Repi_62","LOT03-49662","root","epiphyte","Araceae","Anthurium","Anthurium obtusum","LOT3","Repi_62","LOT03","GTGAATCATCGAATCTTTGAA","TCCTCCGCTTATTGATATGC","atgatcgc","tatgtcag",19,4,"B","Repi_62","Repi_62","sample",NA,"18","4","library3",4351,206,"root","epiphyte","Araceae",TRUE,NA,TRUE,TRUE,6256,17692,2671,13965,521,13965,4351,206,NA,NA,NA,NA
"Repi_64","LOT03-49464","root","epiphyte","Araliaceae","Sciodaphyllum","Sciodaphyllum lancifoliolatum","LOT3","Repi_64","LOT03","GTGAATCATCGAATCTTTGAA","TCCTCCGCTTATTGATATGC","atcagtca","tatgtcag",19,4,"E","Repi_64","Repi_64","sample",NA,"21","4","library3",7367,173,"root","epiphyte","Araliaceae",TRUE,NA,TRUE,TRUE,5532,18912,2704,13834,440,13834,7367,173,NA,NA,NA,NA
"Repi_66","LOT03-49466","root","epiphyte","Ericaceae","Sphyrospermum","Sphyrospermum dissimile","LOT3","Repi_66","LOT03","GTGAATCATCGAATCTTTGAA","TCCTCCGCTTATTGATATGC","gatgatct","tatgtcag",19,4,"G","Repi_66","Repi_66","sample",NA,"23","4","library3",5206,147,"root","epiphyte","Ericaceae",TRUE,NA,TRUE,TRUE,6146,17857,2744,14258,422,14258,5206,147,NA,NA,NA,NA
"Repi_67","LOT03-49467","root","epiphyte","Rubiaceae","Notopleura","Notopleura epiphytica","LOT3","Repi_67","LOT03","GTGAATCATCGAATCTTTGAA","TCCTCCGCTTATTGATATGC","ctgcgtac","tatgtcag",19,4,"H","Repi_67","Repi_67","sample",NA,"24","4","library3",13235,151,"root","epiphyte","Rubiaceae",TRUE,NA,TRUE,TRUE,9509,34611,4825,29924,424,29924,13235,151,NA,NA,NA,NA
"Olepi_62","LOT03-49662","old_leaf","epiphyte","Araceae","Anthurium","Anthurium obtusum","LOT3","Olepi_62","LOT03","GTGAATCATCGAATCTTTGAA","TCCTCCGCTTATTGATATGC","agcgacta","tatgtcag",20,4,"A","Olepi_62","Olepi_62","sample",NA,"25","4","library3",12736,400,"old_leaf","epiphyte","Araceae",TRUE,"too much untargeted",FALSE,TRUE,12428,39436,5522,32523,1142,32523,12736,400,NA,NA,NA,NA
"Olepi_63","LOT03-49563","old_leaf","epiphyte","Melastomataceae","Blakea","Blakea sp.CC2","LOT3","Olepi_63","LOT03","GTGAATCATCGAATCTTTGAA","TCCTCCGCTTATTGATATGC","tcagtgtc","tatgtcag",20,4,"B","Olepi_63","Olepi_63","sample",NA,"26","4","library3",5449,193,"old_leaf","epiphyte","Melastomataceae",TRUE,"too much untargeted",FALSE,TRUE,6861,20516,3386,17000,632,17000,5449,193,NA,NA,NA,NA
"Olepi_64","LOT03-49464","old_leaf","epiphyte","Araliaceae","Sciodaphyllum","Sciodaphyllum lancifoliolatum","LOT3","Olepi_64","LOT03","GTGAATCATCGAATCTTTGAA","TCCTCCGCTTATTGATATGC","actctgct","tatgtcag",20,4,"C","Olepi_64","Olepi_64","sample",NA,"27","4","library3",18459,438,"old_leaf","epiphyte","Araliaceae",TRUE,"too much untargeted",FALSE,TRUE,10860,36774,5772,31681,1148,31681,18459,438,NA,NA,NA,NA
"Olepi_65","LOT03-49465","old_leaf","epiphyte","Rubiaceae","Notopleura","Notopleura epiphytica","LOT3","Olepi_65","LOT03","GTGAATCATCGAATCTTTGAA","TCCTCCGCTTATTGATATGC","ctatgcta","tatgtcag",20,4,"E","Olepi_65","Olepi_65","sample",NA,"29","4","library3",7412,310,"old_leaf","epiphyte","Rubiaceae",TRUE,"too much untargeted",FALSE,TRUE,9233,30531,4225,25518,937,25518,7412,310,NA,NA,NA,NA
"Olepi_66","LOT03-49466","old_leaf","epiphyte","Ericaceae","Sphyrospermum","Sphyrospermum dissimile","LOT3","Olepi_66","LOT03","GTGAATCATCGAATCTTTGAA","TCCTCCGCTTATTGATATGC","tcgcgctg","tatgtcag",20,4,"F","Olepi_66","Olepi_66","sample",NA,"30","4","library3",7655,191,"old_leaf","epiphyte","Ericaceae",TRUE,NA,TRUE,TRUE,5952,18595,2712,14910,581,14910,7655,191,NA,NA,NA,NA
"Olepi_67","LOT03-49467","old_leaf","epiphyte","Rubiaceae","Notopleura","Notopleura epiphytica","LOT3","Olepi_67","LOT03","GTGAATCATCGAATCTTTGAA","TCCTCCGCTTATTGATATGC","agcacagt","tatgtcag",20,4,"G","Olepi_67","Olepi_67","sample",NA,"31","4","library3",8469,308,"old_leaf","epiphyte","Rubiaceae",TRUE,"too much untargeted",FALSE,TRUE,8421,25748,4312,21624,924,21624,8469,308,NA,NA,NA,NA
"Olepi_68","LOT03-49468","old_leaf","epiphyte","Clusiaceae","Clusia","Clusia cf. octandra","LOT3","Olepi_68","LOT03","GTGAATCATCGAATCTTTGAA","TCCTCCGCTTATTGATATGC","tagctagt","tatgtcag",20,4,"H","Olepi_68","Olepi_68","sample",NA,"32","4","library3",3420,175,"old_leaf","epiphyte","Clusiaceae",TRUE,NA,TRUE,TRUE,4986,19481,2216,16530,580,16530,3420,175,NA,NA,NA,NA
"Rendo_69","LOT03-49569","root","endophyte","Bromeliaceae","Racinea","Racinaea spiculosa","LOT3","Rendo_69","LOT03","GTGAATCATCGAATCTTTGAA","TCCTCCGCTTATTGATATGC","acagcaca","tagtcgca",17,5,"B","Rendo_69","Rendo_69","sample",NA,"2","5","library3",8166,129,"root","endophyte","Bromeliaceae",TRUE,NA,TRUE,TRUE,6162,19591,2517,15942,328,15942,8166,129,NA,NA,NA,NA
"Rendo_70","LOT03-49470","root","endophyte","Araceae","Anthurium","Anthurium scandens","LOT3","Rendo_70","LOT03","GTGAATCATCGAATCTTTGAA","TCCTCCGCTTATTGATATGC","gtgtacat","tagtcgca",17,5,"C","Rendo_70","Rendo_70","sample",NA,"3","5","library3",12092,296,"root","endophyte","Araceae",TRUE,"too much untargeted",FALSE,TRUE,7178,27912,3650,24364,669,24364,12092,296,NA,NA,NA,NA
"Rendo_71","LOT03-49571","root","endophyte","Rubiaceae","Notopleura","Notopleura epiphytica","LOT3","Rendo_71","LOT03","GTGAATCATCGAATCTTTGAA","TCCTCCGCTTATTGATATGC","tatgtcag","tagtcgca",17,5,"D","Rendo_71","Rendo_71","sample",NA,"4","5","library3",20758,168,"root","endophyte","Rubiaceae",TRUE,NA,TRUE,TRUE,7262,31038,3516,27183,393,27183,20758,168,NA,NA,NA,NA
"Rendo_72","LOT03-49572","root","endophyte","Rubiaceae","Notopleura","Notopleura epiphytica","LOT3","Rendo_72","LOT03","GTGAATCATCGAATCTTTGAA","TCCTCCGCTTATTGATATGC","tactatac","tagtcgca",17,5,"F","Rendo_72","Rendo_72","sample",NA,"6","5","library3",20640,113,"root","endophyte","Rubiaceae",TRUE,NA,TRUE,TRUE,5997,26977,2917,23889,269,23889,20640,113,NA,NA,NA,NA
"Rendo_73","LOT03-49573","root","endophyte","Araceae","Anthurium","Anthurium obtusum","LOT3","Rendo_73","LOT03","GTGAATCATCGAATCTTTGAA","TCCTCCGCTTATTGATATGC","actagatc","tagtcgca",17,5,"G","Rendo_73","Rendo_73","sample",NA,"7","5","library3",21485,358,"root","endophyte","Araceae",TRUE,NA,TRUE,TRUE,8308,32253,4181,28086,898,28086,21485,358,NA,NA,NA,NA
"Rendo_74","LOT03-49574","root","endophyte","Ericaceae","Sphyrospermum","Sphyrospermum buxifolium","LOT3","Rendo_74","LOT03","GTGAATCATCGAATCTTTGAA","TCCTCCGCTTATTGATATGC","gatcgcga","tagtcgca",17,5,"H","Rendo_74","Rendo_74","sample",NA,"8","5","library3",8618,167,"root","endophyte","Ericaceae",TRUE,"too much untargeted",FALSE,TRUE,8581,28244,3735,23388,483,23388,8618,167,NA,NA,NA,NA
"Olendo_67","LOT03-49467","old_leaf","endophyte","Rubiaceae","Notopleura","Notopleura epiphytica","LOT3","Olendo_67","LOT03","GTGAATCATCGAATCTTTGAA","TCCTCCGCTTATTGATATGC","cgctctcg","tagtcgca",18,5,"A","Olendo_67","Olendo_67","sample",NA,"9","5","library3",36844,435,"old_leaf","endophyte","Rubiaceae",TRUE,NA,TRUE,TRUE,18739,60418,6607,48214,963,48214,36844,435,NA,NA,NA,NA
"Olendo_68","LOT03-49468","old_leaf","endophyte","Clusiaceae","Clusia","Clusia cf. octandra","LOT3","Olendo_68","LOT03","GTGAATCATCGAATCTTTGAA","TCCTCCGCTTATTGATATGC","gtcgtaga","tagtcgca",18,5,"B","Olendo_68","Olendo_68","sample",NA,"10","5","library3",7092,162,"old_leaf","endophyte","Clusiaceae",TRUE,"too much untargeted",FALSE,TRUE,4949,15062,2340,12412,451,12412,7092,162,NA,NA,NA,NA
"Olendo_69","LOT03-49569","old_leaf","endophyte","Bromeliaceae","Racinea","Racinaea spiculosa","LOT3","Olendo_69","LOT03","GTGAATCATCGAATCTTTGAA","TCCTCCGCTTATTGATATGC","gtcacgtc","tagtcgca",18,5,"C","Olendo_69","Olendo_69","sample",NA,"11","5","library3",40425,189,"old_leaf","endophyte","Bromeliaceae",TRUE,NA,TRUE,TRUE,6098,47809,2739,44442,518,44442,40425,189,NA,NA,NA,NA
"Olendo_71","LOT03-49571","old_leaf","endophyte","Rubiaceae","Notopleura","Notopleura epiphytica","LOT3","Olendo_71","LOT03","GTGAATCATCGAATCTTTGAA","TCCTCCGCTTATTGATATGC","gcgtcagc","tagtcgca",18,5,"F","Olendo_71","Olendo_71","sample",NA,"14","5","library3",5282,120,"old_leaf","endophyte","Rubiaceae",TRUE,NA,TRUE,TRUE,2387,8425,1353,7256,295,7256,5282,120,NA,NA,NA,NA
"Olendo_72","LOT03-49572","old_leaf","endophyte","Rubiaceae","Notopleura","Notopleura epiphytica","LOT3","Olendo_72","LOT03","GTGAATCATCGAATCTTTGAA","TCCTCCGCTTATTGATATGC","tgacatca","tagtcgca",18,5,"G","Olendo_72","Olendo_72","sample",NA,"15","5","library3",21145,321,"old_leaf","endophyte","Rubiaceae",TRUE,"too much untargeted",FALSE,TRUE,8588,33552,4449,29360,915,29360,21145,321,NA,NA,NA,NA
"Olendo_73","LOT03-49573","old_leaf","endophyte","Araceae","Anthurium","Anthurium obtusum","LOT3","Olendo_73","LOT03","GTGAATCATCGAATCTTTGAA","TCCTCCGCTTATTGATATGC","acatgtgt","tagtcgca",18,5,"H","Olendo_73","Olendo_73","sample",NA,"16","5","library3",10521,220,"old_leaf","endophyte","Araceae",TRUE,"too much untargeted",FALSE,TRUE,7209,30352,3753,26866,595,26866,10521,220,NA,NA,NA,NA
"Repi_68","LOT03-49468","root","epiphyte","Clusiaceae","Clusia","Clusia cf. octandra","LOT3","Repi_68","LOT03","GTGAATCATCGAATCTTTGAA","TCCTCCGCTTATTGATATGC","gtacgact","tagtcgca",19,5,"A","Repi_68","Repi_68","sample",NA,"17","5","library3",14210,152,"root","epiphyte","Clusiaceae",TRUE,NA,TRUE,TRUE,8054,26969,4200,23068,421,23068,14210,152,NA,NA,NA,NA
"Repi_69","LOT03-49569","root","epiphyte","Bromeliaceae","Racinea","Racinaea spiculosa","LOT3","Repi_69","LOT03","GTGAATCATCGAATCTTTGAA","TCCTCCGCTTATTGATATGC","atgatcgc","tagtcgca",19,5,"B","Repi_69","Repi_69","sample",NA,"18","5","library3",9208,224,"root","epiphyte","Bromeliaceae",TRUE,NA,TRUE,TRUE,8256,22965,3511,18192,604,18192,9208,224,NA,NA,NA,NA
"Repi_70","LOT03-49470","root","epiphyte","Araceae","Anthurium","Anthurium scandens","LOT3","Repi_70","LOT03","GTGAATCATCGAATCTTTGAA","TCCTCCGCTTATTGATATGC","acgacgag","tagtcgca",19,5,"C","Repi_70","Repi_70","sample",NA,"19","5","library3",9485,239,"root","epiphyte","Araceae",TRUE,NA,TRUE,TRUE,11376,40470,5116,33586,541,33586,9485,239,NA,NA,NA,NA
"Repi_71","LOT03-49571","root","epiphyte","Rubiaceae","Notopleura","Notopleura epiphytica","LOT3","Repi_71","LOT03","GTGAATCATCGAATCTTTGAA","TCCTCCGCTTATTGATATGC","catcagtc","tagtcgca",19,5,"D","Repi_71","Repi_71","sample",NA,"20","5","library3",7722,127,"root","epiphyte","Rubiaceae",TRUE,NA,TRUE,TRUE,5317,16173,2170,12579,330,12579,7722,127,NA,NA,NA,NA
"Repi_72","LOT03-49572","root","epiphyte","Rubiaceae","Notopleura","Notopleura epiphytica","LOT3","Repi_72","LOT03","GTGAATCATCGAATCTTTGAA","TCCTCCGCTTATTGATATGC","tctactga","tagtcgca",19,5,"F","Repi_72","Repi_72","sample",NA,"22","5","library3",22044,108,"root","epiphyte","Rubiaceae",TRUE,NA,TRUE,TRUE,7420,30915,3382,26728,285,26728,22044,108,NA,NA,NA,NA
"Repi_73","LOT03-49573","root","epiphyte","Araceae","Anthurium","Anthurium obtusum","LOT3","Repi_73","LOT03","GTGAATCATCGAATCTTTGAA","TCCTCCGCTTATTGATATGC","gatgatct","tagtcgca",19,5,"G","Repi_73","Repi_73","sample",NA,"23","5","library3",22057,375,"root","epiphyte","Araceae",TRUE,NA,TRUE,TRUE,9929,35451,4693,30139,996,30139,22057,375,NA,NA,NA,NA
"Repi_74","LOT03-49574","root","epiphyte","Ericaceae","Sphyrospermum","Sphyrospermum buxifolium","LOT3","Repi_74","LOT03","GTGAATCATCGAATCTTTGAA","TCCTCCGCTTATTGATATGC","ctgcgtac","tagtcgca",19,5,"H","Repi_74","Repi_74","sample",NA,"24","5","library3",5622,143,"root","epiphyte","Ericaceae",TRUE,NA,TRUE,TRUE,7400,22435,3145,18167,409,18167,5622,143,NA,NA,NA,NA
"Olepi_69","LOT03-49569","old_leaf","epiphyte","Bromeliaceae","Racinea","Racinaea spiculosa","LOT3","Olepi_69","LOT03","GTGAATCATCGAATCTTTGAA","TCCTCCGCTTATTGATATGC","agcgacta","tagtcgca",20,5,"A","Olepi_69","Olepi_69","sample",NA,"25","5","library3",8786,419,"old_leaf","epiphyte","Bromeliaceae",TRUE,"too much untargeted",FALSE,TRUE,9449,28095,4489,23118,1148,23118,8786,419,NA,NA,NA,NA
"Olepi_71","LOT03-49571","old_leaf","epiphyte","Rubiaceae","Notopleura","Notopleura epiphytica","LOT3","Olepi_71","LOT03","GTGAATCATCGAATCTTTGAA","TCCTCCGCTTATTGATATGC","actctgct","tagtcgca",20,5,"C","Olepi_71","Olepi_71","sample",NA,"27","5","library3",13820,177,"old_leaf","epiphyte","Rubiaceae",TRUE,NA,TRUE,TRUE,7269,24769,3371,20865,519,20865,13820,177,NA,NA,NA,NA
"Olepi_72","LOT03-49572","old_leaf","epiphyte","Rubiaceae","Notopleura","Notopleura epiphytica","LOT3","Olepi_72","LOT03","GTGAATCATCGAATCTTTGAA","TCCTCCGCTTATTGATATGC","atatagcg","tagtcgca",20,5,"D","Olepi_72","Olepi_72","sample",NA,"28","5","library3",8475,274,"old_leaf","epiphyte","Rubiaceae",TRUE,"too much untargeted",FALSE,TRUE,9217,27952,4351,23080,867,23080,8475,274,NA,NA,NA,NA
"Olepi_73","LOT03-49573","old_leaf","epiphyte","Araceae","Anthurium","Anthurium obtusum","LOT3","Olepi_73","LOT03","GTGAATCATCGAATCTTTGAA","TCCTCCGCTTATTGATATGC","tcgcgctg","tagtcgca",20,5,"F","Olepi_73","Olepi_73","sample",NA,"30","5","library3",7476,290,"old_leaf","epiphyte","Araceae",TRUE,"too much untargeted",FALSE,TRUE,8242,25590,3990,21336,903,21336,7476,290,NA,NA,NA,NA
"Olepi_74","LOT03-49574","old_leaf","epiphyte","Ericaceae","Sphyrospermum","Sphyrospermum buxifolium","LOT3","Olepi_74","LOT03","GTGAATCATCGAATCTTTGAA","TCCTCCGCTTATTGATATGC","agcacagt","tagtcgca",20,5,"G","Olepi_74","Olepi_74","sample",NA,"31","5","library3",9359,252,"old_leaf","epiphyte","Ericaceae",TRUE,"too much untargeted",FALSE,TRUE,6897,23892,3373,20349,709,20349,9359,252,NA,NA,NA,NA
"Olepi_75","LOT03-49575","old_leaf","epiphyte","Araceae","Anthurium","Anthurium obtusum","LOT3","Olepi_75","LOT03","GTGAATCATCGAATCTTTGAA","TCCTCCGCTTATTGATATGC","tagctagt","tagtcgca",20,5,"H","Olepi_75","Olepi_75","sample",NA,"32","5","library3",8786,229,"old_leaf","epiphyte","Araceae",TRUE,"too much untargeted",FALSE,TRUE,7767,24618,3779,20622,792,20622,8786,229,NA,NA,NA,NA
"Rendo_75","LOT03-49575","root","endophyte","Araceae","Anthurium","Anthurium obtusum","LOT3","Rendo_75","LOT03","GTGAATCATCGAATCTTTGAA","TCCTCCGCTTATTGATATGC","acacacac","tactatac",17,6,"A","Rendo_75","Rendo_75","sample",NA,"1","6","library3",8795,174,"root","endophyte","Araceae",TRUE,NA,TRUE,TRUE,5445,20383,2769,17638,374,17638,8795,174,NA,NA,NA,NA
"Rendo_76","LOT03-49576","root","endophyte","Ericaceae","Sphyrospermum","Sphyrospermum buxifolium","LOT3","Rendo_76","LOT03","GTGAATCATCGAATCTTTGAA","TCCTCCGCTTATTGATATGC","acagcaca","tactatac",17,6,"B","Rendo_76","Rendo_76","sample",NA,"2","6","library3",9537,212,"root","endophyte","Ericaceae",TRUE,"too much untargeted",FALSE,TRUE,7444,24799,3453,20799,559,20799,9537,212,NA,NA,NA,NA
"Ylendo_41","LOT03-49241","young_leaf","endophyte","Araceae","Anthurium","Anthurium cf. breviscapum","LOT3","Ylendo_41","LOT03","GTGAATCATCGAATCTTTGAA","TCCTCCGCTTATTGATATGC","tatgtcag","tactatac",17,6,"D","Ylendo_41","Ylendo_41","sample",NA,"4","6","library3",3420,138,"young_leaf","endophyte","Araceae",TRUE,NA,TRUE,TRUE,1905,5183,1044,4272,288,4272,3420,138,NA,NA,NA,NA
"Ylendo_42","LOT03-49242","young_leaf","endophyte","Bromeliaceae","Pitcairnia","Pitcairnia arcuata","LOT3","Ylendo_42","LOT03","GTGAATCATCGAATCTTTGAA","TCCTCCGCTTATTGATATGC","tagtcgca","tactatac",17,6,"E","Ylendo_42","Ylendo_42","sample",NA,"5","6","library3",6917,463,"young_leaf","endophyte","Bromeliaceae",TRUE,"too much untargeted",FALSE,TRUE,5740,14606,2962,11179,939,11179,6917,463,NA,NA,NA,NA
"Ylendo_43","LOT03-49243","young_leaf","endophyte","Araceae","Anthurium","Anthurium cf. breviscapum","LOT3","Ylendo_43","LOT03","GTGAATCATCGAATCTTTGAA","TCCTCCGCTTATTGATATGC","actagatc","tactatac",17,6,"G","Ylendo_43","Ylendo_43","sample",NA,"7","6","library3",11231,172,"young_leaf","endophyte","Araceae",TRUE,NA,TRUE,TRUE,3960,15339,2198,13311,370,13311,11231,172,NA,NA,NA,NA
"Ylendo_44","LOT03-49644","young_leaf","endophyte","Araceae","Anthurium","Anthurium scandens","LOT3","Ylendo_44","LOT03","GTGAATCATCGAATCTTTGAA","TCCTCCGCTTATTGATATGC","gatcgcga","tactatac",17,6,"H","Ylendo_44","Ylendo_44","sample",NA,"8","6","library3",7503,132,"young_leaf","endophyte","Araceae",TRUE,"too much untargeted",FALSE,TRUE,8262,21245,3210,16167,353,16167,7503,132,NA,NA,NA,NA
"Olendo_74","LOT03-49574","old_leaf","endophyte","Ericaceae","Sphyrospermum","Sphyrospermum buxifolium","LOT3","Olendo_74","LOT03","GTGAATCATCGAATCTTTGAA","TCCTCCGCTTATTGATATGC","cgctctcg","tactatac",18,6,"A","Olendo_74","Olendo_74","sample",NA,"9","6","library3",14896,124,"old_leaf","endophyte","Ericaceae",TRUE,"too much untargeted",FALSE,TRUE,16620,49997,4200,36993,283,36993,14896,124,NA,NA,NA,NA
"Olendo_75","LOT03-49575","old_leaf","endophyte","Araceae","Anthurium","Anthurium obtusum","LOT3","Olendo_75","LOT03","GTGAATCATCGAATCTTTGAA","TCCTCCGCTTATTGATATGC","gtcgtaga","tactatac",18,6,"B","Olendo_75","Olendo_75","sample",NA,"10","6","library3",19839,277,"old_leaf","endophyte","Araceae",TRUE,"too much untargeted",FALSE,TRUE,17184,62545,6380,51728,639,51728,19839,277,NA,NA,NA,NA
"Repi_75","LOT03-49575","root","epiphyte","Araceae","Anthurium","Anthurium obtusum","LOT3","Repi_75","LOT03","GTGAATCATCGAATCTTTGAA","TCCTCCGCTTATTGATATGC","gtacgact","tactatac",19,6,"A","Repi_75","Repi_75","sample",NA,"17","6","library3",3313,113,"root","epiphyte","Araceae",TRUE,NA,TRUE,TRUE,6166,22622,2282,18515,282,18515,3313,113,NA,NA,NA,NA
"Repi_76","LOT03-49576","root","epiphyte","Ericaceae","Sphyrospermum","Sphyrospermum buxifolium","LOT3","Repi_76","LOT03","GTGAATCATCGAATCTTTGAA","TCCTCCGCTTATTGATATGC","atgatcgc","tactatac",19,6,"B","Repi_76","Repi_76","sample",NA,"18","6","library3",11497,194,"root","epiphyte","Ericaceae",TRUE,NA,TRUE,TRUE,7353,24690,3039,20336,479,20336,11497,194,NA,NA,NA,NA
"Ylepi_41","LOT03-49241","young_leaf","epiphyte","Araceae","Anthurium","Anthurium cf. breviscapum","LOT3","Ylepi_41","LOT03","GTGAATCATCGAATCTTTGAA","TCCTCCGCTTATTGATATGC","acgacgag","tactatac",19,6,"C","Ylepi_41","Ylepi_41","sample",NA,"19","6","library3",15403,649,"young_leaf","epiphyte","Araceae",TRUE,NA,TRUE,TRUE,14194,47473,6618,38673,1234,38673,15403,649,NA,NA,NA,NA
"Ylepi_42","LOT03-49242","young_leaf","epiphyte","Bromeliaceae","Pitcairnia","Pitcairnia arcuata","LOT3","Ylepi_42","LOT03","GTGAATCATCGAATCTTTGAA","TCCTCCGCTTATTGATATGC","catcagtc","tactatac",19,6,"D","Ylepi_42","Ylepi_42","sample",NA,"20","6","library3",22974,809,"young_leaf","epiphyte","Bromeliaceae",TRUE,"too much untargeted",FALSE,TRUE,18741,53838,9009,43906,2026,43906,22974,809,NA,NA,NA,NA
"Ylepi_43","LOT03-49243","young_leaf","epiphyte","Araceae","Anthurium","Anthurium cf. breviscapum","LOT3","Ylepi_43","LOT03","GTGAATCATCGAATCTTTGAA","TCCTCCGCTTATTGATATGC","atcagtca","tactatac",19,6,"E","Ylepi_43","Ylepi_43","sample",NA,"21","6","library3",6835,332,"young_leaf","epiphyte","Araceae",TRUE,NA,TRUE,TRUE,10234,33204,4462,27300,728,27300,6835,332,NA,NA,NA,NA
"Ylepi_44","LOT03-49644","young_leaf","epiphyte","Araceae","Anthurium","Anthurium scandens","LOT3","Ylepi_44","LOT03","GTGAATCATCGAATCTTTGAA","TCCTCCGCTTATTGATATGC","gatgatct","tactatac",19,6,"G","Ylepi_44","Ylepi_44","sample",NA,"23","6","library3",2194,108,"young_leaf","epiphyte","Araceae",TRUE,NA,TRUE,TRUE,4431,18522,2051,15878,350,15878,2194,108,NA,NA,NA,NA
"Ylepi_45","LOT03-49445","young_leaf","epiphyte","Araceae","Anthurium","Anthurium cf. ernestii","LOT3","Ylepi_45","LOT03","GTGAATCATCGAATCTTTGAA","TCCTCCGCTTATTGATATGC","ctgcgtac","tactatac",19,6,"H","Ylepi_45","Ylepi_45","sample",NA,"24","6","library3",16638,239,"young_leaf","epiphyte","Araceae",TRUE,"too much untargeted",FALSE,TRUE,8728,29618,3997,24829,784,24829,16638,239,NA,NA,NA,NA
"Ylendo_45","LOT03-49445","young_leaf","endophyte","Araceae","Anthurium","Anthurium cf. ernestii","LOT3","Ylendo_45","LOT03","GTGAATCATCGAATCTTTGAA","TCCTCCGCTTATTGATATGC","acagcaca","actagatc",17,7,"B","Ylendo_45","Ylendo_45","sample",NA,"2","7","library3",11532,268,"young_leaf","endophyte","Araceae",TRUE,"too much untargeted",FALSE,TRUE,6286,21623,3398,18722,758,18722,11532,268,NA,NA,NA,NA
"Ylendo_46","LOT03-49446","young_leaf","endophyte","Piperaceae","Peperomia","Peperomia eburnea","LOT3","Ylendo_46","LOT03","GTGAATCATCGAATCTTTGAA","TCCTCCGCTTATTGATATGC","gtgtacat","actagatc",17,7,"C","Ylendo_46","Ylendo_46","sample",NA,"3","7","library3",1275,122,"young_leaf","endophyte","Piperaceae",TRUE,"too much untargeted",FALSE,TRUE,4762,17348,2238,14813,359,14813,1275,122,NA,NA,NA,NA
"Ylendo_47","LOT03-49447","young_leaf","endophyte","Piperaceae","Peperomia","Peperomia cf. cachabiana","LOT3","Ylendo_47","LOT03","GTGAATCATCGAATCTTTGAA","TCCTCCGCTTATTGATATGC","tatgtcag","actagatc",17,7,"D","Ylendo_47","Ylendo_47","sample",NA,"4","7","library3",5756,253,"young_leaf","endophyte","Piperaceae",TRUE,"too much untargeted",FALSE,TRUE,5557,17048,2922,14321,546,14321,5756,253,NA,NA,NA,NA
"Ylendo_48","LOT03-49448","young_leaf","endophyte","Piperaceae","Peperomia","Peperomia eburnea","LOT3","Ylendo_48","LOT03","GTGAATCATCGAATCTTTGAA","TCCTCCGCTTATTGATATGC","tagtcgca","actagatc",17,7,"E","Ylendo_48","Ylendo_48","sample",NA,"5","7","library3",502,65,"young_leaf","endophyte","Piperaceae",TRUE,"too much untargeted",FALSE,TRUE,3355,12191,1586,10367,172,10367,502,65,NA,NA,NA,NA
"Ylendo_49","LOT03-49649","young_leaf","endophyte","Bromeliaceae","Racinea","Racinaea spiculosa","LOT3","Ylendo_49","LOT03","GTGAATCATCGAATCTTTGAA","TCCTCCGCTTATTGATATGC","tactatac","actagatc",17,7,"F","Ylendo_49","Ylendo_49","sample",NA,"6","7","library3",8458,198,"young_leaf","endophyte","Bromeliaceae",TRUE,NA,TRUE,TRUE,2399,11385,1369,10287,444,10287,8458,198,NA,NA,NA,NA
"Ylendo_50","LOT03-49650","young_leaf","endophyte","Bromeliaceae","Catopsis","Catopsis sessiliflora","LOT3","Ylendo_50","LOT03","GTGAATCATCGAATCTTTGAA","TCCTCCGCTTATTGATATGC","actagatc","actagatc",17,7,"G","Ylendo_50","Ylendo_50","sample",NA,"7","7","library3",9504,288,"young_leaf","endophyte","Bromeliaceae",TRUE,NA,TRUE,TRUE,4332,14101,2370,11927,557,11927,9504,288,NA,NA,NA,NA
"Ylendo_51","LOT03-49651","young_leaf","endophyte","Ericaceae","Sphyrospermum","Sphyrospermum buxifolium","LOT3","Ylendo_51","LOT03","GTGAATCATCGAATCTTTGAA","TCCTCCGCTTATTGATATGC","gatcgcga","actagatc",17,7,"H","Ylendo_51","Ylendo_51","sample",NA,"8","7","library3",2577,63,"young_leaf","endophyte","Ericaceae",TRUE,"too much untargeted",FALSE,TRUE,7533,31189,2922,26562,163,26562,2577,63,NA,NA,NA,NA
"Ylepi_46","LOT03-49446","young_leaf","epiphyte","Piperaceae","Peperomia","Peperomia eburnea","LOT3","Ylepi_46","LOT03","GTGAATCATCGAATCTTTGAA","TCCTCCGCTTATTGATATGC","gtacgact","actagatc",19,7,"A","Ylepi_46","Ylepi_46","sample",NA,"17","7","library3",2248,148,"young_leaf","epiphyte","Piperaceae",TRUE,"too much untargeted",FALSE,TRUE,16410,29831,2854,16126,462,16126,2248,148,NA,NA,NA,NA
"Ylepi_47","LOT03-49447","young_leaf","epiphyte","Piperaceae","Peperomia","Peperomia cf. cachabiana","LOT3","Ylepi_47","LOT03","GTGAATCATCGAATCTTTGAA","TCCTCCGCTTATTGATATGC","atgatcgc","actagatc",19,7,"B","Ylepi_47","Ylepi_47","sample",NA,"18","7","library3",8538,323,"young_leaf","epiphyte","Piperaceae",TRUE,"too much untargeted",FALSE,TRUE,7033,18008,3935,14783,858,14783,8538,323,NA,NA,NA,NA
"Ylepi_48","LOT03-49448","young_leaf","epiphyte","Piperaceae","Peperomia","Peperomia eburnea","LOT3","Ylepi_48","LOT03","GTGAATCATCGAATCTTTGAA","TCCTCCGCTTATTGATATGC","acgacgag","actagatc",19,7,"C","Ylepi_48","Ylepi_48","sample",NA,"19","7","library3",3198,204,"young_leaf","epiphyte","Piperaceae",TRUE,"too much untargeted",FALSE,TRUE,3592,10195,1749,8298,522,8298,3198,204,NA,NA,NA,NA
"Ylepi_49","LOT03-49649","young_leaf","epiphyte","Bromeliaceae","Racinea","Racinaea spiculosa","LOT3","Ylepi_49","LOT03","GTGAATCATCGAATCTTTGAA","TCCTCCGCTTATTGATATGC","catcagtc","actagatc",19,7,"D","Ylepi_49","Ylepi_49","sample",NA,"20","7","library3",15385,337,"young_leaf","epiphyte","Bromeliaceae",TRUE,NA,TRUE,TRUE,6135,21668,3085,18594,648,18594,15385,337,NA,NA,NA,NA
"Ylepi_50","LOT03-49650","young_leaf","epiphyte","Bromeliaceae","Catopsis","Catopsis sessiliflora","LOT3","Ylepi_50","LOT03","GTGAATCATCGAATCTTTGAA","TCCTCCGCTTATTGATATGC","atcagtca","actagatc",19,7,"E","Ylepi_50","Ylepi_50","sample",NA,"21","7","library3",14768,373,"young_leaf","epiphyte","Bromeliaceae",TRUE,NA,TRUE,TRUE,6467,23008,3367,19895,866,19895,14768,373,NA,NA,NA,NA
"Ylepi_51","LOT03-49651","young_leaf","epiphyte","Ericaceae","Sphyrospermum","Sphyrospermum buxifolium","LOT3","Ylepi_51","LOT03","GTGAATCATCGAATCTTTGAA","TCCTCCGCTTATTGATATGC","tctactga","actagatc",19,7,"F","Ylepi_51","Ylepi_51","sample",NA,"22","7","library3",11131,275,"young_leaf","epiphyte","Ericaceae",TRUE,NA,TRUE,TRUE,13317,64640,6541,57096,740,57096,11131,275,NA,NA,NA,NA
"Ylepi_52","LOT03-49652","young_leaf","epiphyte","Bromeliaceae","Catopsis","Catopsis sessiliflora","LOT3","Ylepi_52","LOT03","GTGAATCATCGAATCTTTGAA","TCCTCCGCTTATTGATATGC","gatgatct","actagatc",19,7,"G","Ylepi_52","Ylepi_52","sample",NA,"23","7","library3",9411,327,"young_leaf","epiphyte","Bromeliaceae",TRUE,NA,TRUE,TRUE,10518,41284,5285,36013,892,36013,9411,327,NA,NA,NA,NA
"Ylendo_52","LOT03-49652","young_leaf","endophyte","Bromeliaceae","Catopsis","Catopsis sessiliflora","LOT3","Ylendo_52","LOT03","GTGAATCATCGAATCTTTGAA","TCCTCCGCTTATTGATATGC","acacacac","gatcgcga",17,8,"A","Ylendo_52","Ylendo_52","sample",NA,"1","8","library3",4454,152,"young_leaf","endophyte","Bromeliaceae",TRUE,NA,TRUE,TRUE,3554,10357,1947,8743,354,8743,4454,152,NA,NA,NA,NA
"Ylendo_54","LOT03-49654","young_leaf","endophyte","Ericaceae","Sphyrospermum","Sphyrospermum dissimile","LOT3","Ylendo_54","LOT03","GTGAATCATCGAATCTTTGAA","TCCTCCGCTTATTGATATGC","gtgtacat","gatcgcga",17,8,"C","Ylendo_54","Ylendo_54","sample",NA,"3","8","library3",857,45,"young_leaf","endophyte","Ericaceae",TRUE,"too much untargeted",FALSE,TRUE,4617,21282,1783,18391,166,18391,857,45,NA,NA,NA,NA
"Ylendo_55","LOT03-49655","young_leaf","endophyte","Clusiaceae","Clusia","Clusia sp.CC1","LOT3","Ylendo_55","LOT03","GTGAATCATCGAATCTTTGAA","TCCTCCGCTTATTGATATGC","tatgtcag","gatcgcga",17,8,"D","Ylendo_55","Ylendo_55","sample",NA,"4","8","library3",7425,150,"young_leaf","endophyte","Clusiaceae",TRUE,"too much untargeted",FALSE,TRUE,7463,22267,3567,18342,380,18342,7425,150,NA,NA,NA,NA
"Ylendo_57","LOT03-49457","young_leaf","endophyte","Rubiaceae","Notopleura","Notopleura epiphytica","LOT3","Ylendo_57","LOT03","GTGAATCATCGAATCTTTGAA","TCCTCCGCTTATTGATATGC","tactatac","gatcgcga",17,8,"F","Ylendo_57","Ylendo_57","sample",NA,"6","8","library3",12015,238,"young_leaf","endophyte","Rubiaceae",TRUE,NA,TRUE,TRUE,5470,18185,2864,15335,524,15335,12015,238,NA,NA,NA,NA
"Ylendo_58","LOT03-49658","young_leaf","endophyte","Araceae","Anthurium","Anthurium scandens","LOT3","Ylendo_58","LOT03","GTGAATCATCGAATCTTTGAA","TCCTCCGCTTATTGATATGC","actagatc","gatcgcga",17,8,"G","Ylendo_58","Ylendo_58","sample",NA,"7","8","library3",7446,163,"young_leaf","endophyte","Araceae",TRUE,"too much untargeted",FALSE,TRUE,3370,11588,1709,9626,365,9626,7446,163,NA,NA,NA,NA
"Ylendo_59","LOT03-49559","young_leaf","endophyte","Araceae","Anthurium","Anthurium ovatifolium","LOT3","Ylendo_59","LOT03","GTGAATCATCGAATCTTTGAA","TCCTCCGCTTATTGATATGC","gatcgcga","gatcgcga",17,8,"H","Ylendo_59","Ylendo_59","sample",NA,"8","8","library3",24103,385,"young_leaf","endophyte","Araceae",TRUE,"too much untargeted",FALSE,TRUE,14481,46758,7110,39338,970,39338,24103,385,NA,NA,NA,NA
"Ylepi_53","LOT03-49653","young_leaf","epiphyte","Bromeliaceae","Tillandsia","Tillandsia buseri","LOT3","Ylepi_53","LOT03","GTGAATCATCGAATCTTTGAA","TCCTCCGCTTATTGATATGC","gtacgact","gatcgcga",19,8,"A","Ylepi_53","Ylepi_53","sample",NA,"17","8","library3",42361,552,"young_leaf","epiphyte","Bromeliaceae",TRUE,NA,TRUE,TRUE,18018,68000,8530,58380,1234,58380,42361,552,NA,NA,NA,NA
"Ylepi_54","LOT03-49654","young_leaf","epiphyte","Ericaceae","Sphyrospermum","Sphyrospermum dissimile","LOT3","Ylepi_54","LOT03","GTGAATCATCGAATCTTTGAA","TCCTCCGCTTATTGATATGC","atgatcgc","gatcgcga",19,8,"B","Ylepi_54","Ylepi_54","sample",NA,"18","8","library3",16469,235,"young_leaf","epiphyte","Ericaceae",TRUE,"too much untargeted",FALSE,TRUE,14521,55969,7146,48475,638,48475,16469,235,NA,NA,NA,NA
"Ylepi_55","LOT03-49655","young_leaf","epiphyte","Clusiaceae","Clusia","Clusia sp.CC1","LOT3","Ylepi_55","LOT03","GTGAATCATCGAATCTTTGAA","TCCTCCGCTTATTGATATGC","acgacgag","gatcgcga",19,8,"C","Ylepi_55","Ylepi_55","sample",NA,"19","8","library3",9941,163,"young_leaf","epiphyte","Clusiaceae",TRUE,"too much untargeted",FALSE,TRUE,8872,27848,4573,23541,464,23541,9941,163,NA,NA,NA,NA
"Ylepi_56","LOT03-49456","young_leaf","epiphyte","Araceae","Stenospermation","Stenospermation cf. densiovulatum","LOT3","Ylepi_56","LOT03","GTGAATCATCGAATCTTTGAA","TCCTCCGCTTATTGATATGC","catcagtc","gatcgcga",19,8,"D","Ylepi_56","Ylepi_56","sample",NA,"20","8","library3",23024,283,"young_leaf","epiphyte","Araceae",TRUE,"too much untargeted",FALSE,TRUE,14932,49461,7059,41538,886,41538,23024,283,NA,NA,NA,NA
"Ylepi_57","LOT03-49457","young_leaf","epiphyte","Rubiaceae","Notopleura","Notopleura epiphytica","LOT3","Ylepi_57","LOT03","GTGAATCATCGAATCTTTGAA","TCCTCCGCTTATTGATATGC","atcagtca","gatcgcga",19,8,"E","Ylepi_57","Ylepi_57","sample",NA,"21","8","library3",16418,365,"young_leaf","epiphyte","Rubiaceae",TRUE,NA,TRUE,TRUE,7544,25128,4116,21692,902,21692,16418,365,NA,NA,NA,NA
"Ylepi_58","LOT03-49658","young_leaf","epiphyte","Araceae","Anthurium","Anthurium scandens","LOT3","Ylepi_58","LOT03","GTGAATCATCGAATCTTTGAA","TCCTCCGCTTATTGATATGC","tctactga","gatcgcga",19,8,"F","Ylepi_58","Ylepi_58","sample",NA,"22","8","library3",11439,314,"young_leaf","epiphyte","Araceae",TRUE,"too much untargeted",FALSE,TRUE,13366,40528,6541,33662,912,33662,11439,314,NA,NA,NA,NA
"Ylepi_59","LOT03-49559","young_leaf","epiphyte","Araceae","Anthurium","Anthurium ovatifolium","LOT3","Ylepi_59","LOT03","GTGAATCATCGAATCTTTGAA","TCCTCCGCTTATTGATATGC","gatgatct","gatcgcga",19,8,"G","Ylepi_59","Ylepi_59","sample",NA,"23","8","library3",14668,298,"young_leaf","epiphyte","Araceae",TRUE,"too much untargeted",FALSE,TRUE,11820,37345,5765,31228,942,31228,14668,298,NA,NA,NA,NA
"Ylepi_60","LOT03-49460","young_leaf","epiphyte","Primulaceae","Cybianthus","Cybianthus magnus","LOT3","Ylepi_60","LOT03","GTGAATCATCGAATCTTTGAA","TCCTCCGCTTATTGATATGC","ctgcgtac","gatcgcga",19,8,"H","Ylepi_60","Ylepi_60","sample",NA,"24","8","library3",7187,402,"young_leaf","epiphyte","Primulaceae",TRUE,"too much untargeted",FALSE,TRUE,7298,19442,3920,16057,926,16057,7187,402,NA,NA,NA,NA
"Ylendo_60","LOT03-49460","young_leaf","endophyte","Primulaceae","Cybianthus","Cybianthus magnus","LOT3","Ylendo_60","LOT03","GTGAATCATCGAATCTTTGAA","TCCTCCGCTTATTGATATGC","acacacac","cgctctcg",17,9,"A","Ylendo_60","Ylendo_60","sample",NA,"1","9","library3",1322,105,"young_leaf","endophyte","Primulaceae",TRUE,"too much untargeted",FALSE,TRUE,2586,9225,1136,7263,260,7263,1322,105,NA,NA,NA,NA
"Ylendo_61","LOT03-49661","young_leaf","endophyte","Melastomataceae","Blakea","Blakea sp.CC1","LOT3","Ylendo_61","LOT03","GTGAATCATCGAATCTTTGAA","TCCTCCGCTTATTGATATGC","acagcaca","cgctctcg",17,9,"B","Ylendo_61","Ylendo_61","sample",NA,"2","9","library3",6039,128,"young_leaf","endophyte","Melastomataceae",TRUE,NA,TRUE,TRUE,3447,15077,1665,13274,233,13274,6039,128,NA,NA,NA,NA
"Ylendo_62","LOT03-49662","young_leaf","endophyte","Araceae","Anthurium","Anthurium obtusum","LOT3","Ylendo_62","LOT03","GTGAATCATCGAATCTTTGAA","TCCTCCGCTTATTGATATGC","gtgtacat","cgctctcg",17,9,"C","Ylendo_62","Ylendo_62","sample",NA,"3","9","library3",14285,47,"young_leaf","endophyte","Araceae",TRUE,NA,TRUE,TRUE,2169,15525,1157,14494,130,14494,14285,47,NA,NA,NA,NA
"Ylendo_63","LOT03-49563","young_leaf","endophyte","Melastomataceae","Blakea","Blakea sp.CC2","LOT3","Ylendo_63","LOT03","GTGAATCATCGAATCTTTGAA","TCCTCCGCTTATTGATATGC","tatgtcag","cgctctcg",17,9,"D","Ylendo_63","Ylendo_63","sample",NA,"4","9","library3",5504,97,"young_leaf","endophyte","Melastomataceae",TRUE,"too much untargeted",FALSE,TRUE,3358,11235,1639,9166,246,9166,5504,97,NA,NA,NA,NA
"Ylendo_64","LOT03-49464","young_leaf","endophyte","Araliaceae","Sciodaphyllum","Sciodaphyllum lancifoliolatum","LOT3","Ylendo_64","LOT03","GTGAATCATCGAATCTTTGAA","TCCTCCGCTTATTGATATGC","tagtcgca","cgctctcg",17,9,"E","Ylendo_64","Ylendo_64","sample",NA,"5","9","library3",43006,122,"young_leaf","endophyte","Araliaceae",TRUE,"too much untargeted",FALSE,TRUE,7096,65291,2970,61132,280,61132,43006,122,NA,NA,NA,NA
"Ylendo_65","LOT03-49465","young_leaf","endophyte","Rubiaceae","Notopleura","Notopleura epiphytica","LOT3","Ylendo_65","LOT03","GTGAATCATCGAATCTTTGAA","TCCTCCGCTTATTGATATGC","tactatac","cgctctcg",17,9,"F","Ylendo_65","Ylendo_65","sample",NA,"6","9","library3",9246,246,"young_leaf","endophyte","Rubiaceae",TRUE,"too much untargeted",FALSE,TRUE,5435,18195,3096,15704,563,15704,9246,246,NA,NA,NA,NA
"Ylendo_66","LOT03-49466","young_leaf","endophyte","Ericaceae","Sphyrospermum","Sphyrospermum dissimile","LOT3","Ylendo_66","LOT03","GTGAATCATCGAATCTTTGAA","TCCTCCGCTTATTGATATGC","actagatc","cgctctcg",17,9,"G","Ylendo_66","Ylendo_66","sample",NA,"7","9","library3",1501,53,"young_leaf","endophyte","Ericaceae",TRUE,"too much untargeted",FALSE,TRUE,7397,42217,2759,37550,152,37550,1501,53,NA,NA,NA,NA
"Ylendo_67","LOT03-49467","young_leaf","endophyte","Rubiaceae","Notopleura","Notopleura epiphytica","LOT3","Ylendo_67","LOT03","GTGAATCATCGAATCTTTGAA","TCCTCCGCTTATTGATATGC","gatcgcga","cgctctcg",17,9,"H","Ylendo_67","Ylendo_67","sample",NA,"8","9","library3",20911,195,"young_leaf","endophyte","Rubiaceae",TRUE,NA,TRUE,TRUE,5708,26964,2857,24109,427,24109,20911,195,NA,NA,NA,NA
"Ylepi_61","LOT03-49661","young_leaf","epiphyte","Melastomataceae","Blakea","Blakea sp.CC1","LOT3","Ylepi_61","LOT03","GTGAATCATCGAATCTTTGAA","TCCTCCGCTTATTGATATGC","gtacgact","cgctctcg",19,9,"A","Ylepi_61","Ylepi_61","sample",NA,"17","9","library3",7581,224,"young_leaf","epiphyte","Melastomataceae",TRUE,NA,TRUE,TRUE,6120,22754,2967,19599,556,19599,7581,224,NA,NA,NA,NA
"Ylepi_62","LOT03-49662","young_leaf","epiphyte","Araceae","Anthurium","Anthurium obtusum","LOT3","Ylepi_62","LOT03","GTGAATCATCGAATCTTTGAA","TCCTCCGCTTATTGATATGC","atgatcgc","cgctctcg",19,9,"B","Ylepi_62","Ylepi_62","sample",NA,"18","9","library3",22939,333,"young_leaf","epiphyte","Araceae",TRUE,NA,TRUE,TRUE,10088,34167,4858,28919,798,28919,22939,333,NA,NA,NA,NA
"Ylepi_63","LOT03-49563","young_leaf","epiphyte","Melastomataceae","Blakea","Blakea sp.CC2","LOT3","Ylepi_63","LOT03","GTGAATCATCGAATCTTTGAA","TCCTCCGCTTATTGATATGC","acgacgag","cgctctcg",19,9,"C","Ylepi_63","Ylepi_63","sample",NA,"19","9","library3",3743,200,"young_leaf","epiphyte","Melastomataceae",TRUE,"too much untargeted",FALSE,TRUE,5395,14689,2928,12216,627,12216,3743,200,NA,NA,NA,NA
"Ylepi_64","LOT03-49464","young_leaf","epiphyte","Araliaceae","Sciodaphyllum","Sciodaphyllum lancifoliolatum","LOT3","Ylepi_64","LOT03","GTGAATCATCGAATCTTTGAA","TCCTCCGCTTATTGATATGC","catcagtc","cgctctcg",19,9,"D","Ylepi_64","Ylepi_64","sample",NA,"20","9","library3",26248,332,"young_leaf","epiphyte","Araliaceae",TRUE,"too much untargeted",FALSE,TRUE,14041,48975,7013,41824,844,41824,26248,332,NA,NA,NA,NA
"Ylepi_65","LOT03-49465","young_leaf","epiphyte","Rubiaceae","Notopleura","Notopleura epiphytica","LOT3","Ylepi_65","LOT03","GTGAATCATCGAATCTTTGAA","TCCTCCGCTTATTGATATGC","atcagtca","cgctctcg",19,9,"E","Ylepi_65","Ylepi_65","sample",NA,"21","9","library3",12192,511,"young_leaf","epiphyte","Rubiaceae",TRUE,"too much untargeted",FALSE,TRUE,11164,31174,6306,26309,1352,26309,12192,511,NA,NA,NA,NA
"Ylepi_66","LOT03-49466","young_leaf","epiphyte","Ericaceae","Sphyrospermum","Sphyrospermum dissimile","LOT3","Ylepi_66","LOT03","GTGAATCATCGAATCTTTGAA","TCCTCCGCTTATTGATATGC","tctactga","cgctctcg",19,9,"F","Ylepi_66","Ylepi_66","sample",NA,"22","9","library3",2993,145,"young_leaf","epiphyte","Ericaceae",TRUE,NA,TRUE,TRUE,2482,6216,1318,5048,460,5048,2993,145,NA,NA,NA,NA
"Ylepi_67","LOT03-49467","young_leaf","epiphyte","Rubiaceae","Notopleura","Notopleura epiphytica","LOT3","Ylepi_67","LOT03","GTGAATCATCGAATCTTTGAA","TCCTCCGCTTATTGATATGC","gatgatct","cgctctcg",19,9,"G","Ylepi_67","Ylepi_67","sample",NA,"23","9","library3",14330,362,"young_leaf","epiphyte","Rubiaceae",TRUE,NA,TRUE,TRUE,7915,25045,4345,21468,1025,21468,14330,362,NA,NA,NA,NA
"Ylepi_68","LOT03-49468","young_leaf","epiphyte","Clusiaceae","Clusia","Clusia cf. octandra","LOT3","Ylepi_68","LOT03","GTGAATCATCGAATCTTTGAA","TCCTCCGCTTATTGATATGC","ctgcgtac","cgctctcg",19,9,"H","Ylepi_68","Ylepi_68","sample",NA,"24","9","library3",6120,261,"young_leaf","epiphyte","Clusiaceae",TRUE,"too much untargeted",FALSE,TRUE,6391,18560,3432,15591,608,15591,6120,261,NA,NA,NA,NA
"Ylendo_68","LOT03-49468","young_leaf","endophyte","Clusiaceae","Clusia","Clusia cf. octandra","LOT3","Ylendo_68","LOT03","GTGAATCATCGAATCTTTGAA","TCCTCCGCTTATTGATATGC","acacacac","gtcgtaga",17,10,"A","Ylendo_68","Ylendo_68","sample",NA,"1","10","library3",1366,76,"young_leaf","endophyte","Clusiaceae",TRUE,"too much untargeted",FALSE,TRUE,11856,47843,3447,39402,195,39402,1366,76,NA,NA,NA,NA
"Ylendo_69","LOT03-49569","young_leaf","endophyte","Bromeliaceae","Racinea","Racinaea spiculosa","LOT3","Ylendo_69","LOT03","GTGAATCATCGAATCTTTGAA","TCCTCCGCTTATTGATATGC","acagcaca","gtcgtaga",17,10,"B","Ylendo_69","Ylendo_69","sample",NA,"2","10","library3",54864,126,"young_leaf","endophyte","Bromeliaceae",TRUE,NA,TRUE,TRUE,7962,60652,3766,56389,309,56389,54864,126,NA,NA,NA,NA
"Ylendo_70","LOT03-49470","young_leaf","endophyte","Araceae","Anthurium","Anthurium scandens","LOT3","Ylendo_70","LOT03","GTGAATCATCGAATCTTTGAA","TCCTCCGCTTATTGATATGC","gtgtacat","gtcgtaga",17,10,"C","Ylendo_70","Ylendo_70","sample",NA,"3","10","library3",5278,121,"young_leaf","endophyte","Araceae",TRUE,NA,TRUE,TRUE,3549,13032,2067,11510,297,11510,5278,121,NA,NA,NA,NA
"Ylendo_72","LOT03-49572","young_leaf","endophyte","Rubiaceae","Notopleura","Notopleura epiphytica","LOT3","Ylendo_72","LOT03","GTGAATCATCGAATCTTTGAA","TCCTCCGCTTATTGATATGC","tagtcgca","gtcgtaga",17,10,"E","Ylendo_72","Ylendo_72","sample",NA,"5","10","library3",7529,318,"young_leaf","endophyte","Rubiaceae",TRUE,"too much untargeted",FALSE,TRUE,4920,19696,2839,17591,775,17591,7529,318,NA,NA,NA,NA
"Ylendo_73","LOT03-49573","young_leaf","endophyte","Araceae","Anthurium","Anthurium obtusum","LOT3","Ylendo_73","LOT03","GTGAATCATCGAATCTTTGAA","TCCTCCGCTTATTGATATGC","tactatac","gtcgtaga",17,10,"F","Ylendo_73","Ylendo_73","sample",NA,"6","10","library3",8727,262,"young_leaf","endophyte","Araceae",TRUE,NA,TRUE,TRUE,3767,17104,2107,15424,589,15424,8727,262,NA,NA,NA,NA
"Ylendo_74","LOT03-49574","young_leaf","endophyte","Ericaceae","Sphyrospermum","Sphyrospermum buxifolium","LOT3","Ylendo_74","LOT03","GTGAATCATCGAATCTTTGAA","TCCTCCGCTTATTGATATGC","actagatc","gtcgtaga",17,10,"G","Ylendo_74","Ylendo_74","sample",NA,"7","10","library3",284,36,"young_leaf","endophyte","Ericaceae",TRUE,"too much untargeted",FALSE,TRUE,3589,17362,1324,15078,89,15078,284,36,NA,NA,NA,NA
"Ylepi_69","LOT03-49569","young_leaf","epiphyte","Bromeliaceae","Racinea","Racinaea spiculosa","LOT3","Ylepi_69","LOT03","GTGAATCATCGAATCTTTGAA","TCCTCCGCTTATTGATATGC","gtacgact","gtcgtaga",19,10,"A","Ylepi_69","Ylepi_69","sample",NA,"17","10","library3",9357,271,"young_leaf","epiphyte","Bromeliaceae",TRUE,NA,TRUE,TRUE,5220,15793,2812,13342,613,13342,9357,271,NA,NA,NA,NA
"Ylepi_70","LOT03-49470","young_leaf","epiphyte","Araceae","Anthurium","Anthurium scandens","LOT3","Ylepi_70","LOT03","GTGAATCATCGAATCTTTGAA","TCCTCCGCTTATTGATATGC","atgatcgc","gtcgtaga",19,10,"B","Ylepi_70","Ylepi_70","sample",NA,"18","10","library3",8692,147,"young_leaf","epiphyte","Araceae",TRUE,"too much untargeted",FALSE,TRUE,9763,31010,5273,26477,510,26477,8692,147,NA,NA,NA,NA
"Ylepi_71","LOT03-49571","young_leaf","epiphyte","Rubiaceae","Notopleura","Notopleura epiphytica","LOT3","Ylepi_71","LOT03","GTGAATCATCGAATCTTTGAA","TCCTCCGCTTATTGATATGC","acgacgag","gtcgtaga",19,10,"C","Ylepi_71","Ylepi_71","sample",NA,"19","10","library3",3189,189,"young_leaf","epiphyte","Rubiaceae",TRUE,NA,TRUE,TRUE,4093,12759,2108,10739,483,10739,3189,189,NA,NA,NA,NA
"Ylepi_72","LOT03-49572","young_leaf","epiphyte","Rubiaceae","Notopleura","Notopleura epiphytica","LOT3","Ylepi_72","LOT03","GTGAATCATCGAATCTTTGAA","TCCTCCGCTTATTGATATGC","catcagtc","gtcgtaga",19,10,"D","Ylepi_72","Ylepi_72","sample",NA,"20","10","library3",5560,242,"young_leaf","epiphyte","Rubiaceae",TRUE,"too much untargeted",FALSE,TRUE,14040,47483,6378,39330,749,39330,5560,242,NA,NA,NA,NA
"Ylepi_73","LOT03-49573","young_leaf","epiphyte","Araceae","Anthurium","Anthurium obtusum","LOT3","Ylepi_73","LOT03","GTGAATCATCGAATCTTTGAA","TCCTCCGCTTATTGATATGC","atcagtca","gtcgtaga",19,10,"E","Ylepi_73","Ylepi_73","sample",NA,"21","10","library3",22529,286,"young_leaf","epiphyte","Araceae",TRUE,NA,TRUE,TRUE,10952,40458,5560,34797,804,34797,22529,286,NA,NA,NA,NA
"Ylepi_74","LOT03-49574","young_leaf","epiphyte","Ericaceae","Sphyrospermum","Sphyrospermum buxifolium","LOT3","Ylepi_74","LOT03","GTGAATCATCGAATCTTTGAA","TCCTCCGCTTATTGATATGC","tctactga","gtcgtaga",19,10,"F","Ylepi_74","Ylepi_74","sample",NA,"22","10","library3",5148,262,"young_leaf","epiphyte","Ericaceae",TRUE,"too much untargeted",FALSE,TRUE,6087,23845,3178,20899,543,20899,5148,262,NA,NA,NA,NA
"Ylepi_75","LOT03-49575","young_leaf","epiphyte","Araceae","Anthurium","Anthurium obtusum","LOT3","Ylepi_75","LOT03","GTGAATCATCGAATCTTTGAA","TCCTCCGCTTATTGATATGC","gatgatct","gtcgtaga",19,10,"G","Ylepi_75","Ylepi_75","sample",NA,"23","10","library3",21946,242,"young_leaf","epiphyte","Araceae",TRUE,"too much untargeted",FALSE,TRUE,11048,42300,5645,36866,839,36866,21946,242,NA,NA,NA,NA
"Ylepi_76","LOT03-49576","young_leaf","epiphyte","Ericaceae","Sphyrospermum","Sphyrospermum buxifolium","LOT3","Ylepi_76","LOT03","GTGAATCATCGAATCTTTGAA","TCCTCCGCTTATTGATATGC","ctgcgtac","gtcgtaga",19,10,"H","Ylepi_76","Ylepi_76","sample",NA,"24","10","library3",5000,228,"young_leaf","epiphyte","Ericaceae",TRUE,"too much untargeted",FALSE,TRUE,6044,16769,3079,13786,606,13786,5000,228,NA,NA,NA,NA
"Ylendo_76","LOT03-49576","young_leaf","endophyte","Ericaceae","Sphyrospermum","Sphyrospermum buxifolium","LOT3","Ylendo_76","LOT03","GTGAATCATCGAATCTTTGAA","TCCTCCGCTTATTGATATGC","acacacac","gtcacgtc",17,11,"A","Ylendo_76","Ylendo_76","sample",NA,"1","11","library3",3559,111,"young_leaf","endophyte","Ericaceae",TRUE,"too much untargeted",FALSE,TRUE,5789,21751,2680,18641,257,18641,3559,111,NA,NA,NA,NA
"Rendo_01","LOT03-49501","root","endophyte","Bromeliaceae","Guzmania cf.","Guzmania cf. brasiliensis","LOT3","Rendo_01","LOT03","GTGAATCATCGAATCTTTGAA","TCCTCCGCTTATTGATATGC","gtcgtaga","agcgacta",22,1,"B","Rendo_01","Rendo_01","sample",NA,"10","13","library3",25126,218,"root","endophyte","Bromeliaceae",TRUE,NA,TRUE,TRUE,10936,50974,5088,45112,645,45112,25126,218,NA,NA,NA,NA
"Rendo_02","LOT03-49502","root","endophyte","Bromeliaceae","Guzmania cf.","Guzmania cf. brasiliensis","LOT3","Rendo_02","LOT03","GTGAATCATCGAATCTTTGAA","TCCTCCGCTTATTGATATGC","gtcacgtc","agcgacta",22,1,"C","Rendo_02","Rendo_02","sample",NA,"11","13","library3",25099,185,"root","endophyte","Bromeliaceae",TRUE,NA,TRUE,TRUE,7094,40806,3318,37023,521,37023,25099,185,NA,NA,NA,NA
"Rendo_03","LOT03-49503","root","endophyte","Bromeliaceae","Guzmania cf.","Guzmania cf. brasiliensis","LOT3","Rendo_03","LOT03","GTGAATCATCGAATCTTTGAA","TCCTCCGCTTATTGATATGC","gactgatg","agcgacta",22,1,"D","Rendo_03","Rendo_03","sample",NA,"12","13","library3",27031,141,"root","endophyte","Bromeliaceae",TRUE,NA,TRUE,TRUE,6509,43492,3109,40074,431,40074,27031,141,NA,NA,NA,NA
"Rendo_04","LOT03-49404","root","endophyte","Bromeliaceae","Guzmania cf.","Guzmania cf. brasiliensis","LOT3","Rendo_04","LOT03","GTGAATCATCGAATCTTTGAA","TCCTCCGCTTATTGATATGC","agactatg","agcgacta",22,1,"E","Rendo_04","Rendo_04","sample",NA,"13","13","library3",23674,197,"root","endophyte","Bromeliaceae",TRUE,NA,TRUE,TRUE,5339,34480,2524,31545,471,31545,23674,197,NA,NA,NA,NA
"Rendo_05","LOT03-49405","root","endophyte","Bromeliaceae","Guzmania cf.","Guzmania cf. brasiliensis","LOT3","Rendo_05","LOT03","GTGAATCATCGAATCTTTGAA","TCCTCCGCTTATTGATATGC","gcgtcagc","agcgacta",22,1,"F","Rendo_05","Rendo_05","sample",NA,"14","13","library3",6231,151,"root","endophyte","Bromeliaceae",TRUE,NA,TRUE,TRUE,4644,15807,2406,13205,516,13205,6231,151,NA,NA,NA,NA
"Rendo_06","LOT03-49506","root","endophyte","Bromeliaceae","Tillandsia","Tillandsia delicatula","LOT3","Rendo_06","LOT03","GTGAATCATCGAATCTTTGAA","TCCTCCGCTTATTGATATGC","tgacatca","agcgacta",22,1,"G","Rendo_06","Rendo_06","sample",NA,"15","13","library3",26178,218,"root","endophyte","Bromeliaceae",TRUE,NA,TRUE,TRUE,7930,36475,3912,32452,591,32452,26178,218,NA,NA,NA,NA
"Rendo_07","LOT03-49407","root","endophyte","Bromeliaceae","Guzmania cf.","Guzmania cf. brasiliensis","LOT3","Rendo_07","LOT03","GTGAATCATCGAATCTTTGAA","TCCTCCGCTTATTGATATGC","acatgtgt","agcgacta",22,1,"H","Rendo_07","Rendo_07","sample",NA,"16","13","library3",20414,678,"root","endophyte","Bromeliaceae",TRUE,NA,TRUE,TRUE,12352,39664,6968,31755,1984,31755,20414,678,NA,NA,NA,NA
"Olendo_01","LOT03-49501","old_leaf","endophyte","Bromeliaceae","Guzmania cf.","Guzmania cf. brasiliensis","LOT3","Olendo_01","LOT03","GTGAATCATCGAATCTTTGAA","TCCTCCGCTTATTGATATGC","atgatcgc","agcgacta",23,1,"B","Olendo_01","Olendo_01","sample",NA,"18","13","library3",2440,157,"old_leaf","endophyte","Bromeliaceae",TRUE,NA,TRUE,TRUE,2181,5415,928,4098,468,4098,2440,157,NA,NA,NA,NA
"Olendo_02","LOT03-49502","old_leaf","endophyte","Bromeliaceae","Guzmania cf.","Guzmania cf. brasiliensis","LOT3","Olendo_02","LOT03","GTGAATCATCGAATCTTTGAA","TCCTCCGCTTATTGATATGC","acgacgag","agcgacta",23,1,"C","Olendo_02","Olendo_02","sample",NA,"19","13","library3",6284,139,"old_leaf","endophyte","Bromeliaceae",TRUE,NA,TRUE,TRUE,3198,13405,1526,11723,387,11723,6284,139,NA,NA,NA,NA
"Olendo_04","LOT03-49404","old_leaf","endophyte","Bromeliaceae","Guzmania cf.","Guzmania cf. brasiliensis","LOT3","Olendo_04","LOT03","GTGAATCATCGAATCTTTGAA","TCCTCCGCTTATTGATATGC","atcagtca","agcgacta",23,1,"E","Olendo_04","Olendo_04","sample",NA,"21","13","library3",15987,163,"old_leaf","endophyte","Bromeliaceae",TRUE,NA,TRUE,TRUE,4285,21637,1885,19216,460,19216,15987,163,NA,NA,NA,NA
"Olendo_05","LOT03-49405","old_leaf","endophyte","Bromeliaceae","Guzmania cf.","Guzmania cf. brasiliensis","LOT3","Olendo_05","LOT03","GTGAATCATCGAATCTTTGAA","TCCTCCGCTTATTGATATGC","tctactga","agcgacta",23,1,"F","Olendo_05","Olendo_05","sample",NA,"22","13","library3",13435,414,"old_leaf","endophyte","Bromeliaceae",TRUE,NA,TRUE,TRUE,6573,21500,3397,18300,878,18300,13435,414,NA,NA,NA,NA
"Olendo_06","LOT03-49506","old_leaf","endophyte","Bromeliaceae","Tillandsia","Tillandsia delicatula","LOT3","Olendo_06","LOT03","GTGAATCATCGAATCTTTGAA","TCCTCCGCTTATTGATATGC","gatgatct","agcgacta",23,1,"G","Olendo_06","Olendo_06","sample",NA,"23","13","library3",19920,546,"old_leaf","endophyte","Bromeliaceae",TRUE,"too much untargeted",FALSE,TRUE,17415,51469,8514,42558,1506,42558,19920,546,NA,NA,NA,NA
"Olendo_07","LOT03-49407","old_leaf","endophyte","Bromeliaceae","Guzmania cf.","Guzmania cf. brasiliensis","LOT3","Olendo_07","LOT03","GTGAATCATCGAATCTTTGAA","TCCTCCGCTTATTGATATGC","ctgcgtac","agcgacta",23,1,"H","Olendo_07","Olendo_07","sample",NA,"24","13","library3",2542,182,"old_leaf","endophyte","Bromeliaceae",TRUE,"too much untargeted",FALSE,TRUE,4149,12661,1780,10243,537,10243,2542,182,NA,NA,NA,NA
"Olepi_08","LOT03-49508","old_leaf","epiphyte","Bromeliaceae","Guzmania cf.","Guzmania cf. brasiliensis","LOT3","Olepi_08","LOT03","GTGAATCATCGAATCTTTGAA","TCCTCCGCTTATTGATATGC","tcagtgtc","agcgacta",24,1,"B","Olepi_08","Olepi_08","sample",NA,"26","13","library3",9203,586,"old_leaf","epiphyte","Bromeliaceae",TRUE,"too much untargeted",FALSE,TRUE,16504,51398,8186,43075,1669,43075,9203,586,NA,NA,NA,NA
"Olepi_09","LOT03-49509","old_leaf","epiphyte","Bromeliaceae","Guzmania cf.","Guzmania cf. brasiliensis","LOT3","Olepi_09","LOT03","GTGAATCATCGAATCTTTGAA","TCCTCCGCTTATTGATATGC","actctgct","agcgacta",24,1,"C","Olepi_09","Olepi_09","sample",NA,"27","13","library3",33475,589,"old_leaf","epiphyte","Bromeliaceae",TRUE,"too much untargeted",FALSE,TRUE,27517,86305,11290,70075,2106,70075,33475,589,NA,NA,NA,NA
"Olepi_10","LOT03-49510","old_leaf","epiphyte","Bromeliaceae","Guzmania","Guzmania subglobosa","LOT3","Olepi_10","LOT03","GTGAATCATCGAATCTTTGAA","TCCTCCGCTTATTGATATGC","atatagcg","agcgacta",24,1,"D","Olepi_10","Olepi_10","sample",NA,"28","13","library3",18436,597,"old_leaf","epiphyte","Bromeliaceae",TRUE,"too much untargeted",FALSE,TRUE,17878,54036,8089,44245,1947,44245,18436,597,NA,NA,NA,NA
"Olepi_11","LOT03-49511","old_leaf","epiphyte","Bromeliaceae","Tillandsia","Tillandsia sp2","LOT3","Olepi_11","LOT03","GTGAATCATCGAATCTTTGAA","TCCTCCGCTTATTGATATGC","ctatgcta","agcgacta",24,1,"E","Olepi_11","Olepi_11","sample",NA,"29","13","library3",10217,660,"old_leaf","epiphyte","Bromeliaceae",TRUE,"too much untargeted",FALSE,TRUE,21767,60092,9057,47380,2236,47380,10217,660,NA,NA,NA,NA
"Olepi_12","LOT03-49512","old_leaf","epiphyte","Bromeliaceae","Aechmaea","Aechmaea sp1","LOT3","Olepi_12","LOT03","GTGAATCATCGAATCTTTGAA","TCCTCCGCTTATTGATATGC","tcgcgctg","agcgacta",24,1,"F","Olepi_12","Olepi_12","sample",NA,"30","13","library3",14434,595,"old_leaf","epiphyte","Bromeliaceae",TRUE,"too much untargeted",FALSE,TRUE,18818,56953,9433,47562,1985,47562,14434,595,NA,NA,NA,NA
"Olepi_13","LOT03-49513","old_leaf","epiphyte","Bromeliaceae","Aechmaea","Aechmaea sp1","LOT3","Olepi_13","LOT03","GTGAATCATCGAATCTTTGAA","TCCTCCGCTTATTGATATGC","agcacagt","agcgacta",24,1,"G","Olepi_13","Olepi_13","sample",NA,"31","13","library3",27889,957,"old_leaf","epiphyte","Bromeliaceae",TRUE,"too much untargeted",FALSE,TRUE,25291,79652,13008,67365,2815,67365,27889,957,NA,NA,NA,NA
"Olepi_14","LOT03-49514","old_leaf","epiphyte","Bromeliaceae","Aechmaea","Aechmaea sp1","LOT3","Olepi_14","LOT03","GTGAATCATCGAATCTTTGAA","TCCTCCGCTTATTGATATGC","tagctagt","agcgacta",24,1,"H","Olepi_14","Olepi_14","sample",NA,"32","13","library3",34831,827,"old_leaf","epiphyte","Bromeliaceae",TRUE,"too much untargeted",FALSE,TRUE,42672,137610,18577,113505,3428,113505,34831,827,NA,NA,NA,NA
"Rendo_08","LOT03-49508","root","endophyte","Bromeliaceae","Guzmania cf.","Guzmania cf. brasiliensis","LOT3","Rendo_08","LOT03","GTGAATCATCGAATCTTTGAA","TCCTCCGCTTATTGATATGC","cgctctcg","gcgtcagc",22,2,"A","Rendo_08","Rendo_08","sample",NA,"9","14","library3",12685,133,"root","endophyte","Bromeliaceae",TRUE,NA,TRUE,TRUE,5435,17998,2013,14569,303,14569,12685,133,NA,NA,NA,NA
"Rendo_09","LOT03-49509","root","endophyte","Bromeliaceae","Guzmania cf.","Guzmania cf. brasiliensis","LOT3","Rendo_09","LOT03","GTGAATCATCGAATCTTTGAA","TCCTCCGCTTATTGATATGC","gtcacgtc","gcgtcagc",22,2,"C","Rendo_09","Rendo_09","sample",NA,"11","14","library3",11452,243,"root","endophyte","Bromeliaceae",TRUE,NA,TRUE,TRUE,4684,17528,2477,15319,517,15319,11452,243,NA,NA,NA,NA
"Rendo_11","LOT03-49511","root","endophyte","Bromeliaceae","Tillandsia","Tillandsia sp2","LOT3","Rendo_11","LOT03","GTGAATCATCGAATCTTTGAA","TCCTCCGCTTATTGATATGC","agactatg","gcgtcagc",22,2,"E","Rendo_11","Rendo_11","sample",NA,"13","14","library3",4739,86,"root","endophyte","Bromeliaceae",TRUE,NA,TRUE,TRUE,1787,7899,832,6942,226,6942,4739,86,NA,NA,NA,NA
"Rendo_12","LOT03-49512","root","endophyte","Bromeliaceae","Aechmaea","Aechmaea sp1","LOT3","Rendo_12","LOT03","GTGAATCATCGAATCTTTGAA","TCCTCCGCTTATTGATATGC","gcgtcagc","gcgtcagc",22,2,"F","Rendo_12","Rendo_12","sample",NA,"14","14","library3",4744,77,"root","endophyte","Bromeliaceae",TRUE,NA,TRUE,TRUE,1720,6575,803,5658,216,5658,4744,77,NA,NA,NA,NA
"Rendo_13","LOT03-49513","root","endophyte","Bromeliaceae","Aechmaea","Aechmaea sp1","LOT3","Rendo_13","LOT03","GTGAATCATCGAATCTTTGAA","TCCTCCGCTTATTGATATGC","tgacatca","gcgtcagc",22,2,"G","Rendo_13","Rendo_13","sample",NA,"15","14","library3",9323,222,"root","endophyte","Bromeliaceae",TRUE,NA,TRUE,TRUE,3435,12508,1613,10681,522,10681,9323,222,NA,NA,NA,NA
"Rendo_14","LOT03-49514","root","endophyte","Bromeliaceae","Aechmaea","Aechmaea sp1","LOT3","Rendo_14","LOT03","GTGAATCATCGAATCTTTGAA","TCCTCCGCTTATTGATATGC","acatgtgt","gcgtcagc",22,2,"H","Rendo_14","Rendo_14","sample",NA,"16","14","library3",8072,93,"root","endophyte","Bromeliaceae",TRUE,NA,TRUE,TRUE,2899,10777,1189,8989,301,8989,8072,93,NA,NA,NA,NA
"Olendo_08","LOT03-49508","old_leaf","endophyte","Bromeliaceae","Guzmania cf.","Guzmania cf. brasiliensis","LOT3","Olendo_08","LOT03","GTGAATCATCGAATCTTTGAA","TCCTCCGCTTATTGATATGC","gtacgact","gcgtcagc",23,2,"A","Olendo_08","Olendo_08","sample",NA,"17","14","library3",2001,121,"old_leaf","endophyte","Bromeliaceae",TRUE,NA,TRUE,TRUE,2516,10213,1132,8822,344,8822,2001,121,NA,NA,NA,NA
"Olendo_09","LOT03-49509","old_leaf","endophyte","Bromeliaceae","Guzmania cf.","Guzmania cf. brasiliensis","LOT3","Olendo_09","LOT03","GTGAATCATCGAATCTTTGAA","TCCTCCGCTTATTGATATGC","acgacgag","gcgtcagc",23,2,"C","Olendo_09","Olendo_09","sample",NA,"19","14","library3",2275,169,"old_leaf","endophyte","Bromeliaceae",TRUE,"too much untargeted",FALSE,TRUE,2421,5820,1173,4554,426,4554,2275,169,NA,NA,NA,NA
"Olendo_10","LOT03-49510","old_leaf","endophyte","Bromeliaceae","Guzmania","Guzmania subglobosa","LOT3","Olendo_10","LOT03","GTGAATCATCGAATCTTTGAA","TCCTCCGCTTATTGATATGC","catcagtc","gcgtcagc",23,2,"D","Olendo_10","Olendo_10","sample",NA,"20","14","library3",6597,249,"old_leaf","endophyte","Bromeliaceae",TRUE,"too much untargeted",FALSE,TRUE,4491,14305,2255,12036,646,12036,6597,249,NA,NA,NA,NA
"Olendo_11","LOT03-49511","old_leaf","endophyte","Bromeliaceae","Tillandsia","Tillandsia sp2","LOT3","Olendo_11","LOT03","GTGAATCATCGAATCTTTGAA","TCCTCCGCTTATTGATATGC","atcagtca","gcgtcagc",23,2,"E","Olendo_11","Olendo_11","sample",NA,"21","14","library3",3159,231,"old_leaf","endophyte","Bromeliaceae",TRUE,"too much untargeted",FALSE,TRUE,4648,9953,2189,7484,669,7484,3159,231,NA,NA,NA,NA
"Olendo_12","LOT03-49512","old_leaf","endophyte","Bromeliaceae","Aechmaea","Aechmaea sp1","LOT3","Olendo_12","LOT03","GTGAATCATCGAATCTTTGAA","TCCTCCGCTTATTGATATGC","tctactga","gcgtcagc",23,2,"F","Olendo_12","Olendo_12","sample",NA,"22","14","library3",6769,216,"old_leaf","endophyte","Bromeliaceae",TRUE,NA,TRUE,TRUE,5119,14375,2724,11973,626,11973,6769,216,NA,NA,NA,NA
"Olendo_14","LOT03-49514","old_leaf","endophyte","Bromeliaceae","Aechmaea","Aechmaea sp1","LOT3","Olendo_14","LOT03","GTGAATCATCGAATCTTTGAA","TCCTCCGCTTATTGATATGC","ctgcgtac","gcgtcagc",23,2,"H","Olendo_14","Olendo_14","sample",NA,"24","14","library3",4315,188,"old_leaf","endophyte","Bromeliaceae",TRUE,"too much untargeted",FALSE,TRUE,4315,11206,2086,8961,554,8961,4315,188,NA,NA,NA,NA
"Olepi_15","LOT03-49515","old_leaf","epiphyte","Bromeliaceae","Guzmania cf.","Guzmania cf. brasiliensis","LOT3","Olepi_15","LOT03","GTGAATCATCGAATCTTTGAA","TCCTCCGCTTATTGATATGC","agcgacta","gcgtcagc",24,2,"A","Olepi_15","Olepi_15","sample",NA,"25","14","library3",16790,512,"old_leaf","epiphyte","Bromeliaceae",TRUE,"too much untargeted",FALSE,TRUE,14980,45846,8076,38940,1576,38940,16790,512,NA,NA,NA,NA
"Olepi_16","LOT03-49516","old_leaf","epiphyte","Bromeliaceae","Guzmania","Guzmania sp2","LOT3","Olepi_16","LOT03","GTGAATCATCGAATCTTTGAA","TCCTCCGCTTATTGATATGC","actctgct","gcgtcagc",24,2,"C","Olepi_16","Olepi_16","sample",NA,"27","14","library3",9912,324,"old_leaf","epiphyte","Bromeliaceae",TRUE,"too much untargeted",FALSE,TRUE,15940,44186,7161,35402,1283,35402,9912,324,NA,NA,NA,NA
"Olepi_17","LOT03-49417","old_leaf","epiphyte","Bromeliaceae","Tillandsia","Tillandsia sp1","LOT3","Olepi_17","LOT03","GTGAATCATCGAATCTTTGAA","TCCTCCGCTTATTGATATGC","atatagcg","gcgtcagc",24,2,"D","Olepi_17","Olepi_17","sample",NA,"28","14","library3",12946,406,"old_leaf","epiphyte","Bromeliaceae",TRUE,"too much untargeted",FALSE,TRUE,9467,29971,5006,25507,1168,25507,12946,406,NA,NA,NA,NA
"Olepi_18","LOT03-49418","old_leaf","epiphyte","Orchidaceae","Myoxanthus","Myoxanthus sp1","LOT3","Olepi_18","LOT03","GTGAATCATCGAATCTTTGAA","TCCTCCGCTTATTGATATGC","ctatgcta","gcgtcagc",24,2,"E","Olepi_18","Olepi_18","sample",NA,"29","14","library3",4915,259,"old_leaf","epiphyte","Orchidaceae",TRUE,"too much untargeted",FALSE,TRUE,5893,16972,2901,13980,866,13980,4915,259,NA,NA,NA,NA
"Olepi_19","LOT03-49519","old_leaf","epiphyte","Orchidaceae","Camaridium","Camaridium sp1","LOT3","Olepi_19","LOT03","GTGAATCATCGAATCTTTGAA","TCCTCCGCTTATTGATATGC","tcgcgctg","gcgtcagc",24,2,"F","Olepi_19","Olepi_19","sample",NA,"30","14","library3",13629,309,"old_leaf","epiphyte","Orchidaceae",TRUE,"too much untargeted",FALSE,TRUE,13293,37553,5411,29666,1096,29666,13629,309,NA,NA,NA,NA
"Olepi_20","LOT03-49520","old_leaf","epiphyte","Orchidaceae","Ornithidium","Ornithidium sp2","LOT3","Olepi_20","LOT03","GTGAATCATCGAATCTTTGAA","TCCTCCGCTTATTGATATGC","agcacagt","gcgtcagc",24,2,"G","Olepi_20","Olepi_20","sample",NA,"31","14","library3",30787,387,"old_leaf","epiphyte","Orchidaceae",TRUE,NA,TRUE,TRUE,12718,48540,6186,42002,1052,42002,30787,387,NA,NA,NA,NA
"Olepi_21","LOT03-49621","old_leaf","epiphyte","Orchidaceae","Ornithidium","Ornithidium sp2","LOT3","Olepi_21","LOT03","GTGAATCATCGAATCTTTGAA","TCCTCCGCTTATTGATATGC","tagctagt","gcgtcagc",24,2,"H","Olepi_21","Olepi_21","sample",NA,"32","14","library3",15436,403,"old_leaf","epiphyte","Orchidaceae",TRUE,"too much untargeted",FALSE,TRUE,10226,30966,5209,25946,1180,25946,15436,403,NA,NA,NA,NA
"Rendo_16","LOT03-49516","root","endophyte","Bromeliaceae","Guzmania","Guzmania sp2","LOT3","Rendo_16","LOT03","GTGAATCATCGAATCTTTGAA","TCCTCCGCTTATTGATATGC","gtcgtaga","tgacatca",22,3,"B","Rendo_16","Rendo_16","sample",NA,"10","15","library3",12726,189,"root","endophyte","Bromeliaceae",TRUE,NA,TRUE,TRUE,4940,24491,2312,21852,487,21852,12726,189,NA,NA,NA,NA
"Rendo_17","LOT03-49417","root","endophyte","Bromeliaceae","Tillandsia","Tillandsia sp1","LOT3","Rendo_17","LOT03","GTGAATCATCGAATCTTTGAA","TCCTCCGCTTATTGATATGC","gactgatg","tgacatca",22,3,"D","Rendo_17","Rendo_17","sample",NA,"12","15","library3",11795,195,"root","endophyte","Bromeliaceae",TRUE,NA,TRUE,TRUE,4890,23053,2307,20470,488,20470,11795,195,NA,NA,NA,NA
"Rendo_18","LOT03-49418","root","endophyte","Orchidaceae","Myoxanthus","Myoxanthus sp1","LOT3","Rendo_18","LOT03","GTGAATCATCGAATCTTTGAA","TCCTCCGCTTATTGATATGC","agactatg","tgacatca",22,3,"E","Rendo_18","Rendo_18","sample",NA,"13","15","library3",9454,102,"root","endophyte","Orchidaceae",TRUE,NA,TRUE,TRUE,2873,13712,1440,12279,274,12279,9454,102,NA,NA,NA,NA
"Rendo_19","LOT03-49519","root","endophyte","Orchidaceae","Camaridium","Camaridium sp1","LOT3","Rendo_19","LOT03","GTGAATCATCGAATCTTTGAA","TCCTCCGCTTATTGATATGC","gcgtcagc","tgacatca",22,3,"F","Rendo_19","Rendo_19","sample",NA,"14","15","library3",11692,188,"root","endophyte","Orchidaceae",TRUE,NA,TRUE,TRUE,3513,15579,1630,13695,491,13695,11692,188,NA,NA,NA,NA
"Rendo_20","LOT03-49520","root","endophyte","Orchidaceae","Ornithidium","Ornithidium sp2","LOT3","Rendo_20","LOT03","GTGAATCATCGAATCTTTGAA","TCCTCCGCTTATTGATATGC","acatgtgt","tgacatca",22,3,"H","Rendo_20","Rendo_20","sample",NA,"16","15","library3",15344,108,"root","endophyte","Orchidaceae",TRUE,NA,TRUE,TRUE,3835,19235,1734,17037,264,17037,15344,108,NA,NA,NA,NA
"Olendo_15","LOT03-49515","old_leaf","endophyte","Bromeliaceae","Guzmania cf.","Guzmania cf. brasiliensis","LOT3","Olendo_15","LOT03","GTGAATCATCGAATCTTTGAA","TCCTCCGCTTATTGATATGC","gtacgact","tgacatca",23,3,"A","Olendo_15","Olendo_15","sample",NA,"17","15","library3",11081,119,"old_leaf","endophyte","Bromeliaceae",TRUE,NA,TRUE,TRUE,3060,14928,1311,13157,321,13157,11081,119,NA,NA,NA,NA
"Olendo_16","LOT03-49516","old_leaf","endophyte","Bromeliaceae","Guzmania","Guzmania sp2","LOT3","Olendo_16","LOT03","GTGAATCATCGAATCTTTGAA","TCCTCCGCTTATTGATATGC","atgatcgc","tgacatca",23,3,"B","Olendo_16","Olendo_16","sample",NA,"18","15","library3",5828,206,"old_leaf","endophyte","Bromeliaceae",TRUE,"too much untargeted",FALSE,TRUE,6518,15226,2807,11510,523,11510,5828,206,NA,NA,NA,NA
"Olendo_18","LOT03-49418","old_leaf","endophyte","Orchidaceae","Myoxanthus","Myoxanthus sp1","LOT3","Olendo_18","LOT03","GTGAATCATCGAATCTTTGAA","TCCTCCGCTTATTGATATGC","atcagtca","tgacatca",23,3,"E","Olendo_18","Olendo_18","sample",NA,"21","15","library3",14127,222,"old_leaf","endophyte","Orchidaceae",TRUE,"too much untargeted",FALSE,TRUE,6237,21654,3192,18591,604,18591,14127,222,NA,NA,NA,NA
"Olendo_19","LOT03-49519","old_leaf","endophyte","Orchidaceae","Camaridium","Camaridium sp1","LOT3","Olendo_19","LOT03","GTGAATCATCGAATCTTTGAA","TCCTCCGCTTATTGATATGC","gatgatct","tgacatca",23,3,"G","Olendo_19","Olendo_19","sample",NA,"23","15","library3",52304,131,"old_leaf","endophyte","Orchidaceae",TRUE,NA,TRUE,TRUE,8404,58219,4232,54045,399,54045,52304,131,NA,NA,NA,NA
"Olendo_20","LOT03-49520","old_leaf","endophyte","Orchidaceae","Ornithidium","Ornithidium sp2","LOT3","Olendo_20","LOT03","GTGAATCATCGAATCTTTGAA","TCCTCCGCTTATTGATATGC","ctgcgtac","tgacatca",23,3,"H","Olendo_20","Olendo_20","sample",NA,"24","15","library3",33233,237,"old_leaf","endophyte","Orchidaceae",TRUE,NA,TRUE,TRUE,8954,41207,4599,36778,800,36778,33233,237,NA,NA,NA,NA
"Olepi_22","LOT03-49522","old_leaf","epiphyte","Ericaceae","Sphyrospermum","Sphyrospermum sp1","LOT3","Olepi_22","LOT03","GTGAATCATCGAATCTTTGAA","TCCTCCGCTTATTGATATGC","agcgacta","tgacatca",24,3,"A","Olepi_22","Olepi_22","sample",NA,"25","15","library3",14776,689,"old_leaf","epiphyte","Ericaceae",TRUE,"too much untargeted",FALSE,TRUE,14607,39481,7093,31954,1808,31954,14776,689,NA,NA,NA,NA
"Olepi_23","LOT03-49523","old_leaf","epiphyte","Ericaceae","Sphyrospermum","Sphyrospermum sp1","LOT3","Olepi_23","LOT03","GTGAATCATCGAATCTTTGAA","TCCTCCGCTTATTGATATGC","tcagtgtc","tgacatca",24,3,"B","Olepi_23","Olepi_23","sample",NA,"26","15","library3",10500,455,"old_leaf","epiphyte","Ericaceae",TRUE,NA,TRUE,TRUE,7393,21517,3874,17992,1115,17992,10500,455,NA,NA,NA,NA
"Olepi_24","LOT03-49624","old_leaf","epiphyte","Orchidaceae","Myoxanthus","Myoxanthus sp1","LOT3","Olepi_24","LOT03","GTGAATCATCGAATCTTTGAA","TCCTCCGCTTATTGATATGC","atatagcg","tgacatca",24,3,"D","Olepi_24","Olepi_24","sample",NA,"28","15","library3",21700,848,"old_leaf","epiphyte","Orchidaceae",TRUE,"too much untargeted",FALSE,TRUE,20320,62258,9990,51917,2231,51917,21700,848,NA,NA,NA,NA
"Olepi_25","LOT03-49625","old_leaf","epiphyte","Orchidaceae","Stelis","Stelis sp2","LOT3","Olepi_25","LOT03","GTGAATCATCGAATCTTTGAA","TCCTCCGCTTATTGATATGC","ctatgcta","tgacatca",24,3,"E","Olepi_25","Olepi_25","sample",NA,"29","15","library3",13449,508,"old_leaf","epiphyte","Orchidaceae",TRUE,"too much untargeted",FALSE,TRUE,15364,44986,6395,36004,1487,36004,13449,508,NA,NA,NA,NA
"Olepi_27","LOT03-49527","old_leaf","epiphyte","Bromeliaceae","Guzmania","Guzmania subglobosa","LOT3","Olepi_27","LOT03","GTGAATCATCGAATCTTTGAA","TCCTCCGCTTATTGATATGC","tagctagt","tgacatca",24,3,"H","Olepi_27","Olepi_27","sample",NA,"32","15","library3",23460,835,"old_leaf","epiphyte","Bromeliaceae",TRUE,"too much untargeted",FALSE,TRUE,18914,57615,9219,47907,2480,47907,23460,835,NA,NA,NA,NA
"Rendo_21","LOT03-49621","root","endophyte","Orchidaceae","Ornithidium","Ornithidium sp2","LOT3","Rendo_21","LOT03","GTGAATCATCGAATCTTTGAA","TCCTCCGCTTATTGATATGC","cgctctcg","acatgtgt",22,4,"A","Rendo_21","Rendo_21","sample",NA,"9","16","library3",5990,99,"root","endophyte","Orchidaceae",TRUE,NA,TRUE,TRUE,7255,19250,1599,13593,275,13593,5990,99,NA,NA,NA,NA
"Rendo_22","LOT03-49522","root","endophyte","Ericaceae","Sphyrospermum","Sphyrospermum sp1","LOT3","Rendo_22","LOT03","GTGAATCATCGAATCTTTGAA","TCCTCCGCTTATTGATATGC","gtcgtaga","acatgtgt",22,4,"B","Rendo_22","Rendo_22","sample",NA,"10","16","library3",12959,141,"root","endophyte","Ericaceae",TRUE,"too much untargeted",FALSE,TRUE,4746,24467,2179,21897,401,21897,12959,141,NA,NA,NA,NA
"Rendo_23","LOT03-49523","root","endophyte","Ericaceae","Sphyrospermum","Sphyrospermum sp1","LOT3","Rendo_23","LOT03","GTGAATCATCGAATCTTTGAA","TCCTCCGCTTATTGATATGC","gtcacgtc","acatgtgt",22,4,"C","Rendo_23","Rendo_23","sample",NA,"11","16","library3",12113,199,"root","endophyte","Ericaceae",TRUE,"too much untargeted",FALSE,TRUE,5295,20431,2514,17646,480,17646,12113,199,NA,NA,NA,NA
"Rendo_24","LOT03-49624","root","endophyte","Orchidaceae","Myoxanthus","Myoxanthus sp1","LOT3","Rendo_24","LOT03","GTGAATCATCGAATCTTTGAA","TCCTCCGCTTATTGATATGC","agactatg","acatgtgt",22,4,"E","Rendo_24","Rendo_24","sample",NA,"13","16","library3",10040,132,"root","endophyte","Orchidaceae",TRUE,NA,TRUE,TRUE,3389,13429,1625,11665,309,11665,10040,132,NA,NA,NA,NA
"Rendo_25","LOT03-49625","root","endophyte","Orchidaceae","Stelis","Stelis sp2","LOT3","Rendo_25","LOT03","GTGAATCATCGAATCTTTGAA","TCCTCCGCTTATTGATATGC","gcgtcagc","acatgtgt",22,4,"F","Rendo_25","Rendo_25","sample",NA,"14","16","library3",7300,99,"root","endophyte","Orchidaceae",TRUE,NA,TRUE,TRUE,2905,11953,1326,10361,280,10361,7300,99,NA,NA,NA,NA
"Rendo_26","LOT03-49526","root","endophyte","Orchidaceae","Crocodeilanthe","Crocodeilanthe sp1","LOT3","Rendo_26","LOT03","GTGAATCATCGAATCTTTGAA","TCCTCCGCTTATTGATATGC","tgacatca","acatgtgt",22,4,"G","Rendo_26","Rendo_26","sample",NA,"15","16","library3",5325,179,"root","endophyte","Orchidaceae",TRUE,NA,TRUE,TRUE,4972,16509,2145,13675,470,13675,5325,179,NA,NA,NA,NA
"Rendo_27","LOT03-49527","root","endophyte","Bromeliaceae","Guzmania","Guzmania subglobosa","LOT3","Rendo_27","LOT03","GTGAATCATCGAATCTTTGAA","TCCTCCGCTTATTGATATGC","acatgtgt","acatgtgt",22,4,"H","Rendo_27","Rendo_27","sample",NA,"16","16","library3",8016,92,"root","endophyte","Bromeliaceae",TRUE,NA,TRUE,TRUE,3757,23709,1535,21459,277,21459,8016,92,NA,NA,NA,NA
"Olendo_21","LOT03-49621","old_leaf","endophyte","Orchidaceae","Ornithidium","Ornithidium sp2","LOT3","Olendo_21","LOT03","GTGAATCATCGAATCTTTGAA","TCCTCCGCTTATTGATATGC","gtacgact","acatgtgt",23,4,"A","Olendo_21","Olendo_21","sample",NA,"17","16","library3",33672,128,"old_leaf","endophyte","Orchidaceae",TRUE,NA,TRUE,TRUE,6989,38181,3646,34838,405,34838,33672,128,NA,NA,NA,NA
"Olendo_22","LOT03-49522","old_leaf","endophyte","Ericaceae","Sphyrospermum","Sphyrospermum sp1","LOT3","Olendo_22","LOT03","GTGAATCATCGAATCTTTGAA","TCCTCCGCTTATTGATATGC","atgatcgc","acatgtgt",23,4,"B","Olendo_22","Olendo_22","sample",NA,"18","16","library3",10455,149,"old_leaf","endophyte","Ericaceae",TRUE,"too much untargeted",FALSE,TRUE,6293,33426,2974,30104,425,30104,10455,149,NA,NA,NA,NA
"Olendo_23","LOT03-49523","old_leaf","endophyte","Ericaceae","Sphyrospermum","Sphyrospermum sp1","LOT3","Olendo_23","LOT03","GTGAATCATCGAATCTTTGAA","TCCTCCGCTTATTGATATGC","acgacgag","acatgtgt",23,4,"C","Olendo_23","Olendo_23","sample",NA,"19","16","library3",9618,94,"old_leaf","endophyte","Ericaceae",TRUE,NA,TRUE,TRUE,2469,12498,1079,11103,266,11103,9618,94,NA,NA,NA,NA
"Olendo_24","LOT03-49624","old_leaf","endophyte","Orchidaceae","Myoxanthus","Myoxanthus sp1","LOT3","Olendo_24","LOT03","GTGAATCATCGAATCTTTGAA","TCCTCCGCTTATTGATATGC","atcagtca","acatgtgt",23,4,"E","Olendo_24","Olendo_24","sample",NA,"21","16","library3",41229,90,"old_leaf","endophyte","Orchidaceae",TRUE,NA,TRUE,TRUE,6440,45367,3022,41943,274,41943,41229,90,NA,NA,NA,NA
"Olendo_25","LOT03-49625","old_leaf","endophyte","Orchidaceae","Stelis","Stelis sp2","LOT3","Olendo_25","LOT03","GTGAATCATCGAATCTTTGAA","TCCTCCGCTTATTGATATGC","tctactga","acatgtgt",23,4,"F","Olendo_25","Olendo_25","sample",NA,"22","16","library3",13085,133,"old_leaf","endophyte","Orchidaceae",TRUE,NA,TRUE,TRUE,4909,17115,2346,14525,353,14525,13085,133,NA,NA,NA,NA
"Olendo_26","LOT03-49526","old_leaf","endophyte","Orchidaceae","Crocodeilanthe","Crocodeilanthe sp1","LOT3","Olendo_26","LOT03","GTGAATCATCGAATCTTTGAA","TCCTCCGCTTATTGATATGC","gatgatct","acatgtgt",23,4,"G","Olendo_26","Olendo_26","sample",NA,"23","16","library3",11450,164,"old_leaf","endophyte","Orchidaceae",TRUE,NA,TRUE,TRUE,5496,16732,2850,14084,513,14084,11450,164,NA,NA,NA,NA
"Olendo_27","LOT03-49527","old_leaf","endophyte","Bromeliaceae","Guzmania","Guzmania subglobosa","LOT3","Olendo_27","LOT03","GTGAATCATCGAATCTTTGAA","TCCTCCGCTTATTGATATGC","ctgcgtac","acatgtgt",23,4,"H","Olendo_27","Olendo_27","sample",NA,"24","16","library3",7487,220,"old_leaf","endophyte","Bromeliaceae",TRUE,NA,TRUE,TRUE,3879,13076,2065,11251,589,11251,7487,220,NA,NA,NA,NA
"Olepi_29","LOT03-49429","old_leaf","epiphyte","Ericaceae","Sphyrospermum","Sphyrospermum sp1","LOT3","Olepi_29","LOT03","GTGAATCATCGAATCTTTGAA","TCCTCCGCTTATTGATATGC","ctatgcta","acatgtgt",24,4,"E","Olepi_29","Olepi_29","sample",NA,"29","16","library3",17347,570,"old_leaf","epiphyte","Ericaceae",TRUE,"too much untargeted",FALSE,TRUE,13446,48940,6495,41985,1823,41985,17347,570,NA,NA,NA,NA
"Olepi_30","LOT03-49630","old_leaf","epiphyte","Bromeliaceae","Racinaea","Racinaea sp1","LOT3","Olepi_30","LOT03","GTGAATCATCGAATCTTTGAA","TCCTCCGCTTATTGATATGC","tcgcgctg","acatgtgt",24,4,"F","Olepi_30","Olepi_30","sample",NA,"30","16","library3",14213,371,"old_leaf","epiphyte","Bromeliaceae",TRUE,"too much untargeted",FALSE,TRUE,12303,41367,5792,34825,1335,34825,14213,371,NA,NA,NA,NA
"Olepi_31","LOT03-49631","old_leaf","epiphyte","Orchidaceae","Ornithidium","Ornithidium sp2","LOT3","Olepi_31","LOT03","GTGAATCATCGAATCTTTGAA","TCCTCCGCTTATTGATATGC","agcacagt","acatgtgt",24,4,"G","Olepi_31","Olepi_31","sample",NA,"31","16","library3",45189,888,"old_leaf","epiphyte","Orchidaceae",TRUE,"too much untargeted",FALSE,TRUE,27578,98096,13412,83889,2334,83889,45189,888,NA,NA,NA,NA
"Olepi_32","LOT03-49632","old_leaf","epiphyte","Orchidaceae","Ornithidium","Ornithidium sp2","LOT3","Olepi_32","LOT03","GTGAATCATCGAATCTTTGAA","TCCTCCGCTTATTGATATGC","tagctagt","acatgtgt",24,4,"H","Olepi_32","Olepi_32","sample",NA,"32","16","library3",16571,504,"old_leaf","epiphyte","Orchidaceae",TRUE,"too much untargeted",FALSE,TRUE,13128,44025,6241,37135,1403,37135,16571,504,NA,NA,NA,NA
"Rendo_29","LOT03-49429","root","endophyte","Ericaceae","Sphyrospermum","Sphyrospermum sp1","LOT3","Rendo_29","LOT03","GTGAATCATCGAATCTTTGAA","TCCTCCGCTTATTGATATGC","gtcgtaga","gtacgact",22,5,"B","Rendo_29","Rendo_29","sample",NA,"10","17","library3",17116,251,"root","endophyte","Ericaceae",TRUE,"too much untargeted",FALSE,TRUE,6098,31421,2943,28256,656,28256,17116,251,NA,NA,NA,NA
"Rendo_30","LOT03-49630","root","endophyte","Bromeliaceae","Racinaea","Racinaea sp1","LOT3","Rendo_30","LOT03","GTGAATCATCGAATCTTTGAA","TCCTCCGCTTATTGATATGC","gtcacgtc","gtacgact",22,5,"C","Rendo_30","Rendo_30","sample",NA,"11","17","library3",14633,131,"root","endophyte","Bromeliaceae",TRUE,NA,TRUE,TRUE,4502,20532,1953,17979,356,17979,14633,131,NA,NA,NA,NA
"Rendo_31","LOT03-49631","root","endophyte","Orchidaceae","Ornithidium","Ornithidium sp2","LOT3","Rendo_31","LOT03","GTGAATCATCGAATCTTTGAA","TCCTCCGCTTATTGATATGC","gactgatg","gtacgact",22,5,"D","Rendo_31","Rendo_31","sample",NA,"12","17","library3",14262,122,"root","endophyte","Orchidaceae",TRUE,NA,TRUE,TRUE,3821,17311,1951,15440,328,15440,14262,122,NA,NA,NA,NA
"Rendo_32","LOT03-49632","root","endophyte","Orchidaceae","Ornithidium","Ornithidium sp2","LOT3","Rendo_32","LOT03","GTGAATCATCGAATCTTTGAA","TCCTCCGCTTATTGATATGC","gcgtcagc","gtacgact",22,5,"F","Rendo_32","Rendo_32","sample",NA,"14","17","library3",16014,161,"root","endophyte","Orchidaceae",TRUE,NA,TRUE,TRUE,4848,21578,2595,19325,416,19325,16014,161,NA,NA,NA,NA
"Rendo_34","LOT03-49634","root","endophyte","Orchidaceae","Jacquiniella","Jacquiniella sp1","LOT3","Rendo_34","LOT03","GTGAATCATCGAATCTTTGAA","TCCTCCGCTTATTGATATGC","acatgtgt","gtacgact",22,5,"H","Rendo_34","Rendo_34","sample",NA,"16","17","library3",18234,193,"root","endophyte","Orchidaceae",TRUE,NA,TRUE,TRUE,5971,25858,2696,22582,591,22582,18234,193,NA,NA,NA,NA
"Olendo_29","LOT03-49429","old_leaf","endophyte","Ericaceae","Sphyrospermum","Sphyrospermum sp1","LOT3","Olendo_29","LOT03","GTGAATCATCGAATCTTTGAA","TCCTCCGCTTATTGATATGC","tctactga","gtacgact",23,5,"F","Olendo_29","Olendo_29","sample",NA,"22","17","library3",16480,266,"old_leaf","endophyte","Ericaceae",TRUE,"too much untargeted",FALSE,TRUE,8986,41053,4220,36285,758,36285,16480,266,NA,NA,NA,NA
"Olendo_31","LOT03-49631","old_leaf","endophyte","Orchidaceae","Ornithidium","Ornithidium sp2","LOT3","Olendo_31","LOT03","GTGAATCATCGAATCTTTGAA","TCCTCCGCTTATTGATATGC","ctgcgtac","gtacgact",23,5,"H","Olendo_31","Olendo_31","sample",NA,"24","17","library3",30640,188,"old_leaf","endophyte","Orchidaceae",TRUE,NA,TRUE,TRUE,6477,35112,3388,32022,524,32022,30640,188,NA,NA,NA,NA
"Olepi_33","LOT03-49633","old_leaf","epiphyte","Orchidaceae","Jacquiniella","Jacquiniella sp1","LOT3","Olepi_33","LOT03","GTGAATCATCGAATCTTTGAA","TCCTCCGCTTATTGATATGC","agcgacta","gtacgact",24,5,"A","Olepi_33","Olepi_33","sample",NA,"25","17","library3",36104,564,"old_leaf","epiphyte","Orchidaceae",TRUE,"too much untargeted",FALSE,TRUE,21834,78771,9507,66442,1640,66442,36104,564,NA,NA,NA,NA
"Olepi_34","LOT03-49634","old_leaf","epiphyte","Orchidaceae","Jacquiniella","Jacquiniella sp1","LOT3","Olepi_34","LOT03","GTGAATCATCGAATCTTTGAA","TCCTCCGCTTATTGATATGC","tcagtgtc","gtacgact",24,5,"B","Olepi_34","Olepi_34","sample",NA,"26","17","library3",16069,504,"old_leaf","epiphyte","Orchidaceae",TRUE,"too much untargeted",FALSE,TRUE,13307,41685,6273,34651,1345,34651,16069,504,NA,NA,NA,NA
"Olepi_35","LOT03-49535","old_leaf","epiphyte","Orchidaceae","Maxillaria","Maxillaria sp2","LOT3","Olepi_35","LOT03","GTGAATCATCGAATCTTTGAA","TCCTCCGCTTATTGATATGC","actctgct","gtacgact",24,5,"C","Olepi_35","Olepi_35","sample",NA,"27","17","library3",29686,464,"old_leaf","epiphyte","Orchidaceae",TRUE,"too much untargeted",FALSE,TRUE,15747,58084,7620,49954,1287,49954,29686,464,NA,NA,NA,NA
"Olepi_36","LOT03-49536","old_leaf","epiphyte","Orchidaceae","Maxillaria","Maxillaria sp2","LOT3","Olepi_36","LOT03","GTGAATCATCGAATCTTTGAA","TCCTCCGCTTATTGATATGC","atatagcg","gtacgact",24,5,"D","Olepi_36","Olepi_36","sample",NA,"28","17","library3",26824,294,"old_leaf","epiphyte","Orchidaceae",TRUE,"too much untargeted",FALSE,TRUE,10419,41295,5076,35952,850,35952,26824,294,NA,NA,NA,NA
"Olepi_37","LOT03-49537","old_leaf","epiphyte","Orchidaceae","Camaridium","Camaridium sp1","LOT3","Olepi_37","LOT03","GTGAATCATCGAATCTTTGAA","TCCTCCGCTTATTGATATGC","tcgcgctg","gtacgact",24,5,"F","Olepi_37","Olepi_37","sample",NA,"30","17","library3",15713,468,"old_leaf","epiphyte","Orchidaceae",TRUE,"too much untargeted",FALSE,TRUE,13579,43414,6428,36261,1586,36261,15713,468,NA,NA,NA,NA
"Olepi_38","LOT03-49538","old_leaf","epiphyte","Orchidaceae","Camaridium","Camaridium sp1","LOT3","Olepi_38","LOT03","GTGAATCATCGAATCTTTGAA","TCCTCCGCTTATTGATATGC","agcacagt","gtacgact",24,5,"G","Olepi_38","Olepi_38","sample",NA,"31","17","library3",9556,373,"old_leaf","epiphyte","Orchidaceae",TRUE,"too much untargeted",FALSE,TRUE,9500,27582,3847,21928,1176,21928,9556,373,NA,NA,NA,NA
"Rendo_35","LOT03-49535","root","endophyte","Orchidaceae","Maxillaria","Maxillaria sp2","LOT3","Rendo_35","LOT03","GTGAATCATCGAATCTTTGAA","TCCTCCGCTTATTGATATGC","cgctctcg","atgatcgc",22,6,"A","Rendo_35","Rendo_35","sample",NA,"9","18","library3",11002,118,"root","endophyte","Orchidaceae",TRUE,NA,TRUE,TRUE,7021,17166,2095,12236,255,12236,11002,118,NA,NA,NA,NA
"Rendo_36","LOT03-49536","root","endophyte","Orchidaceae","Maxillaria","Maxillaria sp2","LOT3","Rendo_36","LOT03","GTGAATCATCGAATCTTTGAA","TCCTCCGCTTATTGATATGC","gtcgtaga","atgatcgc",22,6,"B","Rendo_36","Rendo_36","sample",NA,"10","18","library3",17377,128,"root","endophyte","Orchidaceae",TRUE,NA,TRUE,TRUE,6591,28642,2643,24687,314,24687,17377,128,NA,NA,NA,NA
"Rendo_37","LOT03-49537","root","endophyte","Orchidaceae","Camaridium","Camaridium sp1","LOT3","Rendo_37","LOT03","GTGAATCATCGAATCTTTGAA","TCCTCCGCTTATTGATATGC","gtcacgtc","atgatcgc",22,6,"C","Rendo_37","Rendo_37","sample",NA,"11","18","library3",16353,112,"root","endophyte","Orchidaceae",TRUE,NA,TRUE,TRUE,3809,18869,1735,16794,274,16794,16353,112,NA,NA,NA,NA
"Rendo_38","LOT03-49538","root","endophyte","Orchidaceae","Camaridium","Camaridium sp1","LOT3","Rendo_38","LOT03","GTGAATCATCGAATCTTTGAA","TCCTCCGCTTATTGATATGC","gactgatg","atgatcgc",22,6,"D","Rendo_38","Rendo_38","sample",NA,"12","18","library3",20880,191,"root","endophyte","Orchidaceae",TRUE,NA,TRUE,TRUE,6365,28499,3148,25280,487,25280,20880,191,NA,NA,NA,NA
"Rendo_39","LOT03-49539","root","endophyte","Orchidaceae","Stelis","Stelis sp3","LOT3","Rendo_39","LOT03","GTGAATCATCGAATCTTTGAA","TCCTCCGCTTATTGATATGC","tgacatca","atgatcgc",22,6,"G","Rendo_39","Rendo_39","sample",NA,"15","18","library3",13927,179,"root","endophyte","Orchidaceae",TRUE,NA,TRUE,TRUE,7900,29958,3538,25590,534,25590,13927,179,NA,NA,NA,NA
"Rendo_40","LOT03-49540","root","endophyte","Orchidaceae","Maxillaria","Maxillaria sp1","LOT3","Rendo_40","LOT03","GTGAATCATCGAATCTTTGAA","TCCTCCGCTTATTGATATGC","acatgtgt","atgatcgc",22,6,"H","Rendo_40","Rendo_40","sample",NA,"16","18","library3",27799,365,"root","endophyte","Orchidaceae",TRUE,NA,TRUE,TRUE,8144,34339,4268,30461,784,30461,27799,365,NA,NA,NA,NA
"Olendo_32","LOT03-49632","old_leaf","endophyte","Orchidaceae","Ornithidium","Ornithidium sp2","LOT3","Olendo_32","LOT03","GTGAATCATCGAATCTTTGAA","TCCTCCGCTTATTGATATGC","gtacgact","atgatcgc",23,6,"A","Olendo_32","Olendo_32","sample",NA,"17","18","library3",40408,107,"old_leaf","endophyte","Orchidaceae",TRUE,NA,TRUE,TRUE,6894,44969,3333,41408,361,41408,40408,107,NA,NA,NA,NA
"Olendo_33","LOT03-49633","old_leaf","endophyte","Orchidaceae","Jacquiniella","Jacquiniella sp1","LOT3","Olendo_33","LOT03","GTGAATCATCGAATCTTTGAA","TCCTCCGCTTATTGATATGC","atgatcgc","atgatcgc",23,6,"B","Olendo_33","Olendo_33","sample",NA,"18","18","library3",23647,232,"old_leaf","endophyte","Orchidaceae",TRUE,"too much untargeted",FALSE,TRUE,10492,35972,4822,30297,729,30297,23647,232,NA,NA,NA,NA
"Olendo_34","LOT03-49634","old_leaf","endophyte","Orchidaceae","Jacquiniella","Jacquiniella sp1","LOT3","Olendo_34","LOT03","GTGAATCATCGAATCTTTGAA","TCCTCCGCTTATTGATATGC","acgacgag","atgatcgc",23,6,"C","Olendo_34","Olendo_34","sample",NA,"19","18","library3",14751,180,"old_leaf","endophyte","Orchidaceae",TRUE,"too much untargeted",FALSE,TRUE,7014,24342,3429,20757,606,20757,14751,180,NA,NA,NA,NA
"Olendo_35","LOT03-49535","old_leaf","endophyte","Orchidaceae","Maxillaria","Maxillaria sp2","LOT3","Olendo_35","LOT03","GTGAATCATCGAATCTTTGAA","TCCTCCGCTTATTGATATGC","catcagtc","atgatcgc",23,6,"D","Olendo_35","Olendo_35","sample",NA,"20","18","library3",40536,185,"old_leaf","endophyte","Orchidaceae",TRUE,NA,TRUE,TRUE,8746,48524,4228,43999,483,43999,40536,185,NA,NA,NA,NA
"Olendo_36","LOT03-49536","old_leaf","endophyte","Orchidaceae","Maxillaria","Maxillaria sp2","LOT3","Olendo_36","LOT03","GTGAATCATCGAATCTTTGAA","TCCTCCGCTTATTGATATGC","gatgatct","atgatcgc",23,6,"G","Olendo_36","Olendo_36","sample",NA,"23","18","library3",13677,138,"old_leaf","endophyte","Orchidaceae",TRUE,NA,TRUE,TRUE,4413,17001,2221,14809,375,14809,13677,138,NA,NA,NA,NA
"Olendo_37","LOT03-49537","old_leaf","endophyte","Orchidaceae","Camaridium","Camaridium sp1","LOT3","Olendo_37","LOT03","GTGAATCATCGAATCTTTGAA","TCCTCCGCTTATTGATATGC","ctgcgtac","atgatcgc",23,6,"H","Olendo_37","Olendo_37","sample",NA,"24","18","library3",29096,102,"old_leaf","endophyte","Orchidaceae",TRUE,NA,TRUE,TRUE,5924,33691,2850,30617,372,30617,29096,102,NA,NA,NA,NA
"Olepi_40","LOT03-49540","old_leaf","epiphyte","Orchidaceae","Maxillaria","Maxillaria sp1","LOT3","Olepi_40","LOT03","GTGAATCATCGAATCTTTGAA","TCCTCCGCTTATTGATATGC","agcgacta","atgatcgc",24,6,"A","Olepi_40","Olepi_40","sample",NA,"25","18","library3",38232,693,"old_leaf","epiphyte","Orchidaceae",TRUE,NA,TRUE,TRUE,19280,76695,9281,66692,1825,66692,38232,693,NA,NA,NA,NA
"Ylepi_01","LOT03-49501","young_leaf","epiphyte","Bromeliaceae","Guzmania cf.","Guzmania cf. brasiliensis","LOT3","Ylepi_01","LOT03","GTGAATCATCGAATCTTTGAA","TCCTCCGCTTATTGATATGC","agcacagt","atgatcgc",24,6,"G","Ylepi_01","Ylepi_01","sample",NA,"31","18","library3",29800,580,"young_leaf","epiphyte","Bromeliaceae",TRUE,NA,TRUE,TRUE,14944,50765,8315,44109,1493,44109,29800,580,NA,NA,NA,NA
"Ylepi_02","LOT03-49502","young_leaf","epiphyte","Bromeliaceae","Guzmania cf.","Guzmania cf. brasiliensis","LOT3","Ylepi_02","LOT03","GTGAATCATCGAATCTTTGAA","TCCTCCGCTTATTGATATGC","tagctagt","atgatcgc",24,6,"H","Ylepi_02","Ylepi_02","sample",NA,"32","18","library3",22386,537,"young_leaf","epiphyte","Bromeliaceae",TRUE,"too much untargeted",FALSE,TRUE,14254,49694,7729,43163,1342,43163,22386,537,NA,NA,NA,NA
"Ylendo_06","LOT03-49506","young_leaf","endophyte","Bromeliaceae","Tillandsia","Tillandsia delicatula","LOT3","Ylendo_06","LOT03","GTGAATCATCGAATCTTTGAA","TCCTCCGCTTATTGATATGC","tgacatca","acgacgag",22,7,"G","Ylendo_06","Ylendo_06","sample",NA,"15","19","library3",6915,236,"young_leaf","endophyte","Bromeliaceae",TRUE,"too much untargeted",FALSE,TRUE,4973,14391,2969,12381,733,12381,6915,236,NA,NA,NA,NA
"Olendo_38","LOT03-49538","old_leaf","endophyte","Orchidaceae","Camaridium","Camaridium sp1","LOT3","Olendo_38","LOT03","GTGAATCATCGAATCTTTGAA","TCCTCCGCTTATTGATATGC","gtacgact","acgacgag",23,7,"A","Olendo_38","Olendo_38","sample",NA,"17","19","library3",18543,136,"old_leaf","endophyte","Orchidaceae",TRUE,NA,TRUE,TRUE,5069,22338,2749,20018,445,20018,18543,136,NA,NA,NA,NA
"Olendo_39","LOT03-49539","old_leaf","endophyte","Orchidaceae","Stelis","Stelis sp3","LOT3","Olendo_39","LOT03","GTGAATCATCGAATCTTTGAA","TCCTCCGCTTATTGATATGC","atgatcgc","acgacgag",23,7,"B","Olendo_39","Olendo_39","sample",NA,"18","19","library3",21559,215,"old_leaf","endophyte","Orchidaceae",TRUE,"too much untargeted",FALSE,TRUE,8212,30207,4233,26226,702,26226,21559,215,NA,NA,NA,NA
"Olendo_40","LOT03-49540","old_leaf","endophyte","Orchidaceae","Maxillaria","Maxillaria sp1","LOT3","Olendo_40","LOT03","GTGAATCATCGAATCTTTGAA","TCCTCCGCTTATTGATATGC","acgacgag","acgacgag",23,7,"C","Olendo_40","Olendo_40","sample",NA,"19","19","library3",9103,64,"old_leaf","endophyte","Orchidaceae",TRUE,NA,TRUE,TRUE,2097,10298,1101,9301,163,9301,9103,64,NA,NA,NA,NA
"Repi_36","LOT03-49536","root","epiphyte","Orchidaceae","Maxillaria","Maxillaria sp2","LOT3","Repi_36","LOT03","GTGAATCATCGAATCTTTGAA","TCCTCCGCTTATTGATATGC","catcagtc","acgacgag",23,7,"D","Repi_36","Repi_36","sample",NA,"20","19","library3",3654,168,"root","epiphyte","Orchidaceae",TRUE,NA,TRUE,TRUE,5282,15630,2347,12686,458,12686,3654,168,NA,NA,NA,NA
"Repi_37","LOT03-49537","root","epiphyte","Orchidaceae","Camaridium","Camaridium sp1","LOT3","Repi_37","LOT03","GTGAATCATCGAATCTTTGAA","TCCTCCGCTTATTGATATGC","atcagtca","acgacgag",23,7,"E","Repi_37","Repi_37","sample",NA,"21","19","library3",12737,322,"root","epiphyte","Orchidaceae",TRUE,NA,TRUE,TRUE,6270,19312,3321,16342,654,16342,12737,322,NA,NA,NA,NA
"Repi_38","LOT03-49538","root","epiphyte","Orchidaceae","Camaridium","Camaridium sp1","LOT3","Repi_38","LOT03","GTGAATCATCGAATCTTTGAA","TCCTCCGCTTATTGATATGC","tctactga","acgacgag",23,7,"F","Repi_38","Repi_38","sample",NA,"22","19","library3",12469,359,"root","epiphyte","Orchidaceae",TRUE,NA,TRUE,TRUE,8758,28030,4321,23592,912,23592,12469,359,NA,NA,NA,NA
"Repi_39","LOT03-49539","root","epiphyte","Orchidaceae","Stelis","Stelis sp3","LOT3","Repi_39","LOT03","GTGAATCATCGAATCTTTGAA","TCCTCCGCTTATTGATATGC","gatgatct","acgacgag",23,7,"G","Repi_39","Repi_39","sample",NA,"23","19","library3",16123,397,"root","epiphyte","Orchidaceae",TRUE,NA,TRUE,TRUE,9241,30819,4529,26102,925,26102,16123,397,NA,NA,NA,NA
"Repi_40","LOT03-49540","root","epiphyte","Orchidaceae","Maxillaria","Maxillaria sp1","LOT3","Repi_40","LOT03","GTGAATCATCGAATCTTTGAA","TCCTCCGCTTATTGATATGC","ctgcgtac","acgacgag",23,7,"H","Repi_40","Repi_40","sample",NA,"24","19","library3",14915,392,"root","epiphyte","Orchidaceae",TRUE,NA,TRUE,TRUE,7583,24396,3480,20290,903,20290,14915,392,NA,NA,NA,NA
"Ylepi_03","LOT03-49503","young_leaf","epiphyte","Bromeliaceae","Guzmania cf.","Guzmania cf. brasiliensis","LOT3","Ylepi_03","LOT03","GTGAATCATCGAATCTTTGAA","TCCTCCGCTTATTGATATGC","agcgacta","acgacgag",24,7,"A","Ylepi_03","Ylepi_03","sample",NA,"25","19","library3",26300,422,"young_leaf","epiphyte","Bromeliaceae",TRUE,"too much untargeted",FALSE,TRUE,14102,54190,7649,47722,1227,47722,26300,422,NA,NA,NA,NA
"Ylepi_04","LOT03-49404","young_leaf","epiphyte","Bromeliaceae","Guzmania cf.","Guzmania cf. brasiliensis","LOT3","Ylepi_04","LOT03","GTGAATCATCGAATCTTTGAA","TCCTCCGCTTATTGATATGC","tcagtgtc","acgacgag",24,7,"B","Ylepi_04","Ylepi_04","sample",NA,"26","19","library3",17301,539,"young_leaf","epiphyte","Bromeliaceae",TRUE,"too much untargeted",FALSE,TRUE,13588,42388,7535,36326,1633,36326,17301,539,NA,NA,NA,NA
"Ylepi_05","LOT03-49405","young_leaf","epiphyte","Bromeliaceae","Guzmania cf.","Guzmania cf. brasiliensis","LOT3","Ylepi_05","LOT03","GTGAATCATCGAATCTTTGAA","TCCTCCGCTTATTGATATGC","actctgct","acgacgag",24,7,"C","Ylepi_05","Ylepi_05","sample",NA,"27","19","library3",20861,578,"young_leaf","epiphyte","Bromeliaceae",TRUE,"too much untargeted",FALSE,TRUE,14649,49233,8122,42693,1559,42693,20861,578,NA,NA,NA,NA
"Ylepi_06","LOT03-49506","young_leaf","epiphyte","Bromeliaceae","Tillandsia","Tillandsia delicatula","LOT3","Ylepi_06","LOT03","GTGAATCATCGAATCTTTGAA","TCCTCCGCTTATTGATATGC","atatagcg","acgacgag",24,7,"D","Ylepi_06","Ylepi_06","sample",NA,"28","19","library3",10180,351,"young_leaf","epiphyte","Bromeliaceae",TRUE,"too much untargeted",FALSE,TRUE,13181,40975,7541,35333,1255,35333,10180,351,NA,NA,NA,NA
"Ylepi_07","LOT03-49407","young_leaf","epiphyte","Bromeliaceae","Guzmania cf.","Guzmania cf. brasiliensis","LOT3","Ylepi_07","LOT03","GTGAATCATCGAATCTTTGAA","TCCTCCGCTTATTGATATGC","ctatgcta","acgacgag",24,7,"E","Ylepi_07","Ylepi_07","sample",NA,"29","19","library3",14991,496,"young_leaf","epiphyte","Bromeliaceae",TRUE,"too much untargeted",FALSE,TRUE,11018,33479,6354,28801,1456,28801,14991,496,NA,NA,NA,NA
"Ylepi_08","LOT03-49508","young_leaf","epiphyte","Bromeliaceae","Guzmania cf.","Guzmania cf. brasiliensis","LOT3","Ylepi_08","LOT03","GTGAATCATCGAATCTTTGAA","TCCTCCGCTTATTGATATGC","tcgcgctg","acgacgag",24,7,"F","Ylepi_08","Ylepi_08","sample",NA,"30","19","library3",8968,459,"young_leaf","epiphyte","Bromeliaceae",TRUE,"too much untargeted",FALSE,TRUE,10505,30178,5828,25491,1368,25491,8968,459,NA,NA,NA,NA
"Ylepi_09","LOT03-49509","young_leaf","epiphyte","Bromeliaceae","Guzmania cf.","Guzmania cf. brasiliensis","LOT3","Ylepi_09","LOT03","GTGAATCATCGAATCTTTGAA","TCCTCCGCTTATTGATATGC","agcacagt","acgacgag",24,7,"G","Ylepi_09","Ylepi_09","sample",NA,"31","19","library3",14715,409,"young_leaf","epiphyte","Bromeliaceae",TRUE,NA,TRUE,TRUE,11818,39930,6117,34228,1166,34228,14715,409,NA,NA,NA,NA
"Ylepi_10","LOT03-49510","young_leaf","epiphyte","Bromeliaceae","Guzmania","Guzmania subglobosa","LOT3","Ylepi_10","LOT03","GTGAATCATCGAATCTTTGAA","TCCTCCGCTTATTGATATGC","tagctagt","acgacgag",24,7,"H","Ylepi_10","Ylepi_10","sample",NA,"32","19","library3",11157,533,"young_leaf","epiphyte","Bromeliaceae",TRUE,NA,TRUE,TRUE,12303,42639,6800,37118,1661,37118,11157,533,NA,NA,NA,NA
"Ylendo_11","LOT03-49511","young_leaf","endophyte","Bromeliaceae","Tillandsia","Tillandsia sp2","LOT3","Ylendo_11","LOT03","GTGAATCATCGAATCTTTGAA","TCCTCCGCTTATTGATATGC","gactgatg","catcagtc",22,8,"D","Ylendo_11","Ylendo_11","sample",NA,"12","20","library3",19361,399,"young_leaf","endophyte","Bromeliaceae",TRUE,NA,TRUE,TRUE,8925,31870,5085,27997,970,27997,19361,399,NA,NA,NA,NA
"Ylendo_12","LOT03-49512","young_leaf","endophyte","Bromeliaceae","Aechmaea","Aechmaea sp1","LOT3","Ylendo_12","LOT03","GTGAATCATCGAATCTTTGAA","TCCTCCGCTTATTGATATGC","agactatg","catcagtc",22,8,"E","Ylendo_12","Ylendo_12","sample",NA,"13","20","library3",26918,300,"young_leaf","endophyte","Bromeliaceae",TRUE,NA,TRUE,TRUE,5300,30918,2855,28435,647,28435,26918,300,NA,NA,NA,NA
"Ylendo_13","LOT03-49513","young_leaf","endophyte","Bromeliaceae","Aechmaea","Aechmaea sp1","LOT3","Ylendo_13","LOT03","GTGAATCATCGAATCTTTGAA","TCCTCCGCTTATTGATATGC","gcgtcagc","catcagtc",22,8,"F","Ylendo_13","Ylendo_13","sample",NA,"14","20","library3",12189,331,"young_leaf","endophyte","Bromeliaceae",TRUE,NA,TRUE,TRUE,5052,17640,2867,15374,637,15374,12189,331,NA,NA,NA,NA
"Ylendo_14","LOT03-49514","young_leaf","endophyte","Bromeliaceae","Aechmaea","Aechmaea sp1","LOT3","Ylendo_14","LOT03","GTGAATCATCGAATCTTTGAA","TCCTCCGCTTATTGATATGC","tgacatca","catcagtc",22,8,"G","Ylendo_14","Ylendo_14","sample",NA,"15","20","library3",49338,478,"young_leaf","endophyte","Bromeliaceae",TRUE,NA,TRUE,TRUE,13621,60909,7169,54356,834,54356,49338,478,NA,NA,NA,NA
"Repi_01","LOT03-49501","root","epiphyte","Bromeliaceae","Guzmania cf.","Guzmania cf. brasiliensis","LOT3","Repi_01","LOT03","GTGAATCATCGAATCTTTGAA","TCCTCCGCTTATTGATATGC","atgatcgc","catcagtc",23,8,"B","Repi_01","Repi_01","sample",NA,"18","20","library3",16078,259,"root","epiphyte","Bromeliaceae",TRUE,NA,TRUE,TRUE,11713,47506,4990,40756,717,40756,16078,259,NA,NA,NA,NA
"Repi_02","LOT03-49502","root","epiphyte","Bromeliaceae","Guzmania cf.","Guzmania cf. brasiliensis","LOT3","Repi_02","LOT03","GTGAATCATCGAATCTTTGAA","TCCTCCGCTTATTGATATGC","acgacgag","catcagtc",23,8,"C","Repi_02","Repi_02","sample",NA,"19","20","library3",14382,215,"root","epiphyte","Bromeliaceae",TRUE,NA,TRUE,TRUE,5490,21345,2629,18477,515,18477,14382,215,NA,NA,NA,NA
"Repi_03","LOT03-49503","root","epiphyte","Bromeliaceae","Guzmania cf.","Guzmania cf. brasiliensis","LOT3","Repi_03","LOT03","GTGAATCATCGAATCTTTGAA","TCCTCCGCTTATTGATATGC","catcagtc","catcagtc",23,8,"D","Repi_03","Repi_03","sample",NA,"20","20","library3",19562,369,"root","epiphyte","Bromeliaceae",TRUE,NA,TRUE,TRUE,8867,32421,4533,28081,892,28081,19562,369,NA,NA,NA,NA
"Repi_04","LOT03-49404","root","epiphyte","Bromeliaceae","Guzmania cf.","Guzmania cf. brasiliensis","LOT3","Repi_04","LOT03","GTGAATCATCGAATCTTTGAA","TCCTCCGCTTATTGATATGC","atcagtca","catcagtc",23,8,"E","Repi_04","Repi_04","sample",NA,"21","20","library3",35991,429,"root","epiphyte","Bromeliaceae",TRUE,NA,TRUE,TRUE,14992,59196,6918,51117,1022,51117,35991,429,NA,NA,NA,NA
"Repi_05","LOT03-49405","root","epiphyte","Bromeliaceae","Guzmania cf.","Guzmania cf. brasiliensis","LOT3","Repi_05","LOT03","GTGAATCATCGAATCTTTGAA","TCCTCCGCTTATTGATATGC","tctactga","catcagtc",23,8,"F","Repi_05","Repi_05","sample",NA,"22","20","library3",11486,272,"root","epiphyte","Bromeliaceae",TRUE,NA,TRUE,TRUE,12894,54647,5029,46755,714,46755,11486,272,NA,NA,NA,NA
"Repi_06","LOT03-49506","root","epiphyte","Bromeliaceae","Tillandsia","Tillandsia delicatula","LOT3","Repi_06","LOT03","GTGAATCATCGAATCTTTGAA","TCCTCCGCTTATTGATATGC","gatgatct","catcagtc",23,8,"G","Repi_06","Repi_06","sample",NA,"23","20","library3",17047,288,"root","epiphyte","Bromeliaceae",TRUE,"too much untargeted",FALSE,TRUE,8717,33278,3992,28551,836,28551,17047,288,NA,NA,NA,NA
"Repi_07","LOT03-49407","root","epiphyte","Bromeliaceae","Guzmania cf.","Guzmania cf. brasiliensis","LOT3","Repi_07","LOT03","GTGAATCATCGAATCTTTGAA","TCCTCCGCTTATTGATATGC","ctgcgtac","catcagtc",23,8,"H","Repi_07","Repi_07","sample",NA,"24","20","library3",18022,293,"root","epiphyte","Bromeliaceae",TRUE,NA,TRUE,TRUE,8742,29315,3868,24438,759,24438,18022,293,NA,NA,NA,NA
"Ylepi_11","LOT03-49511","young_leaf","epiphyte","Bromeliaceae","Tillandsia","Tillandsia sp2","LOT3","Ylepi_11","LOT03","GTGAATCATCGAATCTTTGAA","TCCTCCGCTTATTGATATGC","agcgacta","catcagtc",24,8,"A","Ylepi_11","Ylepi_11","sample",NA,"25","20","library3",38088,1036,"young_leaf","epiphyte","Bromeliaceae",TRUE,NA,TRUE,TRUE,22314,77832,12199,67707,2859,67707,38088,1036,NA,NA,NA,NA
"Ylepi_12","LOT03-49512","young_leaf","epiphyte","Bromeliaceae","Aechmaea","Aechmaea sp1","LOT3","Ylepi_12","LOT03","GTGAATCATCGAATCTTTGAA","TCCTCCGCTTATTGATATGC","tcagtgtc","catcagtc",24,8,"B","Ylepi_12","Ylepi_12","sample",NA,"26","20","library3",27045,538,"young_leaf","epiphyte","Bromeliaceae",TRUE,NA,TRUE,TRUE,9842,36205,5238,31595,1258,31595,27045,538,NA,NA,NA,NA
"Ylepi_13","LOT03-49513","young_leaf","epiphyte","Bromeliaceae","Aechmaea","Aechmaea sp1","LOT3","Ylepi_13","LOT03","GTGAATCATCGAATCTTTGAA","TCCTCCGCTTATTGATATGC","actctgct","catcagtc",24,8,"C","Ylepi_13","Ylepi_13","sample",NA,"27","20","library3",56416,1125,"young_leaf","epiphyte","Bromeliaceae",TRUE,NA,TRUE,TRUE,26468,92865,13491,79877,2828,79877,56416,1125,NA,NA,NA,NA
"Ylepi_14","LOT03-49514","young_leaf","epiphyte","Bromeliaceae","Aechmaea","Aechmaea sp1","LOT3","Ylepi_14","LOT03","GTGAATCATCGAATCTTTGAA","TCCTCCGCTTATTGATATGC","atatagcg","catcagtc",24,8,"D","Ylepi_14","Ylepi_14","sample",NA,"28","20","library3",54946,1397,"young_leaf","epiphyte","Bromeliaceae",TRUE,NA,TRUE,TRUE,25827,83768,13714,71636,3431,71636,54946,1397,NA,NA,NA,NA
"Ylepi_15","LOT03-49515","young_leaf","epiphyte","Bromeliaceae","Guzmania cf.","Guzmania cf. brasiliensis","LOT3","Ylepi_15","LOT03","GTGAATCATCGAATCTTTGAA","TCCTCCGCTTATTGATATGC","ctatgcta","catcagtc",24,8,"E","Ylepi_15","Ylepi_15","sample",NA,"29","20","library3",24162,659,"young_leaf","epiphyte","Bromeliaceae",TRUE,NA,TRUE,TRUE,11847,39585,6615,34342,1442,34342,24162,659,NA,NA,NA,NA
"Ylepi_16","LOT03-49516","young_leaf","epiphyte","Bromeliaceae","Guzmania","Guzmania sp2","LOT3","Ylepi_16","LOT03","GTGAATCATCGAATCTTTGAA","TCCTCCGCTTATTGATATGC","tcgcgctg","catcagtc",24,8,"F","Ylepi_16","Ylepi_16","sample",NA,"30","20","library3",17277,480,"young_leaf","epiphyte","Bromeliaceae",TRUE,NA,TRUE,TRUE,13173,70397,6128,63341,1413,63341,17277,480,NA,NA,NA,NA
"Ylepi_17","LOT03-49417","young_leaf","epiphyte","Bromeliaceae","Tillandsia","Tillandsia sp1","LOT3","Ylepi_17","LOT03","GTGAATCATCGAATCTTTGAA","TCCTCCGCTTATTGATATGC","agcacagt","catcagtc",24,8,"G","Ylepi_17","Ylepi_17","sample",NA,"31","20","library3",16162,702,"young_leaf","epiphyte","Bromeliaceae",TRUE,NA,TRUE,TRUE,13067,44262,6567,37738,1695,37738,16162,702,NA,NA,NA,NA
"Ylepi_18","LOT03-49418","young_leaf","epiphyte","Orchidaceae","Myoxanthus","Myoxanthus sp1","LOT3","Ylepi_18","LOT03","GTGAATCATCGAATCTTTGAA","TCCTCCGCTTATTGATATGC","tagctagt","catcagtc",24,8,"H","Ylepi_18","Ylepi_18","sample",NA,"32","20","library3",17470,663,"young_leaf","epiphyte","Orchidaceae",TRUE,"too much untargeted",FALSE,TRUE,18897,58472,9320,48883,1965,48883,17470,663,NA,NA,NA,NA
"Ylendo_18","LOT03-49418","young_leaf","endophyte","Orchidaceae","Myoxanthus","Myoxanthus sp1","LOT3","Ylendo_18","LOT03","GTGAATCATCGAATCTTTGAA","TCCTCCGCTTATTGATATGC","gtcacgtc","atcagtca",22,9,"C","Ylendo_18","Ylendo_18","sample",NA,"11","21","library3",30222,86,"young_leaf","endophyte","Orchidaceae",TRUE,NA,TRUE,TRUE,4380,33402,1943,30963,293,30963,30222,86,NA,NA,NA,NA
"Ylendo_19","LOT03-49519","young_leaf","endophyte","Orchidaceae","Camaridium","Camaridium sp1","LOT3","Ylendo_19","LOT03","GTGAATCATCGAATCTTTGAA","TCCTCCGCTTATTGATATGC","gactgatg","atcagtca",22,9,"D","Ylendo_19","Ylendo_19","sample",NA,"12","21","library3",20755,94,"young_leaf","endophyte","Orchidaceae",TRUE,NA,TRUE,TRUE,4021,23492,2149,21620,363,21620,20755,94,NA,NA,NA,NA
"Ylendo_20","LOT03-49520","young_leaf","endophyte","Orchidaceae","Ornithidium","Ornithidium sp2","LOT3","Ylendo_20","LOT03","GTGAATCATCGAATCTTTGAA","TCCTCCGCTTATTGATATGC","agactatg","atcagtca",22,9,"E","Ylendo_20","Ylendo_20","sample",NA,"13","21","library3",35153,59,"young_leaf","endophyte","Orchidaceae",TRUE,NA,TRUE,TRUE,6122,38711,3363,35952,210,35952,35153,59,NA,NA,NA,NA
"Ylendo_21","LOT03-49621","young_leaf","endophyte","Orchidaceae","Ornithidium","Ornithidium sp2","LOT3","Ylendo_21","LOT03","GTGAATCATCGAATCTTTGAA","TCCTCCGCTTATTGATATGC","gcgtcagc","atcagtca",22,9,"F","Ylendo_21","Ylendo_21","sample",NA,"14","21","library3",21629,69,"young_leaf","endophyte","Orchidaceae",TRUE,NA,TRUE,TRUE,4066,23936,2296,22165,200,22165,21629,69,NA,NA,NA,NA
"Ylendo_22","LOT03-49522","young_leaf","endophyte","Ericaceae","Sphyrospermum","Sphyrospermum sp1","LOT3","Ylendo_22","LOT03","GTGAATCATCGAATCTTTGAA","TCCTCCGCTTATTGATATGC","tgacatca","atcagtca",22,9,"G","Ylendo_22","Ylendo_22","sample",NA,"15","21","library3",10276,203,"young_leaf","endophyte","Ericaceae",TRUE,"too much untargeted",FALSE,TRUE,7472,40059,3515,36096,590,36096,10276,203,NA,NA,NA,NA
"Ylendo_23","LOT03-49523","young_leaf","endophyte","Ericaceae","Sphyrospermum","Sphyrospermum sp1","LOT3","Ylendo_23","LOT03","GTGAATCATCGAATCTTTGAA","TCCTCCGCTTATTGATATGC","acatgtgt","atcagtca",22,9,"H","Ylendo_23","Ylendo_23","sample",NA,"16","21","library3",12368,186,"young_leaf","endophyte","Ericaceae",TRUE,"too much untargeted",FALSE,TRUE,4509,23513,2350,21350,548,21350,12368,186,NA,NA,NA,NA
"Repi_08","LOT03-49508","root","epiphyte","Bromeliaceae","Guzmania cf.","Guzmania cf. brasiliensis","LOT3","Repi_08","LOT03","GTGAATCATCGAATCTTTGAA","TCCTCCGCTTATTGATATGC","gtacgact","atcagtca",23,9,"A","Repi_08","Repi_08","sample",NA,"17","21","library3",7819,226,"root","epiphyte","Bromeliaceae",TRUE,NA,TRUE,TRUE,9199,24345,3550,18691,592,18691,7819,226,NA,NA,NA,NA
"Repi_09","LOT03-49509","root","epiphyte","Bromeliaceae","Guzmania cf.","Guzmania cf. brasiliensis","LOT3","Repi_09","LOT03","GTGAATCATCGAATCTTTGAA","TCCTCCGCTTATTGATATGC","acgacgag","atcagtca",23,9,"C","Repi_09","Repi_09","sample",NA,"19","21","library3",14428,421,"root","epiphyte","Bromeliaceae",TRUE,NA,TRUE,TRUE,6944,20115,3841,17011,906,17011,14428,421,NA,NA,NA,NA
"Repi_10","LOT03-49510","root","epiphyte","Bromeliaceae","Guzmania","Guzmania subglobosa","LOT3","Repi_10","LOT03","GTGAATCATCGAATCTTTGAA","TCCTCCGCTTATTGATATGC","catcagtc","atcagtca",23,9,"D","Repi_10","Repi_10","sample",NA,"20","21","library3",11934,199,"root","epiphyte","Bromeliaceae",TRUE,NA,TRUE,TRUE,9710,30741,4270,25268,590,25268,11934,199,NA,NA,NA,NA
"Repi_11","LOT03-49511","root","epiphyte","Bromeliaceae","Tillandsia","Tillandsia sp2","LOT3","Repi_11","LOT03","GTGAATCATCGAATCTTTGAA","TCCTCCGCTTATTGATATGC","atcagtca","atcagtca",23,9,"E","Repi_11","Repi_11","sample",NA,"21","21","library3",10625,215,"root","epiphyte","Bromeliaceae",TRUE,NA,TRUE,TRUE,10413,36086,4655,30319,587,30319,10625,215,NA,NA,NA,NA
"Repi_12","LOT03-49512","root","epiphyte","Bromeliaceae","Aechmaea","Aechmaea sp1","LOT3","Repi_12","LOT03","GTGAATCATCGAATCTTTGAA","TCCTCCGCTTATTGATATGC","tctactga","atcagtca",23,9,"F","Repi_12","Repi_12","sample",NA,"22","21","library3",44413,460,"root","epiphyte","Bromeliaceae",TRUE,NA,TRUE,TRUE,16094,66363,7122,57380,1193,57380,44413,460,NA,NA,NA,NA
"Repi_13","LOT03-49513","root","epiphyte","Bromeliaceae","Aechmaea","Aechmaea sp1","LOT3","Repi_13","LOT03","GTGAATCATCGAATCTTTGAA","TCCTCCGCTTATTGATATGC","gatgatct","atcagtca",23,9,"G","Repi_13","Repi_13","sample",NA,"23","21","library3",40221,566,"root","epiphyte","Bromeliaceae",TRUE,"too much untargeted",FALSE,TRUE,15372,66828,6906,58355,1387,58355,40221,566,NA,NA,NA,NA
"Repi_14","LOT03-49514","root","epiphyte","Bromeliaceae","Aechmaea","Aechmaea sp1","LOT3","Repi_14","LOT03","GTGAATCATCGAATCTTTGAA","TCCTCCGCTTATTGATATGC","ctgcgtac","atcagtca",23,9,"H","Repi_14","Repi_14","sample",NA,"24","21","library3",28284,493,"root","epiphyte","Bromeliaceae",TRUE,NA,TRUE,TRUE,13690,47277,6037,39613,1261,39613,28284,493,NA,NA,NA,NA
"Ylepi_19","LOT03-49519","young_leaf","epiphyte","Orchidaceae","Camaridium","Camaridium sp1","LOT3","Ylepi_19","LOT03","GTGAATCATCGAATCTTTGAA","TCCTCCGCTTATTGATATGC","agcgacta","atcagtca",24,9,"A","Ylepi_19","Ylepi_19","sample",NA,"25","21","library3",37654,994,"young_leaf","epiphyte","Orchidaceae",TRUE,"too much untargeted",FALSE,TRUE,29884,105121,14773,90000,3024,90000,37654,994,NA,NA,NA,NA
"Ylepi_20","LOT03-49520","young_leaf","epiphyte","Orchidaceae","Ornithidium","Ornithidium sp2","LOT3","Ylepi_20","LOT03","GTGAATCATCGAATCTTTGAA","TCCTCCGCTTATTGATATGC","tcagtgtc","atcagtca",24,9,"B","Ylepi_20","Ylepi_20","sample",NA,"26","21","library3",45973,393,"young_leaf","epiphyte","Orchidaceae",TRUE,NA,TRUE,TRUE,14025,65251,7608,58804,1217,58804,45973,393,NA,NA,NA,NA
"Ylepi_21","LOT03-49621","young_leaf","epiphyte","Orchidaceae","Ornithidium","Ornithidium sp2","LOT3","Ylepi_21","LOT03","GTGAATCATCGAATCTTTGAA","TCCTCCGCTTATTGATATGC","actctgct","atcagtca",24,9,"C","Ylepi_21","Ylepi_21","sample",NA,"27","21","library3",18515,516,"young_leaf","epiphyte","Orchidaceae",TRUE,NA,TRUE,TRUE,12504,40304,6643,34427,1418,34427,18515,516,NA,NA,NA,NA
"Ylepi_22","LOT03-49522","young_leaf","epiphyte","Ericaceae","Sphyrospermum","Sphyrospermum sp1","LOT3","Ylepi_22","LOT03","GTGAATCATCGAATCTTTGAA","TCCTCCGCTTATTGATATGC","atatagcg","atcagtca",24,9,"D","Ylepi_22","Ylepi_22","sample",NA,"28","21","library3",11344,493,"young_leaf","epiphyte","Ericaceae",TRUE,"too much untargeted",FALSE,TRUE,12023,36068,6269,30309,1600,30309,11344,493,NA,NA,NA,NA
"Ylepi_26","LOT03-49526","young_leaf","epiphyte","Orchidaceae","Crocodeilanthe","Crocodeilanthe sp1","LOT3","Ylepi_26","LOT03","GTGAATCATCGAATCTTTGAA","TCCTCCGCTTATTGATATGC","tagctagt","atcagtca",24,9,"H","Ylepi_26","Ylepi_26","sample",NA,"32","21","library3",20706,517,"young_leaf","epiphyte","Orchidaceae",TRUE,"too much untargeted",FALSE,TRUE,17209,62399,8414,53593,1696,53593,20706,517,NA,NA,NA,NA
"Ylendo_24","LOT03-49624","young_leaf","endophyte","Orchidaceae","Myoxanthus","Myoxanthus sp1","LOT3","Ylendo_24","LOT03","GTGAATCATCGAATCTTTGAA","TCCTCCGCTTATTGATATGC","cgctctcg","tctactga",22,10,"A","Ylendo_24","Ylendo_24","sample",NA,"9","22","library3",33651,124,"young_leaf","endophyte","Orchidaceae",TRUE,NA,TRUE,TRUE,9282,42530,3295,35888,388,35888,33651,124,NA,NA,NA,NA
"Ylendo_25","LOT03-49625","young_leaf","endophyte","Orchidaceae","Stelis","Stelis sp2","LOT3","Ylendo_25","LOT03","GTGAATCATCGAATCTTTGAA","TCCTCCGCTTATTGATATGC","gtcgtaga","tctactga",22,10,"B","Ylendo_25","Ylendo_25","sample",NA,"10","22","library3",26284,165,"young_leaf","endophyte","Orchidaceae",TRUE,NA,TRUE,TRUE,7066,35517,3832,32279,551,32279,26284,165,NA,NA,NA,NA
"Ylendo_26","LOT03-49526","young_leaf","endophyte","Orchidaceae","Crocodeilanthe","Crocodeilanthe sp1","LOT3","Ylendo_26","LOT03","GTGAATCATCGAATCTTTGAA","TCCTCCGCTTATTGATATGC","gtcacgtc","tctactga",22,10,"C","Ylendo_26","Ylendo_26","sample",NA,"11","22","library3",25641,333,"young_leaf","endophyte","Orchidaceae",TRUE,NA,TRUE,TRUE,6606,34182,3531,31062,841,31062,25641,333,NA,NA,NA,NA
"Ylendo_27","LOT03-49527","young_leaf","endophyte","Bromeliaceae","Guzmania","Guzmania subglobosa","LOT3","Ylendo_27","LOT03","GTGAATCATCGAATCTTTGAA","TCCTCCGCTTATTGATATGC","agactatg","tctactga",22,10,"E","Ylendo_27","Ylendo_27","sample",NA,"13","22","library3",25647,237,"young_leaf","endophyte","Bromeliaceae",TRUE,"too much untargeted",FALSE,TRUE,5758,49603,2604,46394,527,46394,25647,237,NA,NA,NA,NA
"Repi_15","LOT03-49515","root","epiphyte","Bromeliaceae","Guzmania cf.","Guzmania cf. brasiliensis","LOT3","Repi_15","LOT03","GTGAATCATCGAATCTTTGAA","TCCTCCGCTTATTGATATGC","gtacgact","tctactga",23,10,"A","Repi_15","Repi_15","sample",NA,"17","22","library3",18264,247,"root","epiphyte","Bromeliaceae",TRUE,NA,TRUE,TRUE,9742,34076,4194,28524,648,28524,18264,247,NA,NA,NA,NA
"Repi_16","LOT03-49516","root","epiphyte","Bromeliaceae","Guzmania","Guzmania sp2","LOT3","Repi_16","LOT03","GTGAATCATCGAATCTTTGAA","TCCTCCGCTTATTGATATGC","atgatcgc","tctactga",23,10,"B","Repi_16","Repi_16","sample",NA,"18","22","library3",8566,236,"root","epiphyte","Bromeliaceae",TRUE,NA,TRUE,TRUE,6885,19672,3262,16039,672,16039,8566,236,NA,NA,NA,NA
"Repi_17","LOT03-49417","root","epiphyte","Bromeliaceae","Tillandsia","Tillandsia sp1","LOT3","Repi_17","LOT03","GTGAATCATCGAATCTTTGAA","TCCTCCGCTTATTGATATGC","catcagtc","tctactga",23,10,"D","Repi_17","Repi_17","sample",NA,"20","22","library3",21039,332,"root","epiphyte","Bromeliaceae",TRUE,NA,TRUE,TRUE,14876,57528,7030,49673,962,49673,21039,332,NA,NA,NA,NA
"Repi_18","LOT03-49418","root","epiphyte","Orchidaceae","Myoxanthus","Myoxanthus sp1","LOT3","Repi_18","LOT03","GTGAATCATCGAATCTTTGAA","TCCTCCGCTTATTGATATGC","atcagtca","tctactga",23,10,"E","Repi_18","Repi_18","sample",NA,"21","22","library3",17648,412,"root","epiphyte","Orchidaceae",TRUE,NA,TRUE,TRUE,8758,27480,4385,23100,1085,23100,17648,412,NA,NA,NA,NA
"Repi_19","LOT03-49519","root","epiphyte","Orchidaceae","Camaridium","Camaridium sp1","LOT3","Repi_19","LOT03","GTGAATCATCGAATCTTTGAA","TCCTCCGCTTATTGATATGC","gatgatct","tctactga",23,10,"G","Repi_19","Repi_19","sample",NA,"23","22","library3",15493,455,"root","epiphyte","Orchidaceae",TRUE,NA,TRUE,TRUE,9405,28758,4561,23913,1385,23913,15493,455,NA,NA,NA,NA
"Repi_20","LOT03-49520","root","epiphyte","Orchidaceae","Ornithidium","Ornithidium sp2","LOT3","Repi_20","LOT03","GTGAATCATCGAATCTTTGAA","TCCTCCGCTTATTGATATGC","ctgcgtac","tctactga",23,10,"H","Repi_20","Repi_20","sample",NA,"24","22","library3",15288,237,"root","epiphyte","Orchidaceae",TRUE,NA,TRUE,TRUE,7194,22016,3396,18186,661,18186,15288,237,NA,NA,NA,NA
"Ylepi_27","LOT03-49527","young_leaf","epiphyte","Bromeliaceae","Guzmania","Guzmania subglobosa","LOT3","Ylepi_27","LOT03","GTGAATCATCGAATCTTTGAA","TCCTCCGCTTATTGATATGC","tcagtgtc","tctactga",24,10,"B","Ylepi_27","Ylepi_27","sample",NA,"26","22","library3",40736,958,"young_leaf","epiphyte","Bromeliaceae",TRUE,"too much untargeted",FALSE,TRUE,23782,85568,12793,74535,2493,74535,40736,958,NA,NA,NA,NA
"Ylepi_29","LOT03-49429","young_leaf","epiphyte","Ericaceae","Sphyrospermum","Sphyrospermum sp1","LOT3","Ylepi_29","LOT03","GTGAATCATCGAATCTTTGAA","TCCTCCGCTTATTGATATGC","tcgcgctg","tctactga",24,10,"F","Ylepi_29","Ylepi_29","sample",NA,"30","22","library3",17545,607,"young_leaf","epiphyte","Ericaceae",TRUE,"too much untargeted",FALSE,TRUE,19679,56425,9357,46066,2065,46066,17545,607,NA,NA,NA,NA
"Ylepi_30","LOT03-49630","young_leaf","epiphyte","Bromeliaceae","Racinaea","Racinaea sp1","LOT3","Ylepi_30","LOT03","GTGAATCATCGAATCTTTGAA","TCCTCCGCTTATTGATATGC","agcacagt","tctactga",24,10,"G","Ylepi_30","Ylepi_30","sample",NA,"31","22","library3",9208,479,"young_leaf","epiphyte","Bromeliaceae",TRUE,NA,TRUE,TRUE,9331,32126,4647,27411,1211,27411,9208,479,NA,NA,NA,NA
"Ylepi_31","LOT03-49631","young_leaf","epiphyte","Orchidaceae","Ornithidium","Ornithidium sp2","LOT3","Ylepi_31","LOT03","GTGAATCATCGAATCTTTGAA","TCCTCCGCTTATTGATATGC","tagctagt","tctactga",24,10,"H","Ylepi_31","Ylepi_31","sample",NA,"32","22","library3",18093,375,"young_leaf","epiphyte","Orchidaceae",TRUE,NA,TRUE,TRUE,10747,36929,5129,31267,1107,31267,18093,375,NA,NA,NA,NA
"Ylendo_29","LOT03-49429","young_leaf","endophyte","Ericaceae","Sphyrospermum","Sphyrospermum sp1","LOT3","Ylendo_29","LOT03","GTGAATCATCGAATCTTTGAA","TCCTCCGCTTATTGATATGC","cgctctcg","tcagtgtc",22,11,"A","Ylendo_29","Ylendo_29","sample",NA,"9","23","library3",12802,249,"young_leaf","endophyte","Ericaceae",TRUE,"too much untargeted",FALSE,TRUE,13133,36378,4515,27755,621,27755,12802,249,NA,NA,NA,NA
"Ylendo_31","LOT03-49631","young_leaf","endophyte","Orchidaceae","Ornithidium","Ornithidium sp2","LOT3","Ylendo_31","LOT03","GTGAATCATCGAATCTTTGAA","TCCTCCGCTTATTGATATGC","gtcacgtc","tcagtgtc",22,11,"C","Ylendo_31","Ylendo_31","sample",NA,"11","23","library3",62504,86,"young_leaf","endophyte","Orchidaceae",TRUE,NA,TRUE,TRUE,7741,66986,3745,62989,213,62989,62504,86,NA,NA,NA,NA
"Ylendo_32","LOT03-49632","young_leaf","endophyte","Orchidaceae","Ornithidium","Ornithidium sp2","LOT3","Ylendo_32","LOT03","GTGAATCATCGAATCTTTGAA","TCCTCCGCTTATTGATATGC","gactgatg","tcagtgtc",22,11,"D","Ylendo_32","Ylendo_32","sample",NA,"12","23","library3",43161,72,"young_leaf","endophyte","Orchidaceae",TRUE,NA,TRUE,TRUE,5988,46445,3187,43644,195,43644,43161,72,NA,NA,NA,NA
"Ylendo_33","LOT03-49633","young_leaf","endophyte","Orchidaceae","Jacquiniella","Jacquiniella sp1","LOT3","Ylendo_33","LOT03","GTGAATCATCGAATCTTTGAA","TCCTCCGCTTATTGATATGC","agactatg","tcagtgtc",22,11,"E","Ylendo_33","Ylendo_33","sample",NA,"13","23","library3",21603,34,"young_leaf","endophyte","Orchidaceae",TRUE,NA,TRUE,TRUE,3244,23287,1712,21754,108,21754,21603,34,NA,NA,NA,NA
"Ylendo_34","LOT03-49634","young_leaf","endophyte","Orchidaceae","Jacquiniella","Jacquiniella sp1","LOT3","Ylendo_34","LOT03","GTGAATCATCGAATCTTTGAA","TCCTCCGCTTATTGATATGC","tgacatca","tcagtgtc",22,11,"G","Ylendo_34","Ylendo_34","sample",NA,"15","23","library3",55788,88,"young_leaf","endophyte","Orchidaceae",TRUE,NA,TRUE,TRUE,8203,60444,4049,56288,259,56288,55788,88,NA,NA,NA,NA
"Ylendo_35","LOT03-49535","young_leaf","endophyte","Orchidaceae","Maxillaria","Maxillaria sp2","LOT3","Ylendo_35","LOT03","GTGAATCATCGAATCTTTGAA","TCCTCCGCTTATTGATATGC","acatgtgt","tcagtgtc",22,11,"H","Ylendo_35","Ylendo_35","sample",NA,"16","23","library3",5217,155,"young_leaf","endophyte","Orchidaceae",TRUE,"too much untargeted",FALSE,TRUE,8580,29443,4454,25315,472,25315,5217,155,NA,NA,NA,NA
"Repi_21","LOT03-49621","root","epiphyte","Orchidaceae","Ornithidium","Ornithidium sp2","LOT3","Repi_21","LOT03","GTGAATCATCGAATCTTTGAA","TCCTCCGCTTATTGATATGC","gtacgact","tcagtgtc",23,11,"A","Repi_21","Repi_21","sample",NA,"17","23","library3",6478,279,"root","epiphyte","Orchidaceae",TRUE,NA,TRUE,TRUE,7632,26701,3482,22549,903,22549,6478,279,NA,NA,NA,NA
"Repi_22","LOT03-49522","root","epiphyte","Ericaceae","Sphyrospermum","Sphyrospermum sp1","LOT3","Repi_22","LOT03","GTGAATCATCGAATCTTTGAA","TCCTCCGCTTATTGATATGC","atgatcgc","tcagtgtc",23,11,"B","Repi_22","Repi_22","sample",NA,"18","23","library3",14766,310,"root","epiphyte","Ericaceae",TRUE,"too much untargeted",FALSE,TRUE,9301,30413,4722,25826,960,25826,14766,310,NA,NA,NA,NA
"Repi_23","LOT03-49523","root","epiphyte","Ericaceae","Sphyrospermum","Sphyrospermum sp1","LOT3","Repi_23","LOT03","GTGAATCATCGAATCTTTGAA","TCCTCCGCTTATTGATATGC","acgacgag","tcagtgtc",23,11,"C","Repi_23","Repi_23","sample",NA,"19","23","library3",12604,327,"root","epiphyte","Ericaceae",TRUE,NA,TRUE,TRUE,7662,22851,3942,19129,855,19129,12604,327,NA,NA,NA,NA
"Repi_24","LOT03-49624","root","epiphyte","Orchidaceae","Myoxanthus","Myoxanthus sp1","LOT3","Repi_24","LOT03","GTGAATCATCGAATCTTTGAA","TCCTCCGCTTATTGATATGC","atcagtca","tcagtgtc",23,11,"E","Repi_24","Repi_24","sample",NA,"21","23","library3",13453,275,"root","epiphyte","Orchidaceae",TRUE,NA,TRUE,TRUE,6338,19997,3168,16824,703,16824,13453,275,NA,NA,NA,NA
"Repi_25","LOT03-49625","root","epiphyte","Orchidaceae","Stelis","Stelis sp2","LOT3","Repi_25","LOT03","GTGAATCATCGAATCTTTGAA","TCCTCCGCTTATTGATATGC","tctactga","tcagtgtc",23,11,"F","Repi_25","Repi_25","sample",NA,"22","23","library3",21092,332,"root","epiphyte","Orchidaceae",TRUE,NA,TRUE,TRUE,10439,36086,4710,30354,912,30354,21092,332,NA,NA,NA,NA
"Repi_26","LOT03-49526","root","epiphyte","Orchidaceae","Crocodeilanthe","Crocodeilanthe sp1","LOT3","Repi_26","LOT03","GTGAATCATCGAATCTTTGAA","TCCTCCGCTTATTGATATGC","gatgatct","tcagtgtc",23,11,"G","Repi_26","Repi_26","sample",NA,"23","23","library3",11007,254,"root","epiphyte","Orchidaceae",TRUE,NA,TRUE,TRUE,5555,17917,2728,15088,675,15088,11007,254,NA,NA,NA,NA
"Repi_27","LOT03-49527","root","epiphyte","Bromeliaceae","Guzmania","Guzmania subglobosa","LOT3","Repi_27","LOT03","GTGAATCATCGAATCTTTGAA","TCCTCCGCTTATTGATATGC","ctgcgtac","tcagtgtc",23,11,"H","Repi_27","Repi_27","sample",NA,"24","23","library3",16448,307,"root","epiphyte","Bromeliaceae",TRUE,NA,TRUE,TRUE,9041,28376,4507,23838,817,23838,16448,307,NA,NA,NA,NA
"Ylepi_32","LOT03-49632","young_leaf","epiphyte","Orchidaceae","Ornithidium","Ornithidium sp2","LOT3","Ylepi_32","LOT03","GTGAATCATCGAATCTTTGAA","TCCTCCGCTTATTGATATGC","agcgacta","tcagtgtc",24,11,"A","Ylepi_32","Ylepi_32","sample",NA,"25","23","library3",11223,387,"young_leaf","epiphyte","Orchidaceae",TRUE,"too much untargeted",FALSE,TRUE,9484,28394,4885,23776,1110,23776,11223,387,NA,NA,NA,NA
"Ylepi_33","LOT03-49633","young_leaf","epiphyte","Orchidaceae","Jacquiniella","Jacquiniella sp1","LOT3","Ylepi_33","LOT03","GTGAATCATCGAATCTTTGAA","TCCTCCGCTTATTGATATGC","tcagtgtc","tcagtgtc",24,11,"B","Ylepi_33","Ylepi_33","sample",NA,"26","23","library3",15801,278,"young_leaf","epiphyte","Orchidaceae",TRUE,NA,TRUE,TRUE,6478,23618,3549,20678,838,20678,15801,278,NA,NA,NA,NA
"Ylepi_34","LOT03-49634","young_leaf","epiphyte","Orchidaceae","Jacquiniella","Jacquiniella sp1","LOT3","Ylepi_34","LOT03","GTGAATCATCGAATCTTTGAA","TCCTCCGCTTATTGATATGC","actctgct","tcagtgtc",24,11,"C","Ylepi_34","Ylepi_34","sample",NA,"27","23","library3",17049,347,"young_leaf","epiphyte","Orchidaceae",TRUE,NA,TRUE,TRUE,7046,26003,3708,22651,974,22651,17049,347,NA,NA,NA,NA
"Ylepi_35","LOT03-49535","young_leaf","epiphyte","Orchidaceae","Maxillaria","Maxillaria sp2","LOT3","Ylepi_35","LOT03","GTGAATCATCGAATCTTTGAA","TCCTCCGCTTATTGATATGC","atatagcg","tcagtgtc",24,11,"D","Ylepi_35","Ylepi_35","sample",NA,"28","23","library3",5921,374,"young_leaf","epiphyte","Orchidaceae",TRUE,NA,TRUE,TRUE,7234,21796,4071,18621,969,18621,5921,374,NA,NA,NA,NA
"Ylepi_36","LOT03-49536","young_leaf","epiphyte","Orchidaceae","Maxillaria","Maxillaria sp2","LOT3","Ylepi_36","LOT03","GTGAATCATCGAATCTTTGAA","TCCTCCGCTTATTGATATGC","ctatgcta","tcagtgtc",24,11,"E","Ylepi_36","Ylepi_36","sample",NA,"29","23","library3",9484,540,"young_leaf","epiphyte","Orchidaceae",TRUE,"too much untargeted",FALSE,TRUE,10640,31869,5731,26957,1350,26957,9484,540,NA,NA,NA,NA
"Ylepi_37","LOT03-49537","young_leaf","epiphyte","Orchidaceae","Camaridium","Camaridium sp1","LOT3","Ylepi_37","LOT03","GTGAATCATCGAATCTTTGAA","TCCTCCGCTTATTGATATGC","tcgcgctg","tcagtgtc",24,11,"F","Ylepi_37","Ylepi_37","sample",NA,"30","23","library3",5711,409,"young_leaf","epiphyte","Orchidaceae",TRUE,"too much untargeted",FALSE,TRUE,8065,21696,4362,17988,1213,17988,5711,409,NA,NA,NA,NA
"Ylepi_38","LOT03-49538","young_leaf","epiphyte","Orchidaceae","Camaridium","Camaridium sp1","LOT3","Ylepi_38","LOT03","GTGAATCATCGAATCTTTGAA","TCCTCCGCTTATTGATATGC","agcacagt","tcagtgtc",24,11,"G","Ylepi_38","Ylepi_38","sample",NA,"31","23","library3",6484,494,"young_leaf","epiphyte","Orchidaceae",TRUE,NA,TRUE,TRUE,7803,22916,4086,19198,1225,19198,6484,494,NA,NA,NA,NA
"Ylepi_39","LOT03-49539","young_leaf","epiphyte","Orchidaceae","Stelis","Stelis sp3","LOT3","Ylepi_39","LOT03","GTGAATCATCGAATCTTTGAA","TCCTCCGCTTATTGATATGC","tagctagt","tcagtgtc",24,11,"H","Ylepi_39","Ylepi_39","sample",NA,"32","23","library3",10657,380,"young_leaf","epiphyte","Orchidaceae",TRUE,"too much untargeted",FALSE,TRUE,10871,32466,5825,27417,1237,27417,10657,380,NA,NA,NA,NA
"Ylendo_36","LOT03-49536","young_leaf","endophyte","Orchidaceae","Maxillaria","Maxillaria sp2","LOT3","Ylendo_36","LOT03","GTGAATCATCGAATCTTTGAA","TCCTCCGCTTATTGATATGC","cgctctcg","ctgcgtac",22,12,"A","Ylendo_36","Ylendo_36","sample",NA,"9","24","library3",11363,324,"young_leaf","endophyte","Orchidaceae",TRUE,"too much untargeted",FALSE,TRUE,9683,21903,3869,15890,770,15890,11363,324,NA,NA,NA,NA
"Ylendo_37","LOT03-49537","young_leaf","endophyte","Orchidaceae","Camaridium","Camaridium sp1","LOT3","Ylendo_37","LOT03","GTGAATCATCGAATCTTTGAA","TCCTCCGCTTATTGATATGC","gtcgtaga","ctgcgtac",22,12,"B","Ylendo_37","Ylendo_37","sample",NA,"10","24","library3",9618,375,"young_leaf","endophyte","Orchidaceae",TRUE,"too much untargeted",FALSE,TRUE,6216,19083,3416,16130,810,16130,9618,375,NA,NA,NA,NA
"Ylendo_39","LOT03-49539","young_leaf","endophyte","Orchidaceae","Stelis","Stelis sp3","LOT3","Ylendo_39","LOT03","GTGAATCATCGAATCTTTGAA","TCCTCCGCTTATTGATATGC","gactgatg","ctgcgtac",22,12,"D","Ylendo_39","Ylendo_39","sample",NA,"12","24","library3",13042,323,"young_leaf","endophyte","Orchidaceae",TRUE,"too much untargeted",FALSE,TRUE,8413,28717,4311,24553,953,24553,13042,323,NA,NA,NA,NA
"Ylendo_40","LOT03-49540","young_leaf","endophyte","Orchidaceae","Maxillaria","Maxillaria sp1","LOT3","Ylendo_40","LOT03","GTGAATCATCGAATCTTTGAA","TCCTCCGCTTATTGATATGC","agactatg","ctgcgtac",22,12,"E","Ylendo_40","Ylendo_40","sample",NA,"13","24","library3",19114,39,"young_leaf","endophyte","Orchidaceae",TRUE,NA,TRUE,TRUE,2596,20450,1435,19280,114,19280,19114,39,NA,NA,NA,NA
"Repi_29","LOT03-49429","root","epiphyte","Ericaceae","Sphyrospermum","Sphyrospermum sp1","LOT3","Repi_29","LOT03","GTGAATCATCGAATCTTTGAA","TCCTCCGCTTATTGATATGC","gtacgact","ctgcgtac",23,12,"A","Repi_29","Repi_29","sample",NA,"17","24","library3",15980,413,"root","epiphyte","Ericaceae",TRUE,NA,TRUE,TRUE,12277,37299,5800,30800,1434,30800,15980,413,NA,NA,NA,NA
"Repi_30","LOT03-49630","root","epiphyte","Bromeliaceae","Racinaea","Racinaea sp1","LOT3","Repi_30","LOT03","GTGAATCATCGAATCTTTGAA","TCCTCCGCTTATTGATATGC","atgatcgc","ctgcgtac",23,12,"B","Repi_30","Repi_30","sample",NA,"18","24","library3",11732,210,"root","epiphyte","Bromeliaceae",TRUE,NA,TRUE,TRUE,7288,22801,3524,19014,728,19014,11732,210,NA,NA,NA,NA
"Repi_31","LOT03-49631","root","epiphyte","Orchidaceae","Ornithidium","Ornithidium sp2","LOT3","Repi_31","LOT03","GTGAATCATCGAATCTTTGAA","TCCTCCGCTTATTGATATGC","acgacgag","ctgcgtac",23,12,"C","Repi_31","Repi_31","sample",NA,"19","24","library3",19287,276,"root","epiphyte","Orchidaceae",TRUE,NA,TRUE,TRUE,8119,27857,4300,24004,805,24004,19287,276,NA,NA,NA,NA
"Repi_32","LOT03-49632","root","epiphyte","Orchidaceae","Ornithidium","Ornithidium sp2","LOT3","Repi_32","LOT03","GTGAATCATCGAATCTTTGAA","TCCTCCGCTTATTGATATGC","catcagtc","ctgcgtac",23,12,"D","Repi_32","Repi_32","sample",NA,"20","24","library3",12217,329,"root","epiphyte","Orchidaceae",TRUE,"too much untargeted",FALSE,TRUE,10086,33235,4566,27711,1057,27711,12217,329,NA,NA,NA,NA
"Repi_33","LOT03-49633","root","epiphyte","Orchidaceae","Jacquiniella","Jacquiniella sp1","LOT3","Repi_33","LOT03","GTGAATCATCGAATCTTTGAA","TCCTCCGCTTATTGATATGC","tctactga","ctgcgtac",23,12,"F","Repi_33","Repi_33","sample",NA,"22","24","library3",16064,239,"root","epiphyte","Orchidaceae",TRUE,NA,TRUE,TRUE,7627,25454,3685,21472,732,21472,16064,239,NA,NA,NA,NA
"Repi_34","LOT03-49634","root","epiphyte","Orchidaceae","Jacquiniella","Jacquiniella sp1","LOT3","Repi_34","LOT03","GTGAATCATCGAATCTTTGAA","TCCTCCGCTTATTGATATGC","gatgatct","ctgcgtac",23,12,"G","Repi_34","Repi_34","sample",NA,"23","24","library3",16047,239,"root","epiphyte","Orchidaceae",TRUE,NA,TRUE,TRUE,6971,25055,3336,21401,722,21401,16047,239,NA,NA,NA,NA
"Repi_35","LOT03-49535","root","epiphyte","Orchidaceae","Maxillaria","Maxillaria sp2","LOT3","Repi_35","LOT03","GTGAATCATCGAATCTTTGAA","TCCTCCGCTTATTGATATGC","ctgcgtac","ctgcgtac",23,12,"H","Repi_35","Repi_35","sample",NA,"24","24","library3",8858,255,"root","epiphyte","Orchidaceae",TRUE,NA,TRUE,TRUE,6083,15513,2852,12240,680,12240,8858,255,NA,NA,NA,NA
"Ylepi_40","LOT03-49540","young_leaf","epiphyte","Orchidaceae","Maxillaria","Maxillaria sp1","LOT3","Ylepi_40","LOT03","GTGAATCATCGAATCTTTGAA","TCCTCCGCTTATTGATATGC","agcgacta","ctgcgtac",24,12,"A","Ylepi_40","Ylepi_40","sample",NA,"25","24","library3",19857,422,"young_leaf","epiphyte","Orchidaceae",TRUE,NA,TRUE,TRUE,11592,44167,6091,38664,1242,38664,19857,422,NA,NA,NA,NA
"Olepi_01","LOT03-49501","old_leaf","epiphyte","Bromeliaceae","Guzmania cf.","Guzmania cf. brasiliensis","LOT3","Olepi_01","LOT03","GTGAATCATCGAATCTTTGAA","TCCTCCGCTTATTGATATGC","tcagtgtc","ctgcgtac",24,12,"B","Olepi_01","Olepi_01","sample",NA,"26","24","library3",9189,369,"old_leaf","epiphyte","Bromeliaceae",TRUE,"too much untargeted",FALSE,TRUE,12621,34275,6498,28139,1346,28139,9189,369,NA,NA,NA,NA
"Olepi_02","LOT03-49502","old_leaf","epiphyte","Bromeliaceae","Guzmania cf.","Guzmania cf. brasiliensis","LOT3","Olepi_02","LOT03","GTGAATCATCGAATCTTTGAA","TCCTCCGCTTATTGATATGC","actctgct","ctgcgtac",24,12,"C","Olepi_02","Olepi_02","sample",NA,"27","24","library3",20664,380,"old_leaf","epiphyte","Bromeliaceae",TRUE,"too much untargeted",FALSE,TRUE,14772,49717,7781,42706,1259,42706,20664,380,NA,NA,NA,NA
"Olepi_03","LOT03-49503","old_leaf","epiphyte","Bromeliaceae","Guzmania cf.","Guzmania cf. brasiliensis","LOT3","Olepi_03","LOT03","GTGAATCATCGAATCTTTGAA","TCCTCCGCTTATTGATATGC","atatagcg","ctgcgtac",24,12,"D","Olepi_03","Olepi_03","sample",NA,"28","24","library3",19705,358,"old_leaf","epiphyte","Bromeliaceae",TRUE,"too much untargeted",FALSE,TRUE,11814,43263,6351,37754,1148,37754,19705,358,NA,NA,NA,NA
"Olepi_04","LOT03-49404","old_leaf","epiphyte","Bromeliaceae","Guzmania cf.","Guzmania cf. brasiliensis","LOT3","Olepi_04","LOT03","GTGAATCATCGAATCTTTGAA","TCCTCCGCTTATTGATATGC","ctatgcta","ctgcgtac",24,12,"E","Olepi_04","Olepi_04","sample",NA,"29","24","library3",12447,365,"old_leaf","epiphyte","Bromeliaceae",TRUE,"too much untargeted",FALSE,TRUE,13778,42268,7203,35686,1396,35686,12447,365,NA,NA,NA,NA
"Olepi_05","LOT03-49405","old_leaf","epiphyte","Bromeliaceae","Guzmania cf.","Guzmania cf. brasiliensis","LOT3","Olepi_05","LOT03","GTGAATCATCGAATCTTTGAA","TCCTCCGCTTATTGATATGC","tcgcgctg","ctgcgtac",24,12,"F","Olepi_05","Olepi_05","sample",NA,"30","24","library3",4220,335,"old_leaf","epiphyte","Bromeliaceae",TRUE,"too much untargeted",FALSE,TRUE,13078,35970,6432,29301,1290,29301,4220,335,NA,NA,NA,NA
"Olepi_06","LOT03-49506","old_leaf","epiphyte","Bromeliaceae","Tillandsia","Tillandsia delicatula","LOT3","Olepi_06","LOT03","GTGAATCATCGAATCTTTGAA","TCCTCCGCTTATTGATATGC","agcacagt","ctgcgtac",24,12,"G","Olepi_06","Olepi_06","sample",NA,"31","24","library3",17069,497,"old_leaf","epiphyte","Bromeliaceae",TRUE,"too much untargeted",FALSE,TRUE,17304,49847,7896,40436,1851,40436,17069,497,NA,NA,NA,NA
"Olepi_07","LOT03-49407","old_leaf","epiphyte","Bromeliaceae","Guzmania cf.","Guzmania cf. brasiliensis","LOT3","Olepi_07","LOT03","GTGAATCATCGAATCTTTGAA","TCCTCCGCTTATTGATATGC","tagctagt","ctgcgtac",24,12,"H","Olepi_07","Olepi_07","sample",NA,"32","24","library3",10202,534,"old_leaf","epiphyte","Bromeliaceae",TRUE,"too much untargeted",FALSE,TRUE,17571,46487,8686,37571,1767,37571,10202,534,NA,NA,NA,NA
